count_id,trip_id,route_id,service_date,vehicle_id,boardings,alightings,max_load,max_load_stop_id,denied_boardings,card_taps
PC2510000001,T2510000001,R001,2025-10-06,V0001,12,11,8,S0039,0,1
PC2510000003,T2510000003,R006,2025-10-06,V0054,5,5,3,S0102,0,0
PC2510000004,T2510000004,R002,2025-10-06,V0025,15,16,10,S0059,0,1
PC2510000005,T2510000005,R001,2025-10-06,V0002,10,8,7,S0033,0,0
PC2510000006,T2510000006,R003,2025-10-06,V0036,6,7,4,S0067,0,0
PC2510000007,T2510000007,R001,2025-10-06,V0003,9,10,6,S0041,0,2
PC2510000008,T2510000008,R002,2025-10-06,V0026,3,3,2,S0062,0,0
PC2510000009,T2510000009,R004,2025-10-06,V0045,5,6,3,S0079,0,0
PC2510000010,T2510000010,R003,2025-10-06,V0037,5,5,4,S0073,0,0
PC2510000011,T2510000011,R001,2025-10-06,V0004,15,16,11,S0034,0,1
PC2510000013,T2510000013,R001,2025-10-06,V0005,32,35,21,S0044,0,2
PC2510000014,T2510000014,R004,2025-10-06,V0046,11,11,8,S0081,0,0
PC2510000016,T2510000016,R002,2025-10-06,V0027,42,44,28,S0062,0,2
PC2510000017,T2510000017,R005,2025-10-06,V0050,37,37,26,S0066,0,2
PC2510000018,T2510000018,R001,2025-10-06,V0006,46,45,27,S0036,0,2
PC2510000019,T2510000019,R007,2025-10-06,V0059,21,24,17,S0118,0,0
PC2510000020,T2510000020,R003,2025-10-06,V0038,24,24,13,S0077,0,0
PC2510000021,T2510000021,R001,2025-10-06,V0007,24,23,15,S0041,0,0
PC2510000022,T2510000022,R006,2025-10-06,V0055,10,11,6,S0105,0,1
PC2510000023,T2510000023,R002,2025-10-06,V0028,21,22,13,S0060,0,0
PC2510000024,T2510000024,R008,2025-10-06,V0063,13,14,10,S0122,0,0
PC2510000025,T2510000025,R007,2025-10-06,V0060,4,6,3,S0115,0,0
PC2510000026,T2510000026,R003,2025-10-06,V0039,6,7,4,S0076,0,0
PC2510000027,T2510000027,R001,2025-10-06,V0008,100,100,65,S0036,0,6
PC2510000028,T2510000028,R001,2025-10-06,V0009,25,25,18,S0005,0,0
PC2510000029,T2510000029,R008,2025-10-06,V0064,25,25,20,S0121,0,3
PC2510000033,T2510000033,R005,2025-10-06,V0051,32,29,19,S0078,0,0
PC2510000034,T2510000034,R003,2025-10-06,V0040,30,29,21,S0077,0,0
PC2510000035,T2510000035,R001,2025-10-06,V0011,29,29,18,S0040,0,1
PC2510000036,T2510000036,R004,2025-10-06,V0048,42,43,31,S0079,0,3
PC2510000038,T2510000038,R006,2025-10-06,V0056,15,17,10,S0039,0,0
PC2510000039,T2510000039,R005,2025-10-06,V0052,52,51,35,S0089,0,2
PC2510000040,T2510000040,R003,2025-10-06,V0041,14,14,9,S0077,0,2
PC2510000041,T2510000041,R001,2025-10-06,V0012,69,67,40,S0031,0,4
PC2510000042,T2510000042,R001,2025-10-06,V0013,83,83,46,S0043,0,8
PC2510000045,T2510000045,R004,2025-10-06,V0045,13,12,9,S0079,0,2
PC2510000046,T2510000046,R008,2025-10-06,V0063,8,10,6,S0123,0,2
PC2510000047,T2510000047,R003,2025-10-06,V0042,4,3,3,S0077,0,0
PC2510000048,T2510000048,R006,2025-10-06,V0057,16,15,10,S0104,0,1
PC2510000049,T2510000049,R002,2025-10-06,V0031,133,132,82,S0067,0,9
PC2510000050,T2510000050,R007,2025-10-06,V0061,8,7,6,S0115,0,0
PC2510000051,T2510000051,R005,2025-10-06,V0053,36,37,27,S0090,0,2
PC2510000052,T2510000052,R001,2025-10-06,V0015,36,35,25,S0032,0,2
PC2510000053,T2510000053,R001,2025-10-06,V0016,90,88,63,S0036,0,7
PC2510000054,T2510000054,R003,2025-10-06,V0043,46,47,31,S0075,0,5
PC2510000055,T2510000055,R006,2025-10-06,V0058,17,16,10,S0103,0,0
PC2510000056,T2510000056,R002,2025-10-06,V0032,18,17,13,S0062,0,0
PC2510000057,T2510000057,R001,2025-10-06,V0017,51,50,30,S0034,0,5
PC2510000059,T2510000059,R004,2025-10-06,V0046,27,27,18,S0086,0,0
PC2510000060,T2510000060,R003,2025-10-06,V0044,14,14,10,S0078,0,1
PC2510000061,T2510000061,R002,2025-10-06,V0033,52,52,29,S0062,0,4
PC2510000063,T2510000063,R001,2025-10-06,V0019,22,21,13,S0036,0,0
PC2510000066,T2510000066,R003,2025-10-06,V0036,31,30,22,S0067,0,5
PC2510000067,T2510000067,R006,2025-10-06,V0054,15,14,10,S0039,0,0
PC2510000068,T2510000068,R002,2025-10-06,V0034,17,17,12,S0061,0,0
PC2510000069,T2510000069,R005,2025-10-06,V0050,68,68,46,S0078,0,3
PC2510000070,T2510000070,R001,2025-10-06,V0020,29,29,20,S0038,0,4
PC2510000071,T2510000071,R001,2025-10-06,V0021,160,160,347,S0034,0,11
PC2510000072,T2510000072,R007,2025-10-06,V0059,38,38,31,S0117,0,3
PC2510000073,T2510000073,R003,2025-10-06,V0037,13,13,10,S0027,0,1
PC2510000074,T2510000074,R008,2025-10-06,V0064,54,53,41,S0121,0,1
PC2510000075,T2510000075,R006,2025-10-06,V0055,5,7,3,S0039,0,0
PC2510000076,T2510000076,R002,2025-10-06,V0035,54,53,37,S0064,0,3
PC2510000078,T2510000078,R001,2025-10-06,V0022,42,43,24,S0036,0,2
PC2510000079,T2510000079,R001,2025-10-06,V0023,106,104,72,S0039,0,6
PC2510000080,T2510000080,R004,2025-10-06,V0048,5,4,3,S0084,0,0
PC2510000081,T2510000081,R007,2025-10-06,V0060,7,7,6,S0114,0,1
PC2510000082,T2510000082,R003,2025-10-06,V0038,56,55,41,S0075,0,3
PC2510000083,T2510000083,R002,2025-10-06,V0025,11,9,210,S0065,0,0
PC2510000084,T2510000084,R005,2025-10-06,V0051,32,30,18,S0089,0,1
PC2510000085,T2510000085,R001,2025-10-06,V0024,74,73,53,S0005,0,4
PC2510000086,T2510000086,R001,2025-10-06,V0001,172,170,108,S0036,0,12
PC2510000087,T2510000087,R004,2025-10-06,V0045,75,76,46,S0082,0,8
PC2510000088,T2510000088,R003,2025-10-06,V0039,16,15,9,S0074,0,0
PC2510000089,T2510000089,R006,2025-10-06,V0056,44,43,29,S0106,0,5
PC2510000090,T2510000090,R002,2025-10-06,V0026,56,57,36,S0058,0,5
PC2510000091,T2510000091,R005,2025-10-06,V0052,71,73,209,S0066,0,3
PC2510000092,T2510000092,R001,2025-10-06,V0002,9,10,5,S0041,0,1
PC2510000093,T2510000093,R001,2025-10-06,V0003,159,159,99,S0039,0,17
PC2510000094,T2510000094,R003,2025-10-06,V0040,43,43,25,S0078,0,5
PC2510000095,T2510000095,R006,2025-10-06,V0057,7,6,4,S0105,0,0
PC2510000096,T2510000096,R002,2025-10-06,V0027,14,15,10,S0061,0,2
PC2510000097,T2510000097,R001,2025-10-06,V0004,33,33,19,S0004,0,1
PC2510000098,T2510000098,R001,2025-10-06,V0005,244,244,147,S0035,0,20
PC2510000099,T2510000099,R004,2025-10-06,V0046,18,18,12,S0083,0,2
PC2510000100,T2510000100,R003,2025-10-06,V0041,15,15,11,S0074,0,0
PC2510000101,T2510000101,R002,2025-10-06,V0028,83,83,50,S0062,0,4
PC2510000102,T2510000102,R007,2025-10-06,V0061,41,40,33,S0117,0,2
PC2510000103,T2510000103,R005,2025-10-06,V0053,19,18,11,S0066,0,1
PC2510000104,T2510000104,R001,2025-10-06,V0006,32,32,23,S0038,0,3
PC2510000106,T2510000106,R001,2025-10-06,V0007,316,317,179,S0034,0,28
PC2510000108,T2510000108,R003,2025-10-06,V0042,35,35,22,S0076,0,1
PC2510000109,T2510000109,R008,2025-10-06,V0063,17,18,13,S0121,0,0
PC2510000110,T2510000110,R006,2025-10-06,V0058,24,24,17,S0102,0,3
PC2510000112,T2510000112,R007,2025-10-06,V0059,12,12,10,S0118,0,2
PC2510000114,T2510000114,R001,2025-10-06,V0009,37,37,25,S0039,0,4
PC2510000115,T2510000115,R001,2025-10-06,V0008,85,86,55,S0032,0,3
PC2510000116,T2510000116,R003,2025-10-06,V0043,15,13,9,S0075,0,0
PC2510000117,T2510000117,R006,2025-10-06,V0054,7,8,5,S0102,0,0
PC2510000120,T2510000120,R001,2025-10-06,V0011,212,213,131,S0038,0,20
PC2510000121,T2510000121,R004,2025-10-06,V0048,21,21,14,S0085,0,1
PC2510000122,T2510000122,R003,2025-10-06,V0044,74,74,44,S0078,0,7
PC2510000123,T2510000123,R002,2025-10-06,V0031,33,35,22,S0057,0,2
PC2510000124,T2510000124,R005,2025-10-06,V0050,16,14,227,S0066,0,1
PC2510000125,T2510000125,R001,2025-10-06,V0012,45,47,27,S0035,0,4
PC2510000126,T2510000126,R001,2025-10-06,V0013,110,110,81,S0039,0,6
PC2510000127,T2510000127,R004,2025-10-06,V0045,44,44,32,S0081,0,2
PC2510000128,T2510000128,R003,2025-10-06,V0036,20,22,13,S0075,0,1
PC2510000129,T2510000129,R006,2025-10-06,V0055,13,13,9,S0101,0,2
PC2510000130,T2510000130,R002,2025-10-06,V0032,49,50,34,S0065,0,2
PC2510000131,T2510000131,R005,2025-10-06,V0051,56,55,31,S0090,0,2
PC2510000133,T2510000133,R001,2025-10-06,V0015,112,109,72,S0038,0,13
PC2510000134,T2510000134,R007,2025-10-06,V0060,23,21,19,S0117,0,0
PC2510000135,T2510000135,R003,2025-10-06,V0037,15,13,11,S0077,0,0
PC2510000136,T2510000136,R008,2025-10-06,V0064,52,52,42,S0120,46,4
PC2510000137,T2510000137,R006,2025-10-06,V0056,8,8,5,S0105,0,2
PC2510000138,T2510000138,R002,2025-10-06,V0033,15,14,9,S0065,0,1
PC2510000140,T2510000140,R001,2025-10-06,V0017,30,31,19,S0037,0,5
PC2510000141,T2510000141,R001,2025-10-06,V0016,56,57,39,S0032,0,6
PC2510000142,T2510000142,R004,2025-10-06,V0046,11,10,7,S0080,0,1
PC2510000143,T2510000143,R007,2025-10-06,V0061,11,13,9,S0112,0,0
PC2510000144,T2510000144,R003,2025-10-06,V0038,16,17,12,S0074,0,1
PC2510000145,T2510000145,R002,2025-10-06,V0034,88,88,66,S0064,0,4
PC2510000146,T2510000146,R005,2025-10-06,V0052,-31,15,9,S0077,0,1
PC2510000148,T2510000148,R001,2025-10-06,V0019,76,77,52,S0036,0,7
PC2510000150,T2510000150,R003,2025-10-06,V0039,25,25,18,S0076,0,5
PC2510000151,T2510000151,R006,2025-10-06,V0057,17,16,11,S0103,0,0
PC2510000152,T2510000152,R002,2025-10-06,V0025,26,26,15,S0058,0,1
PC2510000153,T2510000153,R005,2025-10-06,V0053,44,44,33,S0025,0,4
PC2510000154,T2510000154,R001,2025-10-06,V0020,22,21,16,S0037,0,3
PC2510000155,T2510000155,R001,2025-10-06,V0021,98,97,63,S0038,0,10
PC2510000156,T2510000156,R003,2025-10-06,V0040,12,14,9,S0073,0,0
PC2510000157,T2510000157,R006,2025-10-06,V0058,7,6,4,S0039,0,1
PC2510000158,T2510000158,R002,2025-10-06,V0035,42,43,28,S0062,0,4
PC2510000159,T2510000159,R001,2025-10-06,V0023,39,39,29,S0033,0,2
PC2510000160,T2510000160,R001,2025-10-06,V0022,90,89,60,S0042,0,8
PC2510000161,T2510000161,R004,2025-10-06,V0048,22,22,16,S0085,0,1
PC2510000162,T2510000162,R003,2025-10-06,V0041,36,37,23,S0077,0,2
PC2510000164,T2510000164,R002,2025-10-06,V0026,20,19,13,S0063,0,2
PC2510000166,T2510000166,R001,2025-10-06,V0001,42,41,30,S0036,0,5
PC2510000167,T2510000167,R008,2025-10-06,V0063,19,19,15,S0122,0,0
PC2510000168,T2510000168,R002,2025-10-06,V0027,33,32,25,S0058,0,2
PC2510000169,T2510000169,R001,2025-10-06,V0024,92,91,64,S0035,0,6
PC2510000170,T2510000170,R003,2025-10-06,V0042,20,19,15,S0077,0,0
PC2510000171,T2510000171,R001,2025-10-06,V0002,29,27,17,S0036,0,1
PC2510000172,T2510000172,R002,2025-10-06,V0028,31,31,22,S0062,0,0
PC2510000173,T2510000173,R004,2025-10-06,V0045,13,12,9,S0084,0,0
PC2510000174,T2510000174,R003,2025-10-06,V0043,11,14,7,S0076,0,1
PC2510000175,T2510000175,R001,2025-10-06,V0003,61,61,40,S0036,0,3
PC2510000176,T2510000176,R005,2025-10-06,V0050,31,30,19,S0088,0,1
PC2510000177,T2510000177,R001,2025-10-06,V0004,31,29,21,S0042,0,1
PC2510000178,T2510000178,R004,2025-10-06,V0046,20,21,13,S0082,0,0
PC2510000179,T2510000179,R006,2025-10-06,V0054,2,3,1,S0101,0,0
PC2510000181,T2510000181,R005,2025-10-06,V0051,59,60,38,S0088,0,5
PC2510000182,T2510000182,R001,2025-10-06,V0005,49,50,31,S0038,0,3
PC2510000183,T2510000183,R007,2025-10-06,V0059,26,26,21,S0115,0,3
PC2510000184,T2510000184,R003,2025-10-06,V0044,21,21,13,S0077,0,0
PC2510000185,T2510000185,R001,2025-10-06,V0008,58,59,34,S0032,0,0
PC2510000186,T2510000186,R006,2025-10-06,V0055,16,16,11,S0103,0,0
PC2510000188,T2510000188,R008,2025-10-06,V0064,21,22,16,S0124,0,1
PC2510000189,T2510000189,R007,2025-10-06,V0060,18,21,14,S0115,0,1
PC2510000190,T2510000190,R003,2025-10-06,V0037,32,32,20,S0073,0,2
PC2510000191,T2510000191,R001,2025-10-06,V0006,42,43,31,S0037,0,2
PC2510000192,T2510000192,R001,2025-10-06,V0007,87,87,58,S0041,0,3
PC2510000193,T2510000193,R002,2025-10-06,V0031,30,29,22,S0064,0,0
PC2510000194,T2510000194,R001,2025-10-06,V0009,45,46,33,S0036,0,1
PC2510000195,T2510000195,R003,2025-10-06,V0036,17,18,12,S0076,0,0
PC2510000196,T2510000196,R001,2025-10-06,V0013,60,62,33,S0036,0,7
PC2510000197,T2510000197,R002,2025-10-06,V0032,16,16,12,S0063,0,0
PC2510000199,T2510000199,R003,2025-10-06,V0038,21,20,12,S0075,0,0
PC2510000201,T2510000201,R005,2025-10-06,V0053,28,28,20,S0025,0,2
PC2510000202,T2510000202,R001,2025-10-06,V0011,70,72,48,S0005,0,3
PC2510000204,T2510000204,R004,2025-10-06,V0048,42,39,24,S0081,0,2
PC2510000205,T2510000205,R006,2025-10-06,V0056,10,12,6,S0101,0,0
PC2510000206,T2510000206,R002,2025-10-06,V0033,18,19,11,S0064,0,0
PC2510000207,T2510000207,R005,2025-10-06,V0052,30,30,20,S0025,0,2
PC2510000208,T2510000208,R001,2025-10-06,V0015,47,46,28,S0033,0,5
PC2510000209,T2510000209,R003,2025-10-06,V0039,19,17,11,S0077,0,1
PC2510000210,T2510000210,R001,2025-10-06,V0012,60,61,35,S0032,0,6
PC2510000211,T2510000211,R006,2025-10-06,V0057,9,9,6,S0105,0,0
PC2510000212,T2510000212,R002,2025-10-06,V0034,20,20,14,S0061,0,0
PC2510000213,T2510000213,R003,2025-10-06,V0041,19,19,14,S0074,0,2
PC2510000217,T2510000217,R001,2025-10-06,V0016,38,37,27,S0032,0,3
PC2510000218,T2510000218,R007,2025-10-06,V0061,22,21,17,S0117,0,0
PC2510000219,T2510000219,R003,2025-10-06,V0040,22,21,13,S0067,0,2
PC2510000220,T2510000220,R001,2025-10-06,V0019,83,84,504,S0035,0,6
PC2510000221,T2510000221,R002,2025-10-06,V0025,19,18,14,S0058,0,0
PC2510000222,T2510000222,R008,2025-10-06,V0063,30,31,26,S0121,0,0
PC2510000223,T2510000223,R004,2025-10-06,V0045,25,25,14,S0081,0,4
PC2510000224,T2510000224,R007,2025-10-06,V0059,15,17,12,S0113,0,1
PC2510000225,T2510000225,R003,2025-10-06,V0042,25,25,18,S0074,0,1
PC2510000228,T2510000228,R001,2025-10-06,V0017,67,68,50,S0036,0,5
PC2510000229,T2510000229,R004,2025-10-06,V0046,22,25,16,S0083,0,0
PC2510000230,T2510000230,R006,2025-10-06,V0058,16,17,9,S0107,0,0
PC2510000231,T2510000231,R002,2025-10-06,V0027,46,44,25,S0063,0,3
PC2510000232,T2510000232,R005,2025-10-06,V0050,53,52,34,S0088,0,5
PC2510000233,T2510000233,R001,2025-10-06,V0020,74,75,49,S0031,0,4
PC2510000234,T2510000234,R003,2025-10-06,V0043,15,15,8,S0073,0,1
PC2510000235,T2510000235,R001,2025-10-06,V0022,50,49,31,S0035,0,5
PC2510000236,T2510000236,R006,2025-10-06,V0054,4,5,3,S0101,0,1
PC2510000237,T2510000237,R002,2025-10-06,V0035,34,35,24,S0067,0,2
PC2510000238,T2510000238,R003,2025-10-06,V0044,32,32,18,S0076,0,1
PC2510000239,T2510000239,R001,2025-10-06,V0021,32,31,20,S0034,0,2
PC2510000240,T2510000240,R001,2025-10-06,V0023,94,95,69,S0004,0,9
PC2510000241,T2510000241,R008,2025-10-06,V0064,15,14,12,S0122,0,1
PC2510000242,T2510000242,R002,2025-10-06,V0026,37,37,21,S0061,0,2
PC2510000243,T2510000243,R001,2025-10-06,V0001,71,68,49,S0038,0,5
PC2510000244,T2510000244,R003,2025-10-06,V0037,12,11,9,S0073,0,1
PC2510000245,T2510000245,R001,2025-10-06,V0024,77,78,45,S0004,0,7
PC2510000246,T2510000246,R002,2025-10-06,V0028,23,23,16,S0057,0,0
PC2510000248,T2510000248,R003,2025-10-06,V0036,-25,50,35,S0027,0,4
PC2510000249,T2510000249,R001,2025-10-06,V0002,80,81,50,S0036,0,6
PC2510000250,T2510000250,R005,2025-10-06,V0051,56,59,34,S0078,0,2
PC2510000251,T2510000251,R001,2025-10-06,V0004,94,94,61,S0034,0,4
PC2510000252,T2510000252,R004,2025-10-06,V0048,39,39,29,S0080,0,2
PC2510000253,T2510000253,R006,2025-10-06,V0055,8,7,5,S0106,0,1
PC2510000255,T2510000255,R005,2025-10-06,V0053,47,46,32,S0090,0,2
PC2510000256,T2510000256,R001,2025-10-06,V0003,67,65,38,S0036,0,2
PC2510000257,T2510000257,R007,2025-10-06,V0060,21,22,16,S0118,0,0
PC2510000258,T2510000258,R003,2025-10-06,V0038,16,15,9,S0071,0,1
PC2510000259,T2510000259,R001,2025-10-06,V0005,37,36,23,S0038,0,4
PC2510000260,T2510000260,R006,2025-10-06,V0056,9,10,5,S0104,0,4
PC2510000263,T2510000263,R007,2025-10-06,V0061,17,17,14,S0114,0,2
PC2510000264,T2510000264,R003,2025-10-06,V0039,18,19,13,S0074,0,2
PC2510000265,T2510000265,R001,2025-10-06,V0008,69,68,38,S0034,0,4
PC2510000266,T2510000266,R001,2025-10-06,V0006,39,37,21,S0004,0,0
PC2510000268,T2510000268,R001,2025-10-06,V0007,60,59,42,S0039,0,6
PC2510000269,T2510000269,R003,2025-10-06,V0041,25,24,16,S0076,0,0
PC2510000270,T2510000270,R001,2025-10-06,V0013,50,50,36,S0041,0,6
PC2510000271,T2510000271,R002,2025-10-06,V0031,58,58,41,S0005,0,2
PC2510000272,T2510000272,R004,2025-10-06,V0045,40,40,25,S0080,0,2
PC2510000273,T2510000273,R003,2025-10-06,V0040,35,36,24,S0078,0,0
PC2510000274,T2510000274,R001,2025-10-06,V0009,68,68,437,S0040,0,1
PC2510000275,T2510000275,R005,2025-10-06,V0052,99,100,66,S0078,0,9
PC2510000277,T2510000277,R008,2025-10-06,V0063,31,28,27,S0122,0,0
PC2510000278,T2510000278,R004,2025-10-06,V0046,8,10,5,S0081,0,1
PC2510000279,T2510000279,R006,2025-10-06,V0057,6,6,4,S0106,0,0
PC2510000280,T2510000280,R002,2025-10-06,V0032,18,19,10,S0063,0,0
PC2510000283,T2510000283,R003,2025-10-06,V0042,12,10,8,S0073,0,1
PC2510000284,T2510000284,R001,2025-10-06,V0011,103,103,60,S0039,0,7
PC2510000285,T2510000285,R006,2025-10-06,V0058,18,17,10,S0100,0,0
PC2510000286,T2510000286,R002,2025-10-06,V0033,38,37,24,S0063,0,3
PC2510000287,T2510000287,R003,2025-10-06,V0043,25,25,14,S0073,0,1
PC2510000289,T2510000289,R001,2025-10-06,V0015,124,122,86,S0043,0,8
PC2510000290,T2510000290,R002,2025-10-06,V0034,29,31,17,S0063,0,0
PC2510000291,T2510000291,R001,2025-10-06,V0012,152,151,103,S0041,0,8
PC2510000292,T2510000292,R007,2025-10-06,V0059,35,34,29,S0119,0,2
PC2510000293,T2510000293,R003,2025-10-06,V0044,22,24,15,S0076,0,0
PC2510000295,T2510000295,R002,2025-10-06,V0025,36,37,26,S0063,0,1
PC2510000296,T2510000296,R008,2025-10-06,V0064,51,50,42,S0125,18,4
PC2510000298,T2510000298,R007,2025-10-06,V0060,37,35,28,S0115,0,1
PC2510000299,T2510000299,R003,2025-10-06,V0037,28,29,20,S0071,0,0
PC2510000300,T2510000300,R001,2025-10-06,V0016,96,95,70,S0035,0,5
PC2510000301,T2510000301,R005,2025-10-06,V0050,135,136,98,S0090,38,5
PC2510000302,T2510000302,R001,2025-10-06,V0019,152,152,91,S0038,0,7
PC2510000304,T2510000304,R006,2025-10-06,V0054,18,18,11,S0101,0,3
PC2510000305,T2510000305,R002,2025-10-06,V0027,37,36,24,S0062,0,4
PC2510000306,T2510000306,R005,2025-10-06,V0051,43,42,24,S0076,0,2
PC2510000308,T2510000308,R003,2025-10-06,V0036,11,11,7,S0076,0,1
PC2510000309,T2510000309,R001,2025-10-06,V0017,104,101,69,S0038,0,12
PC2510000310,T2510000310,R006,2025-10-06,V0055,23,23,13,S0106,0,1
PC2510000311,T2510000311,R002,2025-10-06,V0035,93,92,52,S0056,0,2
PC2510000312,T2510000312,R003,2025-10-06,V0038,73,71,44,S0077,0,6
PC2510000313,T2510000313,R001,2025-10-06,V0022,81,82,55,S0037,0,2
PC2510000314,T2510000314,R001,2025-10-06,V0020,232,231,135,S0039,0,21
PC2510000316,T2510000316,R001,2025-10-06,V0021,31,30,22,S0031,0,1
PC2510000317,T2510000317,R004,2025-10-06,V0048,15,15,8,S0081,0,0
PC2510000318,T2510000318,R008,2025-10-06,V0063,55,54,42,S0122,1,6
PC2510000319,T2510000319,R003,2025-10-06,V0039,11,10,8,S0075,0,0
PC2510000321,T2510000321,R002,2025-10-06,V0026,15,15,11,S0065,0,1
PC2510000322,T2510000322,R007,2025-10-06,V0061,48,49,42,S0113,8,5
PC2510000323,T2510000323,R005,2025-10-06,V0053,16,18,11,S0089,0,2
PC2510000324,T2510000324,R001,2025-10-06,V0023,166,165,92,S0042,0,13
PC2510000325,T2510000325,R001,2025-10-06,V0001,58,58,38,S0032,0,5
PC2510000326,T2510000326,R003,2025-10-06,V0041,25,25,18,S0075,0,3
PC2510000327,T2510000327,R006,2025-10-06,V0056,15,16,10,S0103,0,1
PC2510000328,T2510000328,R002,2025-10-06,V0028,64,62,37,S0062,0,3
PC2510000329,T2510000329,R001,2025-10-06,V0024,66,68,38,S0042,0,5
PC2510000330,T2510000330,R001,2025-10-06,V0002,26,25,18,S0036,0,3
PC2510000331,T2510000331,R004,2025-10-06,V0045,172,172,98,S0084,33,11
PC2510000332,T2510000332,R003,2025-10-06,V0040,70,68,49,S0077,0,2
PC2510000334,T2510000334,R005,2025-10-06,V0052,138,139,95,S0088,0,7
PC2510000335,T2510000335,R001,2025-10-06,V0004,118,119,70,S0041,0,14
PC2510000336,T2510000336,R001,2025-10-06,V0003,86,86,59,S0033,0,5
PC2510000338,T2510000338,R003,2025-10-06,V0042,-15,28,15,S0077,0,2
PC2510000339,T2510000339,R006,2025-10-06,V0057,8,10,5,S0107,0,0
PC2510000342,T2510000342,R001,2025-10-06,V0005,147,148,109,S0044,0,17
PC2510000344,T2510000344,R007,2025-10-06,V0059,28,30,24,S0118,0,2
PC2510000345,T2510000345,R003,2025-10-06,V0043,31,29,20,S0074,0,4
PC2510000346,T2510000346,R008,2025-10-06,V0064,19,18,16,S0122,0,2
PC2510000347,T2510000347,R006,2025-10-06,V0058,19,18,13,S0103,0,1
PC2510000348,T2510000348,R002,2025-10-06,V0031,15,16,9,S0062,0,0
PC2510000350,T2510000350,R001,2025-10-06,V0008,104,104,62,S0037,0,6
PC2510000351,T2510000351,R001,2025-10-06,V0006,118,119,65,S0046,0,7
PC2510000353,T2510000353,R007,2025-10-06,V0060,25,25,20,S0113,0,1
PC2510000354,T2510000354,R003,2025-10-06,V0044,21,21,13,S0074,0,1
PC2510000355,T2510000355,R002,2025-10-06,V0032,100,100,63,S0061,0,7
PC2510000356,T2510000356,R005,2025-10-06,V0050,72,72,51,S0088,0,3
PC2510000357,T2510000357,R001,2025-10-06,V0007,94,94,68,S0035,0,7
PC2510000358,T2510000358,R001,2025-10-06,V0009,26,27,16,S0038,0,0
PC2510000360,T2510000360,R003,2025-10-06,V0037,58,60,42,S0073,0,3
PC2510000361,T2510000361,R006,2025-10-06,V0054,15,15,9,S0039,0,0
PC2510000362,T2510000362,R002,2025-10-06,V0033,28,28,16,S0058,0,2
PC2510000364,T2510000364,R001,2025-10-06,V0013,131,131,89,S0031,0,12
PC2510000366,T2510000366,R003,2025-10-06,V0036,27,27,15,S0074,0,2
PC2510000367,T2510000367,R006,2025-10-06,V0055,21,21,12,S0101,0,0
PC2510000368,T2510000368,R002,2025-10-06,V0034,103,104,64,S0064,0,9
PC2510000369,T2510000369,R001,2025-10-06,V0011,193,191,108,S0036,0,10
PC2510000370,T2510000370,R001,2025-10-06,V0015,75,76,52,S0033,0,5
PC2510000371,T2510000371,R004,2025-10-06,V0046,93,92,63,S0081,0,4
PC2510000372,T2510000372,R003,2025-10-06,V0038,88,88,-33,S0071,0,5
PC2510000373,T2510000373,R002,2025-10-06,V0025,33,34,22,S0065,0,3
PC2510000374,T2510000374,R007,2025-10-06,V0061,20,19,17,S0118,0,3
PC2510000375,T2510000375,R005,2025-10-06,V0051,84,85,59,S0066,0,5
PC2510000376,T2510000376,R001,2025-10-06,V0012,155,152,110,S0036,0,16
PC2510000377,T2510000377,R008,2025-10-06,V0063,26,26,21,S0123,0,3
PC2510000380,T2510000380,R003,2025-10-06,V0039,23,25,14,S0077,0,2
PC2510000381,T2510000381,R008,2025-10-06,V0064,49,48,42,S0125,24,3
PC2510000382,T2510000382,R006,2025-10-06,V0056,10,9,6,S0106,0,0
PC2510000383,T2510000383,R002,2025-10-06,V0027,90,91,63,S0065,0,11
PC2510000384,T2510000384,R007,2025-10-06,V0059,51,53,39,S0116,0,3
PC2510000385,T2510000385,R005,2025-10-06,V0053,76,78,42,S0066,0,2
PC2510000386,T2510000386,R001,2025-10-06,V0016,128,128,76,S0043,0,8
PC2510000388,T2510000388,R003,2025-10-06,V0041,46,46,28,S0075,0,3
PC2510000389,T2510000389,R006,2025-10-06,V0057,23,20,17,S0099,0,1
PC2510000390,T2510000390,R002,2025-10-06,V0035,23,22,16,S0065,0,4
PC2510000391,T2510000391,R001,2025-10-06,V0019,197,196,124,S0034,0,14
PC2510000392,T2510000392,R001,2025-10-06,V0017,87,88,58,S0036,0,10
PC2510000393,T2510000393,R004,2025-10-06,V0048,58,57,39,S0083,0,5
PC2510000394,T2510000394,R003,2025-10-06,V0040,26,26,19,S0067,0,1
PC2510000395,T2510000395,R002,2025-10-06,V0026,62,63,42,S0060,0,6
PC2510000396,T2510000396,R005,2025-10-06,V0052,101,102,75,S0088,0,7
PC2510000397,T2510000397,R001,2025-10-06,V0022,153,154,87,S0033,0,8
PC2510000398,T2510000398,R001,2025-10-06,V0021,37,37,21,S0036,0,2
PC2510000400,T2510000400,R003,2025-10-06,V0042,52,53,36,S0075,0,10
PC2510000401,T2510000401,R006,2025-10-06,V0058,3,4,2,S0107,0,0
PC2510000404,T2510000404,R001,2025-10-06,V0020,141,143,351,S0044,0,14
PC2510000405,T2510000405,R001,2025-10-06,V0023,37,36,23,S0035,0,0
PC2510000406,T2510000406,R007,2025-10-06,V0060,4,2,3,S0117,0,1
PC2510000407,T2510000407,R003,2025-10-06,V0043,18,18,12,S0077,0,2
PC2510000409,T2510000409,R006,2025-10-06,V0054,20,21,12,S0102,0,1
PC2510000410,T2510000410,R002,2025-10-06,V0028,33,36,21,S0061,0,1
PC2510000412,T2510000412,R001,2025-10-06,V0001,102,103,56,S0035,0,11
PC2510000413,T2510000413,R001,2025-10-06,V0024,52,51,37,S0036,0,6
PC2510000414,T2510000414,R004,2025-10-06,V0045,47,46,33,S0084,0,3
PC2510000415,T2510000415,R007,2025-10-06,V0061,45,45,36,S0116,0,1
PC2510000418,T2510000418,R005,2025-10-06,V0050,115,113,66,S0089,0,9
PC2510000419,T2510000419,R001,2025-10-06,V0002,203,203,137,S0036,0,16
PC2510000420,T2510000420,R001,2025-10-06,V0003,44,45,28,S0044,0,0
PC2510000421,T2510000421,R004,2025-10-06,V0046,29,29,20,S0081,0,0
PC2510000422,T2510000422,R003,2025-10-06,V0044,18,19,13,S0078,0,1
PC2510000423,T2510000423,R006,2025-10-06,V0055,5,4,4,S0104,0,0
PC2510000425,T2510000425,R005,2025-10-06,V0051,16,17,12,S0089,0,1
PC2510000426,T2510000426,R001,2025-10-06,V0004,135,134,91,S0036,0,11
PC2510000427,T2510000427,R001,2025-10-06,V0005,18,17,10,S0042,0,2
PC2510000428,T2510000428,R003,2025-10-06,V0037,62,62,43,S0027,0,6
PC2510000429,T2510000429,R006,2025-10-06,V0056,19,15,13,S0104,0,2
PC2510000430,T2510000430,R002,2025-10-06,V0031,22,23,16,S0066,0,1
PC2510000432,T2510000432,R001,2025-10-06,V0008,27,28,17,S0037,0,5
PC2510000434,T2510000434,R003,2025-10-06,V0036,12,14,7,S0074,0,0
PC2510000435,T2510000435,R007,2025-10-06,V0059,32,32,24,S0115,0,1
PC2510000436,T2510000436,R002,2025-10-06,V0032,61,63,34,S0062,0,4
PC2510000437,T2510000437,R005,2025-10-06,V0053,44,44,29,S0090,0,2
PC2510000438,T2510000438,R001,2025-10-06,V0007,118,117,80,S0043,0,9
PC2510000439,T2510000439,R008,2025-10-06,V0063,45,45,37,S0124,0,9
PC2510000440,T2510000440,R001,2025-10-06,V0009,51,48,34,S0036,0,3
PC2510000441,T2510000441,R004,2025-10-06,V0048,7,8,4,S0082,0,0
PC2510000442,T2510000442,R008,2025-10-06,V0064,9,7,7,S0122,0,0
PC2510000443,T2510000443,R003,2025-10-06,V0038,18,20,11,S0075,0,0
PC2510000445,T2510000445,R002,2025-10-06,V0033,17,16,13,S0062,0,1
PC2510000446,T2510000446,R007,2025-10-06,V0060,15,16,62,S0112,0,3
PC2510000447,T2510000447,R005,2025-10-06,V0052,21,21,13,S0089,0,4
PC2510000448,T2510000448,R001,2025-10-06,V0006,34,36,20,S0039,0,4
PC2510000450,T2510000450,R003,2025-10-06,V0039,10,9,7,S0076,0,0
PC2510000453,T2510000453,R001,2025-10-06,V0013,47,46,29,S0042,0,5
PC2510000454,T2510000454,R001,2025-10-06,V0015,11,11,8,S0034,0,2
PC2510000455,T2510000455,R004,2025-10-06,V0045,14,13,10,S0081,0,1
PC2510000456,T2510000456,R003,2025-10-06,V0041,34,34,21,S0078,0,0
PC2510000457,T2510000457,R002,2025-10-06,V0034,13,12,9,S0064,0,1
PC2510000459,T2510000459,R001,2025-10-06,V0011,39,37,23,S0038,0,1
PC2510000461,T2510000461,R002,2025-10-06,V0025,10,12,7,S0064,0,1
PC2510000463,T2510000463,R003,2025-10-06,V0040,21,19,15,S0075,0,3
PC2510000464,T2510000464,R002,2025-10-06,V0027,79,79,56,S0005,0,1
PC2510000465,T2510000465,R001,2025-10-06,V0012,100,99,62,S0036,0,5
PC2510000466,T2510000466,R004,2025-10-06,V0046,12,12,9,S0082,0,0
PC2510000467,T2510000467,R003,2025-10-06,V0042,41,40,26,S0072,0,3
PC2510000468,T2510000468,R005,2025-10-06,V0050,22,20,14,S0066,0,0
PC2510000469,T2510000469,R001,2025-10-06,V0016,51,51,36,S0037,0,5
PC2510000471,T2510000471,R006,2025-10-06,V0057,20,20,11,S0039,0,1
PC2510000472,T2510000472,R005,2025-10-06,V0051,40,42,27,S0025,0,2
PC2510000474,T2510000474,R007,2025-10-06,V0061,9,9,8,S0119,0,0
PC2510000475,T2510000475,R006,2025-10-06,V0058,39,38,28,S0100,0,4
PC2510000476,T2510000476,R008,2025-10-06,V0064,22,22,19,S0123,0,2
PC2510000477,T2510000477,R001,2025-10-06,V0017,47,47,27,S0037,0,3
PC2510000478,T2510000478,R002,2025-10-06,V0035,15,18,9,S0063,0,0
PC2510000479,T2510000479,R007,2025-10-06,V0059,17,16,15,S0114,0,2
PC2510000480,T2510000480,R003,2025-10-06,V0043,27,25,15,S0075,0,1
PC2510000481,T2510000481,R001,2025-10-06,V0021,97,97,66,S0005,0,8
PC2510000482,T2510000482,R002,2025-10-06,V0026,74,72,41,S0065,0,4
PC2510000483,T2510000483,R003,2025-10-06,V0044,24,24,16,S0077,0,0
PC2510000484,T2510000484,R001,2025-10-06,V0019,48,49,31,S0005,0,3
PC2510000485,T2510000485,R001,2025-10-06,V0022,65,65,40,S0004,0,6
PC2510000486,T2510000486,R004,2025-10-06,V0048,11,10,6,S0084,0,0
PC2510000487,T2510000487,R005,2025-10-06,V0053,38,40,28,S0088,0,3
PC2510000488,T2510000488,R008,2025-10-06,V0063,14,14,13,S0124,0,0
PC2510000489,T2510000489,R001,2025-10-06,V0023,17,19,11,S0038,0,1
PC2510000490,T2510000490,R004,2025-10-06,V0045,26,25,19,S0079,0,2
PC2510000491,T2510000491,R006,2025-10-06,V0054,2,4,1,S0025,0,0
PC2510000492,T2510000492,R002,2025-10-06,V0028,9,9,5,S0063,0,0
PC2510000493,T2510000493,R005,2025-10-06,V0052,15,15,10,S0025,0,2
PC2510000494,T2510000494,R001,2025-10-06,V0020,52,52,32,S0005,0,2
PC2510000495,T2510000495,R003,2025-10-06,V0037,29,29,20,S0076,0,1
PC2510000496,T2510000496,R006,2025-10-06,V0055,2,1,1,S0102,0,0
PC2510000498,T2510000498,R001,2025-10-06,V0001,39,39,24,S0004,0,0
PC2510000499,T2510000499,R003,2025-10-06,V0036,25,26,15,S0075,0,1
PC2510000501,T2510000501,R001,2025-10-06,V0003,27,28,16,S0036,0,2
PC2510000502,T2510000502,R007,2025-10-06,V0060,1,2,1,S0115,0,0
PC2510000504,T2510000504,R001,2025-10-06,V0002,134,134,78,S0033,0,7
PC2510000505,T2510000505,R004,2025-10-06,V0046,24,24,18,S0084,0,0
PC2510000507,T2510000507,R007,2025-10-06,V0061,9,8,8,S0115,0,0
PC2510000510,T2510000510,R001,2025-10-06,V0024,20,21,15,S0034,0,1
PC2510000512,T2510000512,R002,2025-10-06,V0031,12,12,9,S0061,0,1
PC2510000513,T2510000513,R006,2025-10-06,V0056,4,4,2,S0105,0,0
PC2510000514,T2510000514,R005,2025-10-06,V0050,24,24,14,S0088,0,0
PC2510000515,T2510000515,R001,2025-10-06,V0004,43,44,28,S0043,0,2
PC2510000516,T2510000516,R003,2025-10-06,V0038,14,13,10,S0075,0,1
PC2510000517,T2510000517,R006,2025-10-06,V0057,4,3,3,S0105,0,1
PC2510000518,T2510000518,R001,2025-10-06,V0005,66,66,42,S0038,0,6
PC2510000519,T2510000519,R001,2025-10-07,V0001,5,4,3,S0039,0,1
PC2510000521,T2510000521,R006,2025-10-07,V0054,4,4,2,S0099,0,0
PC2510000522,T2510000522,R002,2025-10-07,V0025,10,10,7,S0063,0,1
PC2510000523,T2510000523,R001,2025-10-07,V0002,29,28,17,S0033,0,1
PC2510000524,T2510000524,R003,2025-10-07,V0036,5,4,4,S0070,0,0
PC2510000526,T2510000526,R002,2025-10-07,V0026,8,7,5,S0062,0,0
PC2510000527,T2510000527,R004,2025-10-07,V0045,7,7,4,S0079,0,0
PC2510000528,T2510000528,R003,2025-10-07,V0037,6,8,4,S0076,0,1
PC2510000529,T2510000529,R001,2025-10-07,V0003,23,23,15,S0041,0,2
PC2510000531,T2510000531,R001,2025-10-07,V0004,44,43,32,S0044,0,7
PC2510000532,T2510000532,R004,2025-10-07,V0046,37,35,27,S0084,0,5
PC2510000533,T2510000533,R006,2025-10-07,V0055,8,8,6,S0106,0,1
PC2510000534,T2510000534,R002,2025-10-07,V0027,29,28,21,S0064,0,1
PC2510000535,T2510000535,R005,2025-10-07,V0050,32,32,18,S0076,0,0
PC2510000536,T2510000536,R001,2025-10-07,V0005,82,80,56,S0037,0,8
PC2510000537,T2510000537,R007,2025-10-07,V0059,13,13,11,S0117,0,2
PC2510000538,T2510000538,R003,2025-10-07,V0038,28,30,16,S0072,0,1
PC2510000539,T2510000539,R001,2025-10-07,V0006,52,50,36,S0037,0,3
PC2510000540,T2510000540,R006,2025-10-07,V0056,4,5,3,S0105,0,0
PC2510000541,T2510000541,R002,2025-10-07,V0028,20,19,-5,S0060,0,1
PC2510000542,T2510000542,R008,2025-10-07,V0063,8,9,7,S0122,0,0
PC2510000543,T2510000543,R007,2025-10-07,V0060,12,12,9,S0113,0,0
PC2510000544,T2510000544,R003,2025-10-07,V0039,11,11,8,S0067,0,1
PC2510000545,T2510000545,R001,2025-10-07,V0007,35,36,24,S0005,0,0
PC2510000546,T2510000546,R001,2025-10-07,V0008,28,28,16,S0034,0,1
PC2510000547,T2510000547,R008,2025-10-07,V0064,47,48,36,S0122,0,2
PC2510000550,T2510000550,R001,2025-10-07,V0009,82,82,57,S0033,0,6
PC2510000551,T2510000551,R005,2025-10-07,V0051,9,10,6,S0088,0,0
PC2510000552,T2510000552,R003,2025-10-07,V0040,28,29,19,S0076,0,2
PC2510000554,T2510000554,R004,2025-10-07,V0048,36,34,22,S0082,0,4
PC2510000556,T2510000556,R006,2025-10-07,V0057,10,10,7,S0105,0,2
PC2510000557,T2510000557,R005,2025-10-07,V0052,55,56,31,S0088,0,0
PC2510000558,T2510000558,R003,2025-10-07,V0041,5,2,3,S0073,0,0
PC2510000559,T2510000559,R001,2025-10-07,V0011,65,66,44,S0034,0,2
PC2510000560,T2510000560,R001,2025-10-07,V0012,25,25,15,S0039,0,3
PC2510000562,T2510000562,R001,2025-10-07,V0013,112,111,71,S0040,0,6
PC2510000563,T2510000563,R004,2025-10-07,V0045,26,24,15,S0081,0,4
PC2510000564,T2510000564,R008,2025-10-07,V0063,13,13,11,S0124,0,2
PC2510000565,T2510000565,R003,2025-10-07,V0042,4,6,3,S0070,0,0
PC2510000566,T2510000566,R006,2025-10-07,V0058,6,6,4,S0107,0,0
PC2510000568,T2510000568,R007,2025-10-07,V0061,7,-34,6,S0111,0,0
PC2510000569,T2510000569,R005,2025-10-07,V0053,51,51,-11,S0077,0,3
PC2510000571,T2510000571,R001,2025-10-07,V0015,54,54,34,S0039,0,5
PC2510000572,T2510000572,R003,2025-10-07,V0043,46,44,26,S0078,0,4
PC2510000573,T2510000573,R006,2025-10-07,V0054,7,7,4,S0106,0,2
PC2510000574,T2510000574,R002,2025-10-07,V0031,33,33,20,S0059,0,5
PC2510000576,T2510000576,R001,2025-10-07,V0016,126,127,92,S0034,0,12
PC2510000577,T2510000577,R004,2025-10-07,V0046,16,16,10,S0080,0,0
PC2510000579,T2510000579,R002,2025-10-07,V0032,44,45,31,S0062,0,4
PC2510000581,T2510000581,R001,2025-10-07,V0017,43,41,26,S0034,0,5
PC2510000584,T2510000584,R003,2025-10-07,V0044,32,34,21,S0075,0,3
PC2510000585,T2510000585,R006,2025-10-07,V0055,4,5,3,S0104,0,0
PC2510000587,T2510000587,R005,2025-10-07,V0050,75,75,43,S0066,0,3
PC2510000588,T2510000588,R001,2025-10-07,V0019,16,16,10,S0041,0,2
PC2510000589,T2510000589,R001,2025-10-07,V0020,144,142,98,S0036,0,11
PC2510000590,T2510000590,R007,2025-10-07,V0059,50,48,42,S0113,40,3
PC2510000591,T2510000591,R003,2025-10-07,V0036,18,19,12,S0075,0,1
PC2510000592,T2510000592,R008,2025-10-07,V0064,51,52,42,S0123,7,2
PC2510000593,T2510000593,R006,2025-10-07,V0056,4,6,3,S0104,0,2
PC2510000594,T2510000594,R002,2025-10-07,V0033,62,63,41,S0066,0,2
PC2510000596,T2510000596,R001,2025-10-07,V0021,46,46,29,S0038,0,7
PC2510000597,T2510000597,R001,2025-10-07,V0022,120,122,67,S0036,0,11
PC2510000598,T2510000598,R004,2025-10-07,V0048,24,24,14,S0082,0,0
PC2510000599,T2510000599,R007,2025-10-07,V0060,12,12,10,S0117,0,0
PC2510000600,T2510000600,R003,2025-10-07,V0037,49,49,36,S0074,0,5
PC2510000601,T2510000601,R002,2025-10-07,V0034,23,22,13,S0061,0,2
PC2510000603,T2510000603,R001,2025-10-07,V0023,66,67,41,S0042,0,4
PC2510000604,T2510000604,R001,2025-10-07,V0024,118,119,80,S0036,0,4
PC2510000605,T2510000605,R004,2025-10-07,V0045,91,94,58,S0082,0,5
PC2510000606,T2510000606,R003,2025-10-07,V0038,18,17,11,S0074,0,0
PC2510000607,T2510000607,R006,2025-10-07,V0057,25,27,15,S0039,0,2
PC2510000608,T2510000608,R002,2025-10-07,V0035,91,92,65,S0060,0,6
PC2510000609,T2510000609,R005,2025-10-07,V0051,76,75,44,S0078,0,4
PC2510000610,T2510000610,R001,2025-10-07,V0001,31,32,19,S0033,0,0
PC2510000611,T2510000611,R001,2025-10-07,V0002,137,135,87,S0036,0,10
PC2510000612,T2510000612,R003,2025-10-07,V0039,71,71,41,S0076,0,1
PC2510000613,T2510000613,R006,2025-10-07,V0058,6,5,4,S0097,0,0
PC2510000614,T2510000614,R002,2025-10-07,V0025,26,28,17,S0063,0,4
PC2510000615,T2510000615,R001,2025-10-07,V0004,24,26,17,S0004,0,2
PC2510000616,T2510000616,R001,2025-10-07,V0003,132,133,77,S0033,0,4
PC2510000617,T2510000617,R004,2025-10-07,V0046,12,13,8,S0084,0,0
PC2510000618,T2510000618,R003,2025-10-07,V0040,15,16,11,S0076,0,2
PC2510000619,T2510000619,R002,2025-10-07,V0026,44,44,25,S0065,0,4
PC2510000620,T2510000620,R007,2025-10-07,V0061,30,29,25,S0114,0,0
PC2510000621,T2510000621,R005,2025-10-07,V0052,29,26,17,S0066,0,2
PC2510000622,T2510000622,R001,2025-10-07,V0005,86,85,63,S0038,0,10
PC2510000623,T2510000623,R008,2025-10-07,V0063,39,38,30,S0123,0,2
PC2510000624,T2510000624,R001,2025-10-07,V0007,94,93,53,S0035,0,8
PC2510000626,T2510000626,R003,2025-10-07,V0041,56,55,38,S0073,0,0
PC2510000627,T2510000627,R008,2025-10-07,V0064,10,11,8,S0121,0,0
PC2510000628,T2510000628,R006,2025-10-07,V0054,22,22,12,S0104,0,1
PC2510000629,T2510000629,R002,2025-10-07,V0027,37,35,24,S0060,0,4
PC2510000630,T2510000630,R007,2025-10-07,V0059,13,12,11,S0114,0,2
PC2510000631,T2510000631,R005,2025-10-07,V0053,59,61,40,S0025,0,5
PC2510000632,T2510000632,R001,2025-10-07,V0006,21,22,13,S0004,0,2
PC2510000633,T2510000633,R001,2025-10-07,V0008,109,108,72,S0037,0,10
PC2510000634,T2510000634,R003,2025-10-07,V0042,13,12,8,S0076,0,0
PC2510000635,T2510000635,R006,2025-10-07,V0055,2,4,1,S0102,0,0
PC2510000636,T2510000636,R002,2025-10-07,V0028,41,40,27,S0065,0,0
PC2510000637,T2510000637,R001,2025-10-07,V0009,49,48,29,S0032,0,3
PC2510000639,T2510000639,R004,2025-10-07,V0048,13,13,8,S0079,0,2
PC2510000640,T2510000640,R003,2025-10-07,V0043,35,35,25,S0077,0,3
PC2510000643,T2510000643,R001,2025-10-07,V0011,22,23,14,S0037,0,1
PC2510000644,T2510000644,R001,2025-10-07,V0013,64,63,42,S0005,0,9
PC2510000645,T2510000645,R004,2025-10-07,V0045,27,27,17,S0082,0,6
PC2510000646,T2510000646,R003,2025-10-07,V0044,11,11,8,S0074,0,1
PC2510000647,T2510000647,R006,2025-10-07,V0056,20,19,14,S0039,0,1
PC2510000649,T2510000649,R005,2025-10-07,V0050,138,138,95,S0078,0,7
PC2510000650,T2510000650,R001,2025-10-07,V0012,45,48,25,S0042,0,4
PC2510000652,T2510000652,R007,2025-10-07,V0060,10,10,8,S0116,0,0
PC2510000653,T2510000653,R003,2025-10-07,V0036,34,34,20,S0076,0,2
PC2510000657,T2510000657,R008,2025-10-07,V0063,19,20,16,S0122,0,4
PC2510000659,T2510000659,R001,2025-10-07,V0015,266,266,168,S0033,0,25
PC2510000660,T2510000660,R004,2025-10-07,V0046,20,21,14,S0079,0,2
PC2510000661,T2510000661,R007,2025-10-07,V0061,8,6,6,S0117,0,0
PC2510000662,T2510000662,R003,2025-10-07,V0037,17,16,10,S0077,0,2
PC2510000663,T2510000663,R002,2025-10-07,V0031,62,63,39,S0066,0,6
PC2510000664,T2510000664,R005,2025-10-07,V0051,9,12,5,S0076,0,0
PC2510000665,T2510000665,R001,2025-10-07,V0016,31,30,22,S0041,0,3
PC2510000666,T2510000666,R001,2025-10-07,V0017,82,82,52,S0041,0,4
PC2510000668,T2510000668,R003,2025-10-07,V0038,26,25,18,S0074,0,1
PC2510000669,T2510000669,R006,2025-10-07,V0057,22,23,16,S0103,0,0
PC2510000670,T2510000670,R002,2025-10-07,V0032,36,34,26,S0063,0,3
PC2510000671,T2510000671,R005,2025-10-07,V0052,50,47,37,S0066,0,5
PC2510000672,T2510000672,R001,2025-10-07,V0019,45,42,32,S0004,0,4
PC2510000674,T2510000674,R003,2025-10-07,V0039,12,13,9,S0075,0,1
PC2510000675,T2510000675,R006,2025-10-07,V0058,15,13,9,S0105,0,3
PC2510000676,T2510000676,R002,2025-10-07,V0033,34,35,19,S0061,0,3
PC2510000678,T2510000678,R001,2025-10-07,V0020,249,248,148,S0037,0,16
PC2510000679,T2510000679,R004,2025-10-07,V0048,9,8,7,S0082,0,0
PC2510000680,T2510000680,R003,2025-10-07,V0040,30,29,22,S0074,0,1
PC2510000681,T2510000681,R007,2025-10-07,V0059,16,15,13,S0116,0,0
PC2510000682,T2510000682,R002,2025-10-07,V0034,6,6,4,S0059,0,0
PC2510000683,T2510000683,R005,2025-10-07,V0053,25,25,17,S0076,0,3
PC2510000684,T2510000684,R001,2025-10-07,V0022,49,48,32,S0033,0,4
PC2510000685,T2510000685,R008,2025-10-07,V0064,21,19,17,S0122,0,1
PC2510000686,T2510000686,R002,2025-10-07,V0035,2,1,1,S0067,0,0
PC2510000687,T2510000687,R001,2025-10-07,V0023,85,84,60,S0037,0,6
PC2510000688,T2510000688,R003,2025-10-07,V0041,23,24,17,S0073,0,2
PC2510000689,T2510000689,R001,2025-10-07,V0024,41,42,25,S0035,0,3
PC2510000690,T2510000690,R002,2025-10-07,V0025,28,28,19,S0057,0,1
PC2510000691,T2510000691,R004,2025-10-07,V0045,13,13,9,S0083,0,1
PC2510000692,T2510000692,R003,2025-10-07,V0042,22,21,16,S0075,0,3
PC2510000693,T2510000693,R001,2025-10-07,V0021,54,54,38,S0032,0,1
PC2510000695,T2510000695,R001,2025-10-07,V0002,53,54,36,S0039,0,4
PC2510000696,T2510000696,R004,2025-10-07,V0046,42,40,26,S0081,0,4
PC2510000697,T2510000697,R006,2025-10-07,V0054,8,10,5,S0039,0,1
PC2510000698,T2510000698,R002,2025-10-07,V0026,15,14,9,S0060,0,1
PC2510000699,T2510000699,R005,2025-10-07,V0050,61,60,45,S0078,0,7
PC2510000700,T2510000700,R001,2025-10-07,V0001,64,64,46,S0033,0,5
PC2510000703,T2510000703,R001,2025-10-07,V0004,74,75,50,S0035,0,4
PC2510000704,T2510000704,R006,2025-10-07,V0055,9,6,6,S0106,0,2
PC2510000705,T2510000705,R002,2025-10-07,V0027,17,18,10,S0061,0,2
PC2510000707,T2510000707,R007,2025-10-07,V0060,28,28,24,S0114,0,1
PC2510000708,T2510000708,R003,2025-10-07,V0043,22,21,13,S0076,0,3
PC2510000709,T2510000709,R001,2025-10-07,V0007,74,73,44,S0037,0,4
PC2510000710,T2510000710,R001,2025-10-07,V0003,60,61,37,S0038,0,6
PC2510000711,T2510000711,R002,2025-10-07,V0028,10,9,7,S0061,0,0
PC2510000712,T2510000712,R001,2025-10-07,V0006,60,59,35,S0031,0,3
PC2510000713,T2510000713,R003,2025-10-07,V0044,64,64,37,S0025,0,0
PC2510000714,T2510000714,R001,2025-10-07,V0008,73,72,42,S0041,0,6
PC2510000717,T2510000717,R003,2025-10-07,V0036,27,28,20,S0075,0,3
PC2510000718,T2510000718,R001,2025-10-07,V0005,81,80,56,S0037,0,7
PC2510000719,T2510000719,R005,2025-10-07,V0051,25,26,15,S0092,0,0
PC2510000721,T2510000721,R008,2025-10-07,V0063,44,43,35,S0122,0,2
PC2510000722,T2510000722,R004,2025-10-07,V0048,32,32,21,S0080,0,1
PC2510000723,T2510000723,R006,2025-10-07,V0056,15,15,10,S0100,0,1
PC2510000725,T2510000725,R005,2025-10-07,V0052,48,48,32,S0088,0,0
PC2510000726,T2510000726,R001,2025-10-07,V0009,100,101,67,S0035,0,2
PC2510000727,T2510000727,R003,2025-10-07,V0037,15,15,9,S0077,0,0
PC2510000728,T2510000728,R001,2025-10-07,V0011,32,31,19,S0031,0,2
PC2510000729,T2510000729,R006,2025-10-07,V0057,9,8,5,S0107,0,0
PC2510000730,T2510000730,R002,2025-10-07,V0031,33,31,23,S0063,0,0
PC2510000731,T2510000731,R003,2025-10-07,V0038,9,8,5,S0077,0,0
PC2510000732,T2510000732,R001,2025-10-07,V0013,90,91,53,S0005,0,8
PC2510000733,T2510000733,R001,2025-10-07,V0012,46,47,33,S0034,0,2
PC2510000734,T2510000734,R002,2025-10-07,V0032,22,23,16,S0065,0,0
PC2510000736,T2510000736,R007,2025-10-07,V0061,36,35,30,S0117,0,4
PC2510000738,T2510000738,R001,2025-10-07,V0015,90,89,57,S0038,0,6
PC2510000739,T2510000739,R002,2025-10-07,V0035,27,27,19,S0005,0,0
PC2510000740,T2510000740,R008,2025-10-07,V0064,29,31,22,S0123,0,3
PC2510000741,T2510000741,R004,2025-10-07,V0045,56,56,36,S0083,0,1
PC2510000742,T2510000742,R007,2025-10-07,V0059,14,16,12,S0115,0,0
PC2510000743,T2510000743,R003,2025-10-07,V0039,12,12,7,S0076,0,1
PC2510000744,T2510000744,R001,2025-10-07,V0017,59,58,36,S0039,0,2
PC2510000745,T2510000745,R005,2025-10-07,V0053,41,42,28,S0088,0,2
PC2510000746,T2510000746,R001,2025-10-07,V0016,59,58,39,S0039,0,4
PC2510000747,T2510000747,R004,2025-10-07,V0046,10,9,7,S0082,0,1
PC2510000748,T2510000748,R006,2025-10-07,V0058,11,12,8,S0102,0,1
PC2510000749,T2510000749,R002,2025-10-07,V0033,16,16,11,S0065,0,0
PC2510000751,T2510000751,R001,2025-10-07,V0022,46,46,32,S0035,0,1
PC2510000752,T2510000752,R003,2025-10-07,V0040,42,43,26,S0027,0,5
PC2510000753,T2510000753,R001,2025-10-07,V0019,84,83,60,S0036,0,7
PC2510000754,T2510000754,R006,2025-10-07,V0054,20,20,13,S0099,0,2
PC2510000755,T2510000755,R002,2025-10-07,V0034,14,13,10,S0055,0,0
PC2510000756,T2510000756,R003,2025-10-07,V0041,25,24,17,S0027,0,0
PC2510000757,T2510000757,R001,2025-10-07,V0020,33,33,22,S0038,0,2
PC2510000758,T2510000758,R001,2025-10-07,V0023,154,155,94,S0005,0,4
PC2510000761,T2510000761,R001,2025-10-07,V0024,33,32,23,S0035,0,2
PC2510000762,T2510000762,R003,2025-10-07,V0042,25,24,14,S0075,0,0
PC2510000764,T2510000764,R002,2025-10-07,V0025,33,32,18,S0063,0,3
PC2510000766,T2510000766,R003,2025-10-07,V0043,16,16,9,S0073,0,0
PC2510000767,T2510000767,R001,2025-10-07,V0021,49,49,29,S0037,0,0
PC2510000768,T2510000768,R005,2025-10-07,V0050,68,66,42,S0066,0,2
PC2510000769,T2510000769,R001,2025-10-07,V0002,61,62,35,S0005,0,4
PC2510000770,T2510000770,R004,2025-10-07,V0048,32,30,21,S0080,0,3
PC2510000771,T2510000771,R006,2025-10-07,V0055,11,12,7,S0105,0,1
PC2510000772,T2510000772,R002,2025-10-07,V0026,78,79,43,S0065,0,3
PC2510000773,T2510000773,R005,2025-10-07,V0051,43,45,27,S0090,0,2
PC2510000774,T2510000774,R001,2025-10-07,V0001,121,122,67,S0036,0,3
PC2510000775,T2510000775,R007,2025-10-07,V0066,7,9,6,S0119,0,0
PC2510000776,T2510000776,R003,2025-10-07,V0044,23,21,13,S0073,0,0
PC2510000777,T2510000777,R001,2025-10-07,V0004,83,83,47,S0032,0,8
PC2510000778,T2510000778,R006,2025-10-07,V0056,5,7,3,S0100,0,0
PC2510000779,T2510000779,R002,2025-10-07,V0027,51,53,37,S0005,0,1
PC2510000780,T2510000780,R008,2025-10-07,V0063,26,25,23,S0123,0,1
PC2510000781,T2510000781,R007,2025-10-07,V0061,29,27,23,S0117,0,2
PC2510000782,T2510000782,R003,2025-10-07,V0036,22,20,13,S0076,0,2
PC2510000783,T2510000783,R001,2025-10-07,V0007,66,65,49,S0041,0,3
PC2510000784,T2510000784,R001,2025-10-07,V0003,95,98,68,S0005,0,7
PC2510000785,T2510000785,R002,2025-10-07,V0028,17,17,11,S0066,0,1
PC2510000786,T2510000786,R001,2025-10-07,V0006,30,29,22,S0034,0,5
PC2510000787,T2510000787,R003,2025-10-07,V0037,34,34,21,S0076,0,1
PC2510000788,T2510000788,R001,2025-10-07,V0005,61,61,45,S0043,0,3
PC2510000790,T2510000790,R004,2025-10-07,V0045,26,26,16,S0083,0,2
PC2510000791,T2510000791,R003,2025-10-07,V0038,46,45,31,S0074,0,2
PC2510000792,T2510000792,R001,2025-10-07,V0008,42,41,29,S0041,0,2
PC2510000793,T2510000793,R005,2025-10-07,V0052,55,55,39,S0076,0,2
PC2510000795,T2510000795,R008,2025-10-07,V0064,10,11,9,S0122,0,0
PC2510000796,T2510000796,R004,2025-10-07,V0046,27,27,15,S0081,0,1
PC2510000797,T2510000797,R006,2025-10-07,V0057,20,21,12,S0105,0,2
PC2510000799,T2510000799,R005,2025-10-07,V0053,-3,66,47,S0078,0,8
PC2510000800,T2510000800,R001,2025-10-07,V0009,42,42,30,S0004,0,3
PC2510000801,T2510000801,R003,2025-10-07,V0039,15,16,10,S0078,0,1
PC2510000802,T2510000802,R001,2025-10-07,V0011,47,47,35,S0042,0,2
PC2510000803,T2510000803,R006,2025-10-07,V0058,22,23,14,S0098,0,0
PC2510000804,T2510000804,R002,2025-10-07,V0031,27,28,18,S0060,0,0
PC2510000805,T2510000805,R003,2025-10-07,V0040,18,17,192,S0072,0,2
PC2510000806,T2510000806,R001,2025-10-07,V0013,96,96,55,S0033,0,6
PC2510000807,T2510000807,R001,2025-10-07,V0012,118,119,76,S0041,0,3
PC2510000808,T2510000808,R002,2025-10-07,V0032,30,30,18,S0064,0,1
PC2510000811,T2510000811,R003,2025-10-07,V0041,36,35,24,S0076,0,0
PC2510000812,T2510000812,R001,2025-10-07,V0015,65,64,39,S0034,0,3
PC2510000813,T2510000813,R002,2025-10-07,V0035,83,82,55,S0062,0,6
PC2510000816,T2510000816,R007,2025-10-07,V0059,35,36,27,S0112,0,5
PC2510000817,T2510000817,R003,2025-10-07,V0042,35,31,19,S0073,0,1
PC2510000818,T2510000818,R001,2025-10-07,V0017,67,68,40,S0040,0,4
PC2510000820,T2510000820,R001,2025-10-07,V0016,166,168,122,S0041,0,12
PC2510000821,T2510000821,R004,2025-10-07,V0048,33,32,24,S0081,0,0
PC2510000822,T2510000822,R006,2025-10-07,V0054,17,17,12,S0105,0,2
PC2510000823,T2510000823,R002,2025-10-07,V0033,24,23,17,S0063,0,0
PC2510000824,T2510000824,R005,2025-10-07,V0050,89,91,49,S0066,0,4
PC2510000825,T2510000825,R001,2025-10-07,V0022,56,56,33,S0038,0,4
PC2510000826,T2510000826,R003,2025-10-07,V0043,20,18,-7,S0077,0,1
PC2510000827,T2510000827,R001,2025-10-07,V0019,128,128,81,S0036,0,6
PC2510000828,T2510000828,R006,2025-10-07,V0055,19,19,12,S0098,0,2
PC2510000829,T2510000829,R002,2025-10-07,V0034,59,57,39,S0005,0,3
PC2510000830,T2510000830,R003,2025-10-07,V0044,44,45,26,S0075,0,3
PC2510000831,T2510000831,R001,2025-10-07,V0020,95,95,64,S0032,0,9
PC2510000832,T2510000832,R001,2025-10-07,V0023,158,156,106,S0036,0,5
PC2510000833,T2510000833,R008,2025-10-07,V0063,41,40,36,S0122,0,4
PC2510000834,T2510000834,R001,2025-10-07,V0024,42,41,30,S0039,0,3
PC2510000835,T2510000835,R004,2025-10-07,V0045,19,21,14,S0081,0,3
PC2510000836,T2510000836,R008,2025-10-07,V0064,21,21,18,S0124,0,1
PC2510000837,T2510000837,R003,2025-10-07,V0036,25,25,17,S0073,0,2
PC2510000838,T2510000838,R006,2025-10-07,V0056,8,9,5,S0102,0,0
PC2510000839,T2510000839,R002,2025-10-07,V0025,28,26,20,S0063,0,3
PC2510000840,T2510000840,R007,2025-10-07,V0061,22,23,17,S0117,0,0
PC2510000841,T2510000841,R005,2025-10-07,V0051,10,12,6,S0077,0,1
PC2510000843,T2510000843,R001,2025-10-07,V0021,63,63,43,S0005,0,5
PC2510000844,T2510000844,R003,2025-10-07,V0037,46,46,30,S0078,0,2
PC2510000845,T2510000845,R006,2025-10-07,V0057,27,26,18,S0106,0,4
PC2510000846,T2510000846,R002,2025-10-07,V0026,48,47,35,S0062,0,2
PC2510000847,T2510000847,R001,2025-10-07,V0002,98,97,63,S0033,0,11
PC2510000848,T2510000848,R001,2025-10-07,V0004,48,47,28,S0039,0,6
PC2510000849,T2510000849,R004,2025-10-07,V0046,112,112,74,S0083,0,8
PC2510000850,T2510000850,R003,2025-10-07,V0038,30,30,22,S0074,0,7
PC2510000851,T2510000851,R002,2025-10-07,V0027,15,15,11,S0064,0,2
PC2510000852,T2510000852,R005,2025-10-07,V0052,139,140,98,S0066,38,5
PC2510000854,T2510000854,R001,2025-10-07,V0001,54,54,32,S0038,0,6
PC2510000856,T2510000856,R003,2025-10-07,V0039,9,9,5,S0075,0,1
PC2510000857,T2510000857,R006,2025-10-07,V0058,6,7,4,S0106,0,0
PC2510000858,T2510000858,R002,2025-10-07,V0028,53,52,37,S0057,0,4
PC2510000859,T2510000859,R005,2025-10-07,V0053,16,14,9,S0066,0,0
PC2510000860,T2510000860,R001,2025-10-07,V0003,367,366,210,S0037,13,24
PC2510000861,T2510000861,R001,2025-10-07,V0007,121,122,74,S0004,0,8
PC2510000862,T2510000862,R007,2025-10-07,V0059,34,34,28,S0116,0,2
PC2510000863,T2510000863,R003,2025-10-07,V0040,19,22,209,S0077,0,0
PC2510000865,T2510000865,R006,2025-10-07,V0054,19,17,12,S0102,0,0
PC2510000867,T2510000867,R008,2025-10-07,V0063,50,50,42,S0123,1,0
PC2510000868,T2510000868,R001,2025-10-07,V0006,96,94,68,S0043,0,14
PC2510000869,T2510000869,R001,2025-10-07,V0005,32,32,22,S0033,0,4
PC2510000870,T2510000870,R004,2025-10-07,V0048,38,38,26,S0080,0,7
PC2510000871,T2510000871,R007,2025-10-07,V0061,32,32,26,S0116,0,3
PC2510000872,T2510000872,R003,2025-10-07,V0041,6,4,4,S0078,0,0
PC2510000875,T2510000875,R001,2025-10-07,V0008,192,192,112,S0042,0,17
PC2510000877,T2510000877,R004,2025-10-07,V0045,21,21,14,S0081,0,1
PC2510000878,T2510000878,R003,2025-10-07,V0042,25,26,15,S0077,0,3
PC2510000879,T2510000879,R006,2025-10-07,V0055,9,10,6,S0105,0,1
PC2510000880,T2510000880,R002,2025-10-07,V0031,22,23,13,S0064,0,1
PC2510000881,T2510000881,R005,2025-10-07,V0050,23,24,16,S0088,0,1
PC2510000882,T2510000882,R001,2025-10-07,V0009,171,174,120,S0032,0,14
PC2510000883,T2510000883,R001,2025-10-07,V0011,41,40,25,S0032,0,3
PC2510000884,T2510000884,R003,2025-10-07,V0043,11,12,6,S0077,0,1
PC2510000885,T2510000885,R006,2025-10-07,V0056,30,32,18,S0039,0,4
PC2510000886,T2510000886,R002,2025-10-07,V0032,73,73,52,S0056,0,3
PC2510000887,T2510000887,R001,2025-10-07,V0013,109,108,80,S0032,0,10
PC2510000888,T2510000888,R001,2025-10-07,V0012,40,40,22,S0035,0,3
PC2510000889,T2510000889,R004,2025-10-07,V0046,51,52,31,S0083,0,7
PC2510000890,T2510000890,R003,2025-10-07,V0044,26,26,19,S0074,0,3
PC2510000891,T2510000891,R002,2025-10-07,V0035,21,21,14,S0061,0,2
PC2510000892,T2510000892,R007,2025-10-07,V0059,10,9,9,S0113,0,1
PC2510000893,T2510000893,R005,2025-10-07,V0051,76,77,49,S0092,0,7
PC2510000895,T2510000895,R008,2025-10-07,V0064,25,28,19,S0123,0,1
PC2510000896,T2510000896,R001,2025-10-07,V0015,56,56,39,S0031,0,4
PC2510000898,T2510000898,R003,2025-10-07,V0036,17,16,11,S0075,0,0
PC2510000901,T2510000901,R002,2025-10-07,V0033,104,103,67,S0061,0,11
PC2510000902,T2510000902,R007,2025-10-07,V0061,49,48,37,S0116,0,3
PC2510000903,T2510000903,R005,2025-10-07,V0052,51,51,32,S0089,0,4
PC2510000904,T2510000904,R001,2025-10-07,V0016,106,107,59,S0037,0,13
PC2510000905,T2510000905,R001,2025-10-07,V0017,58,58,36,S0040,0,7
PC2510000906,T2510000906,R003,2025-10-07,V0037,66,66,39,S0077,0,4
PC2510000907,T2510000907,R006,2025-10-07,V0057,12,14,8,S0039,0,0
PC2510000908,T2510000908,R002,2025-10-07,V0034,16,17,10,S0060,0,2
PC2510000909,T2510000909,R001,2025-10-07,V0022,163,162,108,S0040,0,14
PC2510000910,T2510000910,R001,2025-10-07,V0019,58,59,36,S0037,0,2
PC2510000911,T2510000911,R004,2025-10-07,V0048,61,60,34,S0083,0,4
PC2510000912,T2510000912,R003,2025-10-07,V0038,19,21,13,S0027,0,2
PC2510000913,T2510000913,R002,2025-10-07,V0025,73,74,41,S0063,0,2
PC2510000914,T2510000914,R005,2025-10-07,V0053,128,127,79,S0091,0,11
PC2510000915,T2510000915,R001,2025-10-07,V0020,92,91,57,S0005,0,9
PC2510000916,T2510000916,R001,2025-10-07,V0023,44,45,32,S0036,0,0
PC2510000917,T2510000917,R004,2025-10-07,V0045,11,12,8,S0083,0,0
PC2510000918,T2510000918,R003,2025-10-07,V0039,36,35,25,S0076,0,3
PC2510000919,T2510000919,R006,2025-10-07,V0058,12,14,8,S0102,0,2
PC2510000920,T2510000920,R002,2025-10-07,V0026,28,30,16,S0063,0,1
PC2510000923,T2510000923,R001,2025-10-07,V0024,33,33,22,S0034,0,1
PC2510000924,T2510000924,R007,2025-10-07,V0059,14,15,12,S0117,0,3
PC2510000925,T2510000925,R003,2025-10-07,V0040,16,14,11,S0073,0,0
PC2510000926,T2510000926,R008,2025-10-07,V0063,12,11,10,S0122,0,0
PC2510000927,T2510000927,R006,2025-10-07,V0054,19,19,11,S0103,0,0
PC2510000928,T2510000928,R002,2025-10-07,V0027,55,54,38,S0063,0,3
PC2510000929,T2510000929,R008,2025-10-07,V0064,35,38,31,S0125,0,0
PC2510000930,T2510000930,R001,2025-10-07,V0021,134,134,93,S0041,0,11
PC2510000931,T2510000931,R001,2025-10-07,V0004,64,64,48,S0033,0,4
PC2510000932,T2510000932,R004,2025-10-07,V0046,58,60,42,S0082,0,3
PC2510000933,T2510000933,R007,2025-10-07,V0061,28,28,25,S0117,0,1
PC2510000934,T2510000934,R003,2025-10-07,V0041,63,63,41,S0073,0,2
PC2510000935,T2510000935,R002,2025-10-07,V0028,33,35,23,S0005,0,2
PC2510000936,T2510000936,R005,2025-10-07,V0050,81,81,53,S0025,0,8
PC2510000937,T2510000937,R001,2025-10-07,V0002,56,56,33,S0038,0,2
PC2510000938,T2510000938,R001,2025-10-07,V0001,28,27,17,S0036,0,2
PC2510000940,T2510000940,R003,2025-10-07,V0042,11,11,6,S0075,0,1
PC2510000941,T2510000941,R006,2025-10-07,V0055,3,4,2,S0105,0,0
PC2510000944,T2510000944,R001,2025-10-07,V0007,98,99,58,S0041,0,6
PC2510000945,T2510000945,R001,2025-10-07,V0006,62,62,46,S0036,0,4
PC2510000946,T2510000946,R003,2025-10-07,V0043,26,25,15,S0073,0,1
PC2510000949,T2510000949,R001,2025-10-07,V0003,82,82,60,S0042,0,4
PC2510000950,T2510000950,R001,2025-10-07,V0005,51,49,34,S0034,0,6
PC2510000951,T2510000951,R004,2025-10-07,V0048,40,41,27,S0080,0,2
PC2510000952,T2510000952,R003,2025-10-07,V0044,11,11,8,S0077,0,1
PC2510000953,T2510000953,R007,2025-10-07,V0059,11,13,9,S0116,0,1
PC2510000954,T2510000954,R002,2025-10-07,V0031,45,43,31,S0065,0,2
PC2510000955,T2510000955,R005,2025-10-07,V0051,65,65,42,S0066,0,3
PC2510000958,T2510000958,R001,2025-10-07,V0008,35,35,25,S0037,0,2
PC2510000959,T2510000959,R004,2025-10-07,V0045,3,2,2,S0082,0,0
PC2510000960,T2510000960,R008,2025-10-07,V0063,18,20,15,S0124,0,4
PC2510000961,T2510000961,R003,2025-10-07,V0036,34,34,21,S0077,0,3
PC2510000962,T2510000962,R006,2025-10-07,V0056,5,6,3,S0105,0,0
PC2510000963,T2510000963,R002,2025-10-07,V0032,20,21,14,S0062,0,3
PC2510000964,T2510000964,R007,2025-10-07,V0061,2,2,2,S0115,0,0
PC2510000965,T2510000965,R005,2025-10-07,V0052,58,59,38,S0077,0,6
PC2510000966,T2510000966,R001,2025-10-07,V0011,31,29,23,S0041,0,0
PC2510000967,T2510000967,R001,2025-10-07,V0013,31,32,23,S0034,0,3
PC2510000968,T2510000968,R003,2025-10-07,V0037,9,8,6,S0077,0,1
PC2510000969,T2510000969,R006,2025-10-07,V0057,7,7,5,S0102,0,0
PC2510000970,T2510000970,R002,2025-10-07,V0035,25,27,16,S0056,0,2
PC2510000971,T2510000971,R001,2025-10-07,V0012,79,79,59,S0032,0,5
PC2510000973,T2510000973,R004,2025-10-07,V0046,17,17,11,S0083,0,1
PC2510000974,T2510000974,R003,2025-10-07,V0038,21,23,13,S0027,0,3
PC2510000975,T2510000975,R002,2025-10-07,V0033,4,4,2,S0058,0,1
PC2510000976,T2510000976,R005,2025-10-07,V0053,30,30,19,S0089,0,3
PC2510000977,T2510000977,R001,2025-10-07,V0009,67,67,47,S0040,0,5
PC2510000978,T2510000978,R008,2025-10-07,V0064,9,12,8,S0122,0,1
PC2510000979,T2510000979,R002,2025-10-07,V0034,3,3,2,S0062,0,0
PC2510000980,T2510000980,R001,2025-10-07,V0015,87,86,48,S0032,0,7
PC2510000981,T2510000981,R003,2025-10-07,V0039,15,14,11,S0077,0,2
PC2510000982,T2510000982,R002,2025-10-07,V0025,17,19,11,S0063,0,0
PC2510000985,T2510000985,R003,2025-10-07,V0040,47,47,31,S0077,0,4
PC2510000987,T2510000987,R001,2025-10-07,V0016,31,30,21,S0038,0,0
PC2510000988,T2510000988,R004,2025-10-07,V0048,11,9,7,S0082,0,0
PC2510000989,T2510000989,R006,2025-10-07,V0058,7,5,5,S0104,0,0
PC2510000990,T2510000990,R005,2025-10-07,V0050,28,28,17,S0025,0,1
PC2510000991,T2510000991,R001,2025-10-07,V0017,96,95,66,S0041,0,8
PC2510000992,T2510000992,R007,2025-10-07,V0059,16,16,14,S0115,0,4
PC2510000993,T2510000993,R006,2025-10-07,V0054,9,8,6,S0105,0,1
PC2510000995,T2510000995,R001,2025-10-07,V0022,48,49,35,S0037,0,1
PC2510000996,T2510000996,R002,2025-10-07,V0026,1,2,1,S0065,0,0
PC2510000997,T2510000997,R007,2025-10-07,V0061,10,8,8,S0112,0,0
PC2510000999,T2510000999,R001,2025-10-07,V0019,97,96,66,S0039,0,10
PC2510001000,T2510001000,R002,2025-10-07,V0027,27,26,17,S0059,0,1
PC2510001001,T2510001001,R003,2025-10-07,V0041,21,19,13,S0075,0,3
PC2510001002,T2510001002,R001,2025-10-07,V0023,52,50,29,S0037,0,3
PC2510001003,T2510001003,R001,2025-10-07,V0020,107,106,63,S0042,0,5
PC2510001004,T2510001004,R004,2025-10-07,V0045,10,9,6,S0085,0,0
PC2510001005,T2510001005,R005,2025-10-07,V0051,19,18,11,S0078,0,0
PC2510001006,T2510001006,R008,2025-10-07,V0063,14,13,12,S0125,0,1
PC2510001008,T2510001008,R004,2025-10-07,V0046,15,15,9,S0081,0,0
PC2510001009,T2510001009,R006,2025-10-07,V0055,6,5,4,S0102,0,1
PC2510001010,T2510001010,R002,2025-10-07,V0028,17,17,12,S0060,0,2
PC2510001011,T2510001011,R005,2025-10-07,V0052,22,24,14,S0078,0,3
PC2510001012,T2510001012,R001,2025-10-07,V0024,38,39,28,S0034,0,2
PC2510001013,T2510001013,R003,2025-10-07,V0042,24,21,17,S0077,0,1
PC2510001014,T2510001014,R006,2025-10-07,V0056,5,6,4,S0101,0,0
PC2510001016,T2510001016,R001,2025-10-07,V0021,41,43,28,S0042,0,3
PC2510001017,T2510001017,R003,2025-10-07,V0043,29,31,174,S0074,0,0
PC2510001018,T2510001018,R001,2025-10-07,V0004,32,33,24,S0043,0,2
PC2510001019,T2510001019,R001,2025-10-07,V0002,46,45,26,S0043,0,6
PC2510001020,T2510001020,R007,2025-10-07,V0059,3,1,2,S0117,0,0
PC2510001021,T2510001021,R008,2025-10-07,V0064,26,27,22,S0121,0,1
PC2510001022,T2510001022,R001,2025-10-07,V0001,33,31,21,S0040,0,2
PC2510001025,T2510001025,R007,2025-10-07,V0061,4,4,4,S0118,0,0
PC2510001027,T2510001027,R003,2025-10-07,V0044,10,11,6,S0077,0,0
PC2510001028,T2510001028,R001,2025-10-07,V0006,18,18,10,S0031,0,0
PC2510001030,T2510001030,R002,2025-10-07,V0031,11,10,7,S0062,0,0
PC2510001031,T2510001031,R006,2025-10-07,V0057,3,5,2,S0105,0,0
PC2510001032,T2510001032,R005,2025-10-07,V0053,14,14,10,S0077,0,1
PC2510001033,T2510001033,R001,2025-10-07,V0007,58,58,32,S0037,0,4
PC2510001034,T2510001034,R003,2025-10-07,V0036,5,5,4,S0074,0,0
PC2510001036,T2510001036,R001,2025-10-07,V0005,14,13,10,S0041,0,1
PC2510001037,T2510001037,R001,2025-10-08,V0001,9,7,6,S0030,0,0
PC2510001039,T2510001039,R006,2025-10-08,V0054,2,2,1,S0100,0,1
PC2510001040,T2510001040,R002,2025-10-08,V0025,4,4,3,S0066,0,0
PC2510001041,T2510001041,R001,2025-10-08,V0002,15,15,10,S0040,0,0
PC2510001042,T2510001042,R003,2025-10-08,V0036,7,7,5,S0077,0,0
PC2510001044,T2510001044,R002,2025-10-08,V0026,6,7,4,S0062,0,1
PC2510001045,T2510001045,R004,2025-10-08,V0045,5,3,4,S0081,0,0
PC2510001046,T2510001046,R003,2025-10-08,V0037,10,11,7,S0076,0,0
PC2510001047,T2510001047,R001,2025-10-08,V0003,4,4,2,S0032,0,0
PC2510001049,T2510001049,R001,2025-10-08,V0004,63,62,35,S0037,0,8
PC2510001050,T2510001050,R004,2025-10-08,V0046,28,30,15,S0080,0,2
PC2510001051,T2510001051,R006,2025-10-08,V0055,12,13,7,S0103,0,0
PC2510001052,T2510001052,R002,2025-10-08,V0027,40,39,24,S0065,0,0
PC2510001053,T2510001053,R005,2025-10-08,V0050,48,49,34,S0088,0,2
PC2510001054,T2510001054,R001,2025-10-08,V0005,81,81,60,S0031,0,8
PC2510001055,T2510001055,R007,2025-10-08,V0059,11,10,9,S0118,0,1
PC2510001056,T2510001056,R003,2025-10-08,V0038,-13,47,29,S0078,0,0
PC2510001057,T2510001057,R001,2025-10-08,V0006,23,24,17,S0041,0,1
PC2510001058,T2510001058,R006,2025-10-08,V0056,6,6,4,S0039,0,1
PC2510001059,T2510001059,R002,2025-10-08,V0028,1,0,1,S0058,0,0
PC2510001060,T2510001060,R008,2025-10-08,V0063,8,9,7,S0123,0,0
PC2510001061,T2510001061,R007,2025-10-08,V0060,4,4,3,S0118,0,0
PC2510001062,T2510001062,R003,2025-10-08,V0039,14,13,8,S0074,0,0
PC2510001063,T2510001063,R001,2025-10-08,V0007,82,82,58,S0038,0,6
PC2510001065,T2510001065,R008,2025-10-08,V0064,28,28,21,S0122,0,1
PC2510001068,T2510001068,R001,2025-10-08,V0008,32,32,20,S0038,0,1
PC2510001069,T2510001069,R005,2025-10-08,V0051,11,13,7,S0089,0,1
PC2510001070,T2510001070,R003,2025-10-08,V0040,27,30,19,S0074,0,0
PC2510001071,T2510001071,R001,2025-10-08,V0009,39,41,24,S0039,0,4
PC2510001072,T2510001072,R004,2025-10-08,V0048,26,25,17,S0082,0,1
PC2510001074,T2510001074,R006,2025-10-08,V0057,10,8,6,S0039,0,0
PC2510001075,T2510001075,R005,2025-10-08,V0052,44,44,33,S0066,0,2
PC2510001078,T2510001078,R001,2025-10-08,V0011,76,77,46,S0004,0,3
PC2510001080,T2510001080,R001,2025-10-08,V0012,56,56,32,S0037,0,8
PC2510001082,T2510001082,R008,2025-10-08,V0063,8,8,6,S0122,0,1
PC2510001084,T2510001084,R006,2025-10-08,V0058,9,10,6,S0105,0,1
PC2510001085,T2510001085,R002,2025-10-08,V0031,132,132,88,S0063,0,6
PC2510001086,T2510001086,R007,2025-10-08,V0061,1,4,1,S0116,0,0
PC2510001087,T2510001087,R005,2025-10-08,V0053,27,26,17,S0066,0,1
PC2510001088,T2510001088,R001,2025-10-08,V0013,25,25,15,S0033,0,3
PC2510001090,T2510001090,R003,2025-10-08,V0041,50,50,31,S0074,0,3
PC2510001091,T2510001091,R006,2025-10-08,V0054,8,6,5,S0102,0,0
PC2510001092,T2510001092,R002,2025-10-08,V0032,8,8,6,S0066,0,1
PC2510001094,T2510001094,R001,2025-10-08,V0015,157,157,100,S0037,0,17
PC2510001095,T2510001095,R004,2025-10-08,V0045,8,9,5,S0081,0,2
PC2510001096,T2510001096,R003,2025-10-08,V0042,68,69,50,S0076,0,6
PC2510001097,T2510001097,R002,2025-10-08,V0033,31,31,18,S0062,0,0
PC2510001099,T2510001099,R001,2025-10-08,V0016,53,53,34,S0038,0,3
PC2510001100,T2510001100,R001,2025-10-08,V0017,91,89,51,S0042,0,7
PC2510001101,T2510001101,R004,2025-10-08,V0046,78,78,48,S0082,0,5
PC2510001102,T2510001102,R003,2025-10-08,V0043,29,28,21,S0078,0,2
PC2510001103,T2510001103,R006,2025-10-08,V0055,8,7,5,S0103,0,0
PC2510001104,T2510001104,R002,2025-10-08,V0034,7,6,5,S0061,0,1
PC2510001105,T2510001105,R005,2025-10-08,V0050,37,37,23,S0025,0,1
PC2510001107,T2510001107,R001,2025-10-08,V0019,89,89,57,S0032,0,5
PC2510001108,T2510001108,R007,2025-10-08,V0059,32,32,28,S0114,0,0
PC2510001109,T2510001109,R003,2025-10-08,V0044,10,9,6,S0027,0,1
PC2510001110,T2510001110,R008,2025-10-08,V0064,28,27,21,S0122,0,2
PC2510001111,T2510001111,R006,2025-10-08,V0056,3,6,2,S0104,0,0
PC2510001112,T2510001112,R002,2025-10-08,V0035,20,18,15,S0061,0,3
PC2510001115,T2510001115,R001,2025-10-08,V0020,215,216,138,S0038,0,18
PC2510001117,T2510001117,R007,2025-10-08,V0060,17,17,15,S0118,0,1
PC2510001118,T2510001118,R003,2025-10-08,V0037,31,32,23,S0075,0,2
PC2510001119,T2510001119,R002,2025-10-08,V0025,18,17,11,S0065,0,2
PC2510001120,T2510001120,R005,2025-10-08,V0051,27,27,20,S0092,0,3
PC2510001121,T2510001121,R001,2025-10-08,V0021,68,66,45,S0046,0,6
PC2510001122,T2510001122,R001,2025-10-08,V0022,79,79,46,S0041,0,7
PC2510001123,T2510001123,R004,2025-10-08,V0048,61,59,34,S0083,0,1
PC2510001124,T2510001124,R003,2025-10-08,V0036,14,14,8,S0073,0,2
PC2510001125,T2510001125,R006,2025-10-08,V0057,20,20,13,S0102,0,0
PC2510001126,T2510001126,R002,2025-10-08,V0026,39,40,23,S0063,0,3
PC2510001128,T2510001128,R001,2025-10-08,V0023,20,20,14,S0042,0,2
PC2510001129,T2510001129,R001,2025-10-08,V0024,157,156,117,S0039,0,10
PC2510001130,T2510001130,R003,2025-10-08,V0038,68,67,46,S0078,0,2
PC2510001131,T2510001131,R006,2025-10-08,V0058,7,9,5,S0101,0,1
PC2510001133,T2510001133,R001,2025-10-08,V0001,46,47,31,S0036,0,7
PC2510001134,T2510001134,R001,2025-10-08,V0002,85,83,52,S0037,0,7
PC2510001135,T2510001135,R004,2025-10-08,V0045,21,23,14,S0081,0,1
PC2510001136,T2510001136,R003,2025-10-08,V0039,29,28,22,S0074,0,1
PC2510001137,T2510001137,R002,2025-10-08,V0027,89,90,52,S0061,0,4
PC2510001139,T2510001139,R005,2025-10-08,V0052,10,10,6,S0088,0,0
PC2510001140,T2510001140,R001,2025-10-08,V0003,40,40,29,S0036,0,1
PC2510001141,T2510001141,R008,2025-10-08,V0063,30,30,24,S0123,0,2
PC2510001142,T2510001142,R001,2025-10-08,V0005,109,111,78,S0039,0,12
PC2510001143,T2510001143,R004,2025-10-08,V0046,28,29,19,S0081,0,3
PC2510001144,T2510001144,R003,2025-10-08,V0040,21,23,163,S0078,0,0
PC2510001145,T2510001145,R008,2025-10-08,V0064,19,22,15,S0121,0,0
PC2510001146,T2510001146,R006,2025-10-08,V0054,15,16,9,S0100,0,2
PC2510001147,T2510001147,R002,2025-10-08,V0028,46,46,30,S0056,0,1
PC2510001148,T2510001148,R007,2025-10-08,V0061,3,4,3,S0114,0,0
PC2510001149,T2510001149,R005,2025-10-08,V0053,134,134,78,S0077,0,7
PC2510001150,T2510001150,R001,2025-10-08,V0004,32,32,21,S0039,0,5
PC2510001151,T2510001151,R001,2025-10-08,V0006,190,190,112,S0031,0,15
PC2510001152,T2510001152,R003,2025-10-08,V0041,9,9,6,S0027,0,0
PC2510001153,T2510001153,R006,2025-10-08,V0055,11,9,8,S0097,0,0
PC2510001156,T2510001156,R001,2025-10-08,V0007,-9,70,49,S0039,0,6
PC2510001158,T2510001158,R003,2025-10-08,V0042,31,32,21,S0077,0,1
PC2510001162,T2510001162,R001,2025-10-08,V0008,61,59,34,S0032,0,6
PC2510001163,T2510001163,R004,2025-10-08,V0048,43,44,28,S0081,0,2
PC2510001164,T2510001164,R003,2025-10-08,V0043,17,19,10,S0076,0,1
PC2510001165,T2510001165,R006,2025-10-08,V0056,10,12,6,S0100,0,2
PC2510001166,T2510001166,R002,2025-10-08,V0031,43,41,26,S0062,0,3
PC2510001167,T2510001167,R005,2025-10-08,V0050,48,49,34,S0076,0,2
PC2510001168,T2510001168,R001,2025-10-08,V0009,91,90,67,S0035,0,5
PC2510001171,T2510001171,R003,2025-10-08,V0044,62,61,36,S0067,0,7
PC2510001174,T2510001174,R002,2025-10-08,V0032,10,9,7,S0060,0,0
PC2510001176,T2510001176,R001,2025-10-08,V0011,50,51,28,S0035,0,7
PC2510001177,T2510001177,R001,2025-10-08,V0012,97,98,56,S0036,0,6
PC2510001178,T2510001178,R004,2025-10-08,V0045,14,12,10,S0081,0,3
PC2510001179,T2510001179,R007,2025-10-08,V0059,7,7,6,S0116,0,0
PC2510001180,T2510001180,R003,2025-10-08,V0037,12,11,7,S0072,0,0
PC2510001181,T2510001181,R002,2025-10-08,V0033,26,26,14,S0061,0,2
PC2510001182,T2510001182,R005,2025-10-08,V0051,17,17,10,S0077,0,0
PC2510001183,T2510001183,R001,2025-10-08,V0013,104,105,77,S0042,0,7
PC2510001185,T2510001185,R004,2025-10-08,V0046,9,10,7,S0082,0,1
PC2510001187,T2510001187,R006,2025-10-08,V0057,9,8,6,S0039,0,0
PC2510001188,T2510001188,R002,2025-10-08,V0034,7,8,4,S0063,0,0
PC2510001189,T2510001189,R005,2025-10-08,V0052,40,39,23,S0089,0,0
PC2510001190,T2510001190,R001,2025-10-08,V0015,35,34,26,S0032,0,3
PC2510001191,T2510001191,R001,2025-10-08,V0016,67,68,50,S0039,0,6
PC2510001192,T2510001192,R003,2025-10-08,V0036,22,22,14,S0076,0,2
PC2510001193,T2510001193,R006,2025-10-08,V0058,8,8,5,S0039,0,1
PC2510001194,T2510001194,R002,2025-10-08,V0035,93,93,63,S0005,0,7
PC2510001195,T2510001195,R001,2025-10-08,V0017,45,46,29,S0041,0,2
PC2510001196,T2510001196,R001,2025-10-08,V0019,31,32,21,S0038,0,1
PC2510001198,T2510001198,R003,2025-10-08,V0038,142,141,95,S0027,0,11
PC2510001199,T2510001199,R007,2025-10-08,V0060,51,50,42,S0117,33,3
PC2510001200,T2510001200,R002,2025-10-08,V0025,7,9,5,S0060,0,0
PC2510001201,T2510001201,R005,2025-10-08,V0053,5,3,3,S0025,0,0
PC2510001202,T2510001202,R001,2025-10-08,V0020,44,44,32,S0040,0,4
PC2510001203,T2510001203,R008,2025-10-08,V0063,13,14,11,S0122,0,1
PC2510001206,T2510001206,R003,2025-10-08,V0039,27,27,15,S0027,0,2
PC2510001208,T2510001208,R002,2025-10-08,V0026,12,13,8,S0059,0,2
PC2510001209,T2510001209,R004,2025-10-08,V0048,9,7,6,S0084,0,0
PC2510001210,T2510001210,R003,2025-10-08,V0040,26,26,16,S0076,0,0
PC2510001211,T2510001211,R001,2025-10-08,V0021,47,47,32,S0041,0,2
PC2510001214,T2510001214,R004,2025-10-08,V0045,33,35,20,S0083,0,1
PC2510001215,T2510001215,R006,2025-10-08,V0054,15,16,11,S0102,0,1
PC2510001217,T2510001217,R005,2025-10-08,V0050,45,43,28,S0090,0,4
PC2510001218,T2510001218,R001,2025-10-08,V0022,75,75,52,S0038,0,7
PC2510001219,T2510001219,R007,2025-10-08,V0061,15,13,13,S0118,0,0
PC2510001220,T2510001220,R003,2025-10-08,V0041,39,38,28,S0076,0,1
PC2510001221,T2510001221,R001,2025-10-08,V0023,204,205,142,S0039,0,16
PC2510001222,T2510001222,R006,2025-10-08,V0055,3,6,2,S0098,0,0
PC2510001223,T2510001223,R002,2025-10-08,V0027,26,25,18,S0065,0,0
PC2510001224,T2510001224,R008,2025-10-08,V0064,34,33,28,S0123,0,3
PC2510001225,T2510001225,R007,2025-10-08,V0059,15,16,13,S0118,0,0
PC2510001226,T2510001226,R003,2025-10-08,V0042,24,23,16,S0075,0,1
PC2510001227,T2510001227,R001,2025-10-08,V0002,37,38,25,S0030,0,4
PC2510001229,T2510001229,R002,2025-10-08,V0028,60,60,39,S0061,0,3
PC2510001231,T2510001231,R003,2025-10-08,V0043,21,19,244,S0075,0,3
PC2510001232,T2510001232,R001,2025-10-08,V0024,108,110,78,S0042,0,13
PC2510001234,T2510001234,R004,2025-10-08,V0046,21,23,15,S0080,0,0
PC2510001236,T2510001236,R001,2025-10-08,V0001,162,163,91,S0032,0,10
PC2510001237,T2510001237,R005,2025-10-08,V0051,41,39,28,S0066,0,1
PC2510001238,T2510001238,R001,2025-10-08,V0005,60,60,36,S0037,0,6
PC2510001241,T2510001241,R006,2025-10-08,V0056,13,10,8,S0104,0,1
PC2510001243,T2510001243,R005,2025-10-08,V0052,60,60,42,S0076,0,4
PC2510001244,T2510001244,R001,2025-10-08,V0003,41,41,27,S0040,0,1
PC2510001245,T2510001245,R003,2025-10-08,V0044,8,8,5,S0073,0,0
PC2510001246,T2510001246,R001,2025-10-08,V0006,24,24,15,S0037,0,0
PC2510001247,T2510001247,R006,2025-10-08,V0057,7,8,4,S0100,0,0
PC2510001248,T2510001248,R002,2025-10-08,V0031,22,25,12,S0062,0,0
PC2510001249,T2510001249,R003,2025-10-08,V0037,78,78,56,S0077,0,6
PC2510001250,T2510001250,R001,2025-10-08,V0004,52,53,38,S0033,0,3
PC2510001251,T2510001251,R001,2025-10-08,V0007,63,63,41,S0042,0,4
PC2510001252,T2510001252,R002,2025-10-08,V0032,29,30,18,S0066,0,0
PC2510001253,T2510001253,R001,2025-10-08,V0008,36,35,23,S0036,0,1
PC2510001254,T2510001254,R007,2025-10-08,V0060,18,20,15,S0116,0,0
PC2510001255,T2510001255,R003,2025-10-08,V0036,31,32,17,S0078,0,3
PC2510001256,T2510001256,R001,2025-10-08,V0009,36,40,26,S0049,0,3
PC2510001257,T2510001257,R002,2025-10-08,V0033,30,29,17,S0065,0,2
PC2510001258,T2510001258,R008,2025-10-08,V0063,34,33,30,S0123,0,2
PC2510001259,T2510001259,R004,2025-10-08,V0048,15,13,10,S0080,0,1
PC2510001260,T2510001260,R007,2025-10-08,V0061,23,23,20,S0112,0,3
PC2510001263,T2510001263,R005,2025-10-08,V0053,31,31,23,S0025,0,1
PC2510001264,T2510001264,R001,2025-10-08,V0011,39,40,27,S0004,0,3
PC2510001265,T2510001265,R004,2025-10-08,V0045,21,23,16,S0083,0,0
PC2510001266,T2510001266,R006,2025-10-08,V0058,16,17,12,S0108,0,1
PC2510001267,T2510001267,R002,2025-10-08,V0034,10,12,6,S0064,0,0
PC2510001269,T2510001269,R001,2025-10-08,V0012,59,60,41,S0032,0,2
PC2510001270,T2510001270,R003,2025-10-08,V0038,21,23,14,S0075,0,2
PC2510001274,T2510001274,R003,2025-10-08,V0039,36,38,26,S0073,0,1
PC2510001275,T2510001275,R001,2025-10-08,V0013,62,61,38,S0036,0,4
PC2510001276,T2510001276,R001,2025-10-08,V0015,45,46,32,S0032,0,2
PC2510001277,T2510001277,R008,2025-10-08,V0064,44,44,36,S0123,0,3
PC2510001278,T2510001278,R002,2025-10-08,V0035,31,31,18,S0064,0,1
PC2510001279,T2510001279,R001,2025-10-08,V0016,45,45,30,S0035,0,2
PC2510001280,T2510001280,R003,2025-10-08,V0040,26,24,16,S0074,0,1
PC2510001281,T2510001281,R001,2025-10-08,V0020,62,61,46,S0037,0,5
PC2510001282,T2510001282,R002,2025-10-08,V0025,68,68,41,S0063,0,5
PC2510001283,T2510001283,R004,2025-10-08,V0046,23,24,15,S0082,0,0
PC2510001284,T2510001284,R003,2025-10-08,V0041,37,35,21,S0071,0,3
PC2510001285,T2510001285,R001,2025-10-08,V0019,95,97,68,S0043,0,9
PC2510001286,T2510001286,R005,2025-10-08,V0050,36,37,20,S0078,0,1
PC2510001287,T2510001287,R001,2025-10-08,V0017,74,73,44,S0040,0,4
PC2510001289,T2510001289,R006,2025-10-08,V0054,12,11,7,S0039,0,0
PC2510001290,T2510001290,R002,2025-10-08,V0065,23,23,13,S0065,0,1
PC2510001291,T2510001291,R005,2025-10-08,V0051,48,48,32,S0066,0,2
PC2510001294,T2510001294,R003,2025-10-08,V0043,23,23,16,S0027,0,1
PC2510001295,T2510001295,R001,2025-10-08,V0021,40,39,29,S0045,0,1
PC2510001296,T2510001296,R006,2025-10-08,V0055,13,12,8,S0103,0,1
PC2510001297,T2510001297,R002,2025-10-08,V0027,19,20,14,S0061,0,0
PC2510001299,T2510001299,R007,2025-10-08,V0059,21,23,16,S0115,0,1
PC2510001301,T2510001301,R001,2025-10-08,V0022,40,39,23,S0035,0,2
PC2510001302,T2510001302,R001,2025-10-08,V0023,82,80,52,S0032,0,4
PC2510001303,T2510001303,R002,2025-10-08,V0028,48,48,31,S0063,0,4
PC2510001304,T2510001304,R001,2025-10-08,V0002,52,51,37,S0039,0,4
PC2510001305,T2510001305,R003,2025-10-08,V0042,23,23,16,S0073,0,0
PC2510001306,T2510001306,R001,2025-10-08,V0024,131,132,87,S0035,0,11
PC2510001308,T2510001308,R004,2025-10-08,V0048,64,65,40,S0082,0,3
PC2510001309,T2510001309,R003,2025-10-08,V0044,86,88,48,S0076,0,6
PC2510001310,T2510001310,R001,2025-10-08,V0005,93,94,53,S0031,0,8
PC2510001311,T2510001311,R005,2025-10-08,V0052,21,23,15,S0088,0,1
PC2510001312,T2510001312,R001,2025-10-08,V0001,126,129,71,S0035,0,6
PC2510001313,T2510001313,R008,2025-10-08,V0063,48,47,42,S0122,9,4
PC2510001314,T2510001314,R004,2025-10-08,V0045,33,32,18,S0080,0,2
PC2510001315,T2510001315,R006,2025-10-08,V0056,3,2,2,S0106,0,0
PC2510001317,T2510001317,R005,2025-10-08,V0053,44,44,31,S0077,0,4
PC2510001318,T2510001318,R001,2025-10-08,V0003,75,73,46,S0035,0,7
PC2510001319,T2510001319,R003,2025-10-08,V0037,19,18,12,S0075,0,1
PC2510001320,T2510001320,R001,2025-10-08,V0006,78,78,53,S0034,0,2
PC2510001321,T2510001321,R006,2025-10-08,V0057,13,13,9,S0039,0,0
PC2510001322,T2510001322,R002,2025-10-08,V0031,28,26,17,S0062,0,1
PC2510001323,T2510001323,R003,2025-10-08,V0036,35,36,23,S0071,0,1
PC2510001324,T2510001324,R001,2025-10-08,V0007,49,49,34,S0031,0,4
PC2510001325,T2510001325,R001,2025-10-08,V0004,182,183,132,S0038,0,11
PC2510001326,T2510001326,R002,2025-10-08,V0032,22,21,14,S0063,0,1
PC2510001327,T2510001327,R001,2025-10-08,V0008,30,28,20,S0039,0,2
PC2510001328,T2510001328,R007,2025-10-08,V0060,45,43,38,S0114,0,2
PC2510001329,T2510001329,R003,2025-10-08,V0039,31,31,20,S0074,0,0
PC2510001330,T2510001330,R001,2025-10-08,V0011,110,108,69,S0038,0,5
PC2510001331,T2510001331,R002,2025-10-08,V0033,37,35,23,S0060,0,2
PC2510001332,T2510001332,R008,2025-10-08,V0064,47,47,42,S0123,18,5
PC2510001333,T2510001333,R004,2025-10-08,V0046,65,65,37,S0082,0,8
PC2510001334,T2510001334,R007,2025-10-08,V0061,47,46,42,S0116,4,3
PC2510001335,T2510001335,R003,2025-10-08,V0038,57,54,34,S0078,0,3
PC2510001336,T2510001336,R001,2025-10-08,V0009,70,70,47,S0036,0,6
PC2510001340,T2510001340,R006,2025-10-08,V0058,21,20,15,S0108,0,1
PC2510001341,T2510001341,R002,2025-10-08,V0034,26,25,18,S0060,0,4
PC2510001342,T2510001342,R005,2025-10-08,V0050,40,38,23,S0078,0,0
PC2510001344,T2510001344,R003,2025-10-08,V0040,28,29,18,S0073,0,3
PC2510001345,T2510001345,R001,2025-10-08,V0012,81,80,54,S0035,0,10
PC2510001346,T2510001346,R006,2025-10-08,V0054,16,18,10,S0100,0,0
PC2510001347,T2510001347,R002,2025-10-08,V0035,106,106,71,S0061,0,0
PC2510001348,T2510001348,R003,2025-10-08,V0041,31,31,18,S0074,0,1
PC2510001349,T2510001349,R001,2025-10-08,V0015,63,61,46,S0042,0,6
PC2510001350,T2510001350,R001,2025-10-08,V0013,260,260,192,S0040,0,16
PC2510001352,T2510001352,R001,2025-10-08,V0016,21,21,14,S0045,0,5
PC2510001353,T2510001353,R004,2025-10-08,V0048,10,8,7,S0081,0,1
PC2510001354,T2510001354,R008,2025-10-08,V0063,43,44,34,S0123,0,2
PC2510001355,T2510001355,R003,2025-10-08,V0043,28,28,21,S0075,0,0
PC2510001356,T2510001356,R006,2025-10-08,V0055,5,7,3,S0105,0,2
PC2510001357,T2510001357,R002,2025-10-08,V0025,31,33,22,S0064,0,2
PC2510001358,T2510001358,R007,2025-10-08,V0059,29,30,23,S0116,0,2
PC2510001359,T2510001359,R005,2025-10-08,V0051,24,24,14,S0076,0,0
PC2510001360,T2510001360,R001,2025-10-08,V0020,116,116,77,S0039,0,12
PC2510001361,T2510001361,R001,2025-10-08,V0017,48,47,28,S0034,0,1
PC2510001362,T2510001362,R003,2025-10-08,V0042,15,14,9,S0077,0,0
PC2510001363,T2510001363,R006,2025-10-08,V0056,22,23,16,S0105,0,2
PC2510001364,T2510001364,R002,2025-10-08,V0027,51,51,31,S0060,0,5
PC2510001365,T2510001365,R001,2025-10-08,V0019,96,96,64,S0035,0,8
PC2510001367,T2510001367,R004,2025-10-08,V0045,78,77,45,S0085,0,5
PC2510001368,T2510001368,R003,2025-10-08,V0044,58,58,39,S0027,0,5
PC2510001369,T2510001369,R002,2025-10-08,V0028,16,19,9,S0059,0,2
PC2510001370,T2510001370,R005,2025-10-08,V0052,55,53,37,S0078,0,4
PC2510001371,T2510001371,R001,2025-10-08,V0022,95,96,58,S0038,0,4
PC2510001372,T2510001372,R001,2025-10-08,V0021,37,37,27,S0033,0,6
PC2510001373,T2510001373,R004,2025-10-08,V0046,18,19,13,S0081,0,2
PC2510001374,T2510001374,R003,2025-10-08,V0037,21,20,14,S0075,0,1
PC2510001375,T2510001375,R006,2025-10-08,V0057,7,6,4,S0102,0,0
PC2510001378,T2510001378,R001,2025-10-08,V0023,78,78,49,S0041,0,3
PC2510001379,T2510001379,R001,2025-10-08,V0002,26,25,19,S0034,0,2
PC2510001380,T2510001380,R007,2025-10-08,V0060,16,16,12,S0118,0,0
PC2510001383,T2510001383,R006,2025-10-08,V0058,19,17,11,S0039,0,2
PC2510001385,T2510001385,R008,2025-10-08,V0064,43,43,35,S0122,0,1
PC2510001386,T2510001386,R001,2025-10-08,V0024,77,76,56,S0043,0,3
PC2510001387,T2510001387,R001,2025-10-08,V0005,44,44,29,S0037,0,7
PC2510001389,T2510001389,R007,2025-10-08,V0061,38,37,33,S0114,0,4
PC2510001390,T2510001390,R003,2025-10-08,V0036,15,14,8,S0074,0,2
PC2510001391,T2510001391,R002,2025-10-08,V0031,55,56,30,S0060,0,3
PC2510001392,T2510001392,R005,2025-10-08,V0053,56,56,38,S0089,0,2
PC2510001393,T2510001393,R001,2025-10-08,V0001,132,135,88,S0041,0,11
PC2510001394,T2510001394,R001,2025-10-08,V0006,58,59,34,S0005,0,2
PC2510001395,T2510001395,R004,2025-10-08,V0048,12,13,7,S0081,0,0
PC2510001397,T2510001397,R006,2025-10-08,V0054,5,4,3,S0102,0,0
PC2510001398,T2510001398,R002,2025-10-08,V0032,22,23,16,S0065,0,4
PC2510001400,T2510001400,R001,2025-10-08,V0003,148,150,107,S0048,0,19
PC2510001401,T2510001401,R001,2025-10-08,V0007,55,56,41,S0039,0,5
PC2510001402,T2510001402,R003,2025-10-08,V0039,31,30,17,S0074,0,1
PC2510001404,T2510001404,R002,2025-10-08,V0033,59,57,44,S0059,0,8
PC2510001405,T2510001405,R001,2025-10-08,V0004,151,150,112,S0039,0,10
PC2510001406,T2510001406,R001,2025-10-08,V0008,46,45,32,S0033,0,7
PC2510001407,T2510001407,R004,2025-10-08,V0045,82,82,170,S0080,0,7
PC2510001408,T2510001408,R003,2025-10-08,V0038,170,170,98,S0077,76,17
PC2510001409,T2510001409,R002,2025-10-08,V0034,34,34,21,S0063,0,2
PC2510001410,T2510001410,R007,2025-10-08,V0059,15,15,13,S0114,0,1
PC2510001412,T2510001412,R001,2025-10-08,V0011,113,114,77,S0036,0,15
PC2510001414,T2510001414,R001,2025-10-08,V0009,96,96,67,S0030,0,10
PC2510001416,T2510001416,R003,2025-10-08,V0040,12,12,9,S0074,0,1
PC2510001417,T2510001417,R008,2025-10-08,V0063,50,51,42,S0122,33,3
PC2510001418,T2510001418,R006,2025-10-08,V0055,10,9,7,S0104,0,1
PC2510001419,T2510001419,R002,2025-10-08,V0035,104,102,64,S0062,0,6
PC2510001420,T2510001420,R007,2025-10-08,V0060,46,46,35,S0119,0,0
PC2510001421,T2510001421,R005,2025-10-08,V0050,30,29,20,S0025,0,3
PC2510001424,T2510001424,R003,2025-10-08,V0041,74,73,47,S0073,0,6
PC2510001425,T2510001425,R006,2025-10-08,V0056,47,49,27,S0102,0,4
PC2510001426,T2510001426,R002,2025-10-08,V0025,32,33,22,S0062,0,1
PC2510001427,T2510001427,R001,2025-10-08,V0012,154,152,109,S0034,0,11
PC2510001429,T2510001429,R004,2025-10-08,V0046,38,40,24,S0082,0,2
PC2510001430,T2510001430,R003,2025-10-08,V0044,20,20,12,S0067,0,2
PC2510001431,T2510001431,R002,2025-10-08,V0027,61,60,41,S0061,0,2
PC2510001432,T2510001432,R005,2025-10-08,V0051,141,142,98,S0077,36,8
PC2510001433,T2510001433,R001,2025-10-08,V0015,134,134,79,S0039,0,13
PC2510001434,T2510001434,R001,2025-10-08,V0016,60,58,34,S0038,0,3
PC2510001436,T2510001436,R003,2025-10-08,V0042,66,65,46,S0078,0,4
PC2510001437,T2510001437,R006,2025-10-08,V0057,6,6,3,S0105,0,1
PC2510001438,T2510001438,R002,2025-10-08,V0028,20,19,11,S0061,0,3
PC2510001439,T2510001439,R005,2025-10-08,V0052,16,15,11,S0066,0,2
PC2510001440,T2510001440,R001,2025-10-08,V0017,160,160,116,S0036,0,14
PC2510001441,T2510001441,R001,2025-10-08,V0013,38,39,24,S0038,0,4
PC2510001442,T2510001442,R007,2025-10-08,V0061,10,9,9,S0115,0,0
PC2510001443,T2510001443,R003,2025-10-08,V0043,22,23,16,S0078,0,3
PC2510001444,T2510001444,R008,2025-10-08,V0064,14,13,11,S0122,0,1
PC2510001445,T2510001445,R006,2025-10-08,V0058,13,13,7,S0039,0,2
PC2510001448,T2510001448,R001,2025-10-08,V0020,184,184,130,S0038,0,19
PC2510001449,T2510001449,R001,2025-10-08,V0019,48,48,29,S0039,0,5
PC2510001450,T2510001450,R004,2025-10-08,V0048,25,24,17,S0083,0,1
PC2510001451,T2510001451,R007,2025-10-08,V0059,25,25,19,S0117,0,4
PC2510001452,T2510001452,R003,2025-10-08,V0037,30,29,21,S0076,0,2
PC2510001454,T2510001454,R005,2025-10-08,V0053,112,112,69,S0090,0,8
PC2510001455,T2510001455,R001,2025-10-08,V0002,134,133,75,S0005,0,10
PC2510001457,T2510001457,R004,2025-10-08,V0045,17,14,11,S0079,0,1
PC2510001458,T2510001458,R003,2025-10-08,V0039,31,27,18,S0078,0,4
PC2510001459,T2510001459,R006,2025-10-08,V0054,4,4,3,S0039,0,0
PC2510001460,T2510001460,R002,2025-10-08,V0031,25,23,14,S0060,0,2
PC2510001463,T2510001463,R001,2025-10-08,V0022,59,57,35,S0040,0,4
PC2510001464,T2510001464,R003,2025-10-08,V0036,69,67,49,S0067,0,8
PC2510001465,T2510001465,R006,2025-10-08,V0055,15,15,9,S0039,0,1
PC2510001466,T2510001466,R002,2025-10-08,V0032,26,25,19,S0062,0,2
PC2510001467,T2510001467,R001,2025-10-08,V0021,143,142,99,S0004,0,9
PC2510001468,T2510001468,R001,2025-10-08,V0023,25,26,15,S0036,0,2
PC2510001469,T2510001469,R004,2025-10-08,V0046,58,58,42,S0080,0,6
PC2510001470,T2510001470,R003,2025-10-08,V0040,16,17,12,S0077,0,0
PC2510001471,T2510001471,R007,2025-10-08,V0060,6,6,5,S0115,0,1
PC2510001472,T2510001472,R002,2025-10-08,V0033,96,96,63,S0061,0,5
PC2510001473,T2510001473,R005,2025-10-08,V0050,47,47,33,S0078,0,2
PC2510001474,T2510001474,R001,2025-10-08,V0005,62,65,40,S0042,0,5
PC2510001475,T2510001475,R008,2025-10-08,V0063,7,7,6,S0121,0,0
PC2510001476,T2510001476,R001,2025-10-08,V0024,43,42,27,S0036,0,2
PC2510001478,T2510001478,R008,2025-10-08,V0064,24,23,81,S0123,0,2
PC2510001479,T2510001479,R003,2025-10-08,V0038,24,23,14,S0076,0,2
PC2510001480,T2510001480,R006,2025-10-08,V0056,3,4,2,S0105,0,0
PC2510001481,T2510001481,R002,2025-10-08,V0034,10,10,7,S0061,0,0
PC2510001482,T2510001482,R007,2025-10-08,V0061,11,9,9,S0118,0,1
PC2510001483,T2510001483,R005,2025-10-08,V0052,7,9,5,S0088,0,0
PC2510001484,T2510001484,R001,2025-10-08,V0006,98,99,58,S0040,0,9
PC2510001485,T2510001485,R001,2025-10-08,V0001,21,22,16,S0037,0,3
PC2510001486,T2510001486,R003,2025-10-08,V0041,9,9,5,S0078,0,0
PC2510001488,T2510001488,R002,2025-10-08,V0035,17,17,11,S0057,0,0
PC2510001489,T2510001489,R001,2025-10-08,V0007,50,50,31,S0044,0,3
PC2510001490,T2510001490,R001,2025-10-08,V0003,28,28,17,S0040,0,2
PC2510001492,T2510001492,R003,2025-10-08,V0044,29,28,20,S0076,0,0
PC2510001493,T2510001493,R002,2025-10-08,V0025,16,16,9,S0061,0,0
PC2510001494,T2510001494,R005,2025-10-08,V0051,56,57,40,S0088,0,5
PC2510001495,T2510001495,R001,2025-10-08,V0008,38,40,26,S0039,0,3
PC2510001497,T2510001497,R002,2025-10-08,V0027,6,5,4,S0064,0,0
PC2510001498,T2510001498,R001,2025-10-08,V0004,58,57,38,S0037,0,3
PC2510001500,T2510001500,R002,2025-10-08,V0028,38,37,27,S0005,0,0
PC2510001501,T2510001501,R001,2025-10-08,V0009,135,134,100,S0004,0,7
PC2510001502,T2510001502,R004,2025-10-08,V0048,35,36,26,S0082,0,1
PC2510001503,T2510001503,R003,2025-10-08,V0042,15,15,9,S0076,0,0
PC2510001504,T2510001504,R005,2025-10-08,V0053,35,38,25,S0089,0,2
PC2510001505,T2510001505,R001,2025-10-08,V0011,48,46,304,S0038,0,1
PC2510001506,T2510001506,R004,2025-10-08,V0045,20,19,13,S0081,0,2
PC2510001507,T2510001507,R006,2025-10-08,V0057,10,12,7,S0107,0,1
PC2510001510,T2510001510,R007,2025-10-08,V0059,5,4,4,S0117,0,0
PC2510001511,T2510001511,R006,2025-10-08,V0058,19,20,12,S0102,0,2
PC2510001512,T2510001512,R008,2025-10-08,V0063,13,12,10,S0122,0,0
PC2510001515,T2510001515,R007,2025-10-08,V0067,18,18,15,S0114,0,0
PC2510001516,T2510001516,R003,2025-10-08,V0037,58,57,39,S0078,0,4
PC2510001519,T2510001519,R003,2025-10-08,V0043,32,33,22,S0076,0,1
PC2510001520,T2510001520,R001,2025-10-08,V0012,60,61,39,S0036,0,10
PC2510001521,T2510001521,R001,2025-10-08,V0015,26,25,19,S0038,0,1
PC2510001522,T2510001522,R004,2025-10-08,V0046,44,43,26,S0085,0,1
PC2510001523,T2510001523,R005,2025-10-08,V0050,17,18,11,S0092,0,1
PC2510001524,T2510001524,R008,2025-10-08,V0064,10,9,9,S0122,0,1
PC2510001525,T2510001525,R001,2025-10-08,V0016,37,38,25,S0041,0,2
PC2510001527,T2510001527,R006,2025-10-08,V0054,2,1,1,S0039,0,0
PC2510001528,T2510001528,R002,2025-10-08,V0031,7,8,5,S0062,0,1
PC2510001529,T2510001529,R005,2025-10-08,V0052,22,23,15,S0025,0,1
PC2510001530,T2510001530,R001,2025-10-08,V0013,63,63,35,S0042,0,5
PC2510001531,T2510001531,R003,2025-10-08,V0039,9,9,7,S0070,0,0
PC2510001532,T2510001532,R006,2025-10-08,V0055,6,5,4,S0039,0,2
PC2510001533,T2510001533,R002,2025-10-08,V0032,30,28,18,S0063,0,1
PC2510001534,T2510001534,R001,2025-10-08,V0019,62,61,43,S0035,0,2
PC2510001535,T2510001535,R003,2025-10-08,V0038,17,19,11,S0074,0,0
PC2510001536,T2510001536,R001,2025-10-08,V0020,73,73,42,S0040,0,2
PC2510001537,T2510001537,R001,2025-10-08,V0017,40,40,26,S0038,0,4
PC2510001538,T2510001538,R007,2025-10-08,V0061,10,10,8,S0119,0,0
PC2510001541,T2510001541,R004,2025-10-08,V0048,29,29,18,S0081,0,0
PC2510001542,T2510001542,R002,2025-10-08,V0033,18,19,12,S0065,0,1
PC2510001543,T2510001543,R007,2025-10-08,V0059,5,6,4,S0113,0,0
PC2510001544,T2510001544,R005,2025-10-08,V0053,29,28,19,S0078,0,2
PC2510001545,T2510001545,R003,2025-10-08,V0041,12,13,9,S0074,0,0
PC2510001546,T2510001546,R001,2025-10-08,V0002,18,19,10,S0038,0,1
PC2510001547,T2510001547,R004,2025-10-08,V0045,12,13,7,S0080,0,1
PC2510001548,T2510001548,R002,2025-10-08,V0027,15,13,10,S0063,0,0
PC2510001550,T2510001550,R005,2025-10-08,V0051,10,9,7,S0090,0,0
PC2510001551,T2510001551,R001,2025-10-08,V0022,62,59,36,S0005,0,1
PC2510001552,T2510001552,R003,2025-10-08,V0036,8,8,6,S0077,0,0
PC2510001553,T2510001553,R006,2025-10-08,V0056,4,3,2,S0101,0,0
PC2510001555,T2510001555,R001,2025-10-09,V0001,13,13,9,S0034,0,0
PC2510001557,T2510001557,R006,2025-10-09,V0054,1,0,1,S0102,0,0
PC2510001558,T2510001558,R002,2025-10-09,V0025,8,9,5,S0065,0,2
PC2510001559,T2510001559,R001,2025-10-09,V0002,9,8,7,S0005,0,2
PC2510001560,T2510001560,R003,2025-10-09,V0036,6,5,4,S0072,0,0
PC2510001561,T2510001561,R001,2025-10-09,V0003,13,15,10,S0036,0,1
PC2510001562,T2510001562,R002,2025-10-09,V0026,10,10,7,S0005,0,0
PC2510001563,T2510001563,R004,2025-10-09,V0045,7,5,5,S0082,0,0
PC2510001564,T2510001564,R003,2025-10-09,V0037,4,4,3,S0027,0,0
PC2510001565,T2510001565,R001,2025-10-09,V0004,20,20,13,S0035,0,1
PC2510001567,T2510001567,R001,2025-10-09,V0005,44,43,30,S0037,0,2
PC2510001568,T2510001568,R004,2025-10-09,V0046,37,38,21,S0083,0,1
PC2510001569,T2510001569,R006,2025-10-09,V0055,9,8,6,S0102,0,1
PC2510001570,T2510001570,R002,2025-10-09,V0027,27,27,16,S0060,0,0
PC2510001571,T2510001571,R005,2025-10-09,V0050,39,-39,27,S0090,0,4
PC2510001572,T2510001572,R001,2025-10-09,V0006,66,64,40,S0040,0,3
PC2510001573,T2510001573,R007,2025-10-09,V0059,34,34,27,S0117,0,2
PC2510001574,T2510001574,R003,2025-10-09,V0038,25,25,17,S0075,0,3
PC2510001577,T2510001577,R002,2025-10-09,V0028,14,15,8,S0058,0,1
PC2510001578,T2510001578,R008,2025-10-09,V0063,9,7,7,S0125,0,0
PC2510001579,T2510001579,R007,2025-10-09,V0060,11,10,9,S0118,0,0
PC2510001581,T2510001581,R001,2025-10-09,V0007,76,75,46,S0036,0,2
PC2510001582,T2510001582,R001,2025-10-09,V0008,84,83,48,S0039,0,3
PC2510001583,T2510001583,R008,2025-10-09,V0064,29,31,26,S0123,0,2
PC2510001586,T2510001586,R001,2025-10-09,V0009,85,85,49,S0043,0,4
PC2510001587,T2510001587,R005,2025-10-09,V0051,10,8,6,S0092,0,0
PC2510001588,T2510001588,R003,2025-10-09,V0039,26,28,15,S0073,0,1
PC2510001590,T2510001590,R004,2025-10-09,V0048,38,37,25,S0080,0,1
PC2510001592,T2510001592,R006,2025-10-09,V0056,15,13,10,S0105,0,0
PC2510001593,T2510001593,R005,2025-10-09,V0052,68,70,44,S0078,0,3
PC2510001594,T2510001594,R003,2025-10-09,V0040,20,20,12,S0073,0,1
PC2510001595,T2510001595,R001,2025-10-09,V0011,-11,146,102,S0038,0,7
PC2510001596,T2510001596,R001,2025-10-09,V0012,60,59,42,S0035,0,7
PC2510001598,T2510001598,R001,2025-10-09,V0013,58,59,37,S0035,0,3
PC2510001599,T2510001599,R004,2025-10-09,V0045,29,27,21,S0082,0,0
PC2510001600,T2510001600,R008,2025-10-09,V0063,16,13,14,S0121,0,1
PC2510001601,T2510001601,R003,2025-10-09,V0041,7,7,4,S0075,0,0
PC2510001602,T2510001602,R006,2025-10-09,V0057,8,10,6,S0102,0,0
PC2510001603,T2510001603,R002,2025-10-09,V0031,71,70,50,S0060,0,5
PC2510001604,T2510001604,R007,2025-10-09,V0061,10,12,8,S0119,0,1
PC2510001605,T2510001605,R005,2025-10-09,V0053,47,48,30,S0078,0,2
PC2510001607,T2510001607,R001,2025-10-09,V0015,118,118,83,S0037,0,12
PC2510001608,T2510001608,R003,2025-10-09,V0042,83,85,59,S0077,0,6
PC2510001609,T2510001609,R006,2025-10-09,V0058,13,12,8,S0106,0,1
PC2510001610,T2510001610,R002,2025-10-09,V0032,12,12,9,S0064,0,1
PC2510001611,T2510001611,R001,2025-10-09,V0016,41,40,27,S0044,0,2
PC2510001612,T2510001612,R001,2025-10-09,V0017,82,80,61,S0036,0,7
PC2510001613,T2510001613,R004,2025-10-09,V0046,20,20,13,S0083,0,3
PC2510001614,T2510001614,R003,2025-10-09,V0043,14,12,9,S0077,0,2
PC2510001615,T2510001615,R002,2025-10-09,V0033,51,51,34,S0060,0,3
PC2510001620,T2510001620,R003,2025-10-09,V0044,33,34,21,S0076,0,2
PC2510001621,T2510001621,R006,2025-10-09,V0054,11,12,7,S0099,0,0
PC2510001622,T2510001622,R002,2025-10-09,V0034,8,7,4,S0064,0,0
PC2510001623,T2510001623,R005,2025-10-09,V0050,67,68,38,S0078,0,8
PC2510001624,T2510001624,R001,2025-10-09,V0019,73,72,47,S0040,0,7
PC2510001625,T2510001625,R001,2025-10-09,V0020,164,167,108,S0036,0,17
PC2510001626,T2510001626,R007,2025-10-09,V0059,49,49,42,S0117,6,3
PC2510001627,T2510001627,R003,2025-10-09,V0036,3,4,2,S0077,0,0
PC2510001628,T2510001628,R008,2025-10-09,V0064,50,49,42,S0124,0,2
PC2510001629,T2510001629,R006,2025-10-09,V0055,13,13,9,S0103,0,0
PC2510001630,T2510001630,R002,2025-10-09,V0035,58,57,37,S0064,0,3
PC2510001632,T2510001632,R001,2025-10-09,V0021,54,55,38,S0038,0,4
PC2510001633,T2510001633,R001,2025-10-09,V0022,194,191,143,S0034,0,20
PC2510001634,T2510001634,R004,2025-10-09,V0048,9,8,6,S0083,0,2
PC2510001635,T2510001635,R007,2025-10-09,V0060,9,8,8,S0119,0,0
PC2510001636,T2510001636,R003,2025-10-09,V0037,36,38,21,S0078,0,1
PC2510001638,T2510001638,R005,2025-10-09,V0051,17,18,11,S0090,0,2
PC2510001639,T2510001639,R001,2025-10-09,V0023,36,37,23,S0035,0,0
PC2510001640,T2510001640,R001,2025-10-09,V0024,110,110,64,S0036,0,13
PC2510001641,T2510001641,R004,2025-10-09,V0045,31,29,23,S0059,0,2
PC2510001642,T2510001642,R003,2025-10-09,V0038,14,12,10,S0074,0,0
PC2510001643,T2510001643,R006,2025-10-09,V0056,33,34,21,S0103,0,1
PC2510001644,T2510001644,R002,2025-10-09,V0025,46,48,32,S0061,0,5
PC2510001645,T2510001645,R005,2025-10-09,V0052,55,56,33,S0088,0,3
PC2510001646,T2510001646,R001,2025-10-09,V0001,44,46,31,S0005,0,2
PC2510001647,T2510001647,R001,2025-10-09,V0002,262,262,161,S0035,0,27
PC2510001648,T2510001648,R003,2025-10-09,V0039,30,31,18,S0076,0,1
PC2510001649,T2510001649,R006,2025-10-09,V0057,11,12,7,S0107,0,1
PC2510001650,T2510001650,R002,2025-10-09,V0026,22,22,14,S0061,0,0
PC2510001652,T2510001652,R001,2025-10-09,V0003,188,185,140,S0035,0,15
PC2510001653,T2510001653,R004,2025-10-09,V0046,13,12,10,S0082,0,1
PC2510001654,T2510001654,R003,2025-10-09,V0040,11,11,6,S0077,0,1
PC2510001655,T2510001655,R002,2025-10-09,V0027,28,27,21,S0061,0,2
PC2510001656,T2510001656,R007,2025-10-09,V0061,41,41,31,S0118,0,2
PC2510001657,T2510001657,R005,2025-10-09,V0053,31,30,18,S0066,0,0
PC2510001658,T2510001658,R001,2025-10-09,V0004,55,53,38,S0042,0,6
PC2510001659,T2510001659,R008,2025-10-09,V0063,48,47,42,S0122,58,2
PC2510001660,T2510001660,R001,2025-10-09,V0005,140,140,93,S0032,0,9
PC2510001663,T2510001663,R008,2025-10-09,V0064,8,5,6,S0124,0,1
PC2510001664,T2510001664,R006,2025-10-09,V0058,21,23,-26,S0105,0,0
PC2510001665,T2510001665,R002,2025-10-09,V0028,12,12,9,S0063,0,0
PC2510001666,T2510001666,R007,2025-10-09,V0059,8,8,7,S0113,0,0
PC2510001669,T2510001669,R001,2025-10-09,V0006,189,189,122,S0039,0,16
PC2510001670,T2510001670,R003,2025-10-09,V0041,6,5,4,S0073,0,1
PC2510001671,T2510001671,R006,2025-10-09,V0054,4,4,2,S0102,0,0
PC2510001673,T2510001673,R001,2025-10-09,V0007,58,58,36,S0036,0,4
PC2510001674,T2510001674,R001,2025-10-09,V0008,268,268,191,S0041,0,25
PC2510001676,T2510001676,R003,2025-10-09,V0042,60,59,34,S0075,0,5
PC2510001678,T2510001678,R005,2025-10-09,V0050,29,27,16,S0088,0,3
PC2510001679,T2510001679,R001,2025-10-09,V0009,66,64,44,S0036,0,3
PC2510001681,T2510001681,R004,2025-10-09,V0048,54,54,40,S0081,0,3
PC2510001682,T2510001682,R003,2025-10-09,V0043,12,11,7,S0074,0,0
PC2510001683,T2510001683,R006,2025-10-09,V0055,15,16,11,S0106,0,1
PC2510001684,T2510001684,R002,2025-10-09,V0031,44,46,26,S0062,0,2
PC2510001685,T2510001685,R005,2025-10-09,V0051,49,51,29,S0077,0,3
PC2510001686,T2510001686,R001,2025-10-09,V0011,48,49,31,S0040,0,5
PC2510001687,T2510001687,R001,2025-10-09,V0012,106,108,75,S0005,0,10
PC2510001688,T2510001688,R007,2025-10-09,V0060,20,21,17,S0116,0,1
PC2510001689,T2510001689,R003,2025-10-09,V0044,16,16,12,S0075,0,2
PC2510001691,T2510001691,R006,2025-10-09,V0056,8,8,4,S0039,0,0
PC2510001692,T2510001692,R002,2025-10-09,V0032,15,16,11,S0066,0,1
PC2510001693,T2510001693,R008,2025-10-09,V0063,16,16,14,S0123,0,0
PC2510001694,T2510001694,R001,2025-10-09,V0013,28,28,20,S0034,0,1
PC2510001696,T2510001696,R004,2025-10-09,V0045,17,14,10,S0081,0,1
PC2510001697,T2510001697,R007,2025-10-09,V0061,4,4,3,S0115,0,0
PC2510001698,T2510001698,R003,2025-10-09,V0036,17,19,12,S0074,0,0
PC2510001699,T2510001699,R002,2025-10-09,V0033,33,32,19,S0063,0,2
PC2510001700,T2510001700,R005,2025-10-09,V0052,14,13,10,S0089,0,0
PC2510001701,T2510001701,R001,2025-10-09,V0015,54,53,39,S0039,0,5
PC2510001702,T2510001702,R001,2025-10-09,V0017,136,137,97,S0034,0,7
PC2510001703,T2510001703,R004,2025-10-09,V0046,27,28,17,S0082,0,3
PC2510001704,T2510001704,R003,2025-10-09,V0037,14,15,8,S0074,0,1
PC2510001705,T2510001705,R006,2025-10-09,V0057,18,19,11,S0101,0,1
PC2510001706,T2510001706,R002,2025-10-09,V0034,14,12,9,S0063,0,0
PC2510001707,T2510001707,R005,2025-10-09,V0053,27,29,16,S0092,0,0
PC2510001709,T2510001709,R001,2025-10-09,V0016,58,59,39,S0039,0,1
PC2510001711,T2510001711,R006,2025-10-09,V0058,4,4,3,S0105,0,0
PC2510001712,T2510001712,R002,2025-10-09,V0035,54,54,34,S0060,0,3
PC2510001713,T2510001713,R001,2025-10-09,V0020,79,79,58,S0031,0,5
PC2510001716,T2510001716,R003,2025-10-09,V0038,22,23,13,S0071,0,2
PC2510001717,T2510001717,R007,2025-10-09,V0059,31,32,24,S0114,0,2
PC2510001718,T2510001718,R002,2025-10-09,V0025,13,12,8,S0055,0,0
PC2510001720,T2510001720,R001,2025-10-09,V0019,51,51,32,S0044,0,4
PC2510001721,T2510001721,R008,2025-10-09,V0064,15,13,11,S0122,0,2
PC2510001722,T2510001722,R002,2025-10-09,V0026,13,14,9,S0064,0,1
PC2510001723,T2510001723,R001,2025-10-09,V0024,75,75,42,S0041,0,2
PC2510001724,T2510001724,R003,2025-10-09,V0039,11,13,8,S0075,0,0
PC2510001725,T2510001725,R001,2025-10-09,V0022,49,48,37,S0041,0,3
PC2510001726,T2510001726,R002,2025-10-09,V0027,11,10,8,S0057,0,0
PC2510001727,T2510001727,R004,2025-10-09,V0048,6,6,3,S0082,0,0
PC2510001728,T2510001728,R003,2025-10-09,V0040,47,46,35,S0075,0,2
PC2510001729,T2510001729,R001,2025-10-09,V0021,33,33,22,S0035,0,1
PC2510001730,T2510001730,R005,2025-10-09,V0050,13,12,8,S0077,0,1
PC2510001731,T2510001731,R001,2025-10-09,V0023,51,51,32,S0037,0,1
PC2510001732,T2510001732,R004,2025-10-09,V0045,20,20,11,S0080,0,1
PC2510001733,T2510001733,R006,2025-10-09,V0054,13,13,7,S0103,0,1
PC2510001734,T2510001734,R002,2025-10-09,V0028,24,24,16,S0061,0,0
PC2510001735,T2510001735,R005,2025-10-09,V0051,38,40,28,S0066,0,2
PC2510001736,T2510001736,R001,2025-10-09,V0001,69,69,50,S0033,0,3
PC2510001737,T2510001737,R007,2025-10-09,V0060,9,7,7,S0118,0,1
PC2510001738,T2510001738,R003,2025-10-09,V0041,22,22,16,S0076,0,1
PC2510001740,T2510001740,R006,2025-10-09,V0055,12,12,8,S0100,0,0
PC2510001743,T2510001743,R007,2025-10-09,V0061,35,36,26,S0117,0,3
PC2510001745,T2510001745,R001,2025-10-09,V0002,71,72,44,S0034,0,4
PC2510001746,T2510001746,R001,2025-10-09,V0003,118,121,81,S0036,0,4
PC2510001749,T2510001749,R003,2025-10-09,V0042,32,33,24,S0076,0,0
PC2510001751,T2510001751,R002,2025-10-09,V0031,10,10,7,S0062,0,1
PC2510001752,T2510001752,R004,2025-10-09,V0046,24,22,15,S0081,0,2
PC2510001754,T2510001754,R001,2025-10-09,V0004,129,130,85,S0040,0,8
PC2510001755,T2510001755,R005,2025-10-09,V0052,43,43,24,S0091,0,0
PC2510001756,T2510001756,R001,2025-10-09,V0005,127,128,78,S0038,0,9
PC2510001757,T2510001757,R008,2025-10-09,V0063,18,19,16,S0123,0,0
PC2510001759,T2510001759,R006,2025-10-09,V0056,12,12,7,S0039,0,1
PC2510001760,T2510001760,R002,2025-10-09,V0032,20,22,12,S0063,0,1
PC2510001761,T2510001761,R005,2025-10-09,V0053,24,27,16,S0066,0,1
PC2510001762,T2510001762,R001,2025-10-09,V0006,68,69,47,S0041,0,4
PC2510001763,T2510001763,R003,2025-10-09,V0043,15,14,11,S0076,0,0
PC2510001764,T2510001764,R001,2025-10-09,V0007,47,47,34,S0037,0,5
PC2510001765,T2510001765,R006,2025-10-09,V0057,14,13,9,S0105,0,0
PC2510001766,T2510001766,R002,2025-10-09,V0033,13,13,9,S0061,0,0
PC2510001767,T2510001767,R003,2025-10-09,V0044,59,59,36,S0071,0,3
PC2510001769,T2510001769,R001,2025-10-09,V0008,69,68,46,S0033,0,6
PC2510001770,T2510001770,R002,2025-10-09,V0034,24,22,17,S0005,0,1
PC2510001771,T2510001771,R001,2025-10-09,V0011,108,108,60,S0040,0,10
PC2510001772,T2510001772,R007,2025-10-09,V0059,11,9,10,S0117,0,0
PC2510001773,T2510001773,R003,2025-10-09,V0036,13,13,8,S0074,0,0
PC2510001774,T2510001774,R001,2025-10-09,V0009,57,57,36,S0040,0,5
PC2510001775,T2510001775,R002,2025-10-09,V0035,22,21,14,S0060,0,2
PC2510001776,T2510001776,R008,2025-10-09,V0064,30,30,23,S0121,0,2
PC2510001777,T2510001777,R004,2025-10-09,V0048,24,25,18,S0082,0,0
PC2510001778,T2510001778,R007,2025-10-09,V0060,17,19,13,S0113,0,0
PC2510001779,T2510001779,R003,2025-10-09,V0037,26,27,15,S0075,0,0
PC2510001781,T2510001781,R005,2025-10-09,V0050,46,45,27,S0025,0,1
PC2510001782,T2510001782,R001,2025-10-09,V0012,66,66,39,S0041,0,6
PC2510001783,T2510001783,R004,2025-10-09,V0045,27,26,19,S0083,0,3
PC2510001784,T2510001784,R006,2025-10-09,V0058,15,15,11,S0105,0,0
PC2510001785,T2510001785,R002,2025-10-09,V0026,19,20,10,S0061,0,0
PC2510001788,T2510001788,R003,2025-10-09,V0038,24,24,17,S0078,0,2
PC2510001789,T2510001789,R001,2025-10-09,V0013,46,45,30,S0033,0,4
PC2510001790,T2510001790,R006,2025-10-09,V0054,13,12,8,S0100,0,0
PC2510001791,T2510001791,R002,2025-10-09,V0025,22,22,16,S0063,0,1
PC2510001792,T2510001792,R003,2025-10-09,V0039,9,9,6,S0072,0,0
PC2510001793,T2510001793,R001,2025-10-09,V0017,79,79,50,S0036,0,4
PC2510001794,T2510001794,R001,2025-10-09,V0015,68,68,46,S0038,0,5
PC2510001796,T2510001796,R002,2025-10-09,V0027,9,8,6,S0064,0,0
PC2510001797,T2510001797,R001,2025-10-09,V0016,66,67,37,S0033,0,3
PC2510001798,T2510001798,R003,2025-10-09,V0040,28,30,19,S0074,0,1
PC2510001800,T2510001800,R002,2025-10-09,V0028,29,28,17,S0005,0,2
PC2510001801,T2510001801,R004,2025-10-09,V0046,31,28,20,S0083,0,0
PC2510001802,T2510001802,R003,2025-10-09,V0041,38,39,23,S0077,0,5
PC2510001803,T2510001803,R001,2025-10-09,V0020,84,86,62,S0031,0,5
PC2510001804,T2510001804,R005,2025-10-09,V0051,50,51,36,S0078,0,3
PC2510001805,T2510001805,R001,2025-10-09,V0019,40,39,23,S0040,0,2
PC2510001807,T2510001807,R006,2025-10-09,V0055,12,12,7,S0107,0,2
PC2510001809,T2510001809,R005,2025-10-09,V0052,45,47,33,S0090,0,1
PC2510001810,T2510001810,R001,2025-10-09,V0023,111,111,83,S0036,0,5
PC2510001812,T2510001812,R003,2025-10-09,V0042,26,27,18,S0067,0,1
PC2510001813,T2510001813,R001,2025-10-09,V0024,102,104,65,S0035,0,3
PC2510001814,T2510001814,R006,2025-10-09,V0056,26,27,18,S0103,0,3
PC2510001816,T2510001816,R008,2025-10-09,V0063,29,30,22,S0124,0,1
PC2510001818,T2510001818,R003,2025-10-09,V0043,23,25,14,S0077,0,2
PC2510001819,T2510001819,R001,2025-10-09,V0022,84,84,53,S0037,0,6
PC2510001820,T2510001820,R001,2025-10-09,V0021,32,34,21,S0044,0,5
PC2510001821,T2510001821,R002,2025-10-09,V0031,14,14,9,S0057,0,1
PC2510001822,T2510001822,R001,2025-10-09,V0001,70,69,46,S0043,0,8
PC2510001823,T2510001823,R003,2025-10-09,V0044,33,34,22,S0073,0,1
PC2510001824,T2510001824,R001,2025-10-09,V0002,119,119,74,S0042,0,9
PC2510001825,T2510001825,R002,2025-10-09,V0032,29,28,17,S0066,0,2
PC2510001826,T2510001826,R004,2025-10-09,V0048,69,68,44,S0081,0,2
PC2510001827,T2510001827,R003,2025-10-09,V0036,25,22,16,S0077,0,1
PC2510001828,T2510001828,R001,2025-10-09,V0003,72,72,52,S0039,0,4
PC2510001829,T2510001829,R005,2025-10-09,V0053,22,23,14,S0089,0,0
PC2510001830,T2510001830,R001,2025-10-09,V0004,98,98,69,S0037,0,6
PC2510001831,T2510001831,R008,2025-10-09,V0064,37,38,32,S0123,0,5
PC2510001832,T2510001832,R004,2025-10-09,V0045,18,18,12,S0079,0,0
PC2510001833,T2510001833,R006,2025-10-09,V0057,21,22,14,S0106,0,1
PC2510001834,T2510001834,R002,2025-10-09,V0033,18,17,13,S0056,0,1
PC2510001835,T2510001835,R005,2025-10-09,V0050,35,34,21,S0077,0,2
PC2510001837,T2510001837,R003,2025-10-09,V0037,16,16,11,S0077,0,1
PC2510001838,T2510001838,R001,2025-10-09,V0006,83,83,46,S0004,0,6
PC2510001839,T2510001839,R006,2025-10-09,V0058,23,24,13,S0104,0,1
PC2510001840,T2510001840,R002,2025-10-09,V0034,39,40,23,S0062,0,4
PC2510001841,T2510001841,R003,2025-10-09,V0038,37,38,24,S0074,0,0
PC2510001842,T2510001842,R001,2025-10-09,V0008,50,51,35,S0033,0,5
PC2510001843,T2510001843,R001,2025-10-09,V0005,135,136,75,S0042,0,10
PC2510001844,T2510001844,R002,2025-10-09,V0035,30,30,20,S0062,0,0
PC2510001847,T2510001847,R003,2025-10-09,V0039,21,24,13,S0027,0,0
PC2510001848,T2510001848,R001,2025-10-09,V0007,283,281,164,S0043,0,22
PC2510001849,T2510001849,R002,2025-10-09,V0026,21,21,14,S0059,0,0
PC2510001851,T2510001851,R004,2025-10-09,V0046,64,63,36,S0081,0,2
PC2510001852,T2510001852,R007,2025-10-09,V0061,53,52,42,S0113,13,1
PC2510001853,T2510001853,R003,2025-10-09,V0040,45,44,26,S0073,0,6
PC2510001854,T2510001854,R001,2025-10-09,V0011,225,224,125,S0031,0,17
PC2510001856,T2510001856,R001,2025-10-09,V0009,104,106,71,S0035,0,7
PC2510001858,T2510001858,R006,2025-10-09,V0054,17,18,10,S0103,0,1
PC2510001859,T2510001859,R002,2025-10-09,V0025,40,40,25,S0065,0,3
PC2510001860,T2510001860,R005,2025-10-09,V0051,63,64,42,S0025,0,3
PC2510001861,T2510001861,R001,2025-10-09,V0013,56,58,37,S0039,0,2
PC2510001862,T2510001862,R003,2025-10-09,V0041,17,18,12,S0076,0,0
PC2510001863,T2510001863,R001,2025-10-09,V0012,156,156,89,S0038,0,9
PC2510001864,T2510001864,R006,2025-10-09,V0055,27,26,18,S0100,0,3
PC2510001865,T2510001865,R002,2025-10-09,V0027,59,58,42,S0060,0,3
PC2510001866,T2510001866,R003,2025-10-09,V0042,37,37,26,S0072,0,1
PC2510001867,T2510001867,R001,2025-10-09,V0017,103,103,61,S0034,0,4
PC2510001871,T2510001871,R004,2025-10-09,V0048,26,24,15,S0080,0,2
PC2510001872,T2510001872,R008,2025-10-09,V0063,49,51,42,S0123,63,3
PC2510001873,T2510001873,R003,2025-10-09,V0043,34,34,22,S0072,0,2
PC2510001874,T2510001874,R006,2025-10-09,V0056,4,4,3,S0105,0,0
PC2510001875,T2510001875,R002,2025-10-09,V0028,26,28,17,S0063,0,2
PC2510001876,T2510001876,R007,2025-10-09,V0060,15,15,12,S0118,0,0
PC2510001877,T2510001877,R005,2025-10-09,V0052,40,38,24,S0088,0,1
PC2510001878,T2510001878,R001,2025-10-09,V0015,157,158,90,S0005,0,10
PC2510001879,T2510001879,R001,2025-10-09,V0016,85,83,58,S0032,0,8
PC2510001880,T2510001880,R003,2025-10-09,V0044,31,30,19,S0027,0,2
PC2510001881,T2510001881,R006,2025-10-09,V0057,27,28,19,S0101,0,0
PC2510001883,T2510001883,R001,2025-10-09,V0019,155,153,97,S0041,0,12
PC2510001885,T2510001885,R004,2025-10-09,V0045,112,113,77,S0084,0,7
PC2510001886,T2510001886,R003,2025-10-09,V0036,53,53,34,S0077,0,3
PC2510001889,T2510001889,R001,2025-10-09,V0020,156,157,106,S0038,0,13
PC2510001890,T2510001890,R001,2025-10-09,V0024,50,53,31,S0042,0,3
PC2510001891,T2510001891,R004,2025-10-09,V0046,17,16,13,S0082,0,0
PC2510001892,T2510001892,R003,2025-10-09,V0037,19,20,14,S0077,0,1
PC2510001893,T2510001893,R006,2025-10-09,V0058,3,6,2,S0105,0,0
PC2510001894,T2510001894,R002,2025-10-09,V0031,17,19,10,S0056,0,1
PC2510001895,T2510001895,R005,2025-10-09,V0053,19,20,12,S0077,0,2
PC2510001896,T2510001896,R001,2025-10-09,V0023,123,122,89,S0037,0,12
PC2510001897,T2510001897,R001,2025-10-09,V0021,48,48,35,S0032,0,0
PC2510001898,T2510001898,R007,2025-10-09,V0059,35,33,30,S0113,0,1
PC2510001899,T2510001899,R003,2025-10-09,V0038,20,19,12,S0074,0,1
PC2510001901,T2510001901,R006,2025-10-09,V0054,20,19,12,S0097,0,3
PC2510001902,T2510001902,R002,2025-10-09,V0032,13,14,8,S0064,0,0
PC2510001903,T2510001903,R008,2025-10-09,V0064,52,55,42,S0122,24,4
PC2510001904,T2510001904,R001,2025-10-09,V0002,181,182,110,S0034,0,9
PC2510001905,T2510001905,R001,2025-10-09,V0022,34,32,19,S0034,0,6
PC2510001907,T2510001907,R007,2025-10-09,V0061,22,22,17,S0118,0,1
PC2510001908,T2510001908,R003,2025-10-09,V0039,30,28,18,S0073,0,4
PC2510001909,T2510001909,R002,2025-10-09,V0033,31,34,20,S0056,0,2
PC2510001910,T2510001910,R005,2025-10-09,V0050,141,142,98,S0078,53,8
PC2510001911,T2510001911,R001,2025-10-09,V0001,73,71,50,S0035,0,3
PC2510001912,T2510001912,R001,2025-10-09,V0004,66,67,41,S0036,0,9
PC2510001913,T2510001913,R004,2025-10-09,V0048,17,16,11,S0081,0,1
PC2510001915,T2510001915,R006,2025-10-09,V0055,9,9,6,S0102,0,0
PC2510001916,T2510001916,R002,2025-10-09,V0034,21,22,13,S0062,0,0
PC2510001918,T2510001918,R001,2025-10-09,V0003,40,41,456,S0035,0,2
PC2510001920,T2510001920,R003,2025-10-09,V0040,18,18,13,S0078,0,0
PC2510001921,T2510001921,R006,2025-10-09,V0056,28,29,18,S0105,0,0
PC2510001922,T2510001922,R002,2025-10-09,V0035,39,37,26,S0059,0,3
PC2510001923,T2510001923,R001,2025-10-09,V0006,213,212,150,S0039,0,14
PC2510001924,T2510001924,R001,2025-10-09,V0005,38,37,23,S0005,0,4
PC2510001925,T2510001925,R004,2025-10-09,V0045,85,83,62,S0080,0,5
PC2510001926,T2510001926,R003,2025-10-09,V0041,83,81,46,S0027,0,6
PC2510001927,T2510001927,R002,2025-10-09,V0026,21,21,15,S0064,0,0
PC2510001928,T2510001928,R007,2025-10-09,V0060,9,10,7,S0118,0,1
PC2510001929,T2510001929,R005,2025-10-09,V0051,72,70,47,S0090,0,5
PC2510001930,T2510001930,R001,2025-10-09,V0008,153,152,93,S0039,0,13
PC2510001931,T2510001931,R008,2025-10-09,V0063,38,38,33,S0123,0,0
PC2510001932,T2510001932,R001,2025-10-09,V0007,74,74,54,S0041,0,8
PC2510001933,T2510001933,R004,2025-10-09,V0046,21,22,14,S0079,0,0
PC2510001934,T2510001934,R003,2025-10-09,V0042,5,6,4,S0077,0,0
PC2510001936,T2510001936,R006,2025-10-09,V0057,11,11,7,S0106,0,1
PC2510001937,T2510001937,R002,2025-10-09,V0025,41,39,223,S0061,0,2
PC2510001938,T2510001938,R007,2025-10-09,V0059,55,57,42,S0112,16,7
PC2510001939,T2510001939,R005,2025-10-09,V0052,29,28,19,S0088,0,3
PC2510001940,T2510001940,R001,2025-10-09,V0012,140,142,92,S0035,0,10
PC2510001941,T2510001941,R001,2025-10-09,V0009,69,67,45,S0036,0,7
PC2510001942,T2510001942,R003,2025-10-09,V0043,78,79,56,S0027,0,2
PC2510001943,T2510001943,R006,2025-10-09,V0058,32,31,18,S0102,0,4
PC2510001944,T2510001944,R002,2025-10-09,V0027,21,21,14,S0064,0,2
PC2510001945,T2510001945,R001,2025-10-09,V0013,189,189,112,S0037,0,15
PC2510001946,T2510001946,R001,2025-10-09,V0017,76,77,53,S0034,0,4
PC2510001948,T2510001948,R003,2025-10-09,V0044,17,19,11,S0076,0,3
PC2510001949,T2510001949,R002,2025-10-09,V0028,53,54,31,S0059,0,3
PC2510001951,T2510001951,R001,2025-10-09,V0011,140,138,95,S0004,0,7
PC2510001953,T2510001953,R004,2025-10-09,V0048,10,11,7,S0081,0,0
PC2510001954,T2510001954,R003,2025-10-09,V0036,48,49,35,S0073,0,2
PC2510001955,T2510001955,R006,2025-10-09,V0054,12,15,8,S0039,0,0
PC2510001957,T2510001957,R005,2025-10-09,V0053,27,28,20,S0091,0,3
PC2510001960,T2510001960,R007,2025-10-09,V0061,5,5,4,S0115,0,0
PC2510001961,T2510001961,R003,2025-10-09,V0037,2,0,1,S0075,0,0
PC2510001963,T2510001963,R006,2025-10-09,V0055,25,25,176,S0104,0,2
PC2510001964,T2510001964,R002,2025-10-09,V0031,68,67,40,S0062,0,5
PC2510001965,T2510001965,R008,2025-10-09,V0064,53,52,42,S0121,77,6
PC2510001967,T2510001967,R001,2025-10-09,V0015,248,246,163,S0040,0,19
PC2510001968,T2510001968,R004,2025-10-09,V0045,57,55,38,S0080,0,4
PC2510001969,T2510001969,R007,2025-10-09,V0060,24,23,21,S0117,0,0
PC2510001970,T2510001970,R003,2025-10-09,V0038,40,41,25,S0075,0,4
PC2510001973,T2510001973,R001,2025-10-09,V0019,304,303,203,S0043,0,26
PC2510001975,T2510001975,R004,2025-10-09,V0046,12,13,8,S0080,0,1
PC2510001976,T2510001976,R003,2025-10-09,V0039,11,11,7,S0076,0,1
PC2510001977,T2510001977,R006,2025-10-09,V0056,14,14,9,S0103,0,1
PC2510001979,T2510001979,R005,2025-10-09,V0050,26,25,19,S0025,0,2
PC2510001980,T2510001980,R001,2025-10-09,V0016,90,90,60,S0039,0,6
PC2510001981,T2510001981,R001,2025-10-09,V0020,67,67,42,S0039,0,4
PC2510001982,T2510001982,R003,2025-10-09,V0041,25,24,16,S0073,0,3
PC2510001984,T2510001984,R002,2025-10-09,V0032,16,15,12,S0061,0,0
PC2510001986,T2510001986,R001,2025-10-09,V0021,54,55,33,S0038,0,6
PC2510001988,T2510001988,R003,2025-10-09,V0040,13,14,8,S0076,0,0
PC2510001989,T2510001989,R007,2025-10-09,V0061,15,16,13,S0117,0,3
PC2510001990,T2510001990,R002,2025-10-09,V0033,90,91,50,S0066,0,6
PC2510001991,T2510001991,R005,2025-10-09,V0051,111,110,69,S0078,0,4
PC2510001992,T2510001992,R001,2025-10-09,V0023,95,97,69,S0042,0,10
PC2510001993,T2510001993,R008,2025-10-09,V0063,12,10,9,S0123,0,1
PC2510001994,T2510001994,R001,2025-10-09,V0024,23,21,17,S0035,0,0
PC2510001995,T2510001995,R004,2025-10-09,V0048,15,14,10,S0079,0,1
PC2510001997,T2510001997,R003,2025-10-09,V0042,17,16,10,S0073,0,1
PC2510001998,T2510001998,R006,2025-10-09,V0057,5,2,4,S0039,0,0
PC2510001999,T2510001999,R002,2025-10-09,V0034,2,2,1,S0064,0,0
PC2510002000,T2510002000,R007,2025-10-09,V0059,9,9,7,S0115,0,1
PC2510002001,T2510002001,R005,2025-10-09,V0052,11,9,7,S0091,0,1
PC2510002002,T2510002002,R001,2025-10-09,V0002,46,48,25,S0041,0,6
PC2510002003,T2510002003,R001,2025-10-09,V0001,39,39,25,S0036,0,3
PC2510002004,T2510002004,R003,2025-10-09,V0043,18,17,11,S0067,0,2
PC2510002005,T2510002005,R006,2025-10-09,V0058,11,13,7,S0107,0,0
PC2510002006,T2510002006,R002,2025-10-09,V0035,13,12,8,S0057,0,0
PC2510002007,T2510002007,R001,2025-10-09,V0004,86,86,61,S0005,0,9
PC2510002008,T2510002008,R001,2025-10-09,V0022,20,19,15,S0038,0,1
PC2510002009,T2510002009,R004,2025-10-09,V0045,42,-21,27,S0080,0,3
PC2510002010,T2510002010,R003,2025-10-09,V0044,29,29,20,S0074,0,2
PC2510002011,T2510002011,R002,2025-10-09,V0026,6,7,3,S0060,0,0
PC2510002012,T2510002012,R005,2025-10-09,V0053,28,29,16,S0089,0,0
PC2510002013,T2510002013,R001,2025-10-09,V0006,49,52,27,S0036,0,6
PC2510002015,T2510002015,R002,2025-10-09,V0025,3,3,2,S0061,0,0
PC2510002016,T2510002016,R001,2025-10-09,V0003,46,44,26,S0038,0,1
PC2510002017,T2510002017,R003,2025-10-09,V0036,15,13,11,S0074,0,0
PC2510002018,T2510002018,R002,2025-10-09,V0027,22,21,13,S0005,0,0
PC2510002020,T2510002020,R004,2025-10-09,V0046,21,22,13,S0082,0,0
PC2510002021,T2510002021,R003,2025-10-09,V0037,26,24,15,S0074,0,2
PC2510002023,T2510002023,R001,2025-10-09,V0007,51,51,32,S0037,0,5
PC2510002025,T2510002025,R006,2025-10-09,V0054,6,8,3,S0039,0,2
PC2510002026,T2510002026,R005,2025-10-09,V0050,14,13,10,S0089,0,0
PC2510002028,T2510002028,R007,2025-10-09,V0060,6,3,5,S0118,0,0
PC2510002029,T2510002029,R006,2025-10-09,V0055,12,12,8,S0104,0,1
PC2510002030,T2510002030,R008,2025-10-09,V0064,23,23,17,S0124,0,0
PC2510002031,T2510002031,R001,2025-10-09,V0005,56,54,35,S0036,0,0
PC2510002032,T2510002032,R002,2025-10-09,V0028,34,32,24,S0063,0,2
PC2510002033,T2510002033,R007,2025-10-09,V0059,10,9,8,S0114,0,0
PC2510002034,T2510002034,R003,2025-10-09,V0038,31,31,18,S0067,0,0
PC2510002035,T2510002035,R001,2025-10-09,V0013,167,167,123,S0034,0,11
PC2510002037,T2510002037,R003,2025-10-09,V0039,37,37,24,S0074,0,1
PC2510002038,T2510002038,R001,2025-10-09,V0008,45,45,26,S0036,0,2
PC2510002039,T2510002039,R001,2025-10-09,V0012,56,55,37,S0042,0,1
PC2510002040,T2510002040,R004,2025-10-09,V0048,40,39,25,S0082,0,0
PC2510002042,T2510002042,R008,2025-10-09,V0063,6,5,5,S0121,0,0
PC2510002043,T2510002043,R001,2025-10-09,V0009,61,60,34,S0041,0,2
PC2510002044,T2510002044,R004,2025-10-09,V0045,19,17,11,S0082,0,2
PC2510002045,T2510002045,R006,2025-10-09,V0056,2,2,1,S0104,0,0
PC2510002046,T2510002046,R002,2025-10-09,V0031,16,17,10,S0063,0,0
PC2510002047,T2510002047,R005,2025-10-09,V0051,16,15,12,S0025,0,1
PC2510002048,T2510002048,R001,2025-10-09,V0017,52,54,29,S0036,0,3
PC2510002049,T2510002049,R003,2025-10-09,V0041,16,15,10,S0076,0,1
PC2510002050,T2510002050,R006,2025-10-09,V0057,3,4,2,S0039,0,0
PC2510002052,T2510002052,R001,2025-10-09,V0011,37,38,23,S0005,0,1
PC2510002054,T2510002054,R001,2025-10-09,V0019,57,57,42,S0042,0,4
PC2510002056,T2510002056,R007,2025-10-09,V0061,9,10,7,S0118,0,1
PC2510002059,T2510002059,R004,2025-10-09,V0046,24,26,18,S0082,0,2
PC2510002060,T2510002060,R002,2025-10-09,V0032,20,19,14,S0064,0,1
PC2510002061,T2510002061,R007,2025-10-09,V0060,6,5,5,S0119,0,1
PC2510002062,T2510002062,R005,2025-10-09,V0052,26,27,19,S0078,0,3
PC2510002064,T2510002064,R001,2025-10-09,V0006,22,23,14,S0038,0,1
PC2510002066,T2510002066,R002,2025-10-09,V0033,7,5,5,S0062,0,0
PC2510002067,T2510002067,R006,2025-10-09,V0058,1,2,1,S0104,0,0
PC2510002068,T2510002068,R005,2025-10-09,V0053,11,11,6,S0078,0,1
PC2510002069,T2510002069,R001,2025-10-09,V0015,22,21,14,S0039,0,2
PC2510002070,T2510002070,R003,2025-10-09,V0040,29,26,18,S0078,0,1
PC2510002071,T2510002071,R006,2025-10-09,V0054,8,9,4,S0101,0,0
PC2510002072,T2510002072,R001,2025-10-09,V0023,26,26,15,S0031,0,1
PC2510002073,T2510002073,R001,2025-10-10,V0001,11,11,7,S0033,0,0
PC2510002075,T2510002075,R006,2025-10-10,V0054,3,1,2,S0103,0,1
PC2510002076,T2510002076,R002,2025-10-10,V0025,9,10,6,S0062,0,0
PC2510002077,T2510002077,R001,2025-10-10,V0002,10,10,6,S0036,0,1
PC2510002078,T2510002078,R003,2025-10-10,V0036,7,6,4,S0077,0,1
PC2510002079,T2510002079,R001,2025-10-10,V0003,3,2,2,S0045,0,0
PC2510002080,T2510002080,R002,2025-10-10,V0026,5,6,3,S0005,0,0
PC2510002081,T2510002081,R004,2025-10-10,V0045,5,4,4,S0079,0,0
PC2510002082,T2510002082,R003,2025-10-10,V0037,2,2,1,S0077,0,0
PC2510002083,T2510002083,R001,2025-10-10,V0004,17,16,10,S0036,0,3
PC2510002085,T2510002085,R001,2025-10-10,V0005,36,34,25,S0043,0,3
PC2510002086,T2510002086,R004,2025-10-10,V0046,16,14,9,S0080,0,2
PC2510002087,T2510002087,R006,2025-10-10,V0055,20,22,15,S0106,0,0
PC2510002088,T2510002088,R002,2025-10-10,V0027,46,45,29,S0058,0,1
PC2510002089,T2510002089,R005,2025-10-10,V0050,39,40,27,S0066,0,3
PC2510002090,T2510002090,R001,2025-10-10,V0006,44,44,29,S0034,0,4
PC2510002091,T2510002091,R007,2025-10-10,V0059,13,13,11,S0118,0,0
PC2510002092,T2510002092,R003,2025-10-10,V0038,51,51,30,S0078,0,2
PC2510002094,T2510002094,R006,2025-10-10,V0056,5,4,3,S0102,0,0
PC2510002095,T2510002095,R002,2025-10-10,V0028,12,12,7,S0005,0,0
PC2510002096,T2510002096,R008,2025-10-10,V0063,14,14,13,S0122,0,0
PC2510002097,T2510002097,R007,2025-10-10,V0060,14,14,12,S0114,0,1
PC2510002098,T2510002098,R003,2025-10-10,V0039,10,11,7,S0067,0,1
PC2510002099,T2510002099,R001,2025-10-10,V0007,61,62,37,S0038,0,4
PC2510002100,T2510002100,R001,2025-10-10,V0008,75,77,41,S0047,0,3
PC2510002101,T2510002101,R008,2025-10-10,V0064,25,26,20,S0122,0,0
PC2510002104,T2510002104,R001,2025-10-10,V0009,60,60,41,S0039,0,4
PC2510002105,T2510002105,R005,2025-10-10,V0051,21,20,13,S0089,0,2
PC2510002106,T2510002106,R003,2025-10-10,V0040,14,12,8,S0076,0,1
PC2510002108,T2510002108,R004,2025-10-10,V0048,17,17,13,S0082,0,0
PC2510002110,T2510002110,R006,2025-10-10,V0057,15,15,10,S0039,0,0
PC2510002111,T2510002111,R005,2025-10-10,V0052,32,33,21,S0066,0,2
PC2510002113,T2510002113,R001,2025-10-10,V0011,29,29,16,S0033,0,3
PC2510002114,T2510002114,R001,2025-10-10,V0012,14,13,8,S0005,0,0
PC2510002116,T2510002116,R001,2025-10-10,V0013,70,69,52,S0038,0,2
PC2510002117,T2510002117,R004,2025-10-10,V0045,20,20,13,S0081,0,3
PC2510002118,T2510002118,R008,2025-10-10,V0063,16,16,13,S0123,0,0
PC2510002119,T2510002119,R003,2025-10-10,V0041,37,37,25,S0075,0,3
PC2510002120,T2510002120,R006,2025-10-10,V0058,9,8,6,S0104,0,1
PC2510002121,T2510002121,R002,2025-10-10,V0031,93,92,64,S0062,0,5
PC2510002122,T2510002122,R007,2025-10-10,V0061,8,9,6,S0114,0,1
PC2510002123,T2510002123,R005,2025-10-10,V0053,49,50,28,S0089,0,4
PC2510002125,T2510002125,R001,2025-10-10,V0015,165,165,116,S0038,0,12
PC2510002126,T2510002126,R003,2025-10-10,V0042,44,44,28,S0074,0,3
PC2510002127,T2510002127,R006,2025-10-10,V0054,12,11,7,S0100,0,0
PC2510002128,T2510002128,R002,2025-10-10,V0032,36,37,20,S0062,0,2
PC2510002129,T2510002129,R001,2025-10-10,V0016,40,40,25,S0043,0,2
PC2510002130,T2510002130,R001,2025-10-10,V0017,174,174,97,S0039,0,15
PC2510002131,T2510002131,R004,2025-10-10,V0046,14,15,9,S0081,0,0
PC2510002132,T2510002132,R003,2025-10-10,V0043,16,18,12,S0073,0,2
PC2510002133,T2510002133,R002,2025-10-10,V0033,63,61,39,S0061,0,3
PC2510002136,T2510002136,R001,2025-10-10,V0019,169,170,94,S0038,0,19
PC2510002138,T2510002138,R003,2025-10-10,V0044,12,12,7,S0075,0,0
PC2510002139,T2510002139,R006,2025-10-10,V0055,12,13,8,S0099,0,0
PC2510002140,T2510002140,R002,2025-10-10,V0034,9,9,7,S0005,0,0
PC2510002141,T2510002141,R005,2025-10-10,V0050,73,74,52,S0066,0,2
PC2510002143,T2510002143,R001,2025-10-10,V0020,93,96,54,S0041,0,6
PC2510002144,T2510002144,R007,2025-10-10,V0059,49,47,41,S0116,0,0
PC2510002145,T2510002145,R003,2025-10-10,V0036,10,10,6,S0067,0,1
PC2510002146,T2510002146,R008,2025-10-10,V0064,28,26,21,S0121,0,0
PC2510002147,T2510002147,R006,2025-10-10,V0056,8,8,5,S0100,0,0
PC2510002148,T2510002148,R002,2025-10-10,V0035,54,54,34,S0062,0,6
PC2510002149,T2510002149,R008,2025-10-10,V0063,18,20,15,S0126,0,3
PC2510002150,T2510002150,R001,2025-10-10,V0021,64,64,43,S0037,0,5
PC2510002151,T2510002151,R001,2025-10-10,V0022,192,195,141,S0042,0,15
PC2510002153,T2510002153,R007,2025-10-10,V0060,15,16,12,S0118,0,2
PC2510002154,T2510002154,R003,2025-10-10,V0037,16,18,215,S0075,0,3
PC2510002155,T2510002155,R002,2025-10-10,V0025,18,16,12,S0059,0,0
PC2510002156,T2510002156,R005,2025-10-10,V0051,20,22,13,S0090,0,1
PC2510002157,T2510002157,R001,2025-10-10,V0023,28,26,20,S0040,0,4
PC2510002158,T2510002158,R001,2025-10-10,V0024,76,76,49,S0034,0,10
PC2510002159,T2510002159,R004,2025-10-10,V0048,59,61,35,S0082,0,2
PC2510002160,T2510002160,R003,2025-10-10,V0038,11,13,8,S0078,0,1
PC2510002161,T2510002161,R006,2025-10-10,V0057,29,29,19,S0039,0,0
PC2510002162,T2510002162,R002,2025-10-10,V0026,34,35,19,S0066,0,2
PC2510002163,T2510002163,R005,2025-10-10,V0052,62,61,43,S0078,0,4
PC2510002164,T2510002164,R001,2025-10-10,V0001,75,75,48,S0037,0,5
PC2510002165,T2510002165,R001,2025-10-10,V0002,104,104,78,S0042,0,10
PC2510002166,T2510002166,R003,2025-10-10,V0039,38,37,28,S0078,0,0
PC2510002167,T2510002167,R006,2025-10-10,V0058,5,3,3,S0101,0,0
PC2510002168,T2510002168,R002,2025-10-10,V0027,17,15,11,S0057,0,2
PC2510002170,T2510002170,R001,2025-10-10,V0003,277,277,204,S0036,0,38
PC2510002171,T2510002171,R004,2025-10-10,V0045,31,29,18,S0081,0,2
PC2510002172,T2510002172,R003,2025-10-10,V0040,26,25,15,S0077,0,1
PC2510002173,T2510002173,R002,2025-10-10,V0028,57,57,37,S0065,0,3
PC2510002174,T2510002174,R007,2025-10-10,V0061,29,27,26,S0116,0,3
PC2510002175,T2510002175,R005,2025-10-10,V0053,29,30,21,S0066,0,1
PC2510002176,T2510002176,R001,2025-10-10,V0004,68,67,41,S0035,0,7
PC2510002178,T2510002178,R001,2025-10-10,V0005,110,109,82,S0033,0,10
PC2510002179,T2510002179,R004,2025-10-10,V0046,55,57,36,S0081,0,3
PC2510002180,T2510002180,R003,2025-10-10,V0041,51,50,36,S0074,0,4
PC2510002181,T2510002181,R008,2025-10-10,V0064,9,9,7,S0123,0,0
PC2510002182,T2510002182,R006,2025-10-10,V0054,28,26,17,S0101,0,3
PC2510002184,T2510002184,R007,2025-10-10,V0059,16,16,12,S0112,0,0
PC2510002186,T2510002186,R001,2025-10-10,V0006,34,34,22,S0004,0,2
PC2510002187,T2510002187,R001,2025-10-10,V0007,89,89,54,S0040,0,6
PC2510002188,T2510002188,R003,2025-10-10,V0042,13,13,8,S0071,0,3
PC2510002189,T2510002189,R006,2025-10-10,V0055,7,9,5,S0103,0,1
PC2510002191,T2510002191,R001,2025-10-10,V0008,64,66,47,S0039,0,6
PC2510002192,T2510002192,R001,2025-10-10,V0009,191,192,138,S0034,0,23
PC2510002194,T2510002194,R003,2025-10-10,V0043,74,76,48,S0078,0,5
PC2510002195,T2510002195,R002,2025-10-10,V0031,15,15,11,S0005,0,1
PC2510002196,T2510002196,R005,2025-10-10,V0050,20,21,13,S0090,0,2
PC2510002198,T2510002198,R001,2025-10-10,V0011,106,106,63,S0040,0,9
PC2510002199,T2510002199,R004,2025-10-10,V0048,36,36,23,S0084,0,2
PC2510002200,T2510002200,R003,2025-10-10,V0044,9,12,6,S0073,0,0
PC2510002201,T2510002201,R006,2025-10-10,V0056,9,9,6,S0039,0,1
PC2510002202,T2510002202,R002,2025-10-10,V0032,52,52,29,S0065,0,5
PC2510002203,T2510002203,R005,2025-10-10,V0051,62,63,36,S0066,0,7
PC2510002204,T2510002204,R001,2025-10-10,V0012,23,24,14,S0040,0,1
PC2510002205,T2510002205,R001,2025-10-10,V0013,75,74,48,S0041,0,5
PC2510002206,T2510002206,R007,2025-10-10,V0060,26,27,22,S0117,0,2
PC2510002207,T2510002207,R003,2025-10-10,V0036,50,50,29,S0076,0,5
PC2510002208,T2510002208,R008,2025-10-10,V0063,44,43,35,S0122,0,5
PC2510002209,T2510002209,R006,2025-10-10,V0057,7,7,4,S0039,0,1
PC2510002210,T2510002210,R002,2025-10-10,V0033,8,8,5,S0057,0,0
PC2510002213,T2510002213,R001,2025-10-10,V0015,138,140,103,S0035,0,9
PC2510002214,T2510002214,R004,2025-10-10,V0045,5,4,3,S0081,0,1
PC2510002215,T2510002215,R007,2025-10-10,V0061,6,7,5,S0113,0,1
PC2510002216,T2510002216,R003,2025-10-10,V0037,14,14,10,S0077,0,0
PC2510002217,T2510002217,R002,2025-10-10,V0034,76,76,45,S0066,0,5
PC2510002218,T2510002218,R005,2025-10-10,V0052,20,23,13,S0089,0,2
PC2510002219,T2510002219,R001,2025-10-10,V0017,45,45,29,S0041,0,3
PC2510002221,T2510002221,R004,2025-10-10,V0046,28,26,16,S0082,0,0
PC2510002222,T2510002222,R003,2025-10-10,V0038,33,33,24,S0073,0,4
PC2510002223,T2510002223,R006,2025-10-10,V0058,31,33,19,S0105,0,0
PC2510002224,T2510002224,R002,2025-10-10,V0035,5,6,3,S0062,0,0
PC2510002225,T2510002225,R005,2025-10-10,V0053,47,48,35,S0066,0,4
PC2510002226,T2510002226,R001,2025-10-10,V0016,46,46,30,S0036,0,2
PC2510002227,T2510002227,R001,2025-10-10,V0019,63,62,45,S0034,0,7
PC2510002228,T2510002228,R003,2025-10-10,V0039,14,12,9,S0075,0,2
PC2510002229,T2510002229,R006,2025-10-10,V0054,1,1,1,S0104,0,0
PC2510002230,T2510002230,R002,2025-10-10,V0025,32,32,21,S0065,0,2
PC2510002231,T2510002231,R001,2025-10-10,V0020,75,74,43,S0030,0,4
PC2510002232,T2510002232,R001,2025-10-10,V0021,96,96,57,S0033,0,9
PC2510002234,T2510002234,R003,2025-10-10,V0040,46,47,33,S0077,0,4
PC2510002235,T2510002235,R007,2025-10-10,V0059,5,4,4,S0116,0,0
PC2510002236,T2510002236,R002,2025-10-10,V0026,6,6,4,S0005,0,0
PC2510002239,T2510002239,R008,2025-10-10,V0064,9,11,8,S0122,0,0
PC2510002240,T2510002240,R002,2025-10-10,V0027,22,21,16,S0063,0,0
PC2510002241,T2510002241,R001,2025-10-10,V0022,49,47,33,S0033,0,6
PC2510002242,T2510002242,R003,2025-10-10,V0041,14,12,10,S0077,0,0
PC2510002243,T2510002243,R001,2025-10-10,V0023,69,69,45,S0042,0,2
PC2510002244,T2510002244,R002,2025-10-10,V0028,17,17,12,S0061,0,0
PC2510002245,T2510002245,R004,2025-10-10,V0048,6,4,4,S0081,0,1
PC2510002246,T2510002246,R003,2025-10-10,V0042,26,25,15,S0075,0,2
PC2510002247,T2510002247,R001,2025-10-10,V0024,79,80,48,S0038,0,8
PC2510002248,T2510002248,R005,2025-10-10,V0050,21,22,15,S0092,0,0
PC2510002249,T2510002249,R001,2025-10-10,V0002,41,42,23,S0041,0,3
PC2510002250,T2510002250,R004,2025-10-10,V0045,47,48,35,S0084,0,2
PC2510002251,T2510002251,R006,2025-10-10,V0055,14,12,9,S0100,0,1
PC2510002253,T2510002253,R005,2025-10-10,V0051,52,51,39,S0078,0,2
PC2510002254,T2510002254,R001,2025-10-10,V0001,29,30,20,S0042,0,0
PC2510002255,T2510002255,R007,2025-10-10,V0060,10,12,8,S0115,0,0
PC2510002257,T2510002257,R001,2025-10-10,V0005,63,64,41,S0041,0,0
PC2510002258,T2510002258,R006,2025-10-10,V0056,11,10,7,S0096,0,2
PC2510002260,T2510002260,R008,2025-10-10,V0063,22,22,17,S0122,0,4
PC2510002261,T2510002261,R007,2025-10-10,V0061,13,13,10,S0112,0,0
PC2510002262,T2510002262,R003,2025-10-10,V0043,19,20,13,S0078,0,1
PC2510002263,T2510002263,R001,2025-10-10,V0006,44,45,26,S0031,0,2
PC2510002264,T2510002264,R001,2025-10-10,V0004,85,85,51,S0039,0,7
PC2510002265,T2510002265,R002,2025-10-10,V0031,20,20,13,S0060,0,1
PC2510002266,T2510002266,R001,2025-10-10,V0003,38,39,24,S0036,0,0
PC2510002267,T2510002267,R003,2025-10-10,V0044,24,23,16,S0078,0,1
PC2510002268,T2510002268,R001,2025-10-10,V0007,42,41,30,S0042,0,4
PC2510002269,T2510002269,R002,2025-10-10,V0032,32,32,23,S0058,0,2
PC2510002270,T2510002270,R004,2025-10-10,V0046,19,18,13,S0080,0,0
PC2510002271,T2510002271,R003,2025-10-10,V0036,14,12,8,S0071,0,0
PC2510002272,T2510002272,R001,2025-10-10,V0008,56,55,34,S0032,0,5
PC2510002273,T2510002273,R005,2025-10-10,V0052,56,58,41,S0025,0,3
PC2510002274,T2510002274,R001,2025-10-10,V0009,92,94,68,S0004,0,8
PC2510002277,T2510002277,R006,2025-10-10,V0057,17,18,11,S0102,0,0
PC2510002278,T2510002278,R002,2025-10-10,V0033,35,36,22,S0064,0,3
PC2510002281,T2510002281,R003,2025-10-10,V0037,16,17,10,S0073,0,1
PC2510002282,T2510002282,R001,2025-10-10,V0011,29,30,17,S0035,0,1
PC2510002284,T2510002284,R002,2025-10-10,V0034,39,38,22,S0061,0,1
PC2510002285,T2510002285,R003,2025-10-10,V0038,26,28,15,S0071,0,0
PC2510002286,T2510002286,R001,2025-10-10,V0013,52,50,30,S0039,0,3
PC2510002287,T2510002287,R001,2025-10-10,V0012,27,28,15,S0036,0,1
PC2510002288,T2510002288,R002,2025-10-10,V0035,17,18,12,S0063,0,2
PC2510002290,T2510002290,R007,2025-10-10,V0059,8,7,7,S0115,0,0
PC2510002291,T2510002291,R003,2025-10-10,V0039,11,8,7,S0072,0,2
PC2510002292,T2510002292,R001,2025-10-10,V0017,43,41,27,S0043,0,5
PC2510002293,T2510002293,R002,2025-10-10,V0025,26,26,16,S0005,0,1
PC2510002295,T2510002295,R004,2025-10-10,V0048,15,15,10,S0079,0,1
PC2510002296,T2510002296,R007,2025-10-10,V0060,11,12,9,S0118,0,0
PC2510002297,T2510002297,R003,2025-10-10,V0040,12,12,7,S0077,0,0
PC2510002298,T2510002298,R001,2025-10-10,V0015,59,58,34,S0032,0,7
PC2510002299,T2510002299,R005,2025-10-10,V0053,26,27,15,S0090,0,0
PC2510002301,T2510002301,R004,2025-10-10,V0045,11,11,7,S0080,0,1
PC2510002302,T2510002302,R006,2025-10-10,V0058,3,4,2,S0098,0,0
PC2510002305,T2510002305,R001,2025-10-10,V0019,45,44,31,S0040,0,2
PC2510002306,T2510002306,R003,2025-10-10,V0041,14,13,9,S0067,0,4
PC2510002307,T2510002307,R001,2025-10-10,V0016,29,30,18,S0039,0,2
PC2510002308,T2510002308,R006,2025-10-10,V0054,21,21,13,S0103,0,3
PC2510002309,T2510002309,R002,2025-10-10,V0027,20,19,12,S0061,0,0
PC2510002310,T2510002310,R003,2025-10-10,V0042,14,15,10,S0073,0,0
PC2510002311,T2510002311,R001,2025-10-10,V0021,50,50,32,S0039,0,4
PC2510002312,T2510002312,R001,2025-10-10,V0020,71,71,52,S0040,0,3
PC2510002313,T2510002313,R008,2025-10-10,V0064,43,44,38,S0123,0,0
PC2510002314,T2510002314,R002,2025-10-10,V0028,10,11,7,S0055,0,0
PC2510002315,T2510002315,R001,2025-10-10,V0022,19,19,12,S0041,0,1
PC2510002316,T2510002316,R003,2025-10-10,V0043,11,10,6,S0077,0,0
PC2510002317,T2510002317,R001,2025-10-10,V0023,56,55,41,S0039,0,3
PC2510002318,T2510002318,R002,2025-10-10,V0026,33,31,21,S0060,0,3
PC2510002319,T2510002319,R004,2025-10-10,V0046,23,22,15,S0082,0,1
PC2510002320,T2510002320,R003,2025-10-10,V0044,12,12,8,S0075,0,0
PC2510002321,T2510002321,R001,2025-10-10,V0024,16,16,12,S0040,0,2
PC2510002322,T2510002322,R005,2025-10-10,V0050,25,26,16,S0066,0,2
PC2510002323,T2510002323,R001,2025-10-10,V0002,39,40,25,S0034,0,1
PC2510002325,T2510002325,R006,2025-10-10,V0055,8,8,6,S0039,0,0
PC2510002327,T2510002327,R005,2025-10-10,V0051,33,34,24,S0088,0,2
PC2510002328,T2510002328,R001,2025-10-10,V0001,35,36,23,S0037,0,1
PC2510002329,T2510002329,R007,2025-10-10,V0061,10,11,9,S0115,0,1
PC2510002330,T2510002330,R003,2025-10-10,V0036,9,8,7,S0073,0,1
PC2510002331,T2510002331,R001,2025-10-10,V0005,41,42,26,S0041,0,1
PC2510002332,T2510002332,R006,2025-10-10,V0056,10,10,7,S0098,0,1
PC2510002334,T2510002334,R008,2025-10-10,V0063,9,7,7,S0123,0,0
PC2510002335,T2510002335,R007,2025-10-10,V0059,10,9,8,S0116,0,1
PC2510002336,T2510002336,R003,2025-10-10,V0037,7,7,4,S0072,0,0
PC2510002337,T2510002337,R001,2025-10-10,V0006,55,57,39,S0039,0,5
PC2510002338,T2510002338,R001,2025-10-10,V0004,63,63,36,S0005,0,9
PC2510002339,T2510002339,R002,2025-10-10,V0031,23,24,15,S0005,0,2
PC2510002340,T2510002340,R001,2025-10-10,V0007,62,63,40,S0034,0,3
PC2510002342,T2510002342,R001,2025-10-10,V0003,86,89,60,S0037,0,10
PC2510002343,T2510002343,R002,2025-10-10,V0032,29,30,20,S0059,0,2
PC2510002344,T2510002344,R004,2025-10-10,V0048,30,31,20,S0081,0,0
PC2510002345,T2510002345,R003,2025-10-10,V0038,22,21,14,S0077,0,0
PC2510002346,T2510002346,R001,2025-10-10,V0008,51,50,30,S0035,0,1
PC2510002347,T2510002347,R005,2025-10-10,V0052,67,68,48,S0090,0,3
PC2510002348,T2510002348,R001,2025-10-10,V0009,138,140,78,S0037,0,12
PC2510002350,T2510002350,R004,2025-10-10,V0045,33,33,23,S0080,0,2
PC2510002351,T2510002351,R006,2025-10-10,V0057,12,12,7,S0103,0,1
PC2510002352,T2510002352,R002,2025-10-10,V0033,17,17,10,S0005,0,3
PC2510002353,T2510002353,R005,2025-10-10,V0053,17,16,11,S0077,0,1
PC2510002355,T2510002355,R003,2025-10-10,V0039,48,48,35,S0027,0,3
PC2510002356,T2510002356,R001,2025-10-10,V0011,51,52,36,S0039,0,2
PC2510002357,T2510002357,R006,2025-10-10,V0058,14,13,10,S0039,0,2
PC2510002358,T2510002358,R002,2025-10-10,V0034,23,23,13,S0066,0,1
PC2510002359,T2510002359,R003,2025-10-10,V0040,19,-22,13,S0074,0,2
PC2510002360,T2510002360,R001,2025-10-10,V0013,63,65,37,S0030,0,2
PC2510002361,T2510002361,R001,2025-10-10,V0012,159,159,114,S0040,0,9
PC2510002362,T2510002362,R002,2025-10-10,V0035,27,27,15,S0063,0,1
PC2510002363,T2510002363,R001,2025-10-10,V0017,69,67,47,S0034,0,7
PC2510002365,T2510002365,R003,2025-10-10,V0041,39,38,24,S0075,0,2
PC2510002367,T2510002367,R002,2025-10-10,V0025,42,44,28,S0064,0,3
PC2510002368,T2510002368,R008,2025-10-10,V0064,53,51,42,S0122,5,1
PC2510002369,T2510002369,R004,2025-10-10,V0046,64,62,40,S0084,0,5
PC2510002370,T2510002370,R007,2025-10-10,V0060,25,26,20,S0115,0,4
PC2510002371,T2510002371,R003,2025-10-10,V0042,21,21,15,S0027,0,1
PC2510002374,T2510002374,R001,2025-10-10,V0015,109,108,72,S0039,0,5
PC2510002376,T2510002376,R006,2025-10-10,V0054,11,10,7,S0107,0,0
PC2510002377,T2510002377,R002,2025-10-10,V0027,27,27,19,S0062,0,0
PC2510002378,T2510002378,R005,2025-10-10,V0050,57,55,42,S0066,0,2
PC2510002379,T2510002379,R001,2025-10-10,V0019,77,78,45,S0037,0,10
PC2510002380,T2510002380,R003,2025-10-10,V0043,13,13,9,S0076,0,3
PC2510002382,T2510002382,R006,2025-10-10,V0055,28,30,15,S0100,0,1
PC2510002383,T2510002383,R002,2025-10-10,V0028,63,64,43,S0064,0,7
PC2510002384,T2510002384,R003,2025-10-10,V0044,54,54,33,S0075,0,1
PC2510002385,T2510002385,R001,2025-10-10,V0016,103,103,61,S0035,0,9
PC2510002386,T2510002386,R001,2025-10-10,V0020,285,285,210,S0032,464,24
PC2510002387,T2510002387,R008,2025-10-10,V0063,25,24,20,S0125,0,1
PC2510002388,T2510002388,R001,2025-10-10,V0021,15,15,10,S0035,0,1
PC2510002391,T2510002391,R003,2025-10-10,V0036,35,34,223,S0072,0,2
PC2510002392,T2510002392,R006,2025-10-10,V0056,9,10,6,S0039,0,1
PC2510002393,T2510002393,R002,2025-10-10,V0026,41,42,23,S0064,0,3
PC2510002394,T2510002394,R007,2025-10-10,V0061,11,8,9,S0117,0,0
PC2510002395,T2510002395,R005,2025-10-10,V0051,28,29,16,S0066,0,2
PC2510002396,T2510002396,R001,2025-10-10,V0022,139,139,81,S0042,0,13
PC2510002397,T2510002397,R001,2025-10-10,V0023,40,41,28,S0032,0,4
PC2510002398,T2510002398,R003,2025-10-10,V0037,23,24,14,S0077,0,3
PC2510002402,T2510002402,R001,2025-10-10,V0024,54,56,33,S0032,0,6
PC2510002403,T2510002403,R004,2025-10-10,V0048,81,80,59,S0084,0,4
PC2510002407,T2510002407,R001,2025-10-10,V0002,285,284,210,S0004,42,22
PC2510002408,T2510002408,R001,2025-10-10,V0005,82,81,52,S0034,0,4
PC2510002409,T2510002409,R004,2025-10-10,V0045,48,47,30,S0080,0,6
PC2510002410,T2510002410,R003,2025-10-10,V0038,22,20,15,S0073,0,1
PC2510002411,T2510002411,R006,2025-10-10,V0057,6,5,4,S0102,0,0
PC2510002412,T2510002412,R002,2025-10-10,V0032,65,65,49,S0005,0,4
PC2510002414,T2510002414,R001,2025-10-10,V0001,111,110,74,S0004,0,5
PC2510002415,T2510002415,R001,2025-10-10,V0006,15,14,8,S0005,0,0
PC2510002416,T2510002416,R007,2025-10-10,V0059,50,51,42,S0118,9,0
PC2510002417,T2510002417,R003,2025-10-10,V0039,69,-35,48,S0071,0,3
PC2510002418,T2510002418,R008,2025-10-10,V0064,31,32,26,S0121,0,2
PC2510002419,T2510002419,R006,2025-10-10,V0058,30,33,-15,S0101,0,1
PC2510002420,T2510002420,R002,2025-10-10,V0031,33,31,18,S0066,0,1
PC2510002421,T2510002421,R008,2025-10-10,V0063,32,34,26,S0123,0,1
PC2510002422,T2510002422,R001,2025-10-10,V0004,164,164,90,S0043,0,18
PC2510002423,T2510002423,R001,2025-10-10,V0007,32,30,21,S0042,0,1
PC2510002424,T2510002424,R004,2025-10-10,V0046,24,25,16,S0086,0,0
PC2510002425,T2510002425,R007,2025-10-10,V0060,23,24,20,S0112,0,1
PC2510002426,T2510002426,R003,2025-10-10,V0040,32,30,20,S0077,0,2
PC2510002427,T2510002427,R002,2025-10-10,V0033,62,63,38,S0060,0,2
PC2510002428,T2510002428,R005,2025-10-10,V0052,-20,175,98,S0078,21,8
PC2510002430,T2510002430,R001,2025-10-10,V0003,68,69,49,S0038,0,3
PC2510002432,T2510002432,R003,2025-10-10,V0041,44,44,28,S0027,0,2
PC2510002434,T2510002434,R002,2025-10-10,V0034,29,28,18,S0058,0,2
PC2510002435,T2510002435,R005,2025-10-10,V0053,92,92,51,S0088,0,1
PC2510002436,T2510002436,R001,2025-10-10,V0008,202,202,119,S0044,0,19
PC2510002437,T2510002437,R001,2025-10-10,V0009,59,57,40,S0038,0,4
PC2510002438,T2510002438,R003,2025-10-10,V0042,21,22,15,S0072,0,3
PC2510002439,T2510002439,R006,2025-10-10,V0054,18,16,12,S0100,0,1
PC2510002440,T2510002440,R002,2025-10-10,V0035,56,56,40,S0060,0,5
PC2510002442,T2510002442,R001,2025-10-10,V0011,46,46,31,S0030,0,5
PC2510002443,T2510002443,R004,2025-10-10,V0048,50,49,32,S0080,0,4
PC2510002444,T2510002444,R003,2025-10-10,V0043,64,65,39,S0073,0,3
PC2510002445,T2510002445,R002,2025-10-10,V0025,32,33,22,S0065,0,1
PC2510002446,T2510002446,R007,2025-10-10,V0061,9,9,7,S0116,0,1
PC2510002448,T2510002448,R001,2025-10-10,V0013,152,151,110,S0004,0,12
PC2510002450,T2510002450,R001,2025-10-10,V0012,29,28,17,S0034,0,2
PC2510002451,T2510002451,R004,2025-10-10,V0045,9,9,6,S0082,0,0
PC2510002452,T2510002452,R003,2025-10-10,V0044,23,22,17,S0075,0,3
PC2510002453,T2510002453,R008,2025-10-10,V0064,55,56,42,S0124,1,4
PC2510002454,T2510002454,R006,2025-10-10,V0055,16,16,10,S0105,0,1
PC2510002455,T2510002455,R002,2025-10-10,V0027,60,62,34,S0060,0,10
PC2510002456,T2510002456,R007,2025-10-10,V0059,26,27,20,S0116,0,3
PC2510002457,T2510002457,R005,2025-10-10,V0050,34,34,21,S0089,0,2
PC2510002458,T2510002458,R001,2025-10-10,V0017,127,127,76,S0046,0,16
PC2510002460,T2510002460,R003,2025-10-10,V0036,58,59,41,S0078,0,4
PC2510002461,T2510002461,R006,2025-10-10,V0056,13,12,9,S0104,0,0
PC2510002462,T2510002462,R002,2025-10-10,V0028,25,25,14,S0005,0,0
PC2510002465,T2510002465,R004,2025-10-10,V0046,49,47,27,S0083,0,5
PC2510002466,T2510002466,R003,2025-10-10,V0037,27,26,17,S0027,0,2
PC2510002467,T2510002467,R002,2025-10-10,V0026,80,79,54,S0059,0,5
PC2510002468,T2510002468,R005,2025-10-10,V0051,75,76,41,S0092,0,2
PC2510002469,T2510002469,R001,2025-10-10,V0015,104,103,69,S0043,0,7
PC2510002470,T2510002470,R001,2025-10-10,V0019,63,62,44,S0041,0,3
PC2510002472,T2510002472,R003,2025-10-10,V0038,43,40,24,S0076,0,3
PC2510002473,T2510002473,R006,2025-10-10,V0057,9,9,6,S0101,0,0
PC2510002475,T2510002475,R005,2025-10-10,V0052,18,18,11,S0090,0,1
PC2510002476,T2510002476,R001,2025-10-10,V0016,157,156,96,S0033,0,23
PC2510002477,T2510002477,R001,2025-10-10,V0021,41,41,29,S0031,0,5
PC2510002478,T2510002478,R007,2025-10-10,V0060,6,9,5,S0117,0,0
PC2510002479,T2510002479,R003,2025-10-10,V0039,23,22,15,S0076,0,2
PC2510002480,T2510002480,R008,2025-10-10,V0063,15,13,12,S0123,0,1
PC2510002481,T2510002481,R006,2025-10-10,V0058,10,10,6,S0098,0,0
PC2510002484,T2510002484,R001,2025-10-10,V0020,172,172,128,S0038,0,13
PC2510002485,T2510002485,R001,2025-10-10,V0022,29,30,18,S0037,0,2
PC2510002486,T2510002486,R004,2025-10-10,V0048,39,40,29,S0083,0,5
PC2510002487,T2510002487,R007,2025-10-10,V0061,14,13,12,S0118,0,0
PC2510002488,T2510002488,R003,2025-10-10,V0040,38,38,203,S0077,0,2
PC2510002490,T2510002490,R005,2025-10-10,V0053,37,-34,24,S0025,0,0
PC2510002491,T2510002491,R001,2025-10-10,V0023,164,165,117,S0044,0,11
PC2510002492,T2510002492,R001,2025-10-10,V0024,55,56,38,S0034,0,2
PC2510002493,T2510002493,R004,2025-10-10,V0045,16,16,10,S0081,0,1
PC2510002495,T2510002495,R006,2025-10-10,V0054,5,5,3,S0039,0,0
PC2510002496,T2510002496,R002,2025-10-10,V0032,23,23,13,S0059,0,0
PC2510002499,T2510002499,R001,2025-10-10,V0002,72,71,49,S0039,0,7
PC2510002500,T2510002500,R003,2025-10-10,V0041,64,62,44,S0077,0,4
PC2510002501,T2510002501,R006,2025-10-10,V0055,11,13,7,S0102,0,0
PC2510002502,T2510002502,R002,2025-10-10,V0031,30,31,17,S0061,0,2
PC2510002503,T2510002503,R001,2025-10-10,V0005,119,119,85,S0044,0,10
PC2510002504,T2510002504,R001,2025-10-10,V0006,45,44,26,S0034,0,2
PC2510002506,T2510002506,R003,2025-10-10,V0042,45,44,31,S0077,0,3
PC2510002507,T2510002507,R007,2025-10-10,V0059,6,6,5,S0118,0,0
PC2510002508,T2510002508,R002,2025-10-10,V0033,66,68,40,S0062,0,2
PC2510002509,T2510002509,R005,2025-10-10,V0050,46,48,27,S0077,0,2
PC2510002510,T2510002510,R001,2025-10-10,V0001,53,57,31,S0043,0,4
PC2510002511,T2510002511,R008,2025-10-10,V0064,13,13,12,S0122,0,1
PC2510002513,T2510002513,R004,2025-10-10,V0046,14,13,9,S0079,0,1
PC2510002514,T2510002514,R008,2025-10-10,V0063,8,7,6,S0121,0,0
PC2510002515,T2510002515,R003,2025-10-10,V0043,15,15,10,S0073,0,1
PC2510002516,T2510002516,R006,2025-10-10,V0056,9,9,6,S0107,0,0
PC2510002518,T2510002518,R007,2025-10-10,V0060,17,15,14,S0116,0,0
PC2510002519,T2510002519,R005,2025-10-10,V0051,22,23,16,S0077,0,1
PC2510002520,T2510002520,R001,2025-10-10,V0004,56,56,42,S0037,0,3
PC2510002521,T2510002521,R001,2025-10-10,V0007,47,50,26,S0042,0,1
PC2510002522,T2510002522,R003,2025-10-10,V0044,9,9,6,S0078,0,0
PC2510002523,T2510002523,R006,2025-10-10,V0057,9,10,6,S0104,0,0
PC2510002524,T2510002524,R002,2025-10-10,V0034,20,22,15,S0056,0,1
PC2510002525,T2510002525,R001,2025-10-10,V0003,96,98,53,S0031,0,8
PC2510002526,T2510002526,R001,2025-10-10,V0008,19,21,13,S0036,0,1
PC2510002528,T2510002528,R003,2025-10-10,V0036,13,14,8,S0076,0,2
PC2510002529,T2510002529,R002,2025-10-10,V0035,35,35,21,S0064,0,1
PC2510002530,T2510002530,R005,2025-10-10,V0052,40,39,24,S0066,0,4
PC2510002531,T2510002531,R001,2025-10-10,V0009,46,44,30,S0036,0,2
PC2510002533,T2510002533,R002,2025-10-10,V0025,20,19,13,S0065,0,3
PC2510002534,T2510002534,R001,2025-10-10,V0011,65,65,38,S0034,0,5
PC2510002535,T2510002535,R003,2025-10-10,V0037,12,11,7,S0075,0,2
PC2510002536,T2510002536,R002,2025-10-10,V0027,42,42,26,S0062,0,1
PC2510002538,T2510002538,R004,2025-10-10,V0048,19,20,14,S0084,0,0
PC2510002539,T2510002539,R003,2025-10-10,V0038,49,50,32,S0027,0,1
PC2510002540,T2510002540,R005,2025-10-10,V0053,37,37,21,S0092,0,2
PC2510002542,T2510002542,R004,2025-10-10,V0045,25,24,19,S0082,0,1
PC2510002543,T2510002543,R006,2025-10-10,V0058,4,4,3,S0108,0,0
PC2510002544,T2510002544,R005,2025-10-10,V0050,27,27,19,S0025,0,1
PC2510002545,T2510002545,R001,2025-10-10,V0013,150,151,93,S0044,0,10
PC2510002546,T2510002546,R007,2025-10-10,V0061,7,9,5,S0117,0,0
PC2510002547,T2510002547,R006,2025-10-10,V0054,12,13,7,S0100,0,1
PC2510002548,T2510002548,R008,2025-10-10,V0064,18,18,16,S0122,0,0
PC2510002549,T2510002549,R001,2025-10-10,V0012,58,58,42,S0039,0,4
PC2510002551,T2510002551,R007,2025-10-10,V0059,15,15,13,S0114,0,0
PC2510002552,T2510002552,R003,2025-10-10,V0039,29,29,16,S0076,0,0
PC2510002553,T2510002553,R001,2025-10-10,V0017,103,105,57,S0037,0,8
PC2510002554,T2510002554,R002,2025-10-10,V0028,39,40,23,S0063,0,1
PC2510002555,T2510002555,R003,2025-10-10,V0040,23,23,15,S0075,0,0
PC2510002558,T2510002558,R004,2025-10-10,V0046,31,31,17,S0083,0,1
PC2510002560,T2510002560,R008,2025-10-10,V0063,15,13,13,S0121,0,0
PC2510002561,T2510002561,R001,2025-10-10,V0015,41,40,26,S0041,0,2
PC2510002563,T2510002563,R006,2025-10-10,V0055,10,11,6,S0102,0,0
PC2510002564,T2510002564,R002,2025-10-10,V0026,32,32,23,S0060,0,0
PC2510002565,T2510002565,R005,2025-10-10,V0051,23,24,16,S0088,0,2
PC2510002566,T2510002566,R001,2025-10-10,V0019,59,58,35,S0042,0,1
PC2510002567,T2510002567,R003,2025-10-10,V0041,21,20,12,S0076,0,1
PC2510002568,T2510002568,R006,2025-10-10,V0056,8,10,4,S0097,0,0
PC2510002570,T2510002570,R001,2025-10-10,V0016,29,30,17,S0038,0,0
PC2510002571,T2510002571,R003,2025-10-10,V0042,26,26,18,S0075,0,3
PC2510002573,T2510002573,R001,2025-10-10,V0021,52,53,31,S0041,0,2
PC2510002574,T2510002574,R007,2025-10-10,V0060,9,8,98,S0113,0,0
PC2510002576,T2510002576,R001,2025-10-10,V0020,49,49,28,S0035,0,2
PC2510002577,T2510002577,R004,2025-10-10,V0048,26,27,15,S0080,0,2
PC2510002579,T2510002579,R007,2025-10-10,V0061,4,5,3,S0114,0,0
PC2510002580,T2510002580,R005,2025-10-10,V0052,16,17,9,S0089,0,0
PC2510002581,T2510002581,R003,2025-10-10,V0043,11,13,7,S0074,0,1
PC2510002582,T2510002582,R001,2025-10-10,V0022,20,20,12,S0034,0,0
PC2510002583,T2510002583,R004,2025-10-10,V0045,3,3,2,S0081,0,0
PC2510002585,T2510002585,R006,2025-10-10,V0057,2,1,1,S0108,0,0
PC2510002586,T2510002586,R005,2025-10-10,V0053,10,11,7,S0088,0,1
PC2510002587,T2510002587,R001,2025-10-10,V0024,54,54,35,S0005,0,6
PC2510002588,T2510002588,R003,2025-10-10,V0044,8,7,6,S0075,0,0
PC2510002589,T2510002589,R006,2025-10-10,V0058,4,6,194,S0106,0,0
PC2510002590,T2510002590,R001,2025-10-10,V0023,14,13,9,S0038,0,2
PC2510002591,T2510002591,R001,2025-10-11,V0001,11,10,8,S0038,0,1
PC2510002593,T2510002593,R002,2025-10-11,V0025,4,4,3,S0061,0,0
PC2510002594,T2510002594,R001,2025-10-11,V0002,10,10,6,S0032,0,3
PC2510002595,T2510002595,R003,2025-10-11,V0036,10,12,7,S0075,0,1
PC2510002596,T2510002596,R002,2025-10-11,V0026,5,5,3,S0061,0,0
PC2510002597,T2510002597,R001,2025-10-11,V0003,8,7,6,S0043,0,1
PC2510002598,T2510002598,R004,2025-10-11,V0045,5,4,4,S0082,0,0
PC2510002599,T2510002599,R003,2025-10-11,V0037,11,11,7,S0027,0,1
PC2510002601,T2510002601,R001,2025-10-11,V0004,25,25,16,S0036,0,1
PC2510002602,T2510002602,R004,2025-10-11,V0046,9,9,6,S0080,0,0
PC2510002603,T2510002603,R006,2025-10-11,V0054,5,5,3,S0105,0,0
PC2510002604,T2510002604,R001,2025-10-11,V0005,33,33,23,S0004,0,4
PC2510002605,T2510002605,R005,2025-10-11,V0050,8,9,-26,S0077,0,0
PC2510002606,T2510002606,R007,2025-10-11,V0059,5,5,4,S0114,0,0
PC2510002607,T2510002607,R002,2025-10-11,V0027,7,6,5,S0058,0,0
PC2510002609,T2510002609,R001,2025-10-11,V0006,21,21,15,S0033,0,2
PC2510002610,T2510002610,R008,2025-10-11,V0063,7,8,6,S0123,0,1
PC2510002612,T2510002612,R007,2025-10-11,V0060,3,3,3,S0119,0,0
PC2510002614,T2510002614,R001,2025-10-11,V0007,16,17,10,S0034,0,0
PC2510002615,T2510002615,R003,2025-10-11,V0038,15,14,9,S0076,0,0
PC2510002616,T2510002616,R001,2025-10-11,V0008,20,19,11,S0005,0,0
PC2510002617,T2510002617,R008,2025-10-11,V0064,10,8,8,S0121,0,1
PC2510002618,T2510002618,R001,2025-10-11,V0009,23,21,16,S0042,0,1
PC2510002620,T2510002620,R002,2025-10-11,V0028,10,11,7,S0063,0,1
PC2510002621,T2510002621,R005,2025-10-11,V0051,11,10,8,S0090,0,1
PC2510002623,T2510002623,R004,2025-10-11,V0048,11,12,8,S0080,0,0
PC2510002624,T2510002624,R001,2025-10-11,V0011,16,12,10,S0039,0,0
PC2510002625,T2510002625,R003,2025-10-11,V0039,12,11,9,S0073,0,0
PC2510002627,T2510002627,R005,2025-10-11,V0052,25,23,17,S0078,0,0
PC2510002629,T2510002629,R006,2025-10-11,V0055,6,8,3,S0100,0,0
PC2510002630,T2510002630,R001,2025-10-11,V0012,18,19,10,S0032,0,0
PC2510002631,T2510002631,R001,2025-10-11,V0013,37,38,28,S0036,0,1
PC2510002632,T2510002632,R003,2025-10-11,V0040,40,41,25,S0076,0,5
PC2510002634,T2510002634,R004,2025-10-11,V0045,8,9,6,S0080,0,1
PC2510002636,T2510002636,R001,2025-10-11,V0015,25,25,15,S0004,0,2
PC2510002637,T2510002637,R003,2025-10-11,V0041,20,20,14,S0076,0,0
PC2510002638,T2510002638,R005,2025-10-11,V0053,11,10,8,S0088,0,0
PC2510002639,T2510002639,R002,2025-10-11,V0031,8,8,5,S0063,0,0
PC2510002640,T2510002640,R004,2025-10-11,V0046,6,4,4,S0081,0,0
PC2510002641,T2510002641,R001,2025-10-11,V0016,20,20,15,S0033,0,1
PC2510002642,T2510002642,R006,2025-10-11,V0056,15,14,10,S0104,0,1
PC2510002643,T2510002643,R001,2025-10-11,V0017,25,23,16,S0034,0,1
PC2510002644,T2510002644,R003,2025-10-11,V0042,11,11,6,S0078,0,0
PC2510002646,T2510002646,R007,2025-10-11,V0061,10,13,8,S0113,0,0
PC2510002647,T2510002647,R002,2025-10-11,V0032,9,10,6,S0062,0,1
PC2510002650,T2510002650,R001,2025-10-11,V0019,38,37,21,S0043,0,2
PC2510002651,T2510002651,R008,2025-10-11,V0063,17,17,14,S0122,0,3
PC2510002652,T2510002652,R003,2025-10-11,V0043,16,16,10,S0073,0,1
PC2510002653,T2510002653,R007,2025-10-11,V0059,18,20,15,S0115,0,0
PC2510002654,T2510002654,R008,2025-10-11,V0064,16,18,12,S0121,0,3
PC2510002658,T2510002658,R001,2025-10-11,V0020,44,45,27,S0040,0,2
PC2510002659,T2510002659,R003,2025-10-11,V0044,15,13,9,S0076,0,1
PC2510002660,T2510002660,R005,2025-10-11,V0050,15,14,10,S0025,0,2
PC2510002661,T2510002661,R002,2025-10-11,V0033,18,17,11,S0061,0,2
PC2510002662,T2510002662,R004,2025-10-11,V0048,12,14,7,S0082,0,2
PC2510002663,T2510002663,R001,2025-10-11,V0021,54,54,40,S0034,0,0
PC2510002664,T2510002664,R001,2025-10-11,V0022,68,69,43,S0037,0,6
PC2510002665,T2510002665,R006,2025-10-11,V0057,4,6,3,S0105,0,0
PC2510002666,T2510002666,R003,2025-10-11,V0036,19,19,13,S0027,0,0
PC2510002667,T2510002667,R005,2025-10-11,V0051,36,35,20,S0066,0,2
PC2510002668,T2510002668,R002,2025-10-11,V0034,18,18,10,S0061,0,1
PC2510002669,T2510002669,R001,2025-10-11,V0023,32,32,20,S0040,0,4
PC2510002670,T2510002670,R001,2025-10-11,V0024,19,19,397,S0042,0,0
PC2510002671,T2510002671,R006,2025-10-11,V0058,13,11,9,S0097,0,2
PC2510002672,T2510002672,R003,2025-10-11,V0037,11,11,6,S0078,0,0
PC2510002673,T2510002673,R002,2025-10-11,V0035,13,13,8,S0005,0,1
PC2510002674,T2510002674,R001,2025-10-11,V0001,11,10,8,S0032,0,1
PC2510002675,T2510002675,R001,2025-10-11,V0002,28,27,21,S0038,0,0
PC2510002676,T2510002676,R004,2025-10-11,V0045,17,17,11,S0084,0,1
PC2510002677,T2510002677,R007,2025-10-11,V0060,14,15,11,S0114,0,0
PC2510002678,T2510002678,R003,2025-10-11,V0038,20,21,12,S0071,0,0
PC2510002679,T2510002679,R005,2025-10-11,V0052,14,15,10,S0089,0,0
PC2510002681,T2510002681,R001,2025-10-11,V0003,24,22,18,S0040,0,3
PC2510002682,T2510002682,R002,2025-10-11,V0025,13,13,9,S0063,0,1
PC2510002683,T2510002683,R001,2025-10-11,V0004,38,39,22,S0044,0,4
PC2510002684,T2510002684,R004,2025-10-11,V0046,8,10,6,S0082,0,0
PC2510002685,T2510002685,R007,2025-10-11,V0061,9,8,8,S0113,0,1
PC2510002686,T2510002686,R006,2025-10-11,V0054,4,4,3,S0105,0,0
PC2510002687,T2510002687,R008,2025-10-11,V0063,11,11,10,S0122,0,0
PC2510002688,T2510002688,R003,2025-10-11,V0039,21,19,12,S0075,0,0
PC2510002689,T2510002689,R005,2025-10-11,V0053,17,17,10,S0078,0,2
PC2510002690,T2510002690,R002,2025-10-11,V0026,14,14,10,S0063,0,0
PC2510002691,T2510002691,R001,2025-10-11,V0005,64,64,46,S0039,0,1
PC2510002692,T2510002692,R001,2025-10-11,V0006,45,44,25,S0039,0,2
PC2510002693,T2510002693,R006,2025-10-11,V0055,2,4,1,S0103,0,0
PC2510002694,T2510002694,R003,2025-10-11,V0040,26,23,18,S0027,0,0
PC2510002695,T2510002695,R001,2025-10-11,V0007,27,28,19,S0036,0,1
PC2510002696,T2510002696,R001,2025-10-11,V0008,28,29,17,S0035,0,2
PC2510002697,T2510002697,R002,2025-10-11,V0027,10,11,7,S0059,0,1
PC2510002699,T2510002699,R003,2025-10-11,V0041,18,18,10,S0078,0,1
PC2510002701,T2510002701,R001,2025-10-11,V0009,76,75,52,S0038,0,5
PC2510002702,T2510002702,R002,2025-10-11,V0028,20,21,12,S0063,0,0
PC2510002704,T2510002704,R004,2025-10-11,V0048,31,30,19,S0080,0,5
PC2510002705,T2510002705,R006,2025-10-11,V0056,4,6,2,S0100,0,0
PC2510002706,T2510002706,R003,2025-10-11,V0042,19,19,13,S0073,0,2
PC2510002707,T2510002707,R005,2025-10-11,V0050,18,18,12,S0089,0,0
PC2510002708,T2510002708,R007,2025-10-11,V0059,9,11,7,S0116,0,0
PC2510002710,T2510002710,R001,2025-10-11,V0011,31,30,17,S0034,0,1
PC2510002712,T2510002712,R006,2025-10-11,V0057,6,6,4,S0105,0,0
PC2510002713,T2510002713,R008,2025-10-11,V0064,16,17,13,S0122,0,0
PC2510002714,T2510002714,R003,2025-10-11,V0043,18,19,11,S0075,0,0
PC2510002715,T2510002715,R007,2025-10-11,V0060,6,8,5,S0111,0,1
PC2510002716,T2510002716,R001,2025-10-11,V0012,57,58,34,S0040,0,2
PC2510002717,T2510002717,R001,2025-10-11,V0013,61,60,35,S0034,0,5
PC2510002720,T2510002720,R004,2025-10-11,V0045,14,14,9,S0082,0,0
PC2510002721,T2510002721,R003,2025-10-11,V0044,18,19,12,S0076,0,1
PC2510002723,T2510002723,R001,2025-10-11,V0015,55,55,40,S0034,0,3
PC2510002724,T2510002724,R008,2025-10-11,V0063,5,3,4,S0122,0,0
PC2510002726,T2510002726,R001,2025-10-11,V0017,41,41,30,S0035,0,2
PC2510002727,T2510002727,R003,2025-10-11,V0036,29,28,18,S0073,0,4
PC2510002728,T2510002728,R002,2025-10-11,V0031,31,30,20,S0059,0,2
PC2510002729,T2510002729,R001,2025-10-11,V0016,60,62,43,S0038,0,2
PC2510002730,T2510002730,R004,2025-10-11,V0046,16,17,10,S0083,0,0
PC2510002731,T2510002731,R003,2025-10-11,V0037,35,34,21,S0071,0,1
PC2510002732,T2510002732,R005,2025-10-11,V0051,20,20,13,S0035,0,1
PC2510002733,T2510002733,R001,2025-10-11,V0019,134,133,99,S0042,0,6
PC2510002735,T2510002735,R006,2025-10-11,V0058,6,6,3,S0105,0,0
PC2510002737,T2510002737,R005,2025-10-11,V0052,33,33,22,S0089,0,2
PC2510002738,T2510002738,R007,2025-10-11,V0061,9,9,8,S0116,0,0
PC2510002739,T2510002739,R002,2025-10-11,V0032,34,35,22,S0063,0,2
PC2510002740,T2510002740,R006,2025-10-11,V0054,13,10,8,S0104,0,1
PC2510002742,T2510002742,R008,2025-10-11,V0064,43,42,33,S0123,0,0
PC2510002743,T2510002743,R003,2025-10-11,V0038,26,27,16,S0076,0,0
PC2510002744,T2510002744,R007,2025-10-11,V0059,14,13,13,S0117,0,0
PC2510002745,T2510002745,R002,2025-10-11,V0033,38,38,23,S0059,0,2
PC2510002746,T2510002746,R001,2025-10-11,V0020,60,62,37,S0034,0,0
PC2510002747,T2510002747,R003,2025-10-11,V0039,26,24,18,S0067,0,0
PC2510002748,T2510002748,R001,2025-10-11,V0021,114,116,72,S0034,0,4
PC2510002749,T2510002749,R001,2025-10-11,V0022,95,96,64,S0034,0,3
PC2510002750,T2510002750,R002,2025-10-11,V0034,36,39,26,S0058,0,3
PC2510002751,T2510002751,R001,2025-10-11,V0024,150,151,112,S0038,0,10
PC2510002752,T2510002752,R003,2025-10-11,V0040,14,15,8,S0076,0,0
PC2510002754,T2510002754,R001,2025-10-11,V0023,77,78,48,S0039,0,4
PC2510002755,T2510002755,R004,2025-10-11,V0048,41,41,25,S0082,0,4
PC2510002756,T2510002756,R003,2025-10-11,V0041,22,22,13,S0075,0,2
PC2510002757,T2510002757,R005,2025-10-11,V0053,69,69,39,S0088,0,3
PC2510002758,T2510002758,R001,2025-10-11,V0002,78,80,57,S0040,0,1
PC2510002759,T2510002759,R004,2025-10-11,V0045,23,22,13,S0081,0,1
PC2510002760,T2510002760,R006,2025-10-11,V0055,15,16,11,S0108,0,0
PC2510002762,T2510002762,R001,2025-10-11,V0001,52,51,33,S0040,0,2
PC2510002764,T2510002764,R002,2025-10-11,V0035,43,45,30,S0061,0,1
PC2510002765,T2510002765,R006,2025-10-11,V0056,14,13,10,S0104,0,1
PC2510002766,T2510002766,R001,2025-10-11,V0004,56,57,32,S0038,0,7
PC2510002767,T2510002767,R003,2025-10-11,V0042,26,27,16,S0067,0,2
PC2510002768,T2510002768,R002,2025-10-11,V0025,41,42,25,S0005,0,1
PC2510002769,T2510002769,R001,2025-10-11,V0003,64,64,46,S0033,0,8
PC2510002770,T2510002770,R003,2025-10-11,V0043,41,40,28,S0075,0,2
PC2510002771,T2510002771,R001,2025-10-11,V0006,62,61,35,S0032,0,6
PC2510002772,T2510002772,R001,2025-10-11,V0005,103,101,68,S0036,0,8
PC2510002773,T2510002773,R007,2025-10-11,V0060,19,20,17,S0119,0,0
PC2510002774,T2510002774,R002,2025-10-11,V0026,26,28,16,S0058,0,0
PC2510002776,T2510002776,R001,2025-10-11,V0008,57,58,38,S0036,0,5
PC2510002777,T2510002777,R007,2025-10-11,V0061,25,27,21,S0115,0,0
PC2510002778,T2510002778,R003,2025-10-11,V0044,22,22,13,S0074,0,2
PC2510002779,T2510002779,R002,2025-10-11,V0027,14,13,9,S0005,0,0
PC2510002780,T2510002780,R001,2025-10-11,V0007,78,79,52,S0036,0,3
PC2510002781,T2510002781,R004,2025-10-11,V0046,50,50,32,S0084,0,2
PC2510002782,T2510002782,R003,2025-10-11,V0036,35,32,23,S0074,0,3
PC2510002783,T2510002783,R005,2025-10-11,V0050,48,48,35,S0089,0,4
PC2510002786,T2510002786,R006,2025-10-11,V0057,10,12,7,S0105,0,1
PC2510002787,T2510002787,R005,2025-10-11,V0051,-19,41,27,S0088,0,0
PC2510002788,T2510002788,R001,2025-10-11,V0009,78,77,44,S0038,0,6
PC2510002789,T2510002789,R006,2025-10-11,V0058,15,14,11,S0102,0,0
PC2510002790,T2510002790,R002,2025-10-11,V0028,26,28,15,S0063,0,1
PC2510002791,T2510002791,R001,2025-10-11,V0011,91,91,65,S0036,0,5
PC2510002792,T2510002792,R003,2025-10-11,V0037,31,32,22,S0077,0,1
PC2510002795,T2510002795,R003,2025-10-11,V0038,53,54,30,S0075,0,2
PC2510002796,T2510002796,R001,2025-10-11,V0012,110,109,61,S0039,0,4
PC2510002797,T2510002797,R008,2025-10-11,V0063,30,31,23,S0121,0,1
PC2510002798,T2510002798,R001,2025-10-11,V0013,160,159,111,S0046,0,11
PC2510002801,T2510002801,R003,2025-10-11,V0039,25,26,16,S0075,0,1
PC2510002802,T2510002802,R002,2025-10-11,V0031,30,30,19,S0005,0,1
PC2510002803,T2510002803,R004,2025-10-11,V0048,45,49,29,S0081,0,4
PC2510002804,T2510002804,R001,2025-10-11,V0015,61,63,38,S0035,0,3
PC2510002805,T2510002805,R003,2025-10-11,V0040,44,44,25,S0072,0,1
PC2510002806,T2510002806,R005,2025-10-11,V0052,57,58,36,S0078,0,5
PC2510002807,T2510002807,R004,2025-10-11,V0045,43,45,29,S0082,0,2
PC2510002809,T2510002809,R006,2025-10-11,V0054,14,14,10,S0104,0,1
PC2510002810,T2510002810,R005,2025-10-11,V0053,32,31,18,S0025,0,1
PC2510002811,T2510002811,R001,2025-10-11,V0017,48,48,33,S0037,0,1
PC2510002812,T2510002812,R007,2025-10-11,V0059,36,35,27,S0117,0,1
PC2510002813,T2510002813,R006,2025-10-11,V0055,18,19,12,S0103,0,0
PC2510002814,T2510002814,R002,2025-10-11,V0032,48,46,35,S0067,0,2
PC2510002815,T2510002815,R008,2025-10-11,V0064,55,57,42,S0122,48,3
PC2510002816,T2510002816,R001,2025-10-11,V0016,70,71,44,S0040,0,3
PC2510002817,T2510002817,R007,2025-10-11,V0060,19,18,16,S0116,0,0
PC2510002820,T2510002820,R001,2025-10-11,V0019,102,103,66,S0037,0,3
PC2510002821,T2510002821,R003,2025-10-11,V0041,13,13,8,S0078,0,1
PC2510002823,T2510002823,R001,2025-10-11,V0020,125,127,77,S0035,0,6
PC2510002824,T2510002824,R002,2025-10-11,V0033,31,31,23,S0064,0,1
PC2510002825,T2510002825,R001,2025-10-11,V0021,89,89,62,S0039,0,2
PC2510002826,T2510002826,R003,2025-10-11,V0042,66,65,41,S0077,0,3
PC2510002827,T2510002827,R004,2025-10-11,V0046,47,48,28,S0086,0,1
PC2510002828,T2510002828,R002,2025-10-11,V0034,49,49,27,S0067,0,2
PC2510002829,T2510002829,R001,2025-10-11,V0022,130,130,349,S0037,0,6
PC2510002833,T2510002833,R001,2025-10-11,V0024,110,113,65,S0004,0,6
PC2510002834,T2510002834,R006,2025-10-11,V0056,22,25,13,S0103,0,1
PC2510002836,T2510002836,R005,2025-10-11,V0050,59,58,38,S0078,0,4
PC2510002837,T2510002837,R001,2025-10-11,V0023,50,49,29,S0044,0,1
PC2510002838,T2510002838,R006,2025-10-11,V0057,14,14,9,S0101,0,0
PC2510002839,T2510002839,R002,2025-10-11,V0035,39,40,24,S0061,0,0
PC2510002840,T2510002840,R001,2025-10-11,V0002,103,104,71,S0038,0,7
PC2510002841,T2510002841,R003,2025-10-11,V0043,27,27,17,S0074,0,1
PC2510002842,T2510002842,R001,2025-10-11,V0001,84,85,61,S0004,0,5
PC2510002843,T2510002843,R003,2025-10-11,V0044,55,54,37,S0074,0,0
PC2510002844,T2510002844,R008,2025-10-11,V0063,10,12,8,S0124,0,1
PC2510002845,T2510002845,R005,2025-10-11,V0051,10,-14,7,S0078,0,0
PC2510002846,T2510002846,R002,2025-10-11,V0025,12,12,9,S0063,0,0
PC2510002847,T2510002847,R006,2025-10-11,V0058,7,7,5,S0107,0,0
PC2510002848,T2510002848,R001,2025-10-11,V0004,92,90,57,S0034,0,6
PC2510002849,T2510002849,R001,2025-10-11,V0003,52,50,29,S0034,0,0
PC2510002850,T2510002850,R003,2025-10-11,V0036,30,32,18,S0076,0,1
PC2510002851,T2510002851,R002,2025-10-11,V0026,34,34,23,S0057,0,0
PC2510002852,T2510002852,R004,2025-10-11,V0048,16,17,11,S0082,0,1
PC2510002853,T2510002853,R001,2025-10-11,V0006,36,36,21,S0040,0,0
PC2510002854,T2510002854,R001,2025-10-11,V0005,64,64,37,S0033,0,7
PC2510002855,T2510002855,R003,2025-10-11,V0037,37,38,26,S0076,0,0
PC2510002856,T2510002856,R005,2025-10-11,V0052,23,23,17,S0025,0,1
PC2510002857,T2510002857,R002,2025-10-11,V0027,16,15,9,S0064,0,0
PC2510002858,T2510002858,R004,2025-10-11,V0045,25,23,17,S0080,0,1
PC2510002859,T2510002859,R001,2025-10-11,V0008,103,102,61,S0005,0,7
PC2510002860,T2510002860,R006,2025-10-11,V0054,22,20,14,S0105,0,3
PC2510002861,T2510002861,R001,2025-10-11,V0007,88,88,56,S0033,0,5
PC2510002862,T2510002862,R003,2025-10-11,V0038,17,16,11,S0077,0,1
PC2510002863,T2510002863,R005,2025-10-11,V0053,22,23,16,S0025,0,0
PC2510002864,T2510002864,R007,2025-10-11,V0061,50,51,40,S0117,0,4
PC2510002865,T2510002865,R002,2025-10-11,V0028,24,24,14,S0060,0,2
PC2510002866,T2510002866,R006,2025-10-11,V0055,1,2,1,S0107,0,0
PC2510002868,T2510002868,R001,2025-10-11,V0009,57,56,38,S0038,0,4
PC2510002869,T2510002869,R008,2025-10-11,V0064,50,51,38,S0123,0,2
PC2510002870,T2510002870,R003,2025-10-11,V0039,25,26,15,S0075,0,3
PC2510002871,T2510002871,R007,2025-10-11,V0059,37,39,32,S0119,0,3
PC2510002874,T2510002874,R001,2025-10-11,V0011,65,63,47,S0038,0,2
PC2510002875,T2510002875,R004,2025-10-11,V0046,14,14,9,S0081,0,2
PC2510002876,T2510002876,R001,2025-10-11,V0012,58,58,39,S0034,0,3
PC2510002877,T2510002877,R003,2025-10-11,V0040,15,16,9,S0074,0,2
PC2510002881,T2510002881,R001,2025-10-11,V0013,80,81,57,S0039,0,3
PC2510002882,T2510002882,R001,2025-10-11,V0015,42,42,31,S0036,0,3
PC2510002883,T2510002883,R006,2025-10-11,V0056,23,24,15,S0104,0,3
PC2510002884,T2510002884,R003,2025-10-11,V0041,25,26,19,S0075,0,1
PC2510002885,T2510002885,R005,2025-10-11,V0050,25,24,18,S0077,0,1
PC2510002886,T2510002886,R002,2025-10-11,V0031,13,13,9,S0061,0,0
PC2510002888,T2510002888,R001,2025-10-11,V0017,51,51,37,S0037,0,4
PC2510002889,T2510002889,R006,2025-10-11,V0057,10,13,7,S0098,0,0
PC2510002890,T2510002890,R003,2025-10-11,V0042,37,39,24,S0077,0,2
PC2510002891,T2510002891,R002,2025-10-11,V0032,25,26,14,S0056,0,2
PC2510002892,T2510002892,R001,2025-10-11,V0016,27,28,18,S0035,0,1
PC2510002893,T2510002893,R001,2025-10-11,V0019,62,61,45,S0041,0,3
PC2510002894,T2510002894,R004,2025-10-11,V0048,30,32,22,S0082,0,0
PC2510002895,T2510002895,R007,2025-10-11,V0060,12,14,9,S0117,0,3
PC2510002896,T2510002896,R003,2025-10-11,V0043,26,27,15,S0077,0,0
PC2510002897,T2510002897,R005,2025-10-11,V0051,38,39,28,S0089,0,2
PC2510002898,T2510002898,R008,2025-10-11,V0063,18,16,14,S0123,0,2
PC2510002900,T2510002900,R002,2025-10-11,V0033,26,25,19,S0063,0,1
PC2510002901,T2510002901,R001,2025-10-11,V0020,58,57,33,S0039,0,4
PC2510002902,T2510002902,R004,2025-10-11,V0045,19,21,11,S0081,0,1
PC2510002903,T2510002903,R007,2025-10-11,V0061,21,21,17,S0114,0,0
PC2510002904,T2510002904,R006,2025-10-11,V0058,4,3,2,S0103,0,1
PC2510002905,T2510002905,R008,2025-10-11,V0064,25,25,22,S0123,0,0
PC2510002906,T2510002906,R003,2025-10-11,V0044,18,18,13,S0027,0,1
PC2510002907,T2510002907,R005,2025-10-11,V0052,20,21,13,S0066,0,0
PC2510002908,T2510002908,R002,2025-10-11,V0034,45,45,30,S0056,0,1
PC2510002909,T2510002909,R001,2025-10-11,V0021,39,40,25,S0035,0,4
PC2510002910,T2510002910,R001,2025-10-11,V0022,69,70,45,S0039,0,5
PC2510002911,T2510002911,R006,2025-10-11,V0054,7,8,5,S0103,0,0
PC2510002912,T2510002912,R003,2025-10-11,V0036,26,27,18,S0072,0,1
PC2510002913,T2510002913,R001,2025-10-11,V0024,41,41,30,S0033,0,4
PC2510002914,T2510002914,R001,2025-10-11,V0023,71,73,51,S0039,0,4
PC2510002915,T2510002915,R002,2025-10-11,V0035,20,18,13,S0064,0,0
PC2510002916,T2510002916,R004,2025-10-11,V0046,16,16,9,S0083,0,1
PC2510002917,T2510002917,R003,2025-10-11,V0037,38,40,26,S0075,0,4
PC2510002918,T2510002918,R005,2025-10-11,V0053,11,13,8,S0091,0,0
PC2510002919,T2510002919,R001,2025-10-11,V0002,52,54,31,S0042,0,4
PC2510002920,T2510002920,R002,2025-10-11,V0025,15,15,10,S0005,0,0
PC2510002921,T2510002921,R001,2025-10-11,V0001,94,95,65,S0040,0,4
PC2510002923,T2510002923,R006,2025-10-11,V0055,11,13,6,S0105,0,1
PC2510002924,T2510002924,R003,2025-10-11,V0038,55,55,35,S0074,0,1
PC2510002926,T2510002926,R007,2025-10-11,V0059,11,11,9,S0114,0,1
PC2510002927,T2510002927,R001,2025-10-11,V0004,42,41,31,S0038,0,5
PC2510002928,T2510002928,R001,2025-10-11,V0003,63,62,44,S0033,0,3
PC2510002929,T2510002929,R002,2025-10-11,V0026,24,25,16,S0059,0,2
PC2510002930,T2510002930,R006,2025-10-11,V0056,6,7,4,S0097,0,0
PC2510002932,T2510002932,R003,2025-10-11,V0039,8,7,5,S0078,0,1
PC2510002933,T2510002933,R007,2025-10-11,V0060,10,11,8,S0115,0,0
PC2510002934,T2510002934,R001,2025-10-11,V0005,67,70,45,S0040,0,4
PC2510002935,T2510002935,R001,2025-10-11,V0006,69,69,41,S0042,0,7
PC2510002936,T2510002936,R002,2025-10-11,V0027,24,24,15,S0063,0,1
PC2510002937,T2510002937,R008,2025-10-11,V0063,15,13,12,S0123,0,0
PC2510002938,T2510002938,R004,2025-10-11,V0048,-9,36,22,S0080,0,3
PC2510002939,T2510002939,R003,2025-10-11,V0040,29,28,16,S0075,0,1
PC2510002940,T2510002940,R001,2025-10-11,V0007,25,23,16,S0032,0,2
PC2510002942,T2510002942,R005,2025-10-11,V0050,7,6,4,S0078,0,0
PC2510002943,T2510002943,R002,2025-10-11,V0028,13,12,10,S0059,0,0
PC2510002944,T2510002944,R004,2025-10-11,V0045,16,16,10,S0080,0,1
PC2510002945,T2510002945,R006,2025-10-11,V0057,11,11,8,S0102,0,2
PC2510002946,T2510002946,R003,2025-10-11,V0041,10,9,7,S0075,0,0
PC2510002947,T2510002947,R001,2025-10-11,V0008,60,58,44,S0036,0,1
PC2510002948,T2510002948,R005,2025-10-11,V0052,23,23,16,S0066,0,3
PC2510002951,T2510002951,R006,2025-10-11,V0058,13,13,8,S0099,0,0
PC2510002952,T2510002952,R003,2025-10-11,V0042,17,19,10,S0071,0,0
PC2510002953,T2510002953,R001,2025-10-11,V0009,58,60,33,S0039,0,7
PC2510002954,T2510002954,R001,2025-10-11,V0011,39,40,29,S0042,0,4
PC2510002956,T2510002956,R001,2025-10-11,V0012,26,26,18,S0031,0,2
PC2510002957,T2510002957,R008,2025-10-11,V0064,18,16,16,S0122,0,1
PC2510002958,T2510002958,R002,2025-10-11,V0031,8,6,5,S0066,0,0
PC2510002959,T2510002959,R001,2025-10-11,V0015,56,55,33,S0037,0,0
PC2510002960,T2510002960,R003,2025-10-11,V0043,36,-15,20,S0075,0,2
PC2510002961,T2510002961,R002,2025-10-11,V0032,29,28,21,S0057,0,0
PC2510002962,T2510002962,R004,2025-10-11,V0046,21,21,14,S0081,0,0
PC2510002964,T2510002964,R003,2025-10-11,V0044,27,26,18,S0073,0,1
PC2510002965,T2510002965,R005,2025-10-11,V0051,31,33,22,S0078,0,1
PC2510002967,T2510002967,R006,2025-10-11,V0054,9,6,5,S0103,0,1
PC2510002968,T2510002968,R001,2025-10-11,V0013,116,117,65,S0030,0,6
PC2510002969,T2510002969,R005,2025-10-11,V0053,17,17,10,S0078,0,0
PC2510002970,T2510002970,R007,2025-10-11,V0061,9,8,8,S0116,0,1
PC2510002971,T2510002971,R006,2025-10-11,V0055,6,6,4,S0099,0,0
PC2510002973,T2510002973,R001,2025-10-11,V0017,79,78,46,S0036,0,4
PC2510002974,T2510002974,R007,2025-10-11,V0059,21,21,16,S0116,0,0
PC2510002975,T2510002975,R001,2025-10-11,V0016,126,125,79,S0037,0,4
PC2510002976,T2510002976,R002,2025-10-11,V0033,22,23,16,S0063,0,0
PC2510002977,T2510002977,R003,2025-10-11,V0036,50,49,28,S0075,0,3
PC2510002978,T2510002978,R002,2025-10-11,V0034,30,29,22,S0059,0,4
PC2510002979,T2510002979,R001,2025-10-11,V0019,147,148,108,S0035,0,3
PC2510002980,T2510002980,R003,2025-10-11,V0037,55,56,32,S0076,0,3
PC2510002981,T2510002981,R001,2025-10-11,V0020,45,45,26,S0033,0,2
PC2510002983,T2510002983,R001,2025-10-11,V0022,53,54,31,S0033,0,2
PC2510002985,T2510002985,R004,2025-10-11,V0048,69,69,38,S0084,0,5
PC2510002986,T2510002986,R006,2025-10-11,V0056,6,5,4,S0104,0,1
PC2510002988,T2510002988,R008,2025-10-11,V0063,32,33,26,S0123,0,2
PC2510002989,T2510002989,R005,2025-10-11,V0050,33,33,22,S0025,0,0
PC2510002990,T2510002990,R002,2025-10-11,V0035,26,27,15,S0063,0,0
PC2510002991,T2510002991,R006,2025-10-11,V0057,12,10,7,S0102,0,1
PC2510002992,T2510002992,R001,2025-10-11,V0021,79,77,53,S0040,0,6
PC2510002993,T2510002993,R003,2025-10-11,V0038,25,25,15,S0077,0,2
PC2510002994,T2510002994,R002,2025-10-11,V0025,28,26,18,S0067,0,1
PC2510002995,T2510002995,R001,2025-10-11,V0024,36,34,21,S0038,0,2
PC2510002996,T2510002996,R003,2025-10-11,V0039,43,42,228,S0027,0,1
PC2510002997,T2510002997,R001,2025-10-11,V0023,54,55,40,S0038,0,5
PC2510002998,T2510002998,R007,2025-10-11,V0060,9,8,7,S0117,0,1
PC2510002999,T2510002999,R001,2025-10-11,V0002,37,38,25,S0034,0,2
PC2510003000,T2510003000,R008,2025-10-11,V0064,10,10,8,S0124,0,0
PC2510003001,T2510003001,R007,2025-10-11,V0061,7,8,6,S0116,0,1
PC2510003002,T2510003002,R004,2025-10-11,V0045,14,14,8,S0080,0,0
PC2510003003,T2510003003,R001,2025-10-11,V0001,63,61,44,S0033,0,3
PC2510003004,T2510003004,R002,2025-10-11,V0026,11,11,7,S0005,0,0
PC2510003005,T2510003005,R005,2025-10-11,V0052,19,19,12,S0066,0,0
PC2510003006,T2510003006,R001,2025-10-12,V0001,3,2,2,S0033,0,1
PC2510003008,T2510003008,R002,2025-10-12,V0025,5,5,3,S0057,0,0
PC2510003009,T2510003009,R001,2025-10-12,V0002,2,2,1,S0030,0,0
PC2510003010,T2510003010,R003,2025-10-12,V0036,2,2,1,S0067,0,0
PC2510003011,T2510003011,R002,2025-10-12,V0026,0,1,0,S0061,0,0
PC2510003012,T2510003012,R004,2025-10-12,V0045,0,0,0,S0083,0,0
PC2510003013,T2510003013,R001,2025-10-12,V0003,1,0,1,S0037,0,0
PC2510003014,T2510003014,R003,2025-10-12,V0037,3,4,2,S0076,0,0
PC2510003016,T2510003016,R004,2025-10-12,V0046,3,6,2,S0079,0,0
PC2510003017,T2510003017,R001,2025-10-12,V0004,13,14,8,S0034,0,0
PC2510003018,T2510003018,R006,2025-10-12,V0054,0,0,0,S0106,0,0
PC2510003019,T2510003019,R005,2025-10-12,V0050,2,2,1,S0078,0,0
PC2510003020,T2510003020,R007,2025-10-12,V0059,0,1,0,S0117,0,0
PC2510003021,T2510003021,R001,2025-10-12,V0005,7,7,5,S0032,0,0
PC2510003022,T2510003022,R006,2025-10-12,V0055,0,0,0,S0104,0,0
PC2510003023,T2510003023,R008,2025-10-12,V0063,3,4,2,S0125,0,0
PC2510003024,T2510003024,R002,2025-10-12,V0027,8,7,5,S0066,0,0
PC2510003025,T2510003025,R007,2025-10-12,V0060,3,4,3,S0112,0,0
PC2510003026,T2510003026,R001,2025-10-12,V0006,8,8,5,S0035,0,0
PC2510003027,T2510003027,R003,2025-10-12,V0038,4,4,2,S0071,0,1
PC2510003028,T2510003028,R002,2025-10-12,V0028,6,5,4,S0057,0,0
PC2510003029,T2510003029,R001,2025-10-12,V0007,16,16,11,S0037,0,0
PC2510003030,T2510003030,R003,2025-10-12,V0039,2,0,1,S0075,0,0
PC2510003031,T2510003031,R001,2025-10-12,V0008,18,18,11,S0039,0,1
PC2510003032,T2510003032,R001,2025-10-12,V0009,14,15,10,S0036,0,1
PC2510003035,T2510003035,R008,2025-10-12,V0064,9,11,7,S0121,0,0
PC2510003036,T2510003036,R006,2025-10-12,V0056,0,0,0,S0039,0,0
PC2510003038,T2510003038,R001,2025-10-12,V0011,31,30,23,S0005,0,1
PC2510003039,T2510003039,R003,2025-10-12,V0040,13,12,10,S0073,0,1
PC2510003040,T2510003040,R001,2025-10-12,V0012,13,12,7,S0039,0,0
PC2510003042,T2510003042,R004,2025-10-12,V0048,4,4,3,S0079,0,0
PC2510003043,T2510003043,R003,2025-10-12,V0041,5,5,4,S0076,0,0
PC2510003044,T2510003044,R001,2025-10-12,V0013,26,27,19,S0031,0,3
PC2510003045,T2510003045,R005,2025-10-12,V0051,9,9,5,S0090,0,1
PC2510003047,T2510003047,R004,2025-10-12,V0045,9,10,7,S0081,0,0
PC2510003048,T2510003048,R006,2025-10-12,V0057,8,7,5,S0106,0,0
PC2510003049,T2510003049,R002,2025-10-12,V0031,10,9,6,S0063,0,2
PC2510003050,T2510003050,R005,2025-10-12,V0052,10,11,6,S0088,0,0
PC2510003051,T2510003051,R001,2025-10-12,V0015,18,16,10,S0044,0,1
PC2510003052,T2510003052,R007,2025-10-12,V0061,5,6,4,S0115,0,0
PC2510003053,T2510003053,R003,2025-10-12,V0042,6,6,4,S0025,0,0
PC2510003054,T2510003054,R001,2025-10-12,V0016,18,19,10,S0033,0,1
PC2510003055,T2510003055,R006,2025-10-12,V0058,3,3,2,S0104,0,0
PC2510003056,T2510003056,R002,2025-10-12,V0032,10,9,7,S0063,0,0
PC2510003058,T2510003058,R007,2025-10-12,V0059,3,1,2,S0117,0,1
PC2510003059,T2510003059,R003,2025-10-12,V0043,5,4,3,S0027,0,0
PC2510003060,T2510003060,R001,2025-10-12,V0017,14,15,8,S0005,0,0
PC2510003062,T2510003062,R004,2025-10-12,V0046,9,7,5,S0083,0,0
PC2510003063,T2510003063,R002,2025-10-12,V0033,19,18,13,S0066,0,0
PC2510003065,T2510003065,R001,2025-10-12,V0019,12,12,8,S0037,0,0
PC2510003066,T2510003066,R005,2025-10-12,V0053,40,41,23,S0088,0,0
PC2510003067,T2510003067,R003,2025-10-12,V0044,19,19,12,S0076,0,2
PC2510003068,T2510003068,R001,2025-10-12,V0020,27,26,20,S0034,0,2
PC2510003070,T2510003070,R002,2025-10-12,V0034,38,38,25,S0063,0,0
PC2510003071,T2510003071,R006,2025-10-12,V0054,3,4,2,S0099,0,0
PC2510003073,T2510003073,R003,2025-10-12,V0036,23,23,13,S0073,0,0
PC2510003074,T2510003074,R001,2025-10-12,V0021,29,28,21,S0034,0,3
PC2510003075,T2510003075,R001,2025-10-12,V0022,33,35,24,S0005,0,1
PC2510003076,T2510003076,R006,2025-10-12,V0055,8,9,5,S0107,0,0
PC2510003077,T2510003077,R002,2025-10-12,V0035,20,20,13,S0064,0,1
PC2510003078,T2510003078,R001,2025-10-12,V0023,13,15,10,S0034,0,1
PC2510003079,T2510003079,R003,2025-10-12,V0037,32,33,23,S0075,0,4
PC2510003080,T2510003080,R001,2025-10-12,V0024,27,27,18,S0042,0,3
PC2510003081,T2510003081,R002,2025-10-12,V0025,30,32,19,S0059,0,2
PC2510003082,T2510003082,R007,2025-10-12,V0060,6,7,5,S0118,0,0
PC2510003083,T2510003083,R004,2025-10-12,V0048,11,11,7,S0080,0,0
PC2510003084,T2510003084,R003,2025-10-12,V0038,27,26,20,S0076,0,4
PC2510003085,T2510003085,R001,2025-10-12,V0001,23,23,15,S0043,0,2
PC2510003086,T2510003086,R008,2025-10-12,V0063,3,1,3,S0123,0,1
PC2510003087,T2510003087,R005,2025-10-12,V0050,40,40,24,S0090,0,2
PC2510003088,T2510003088,R001,2025-10-12,V0002,42,43,27,S0030,0,6
PC2510003089,T2510003089,R002,2025-10-12,V0026,17,20,10,S0062,0,1
PC2510003090,T2510003090,R002,2025-10-12,V0027,21,20,15,S0059,0,1
PC2510003091,T2510003091,R003,2025-10-12,V0039,20,20,15,S0076,0,1
PC2510003092,T2510003092,R003,2025-10-12,V0040,3,4,2,S0075,0,0
PC2510003093,T2510003093,R005,2025-10-12,V0052,0,0,0,S0034,0,0
PC2510003094,T2510003094,R005,2025-10-12,V0051,47,47,28,S0088,0,4
PC2510003095,T2510003095,R007,2025-10-12,V0061,7,9,6,S0115,0,0
PC2510003096,T2510003096,R004,2025-10-12,V0045,10,12,7,S0079,0,0
PC2510003097,T2510003097,R006,2025-10-12,V0056,11,11,7,S0102,0,1
PC2510003098,T2510003098,R002,2025-10-12,V0028,3,2,2,S0062,0,0
PC2510003099,T2510003099,R005,2025-10-12,V0053,6,7,4,S0088,0,0
PC2510003100,T2510003100,R001,2025-10-12,V0003,13,11,8,S0038,0,1
PC2510003101,T2510003101,R003,2025-10-12,V0041,24,25,18,S0076,0,0
PC2510003103,T2510003103,R006,2025-10-12,V0057,2,3,1,S0105,0,0
PC2510003104,T2510003104,R008,2025-10-12,V0064,20,20,15,S0125,0,0
PC2510003107,T2510003107,R002,2025-10-12,V0031,2,2,1,S0062,0,0
PC2510003108,T2510003108,R003,2025-10-12,V0042,13,12,9,S0077,0,0
PC2510003109,T2510003109,R003,2025-10-12,V0043,21,19,14,S0074,0,1
PC2510003111,T2510003111,R005,2025-10-12,V0050,23,23,16,S0076,0,1
PC2510003112,T2510003112,R003,2025-10-12,V0044,9,11,7,S0075,0,0
PC2510003113,T2510003113,R001,2025-10-12,V0004,17,18,11,S0032,0,2
PC2510003114,T2510003114,R001,2025-10-12,V0005,98,-35,70,S0031,0,7
PC2510003116,T2510003116,R002,2025-10-12,V0032,27,31,19,S0062,0,0
PC2510003117,T2510003117,R002,2025-10-12,V0033,7,5,5,S0065,0,2
PC2510003118,T2510003118,R002,2025-10-12,V0034,10,9,7,S0064,0,1
PC2510003119,T2510003119,R003,2025-10-12,V0036,33,33,23,S0075,0,3
PC2510003120,T2510003120,R003,2025-10-12,V0037,30,28,18,S0077,0,1
PC2510003121,T2510003121,R005,2025-10-12,V0052,33,35,22,S0078,0,1
PC2510003122,T2510003122,R005,2025-10-12,V0051,16,16,10,S0025,0,0
PC2510003123,T2510003123,R001,2025-10-12,V0006,35,35,26,S0005,0,3
PC2510003124,T2510003124,R005,2025-10-12,V0053,5,8,3,S0066,0,0
PC2510003125,T2510003125,R003,2025-10-12,V0040,22,21,15,S0075,0,1
PC2510003126,T2510003126,R001,2025-10-12,V0007,23,22,16,S0034,0,2
PC2510003127,T2510003127,R004,2025-10-12,V0046,8,8,5,S0081,0,0
PC2510003128,T2510003128,R002,2025-10-12,V0035,25,24,17,S0005,0,0
PC2510003129,T2510003129,R006,2025-10-12,V0058,3,1,2,S0105,0,0
PC2510003131,T2510003131,R003,2025-10-12,V0039,13,11,8,S0072,0,1
PC2510003132,T2510003132,R001,2025-10-12,V0008,29,30,19,S0042,0,1
PC2510003133,T2510003133,R007,2025-10-12,V0059,1,1,1,S0113,0,0
PC2510003134,T2510003134,R001,2025-10-12,V0009,21,20,13,S0044,0,1
PC2510003136,T2510003136,R002,2025-10-12,V0025,47,47,31,S0062,0,0
PC2510003138,T2510003138,R003,2025-10-12,V0038,33,35,21,S0075,0,6
PC2510003139,T2510003139,R002,2025-10-12,V0026,45,44,32,S0067,0,2
PC2510003141,T2510003141,R001,2025-10-12,V0011,61,61,38,S0034,0,2
PC2510003142,T2510003142,R003,2025-10-12,V0043,54,54,36,S0076,0,0
PC2510003143,T2510003143,R005,2025-10-12,V0050,45,43,32,S0088,0,0
PC2510003144,T2510003144,R004,2025-10-12,V0048,17,17,12,S0080,0,2
PC2510003145,T2510003145,R001,2025-10-12,V0012,56,55,32,S0036,0,5
PC2510003146,T2510003146,R006,2025-10-12,V0054,3,2,2,S0103,0,0
PC2510003147,T2510003147,R005,2025-10-12,V0051,46,47,32,S0088,0,4
PC2510003149,T2510003149,R001,2025-10-12,V0013,61,61,44,S0041,0,3
PC2510003150,T2510003150,R006,2025-10-12,V0055,22,23,16,S0039,0,3
PC2510003151,T2510003151,R008,2025-10-12,V0063,37,36,32,S0124,0,0
PC2510003153,T2510003153,R007,2025-10-12,V0060,15,17,12,S0117,0,0
PC2510003155,T2510003155,R003,2025-10-12,V0041,84,83,55,S0073,0,2
PC2510003156,T2510003156,R002,2025-10-12,V0027,65,66,37,S0005,0,0
PC2510003158,T2510003158,R003,2025-10-12,V0042,104,104,73,S0077,0,7
PC2510003159,T2510003159,R001,2025-10-12,V0015,89,90,66,S0038,0,8
PC2510003160,T2510003160,R001,2025-10-12,V0016,30,-31,21,S0043,0,4
PC2510003161,T2510003161,R002,2025-10-12,V0028,133,132,98,S0057,129,4
PC2510003162,T2510003162,R001,2025-10-12,V0017,69,69,48,S0038,0,5
PC2510003163,T2510003163,R003,2025-10-12,V0044,49,48,32,S0067,0,0
PC2510003166,T2510003166,R004,2025-10-12,V0045,25,23,18,S0084,0,2
PC2510003167,T2510003167,R003,2025-10-12,V0036,58,58,40,S0074,0,4
PC2510003168,T2510003168,R005,2025-10-12,V0052,112,111,62,S0091,0,6
PC2510003169,T2510003169,R001,2025-10-12,V0019,48,49,34,S0039,0,5
PC2510003170,T2510003170,R004,2025-10-12,V0046,51,50,38,S0080,0,1
PC2510003171,T2510003171,R006,2025-10-12,V0056,14,15,8,S0039,0,0
PC2510003172,T2510003172,R005,2025-10-12,V0053,76,76,54,S0088,0,5
PC2510003173,T2510003173,R001,2025-10-12,V0020,37,37,22,S0039,0,3
PC2510003174,T2510003174,R008,2025-10-12,V0064,28,27,24,S0122,0,2
PC2510003175,T2510003175,R006,2025-10-12,V0057,11,13,6,S0101,0,0
PC2510003176,T2510003176,R002,2025-10-12,V0031,105,106,75,S0062,0,3
PC2510003177,T2510003177,R001,2025-10-12,V0021,79,79,55,S0031,0,2
PC2510003178,T2510003178,R003,2025-10-12,V0037,57,58,34,S0077,0,5
PC2510003180,T2510003180,R001,2025-10-12,V0022,48,48,31,S0042,0,2
PC2510003181,T2510003181,R003,2025-10-12,V0040,64,64,45,S0027,0,0
PC2510003182,T2510003182,R001,2025-10-12,V0023,57,59,35,S0041,0,3
PC2510003183,T2510003183,R001,2025-10-12,V0001,96,95,54,S0038,0,2
PC2510003184,T2510003184,R007,2025-10-12,V0061,18,19,16,S0116,0,1
PC2510003186,T2510003186,R001,2025-10-12,V0024,80,81,48,S0033,0,4
PC2510003187,T2510003187,R002,2025-10-12,V0033,90,89,61,S0005,0,6
PC2510003188,T2510003188,R007,2025-10-12,V0059,9,9,7,S0116,0,0
PC2510003190,T2510003190,R001,2025-10-12,V0002,49,50,28,S0037,0,1
PC2510003191,T2510003191,R002,2025-10-12,V0032,94,93,69,S0065,0,3
PC2510003193,T2510003193,R003,2025-10-12,V0038,116,116,66,S0027,0,2
PC2510003195,T2510003195,R001,2025-10-12,V0003,29,29,20,S0032,0,1
PC2510003196,T2510003196,R004,2025-10-12,V0048,45,45,29,S0080,0,1
PC2510003197,T2510003197,R006,2025-10-12,V0058,10,10,7,S0106,0,0
PC2510003198,T2510003198,R005,2025-10-12,V0050,113,113,68,S0088,0,6
PC2510003199,T2510003199,R001,2025-10-12,V0004,70,72,45,S0033,0,4
PC2510003200,T2510003200,R006,2025-10-12,V0054,4,4,3,S0039,0,0
PC2510003201,T2510003201,R001,2025-10-12,V0006,50,50,34,S0033,0,7
PC2510003202,T2510003202,R002,2025-10-12,V0034,59,61,37,S0064,0,2
PC2510003203,T2510003203,R003,2025-10-12,V0039,158,159,98,S0075,19,5
PC2510003204,T2510003204,R001,2025-10-12,V0005,45,46,32,S0042,0,3
PC2510003205,T2510003205,R002,2025-10-12,V0035,84,84,48,S0005,0,6
PC2510003206,T2510003206,R003,2025-10-12,V0043,64,62,46,S0077,0,3
PC2510003209,T2510003209,R008,2025-10-12,V0063,17,18,14,S0123,0,0
PC2510003210,T2510003210,R001,2025-10-12,V0007,171,171,127,S0033,0,10
PC2510003211,T2510003211,R002,2025-10-12,V0025,62,62,45,S0061,0,0
PC2510003212,T2510003212,R003,2025-10-12,V0041,54,54,35,S0073,0,3
PC2510003214,T2510003214,R002,2025-10-12,V0026,57,56,40,S0062,0,5
PC2510003215,T2510003215,R004,2025-10-12,V0045,29,31,19,S0081,0,2
PC2510003216,T2510003216,R003,2025-10-12,V0042,95,97,69,S0074,0,6
PC2510003217,T2510003217,R001,2025-10-12,V0009,64,66,43,S0005,0,2
PC2510003218,T2510003218,R005,2025-10-12,V0051,112,112,77,S0091,0,4
PC2510003219,T2510003219,R004,2025-10-12,V0046,34,35,22,S0079,0,0
PC2510003220,T2510003220,R006,2025-10-12,V0055,16,16,12,S0039,0,0
PC2510003221,T2510003221,R001,2025-10-12,V0008,163,164,102,S0034,0,7
PC2510003222,T2510003222,R005,2025-10-12,V0053,137,136,98,S0078,13,6
PC2510003223,T2510003223,R007,2025-10-12,V0060,10,11,8,S0118,0,0
PC2510003224,T2510003224,R006,2025-10-12,V0056,26,24,18,S0099,0,0
PC2510003226,T2510003226,R008,2025-10-12,V0064,45,44,36,S0122,0,0
PC2510003228,T2510003228,R007,2025-10-12,V0061,44,44,40,S0117,0,2
PC2510003229,T2510003229,R003,2025-10-12,V0044,64,62,38,S0078,0,2
PC2510003230,T2510003230,R001,2025-10-12,V0011,74,72,42,S0039,0,3
PC2510003231,T2510003231,R002,2025-10-12,V0027,82,80,54,S0057,0,5
PC2510003232,T2510003232,R003,2025-10-12,V0036,116,117,84,S0074,0,7
PC2510003233,T2510003233,R001,2025-10-12,V0012,37,33,26,S0041,0,2
PC2510003234,T2510003234,R001,2025-10-12,V0013,84,82,57,S0038,0,9
PC2510003237,T2510003237,R006,2025-10-12,V0057,15,16,11,S0103,0,0
PC2510003238,T2510003238,R002,2025-10-12,V0028,130,130,78,S0061,0,8
PC2510003239,T2510003239,R001,2025-10-12,V0015,102,101,59,S0042,0,4
PC2510003240,T2510003240,R003,2025-10-12,V0037,129,127,80,S0073,0,6
PC2510003241,T2510003241,R001,2025-10-12,V0016,40,40,26,S0036,0,2
PC2510003244,T2510003244,R003,2025-10-12,V0040,82,82,56,S0075,0,6
PC2510003245,T2510003245,R001,2025-10-12,V0017,40,40,28,S0036,0,3
PC2510003246,T2510003246,R005,2025-10-12,V0052,134,135,98,S0089,32,8
PC2510003248,T2510003248,R004,2025-10-12,V0048,27,28,19,S0081,0,2
PC2510003249,T2510003249,R006,2025-10-12,V0058,22,21,15,S0105,0,3
PC2510003250,T2510003250,R002,2025-10-12,V0031,26,26,15,S0063,0,2
PC2510003253,T2510003253,R007,2025-10-12,V0059,21,22,19,S0115,0,1
PC2510003254,T2510003254,R003,2025-10-12,V0038,56,56,37,S0078,0,2
PC2510003255,T2510003255,R001,2025-10-12,V0019,62,62,39,S0044,0,5
PC2510003256,T2510003256,R006,2025-10-12,V0054,11,10,7,S0107,0,0
PC2510003258,T2510003258,R008,2025-10-12,V0063,33,32,25,S0124,0,1
PC2510003259,T2510003259,R007,2025-10-12,V0060,23,23,20,S0118,0,2
PC2510003260,T2510003260,R003,2025-10-12,V0039,60,59,35,S0076,0,5
PC2510003261,T2510003261,R001,2025-10-12,V0020,155,154,105,S0037,0,12
PC2510003262,T2510003262,R001,2025-10-12,V0021,39,40,27,S0039,0,3
PC2510003265,T2510003265,R008,2025-10-12,V0064,22,23,20,S0122,0,1
PC2510003266,T2510003266,R001,2025-10-12,V0022,42,43,30,S0035,0,2
PC2510003267,T2510003267,R005,2025-10-12,V0050,90,91,59,S0078,0,4
PC2510003268,T2510003268,R003,2025-10-12,V0043,104,104,65,S0073,0,4
PC2510003269,T2510003269,R001,2025-10-12,V0023,64,64,46,S0042,0,4
PC2510003270,T2510003270,R004,2025-10-12,V0045,12,12,9,S0081,0,1
PC2510003271,T2510003271,R002,2025-10-12,V0033,106,107,73,S0063,0,6
PC2510003272,T2510003272,R006,2025-10-12,V0055,10,13,7,S0105,0,2
PC2510003273,T2510003273,R005,2025-10-12,V0051,79,79,56,S0066,0,5
PC2510003274,T2510003274,R003,2025-10-12,V0041,73,73,49,S0027,0,2
PC2510003275,T2510003275,R001,2025-10-12,V0001,66,65,45,S0035,0,4
PC2510003276,T2510003276,R001,2025-10-12,V0024,49,49,31,S0045,0,3
PC2510003278,T2510003278,R002,2025-10-12,V0032,51,55,37,S0060,0,3
PC2510003279,T2510003279,R001,2025-10-12,V0002,62,60,42,S0005,0,4
PC2510003280,T2510003280,R003,2025-10-12,V0042,87,87,60,S0074,0,8
PC2510003281,T2510003281,R001,2025-10-12,V0003,54,55,35,S0036,0,7
PC2510003282,T2510003282,R002,2025-10-12,V0034,53,51,35,S0056,0,3
PC2510003283,T2510003283,R002,2025-10-12,V0035,31,30,19,S0065,0,0
PC2510003284,T2510003284,R002,2025-10-12,V0025,2,3,1,S0058,0,0
PC2510003285,T2510003285,R003,2025-10-12,V0044,17,16,11,S0075,0,2
PC2510003286,T2510003286,R003,2025-10-12,V0036,85,86,54,S0075,0,3
PC2510003287,T2510003287,R005,2025-10-12,V0053,36,37,22,S0025,0,4
PC2510003288,T2510003288,R005,2025-10-12,V0052,38,37,27,S0025,0,1
PC2510003289,T2510003289,R007,2025-10-12,V0061,9,8,8,S0118,0,0
PC2510003290,T2510003290,R004,2025-10-12,V0046,29,26,17,S0081,0,0
PC2510003291,T2510003291,R003,2025-10-12,V0037,3,4,2,S0077,0,0
PC2510003292,T2510003292,R001,2025-10-12,V0004,76,79,52,S0044,0,2
PC2510003295,T2510003295,R001,2025-10-12,V0006,73,73,40,S0040,0,6
PC2510003296,T2510003296,R007,2025-10-12,V0059,9,9,8,S0116,0,0
PC2510003298,T2510003298,R002,2025-10-12,V0026,34,35,19,S0060,0,4
PC2510003299,T2510003299,R002,2025-10-12,V0027,3,4,2,S0064,0,0
PC2510003300,T2510003300,R003,2025-10-12,V0040,19,22,11,S0073,0,0
PC2510003301,T2510003301,R003,2025-10-12,V0038,23,25,16,S0077,0,1
PC2510003302,T2510003302,R005,2025-10-12,V0050,34,36,21,S0066,0,1
PC2510003303,T2510003303,R005,2025-10-12,V0051,82,82,61,S0025,0,5
PC2510003304,T2510003304,R006,2025-10-12,V0056,5,4,3,S0039,0,0
PC2510003305,T2510003305,R002,2025-10-12,V0028,6,5,3,S0061,0,0
PC2510003306,T2510003306,R005,2025-10-12,V0053,36,37,21,S0078,0,2
PC2510003307,T2510003307,R001,2025-10-12,V0005,51,52,31,S0038,0,3
PC2510003308,T2510003308,R003,2025-10-12,V0039,18,17,13,S0076,0,0
PC2510003309,T2510003309,R001,2025-10-12,V0007,27,28,19,S0040,0,0
PC2510003310,T2510003310,R006,2025-10-12,V0057,23,-1,14,S0102,0,2
PC2510003311,T2510003311,R008,2025-10-12,V0063,24,24,21,S0122,0,1
PC2510003313,T2510003313,R002,2025-10-12,V0031,45,45,32,S0063,0,2
PC2510003315,T2510003315,R003,2025-10-12,V0043,8,7,5,S0076,0,1
PC2510003316,T2510003316,R003,2025-10-12,V0041,75,75,49,S0075,0,5
PC2510003317,T2510003317,R005,2025-10-12,V0052,89,87,61,S0088,0,4
PC2510003319,T2510003319,R003,2025-10-12,V0042,75,77,44,S0073,0,6
PC2510003320,T2510003320,R001,2025-10-12,V0009,75,75,48,S0031,0,8
PC2510003321,T2510003321,R001,2025-10-12,V0008,58,57,36,S0046,0,5
PC2510003322,T2510003322,R002,2025-10-12,V0033,44,44,27,S0066,0,2
PC2510003323,T2510003323,R002,2025-10-12,V0032,60,60,37,S0005,0,3
PC2510003324,T2510003324,R003,2025-10-12,V0036,46,46,31,S0073,0,0
PC2510003325,T2510003325,R003,2025-10-12,V0037,10,8,7,S0073,0,0
PC2510003326,T2510003326,R005,2025-10-12,V0050,50,50,31,S0091,0,3
PC2510003327,T2510003327,R005,2025-10-12,V0051,113,115,82,S0089,0,4
PC2510003328,T2510003328,R004,2025-10-12,V0048,8,8,6,S0082,0,0
PC2510003329,T2510003329,R002,2025-10-12,V0034,49,50,161,S0062,0,2
PC2510003331,T2510003331,R005,2025-10-12,V0053,49,50,29,S0088,0,3
PC2510003333,T2510003333,R001,2025-10-12,V0011,81,82,51,S0035,0,7
PC2510003334,T2510003334,R004,2025-10-12,V0045,34,32,24,S0082,0,4
PC2510003335,T2510003335,R002,2025-10-12,V0025,8,9,4,S0063,0,0
PC2510003336,T2510003336,R006,2025-10-12,V0058,5,5,3,S0105,0,1
PC2510003338,T2510003338,R003,2025-10-12,V0044,1,1,1,S0074,0,0
PC2510003339,T2510003339,R001,2025-10-12,V0013,65,65,39,S0040,0,5
PC2510003340,T2510003340,R007,2025-10-12,V0060,4,3,3,S0114,0,0
PC2510003341,T2510003341,R001,2025-10-12,V0012,79,79,59,S0038,0,7
PC2510003342,T2510003342,R006,2025-10-12,V0054,8,7,5,S0103,0,0
PC2510003343,T2510003343,R008,2025-10-12,V0064,8,9,7,S0123,0,0
PC2510003344,T2510003344,R002,2025-10-12,V0035,6,3,4,S0058,0,1
PC2510003345,T2510003345,R007,2025-10-12,V0061,13,13,12,S0117,0,0
PC2510003347,T2510003347,R003,2025-10-12,V0040,15,16,9,S0078,0,0
PC2510003348,T2510003348,R001,2025-10-12,V0016,69,69,48,S0037,0,5
PC2510003349,T2510003349,R002,2025-10-12,V0028,8,7,6,S0061,0,0
PC2510003352,T2510003352,R003,2025-10-12,V0038,24,26,18,S0072,0,0
PC2510003353,T2510003353,R001,2025-10-12,V0015,46,44,28,S0031,0,2
PC2510003354,T2510003354,R005,2025-10-12,V0052,8,8,4,S0088,0,1
PC2510003355,T2510003355,R001,2025-10-12,V0017,75,74,44,S0037,0,4
PC2510003356,T2510003356,R008,2025-10-12,V0063,4,3,3,S0121,0,0
PC2510003357,T2510003357,R002,2025-10-12,V0026,9,9,6,S0067,0,0
PC2510003359,T2510003359,R003,2025-10-12,V0039,14,14,9,S0073,0,1
PC2510003360,T2510003360,R002,2025-10-12,V0027,29,30,20,S0059,0,1
PC2510003361,T2510003361,R004,2025-10-12,V0046,39,39,29,S0080,0,2
PC2510003362,T2510003362,R003,2025-10-12,V0043,30,26,22,S0077,0,3
PC2510003363,T2510003363,R005,2025-10-12,V0050,19,19,13,S0090,0,0
PC2510003364,T2510003364,R001,2025-10-12,V0019,80,80,52,S0041,0,2
PC2510003366,T2510003366,R006,2025-10-12,V0055,10,13,7,S0105,0,1
PC2510003367,T2510003367,R005,2025-10-12,V0051,13,13,9,S0025,0,1
PC2510003368,T2510003368,R001,2025-10-12,V0021,118,120,67,S0033,0,1
PC2510003369,T2510003369,R007,2025-10-12,V0059,1,2,1,S0114,0,0
PC2510003370,T2510003370,R006,2025-10-12,V0056,14,14,8,S0099,0,1
PC2510003371,T2510003371,R008,2025-10-12,V0064,15,15,12,S0125,0,0
PC2510003372,T2510003372,R007,2025-10-12,V0060,4,4,3,S0116,0,0
PC2510003373,T2510003373,R001,2025-10-12,V0020,87,88,53,S0041,0,5
PC2510003374,T2510003374,R001,2025-10-12,V0022,100,100,59,S0035,0,1
PC2510003376,T2510003376,R003,2025-10-12,V0041,56,55,34,S0074,0,1
PC2510003377,T2510003377,R002,2025-10-12,V0031,47,47,31,S0057,0,3
PC2510003378,T2510003378,R001,2025-10-12,V0024,82,82,48,S0041,0,6
PC2510003379,T2510003379,R003,2025-10-12,V0036,36,36,21,S0074,0,2
PC2510003380,T2510003380,R001,2025-10-12,V0023,83,83,57,S0035,0,4
PC2510003381,T2510003381,R004,2025-10-12,V0048,14,15,10,S0081,0,3
PC2510003382,T2510003382,R005,2025-10-12,V0053,15,16,10,S0025,0,2
PC2510003384,T2510003384,R004,2025-10-12,V0045,16,16,11,S0081,0,0
PC2510003385,T2510003385,R006,2025-10-12,V0057,7,8,4,S0104,0,1
PC2510003386,T2510003386,R005,2025-10-12,V0052,29,30,17,S0025,0,0
PC2510003387,T2510003387,R001,2025-10-12,V0001,68,71,46,S0032,0,0
PC2510003389,T2510003389,R006,2025-10-12,V0058,13,12,8,S0100,0,2
PC2510003392,T2510003392,R003,2025-10-12,V0037,13,12,10,S0078,0,0
PC2510003393,T2510003393,R002,2025-10-12,V0033,19,20,12,S0061,0,2
PC2510003394,T2510003394,R001,2025-10-12,V0003,44,43,33,S0034,0,5
PC2510003395,T2510003395,R003,2025-10-12,V0044,9,10,5,S0074,0,1
PC2510003396,T2510003396,R007,2025-10-12,V0061,13,14,11,S0117,0,0
