case_id,actual,spark_prediction,python_prediction,spark_probability,python_probability,match,agreement_status,disagreement_explanation
T2607009879_2026-07-02,On Time,On Time,Moderate,"[0.7067833698030634, 0.19037199124726478, 0.10284463894967177, 0.0]",0.40606686,False,SparkOnlyCorrect,"Spark had access to Phase 4 engineered features (rolling delay history, occupancy history); Python did not."
T2607008871_2026-07-02,On Time,On Time,On Time,"[0.9676320272572402, 0.030664395229982964, 0.0017035775127768314, 0.0]",0.4384565,True,BothCorrect,Both pipelines predicted same outcome.
T2607010150_2026-07-02,On Time,On Time,Moderate,"[0.7067833698030634, 0.19037199124726478, 0.10284463894967177, 0.0]",0.47220913,False,SparkOnlyCorrect,"Spark had access to Phase 4 engineered features (rolling delay history, occupancy history); Python did not."
T2607006510_2026-07-02,On Time,On Time,Severe,"[0.6063829787234043, 0.2393617021276596, 0.1524822695035461, 0.0017730496453900709]",0.4116001,False,SparkOnlyCorrect,"Spark had access to Phase 4 engineered features (rolling delay history, occupancy history); Python did not."
T2607006422_2026-07-02,Minor,Minor,Moderate,"[0.2336448598130841, 0.514018691588785, 0.24922118380062305, 0.003115264797507788]",0.4323329,False,SparkOnlyCorrect,"Spark had access to Phase 4 engineered features (rolling delay history, occupancy history); Python did not."
T2607006607_2026-07-02,Severe,Moderate,Severe,"[0.012944983818770227, 0.025889967637540454, 0.919093851132686, 0.042071197411003236]",0.604017,False,PyOnlyCorrect,"Spark had access to Phase 4 engineered features (rolling delay history, occupancy history); Python did not."
T2607009070_2026-07-02,On Time,On Time,On Time,"[0.9676320272572402, 0.030664395229982964, 0.0017035775127768314, 0.0]",0.44238967,True,BothCorrect,Both pipelines predicted same outcome.
T2607009018_2026-07-02,On Time,On Time,On Time,"[0.9593220338983051, 0.03389830508474576, 0.006779661016949152, 0.0]",0.41436663,True,BothCorrect,Both pipelines predicted same outcome.
T2607008599_2026-07-02,On Time,On Time,On Time,"[0.9676320272572402, 0.030664395229982964, 0.0017035775127768314, 0.0]",0.4576277,True,BothCorrect,Both pipelines predicted same outcome.
T2607005956_2026-07-02,On Time,On Time,On Time,"[0.9754204398447607, 0.02199223803363519, 0.00258732212160414, 0.0]",0.8185492,True,BothCorrect,Both pipelines predicted same outcome.
T2607011438_2026-07-02,On Time,On Time,On Time,"[1.0, 0.0, 0.0, 0.0]",0.492867,True,BothCorrect,Both pipelines predicted same outcome.
T2607007481_2026-07-02,On Time,On Time,Moderate,"[0.6063829787234043, 0.2393617021276596, 0.1524822695035461, 0.0017730496453900709]",0.3874889,False,SparkOnlyCorrect,"Spark had access to Phase 4 engineered features (rolling delay history, occupancy history); Python did not."
T2607010506_2026-07-02,On Time,On Time,Moderate,"[0.9007537688442211, 0.0829145728643216, 0.016331658291457288, 0.0]",0.41699186,False,SparkOnlyCorrect,"Spark had access to Phase 4 engineered features (rolling delay history, occupancy history); Python did not."
T2607010332_2026-07-02,Moderate,Moderate,Moderate,"[0.0, 0.019867549668874173, 0.7549668874172185, 0.2251655629139073]",0.39079562,True,BothCorrect,Both pipelines predicted same outcome.
T2607009263_2026-07-02,On Time,On Time,Moderate,"[0.9060402684563759, 0.053691275167785234, 0.03691275167785235, 0.003355704697986577]",0.42961326,False,SparkOnlyCorrect,"Spark had access to Phase 4 engineered features (rolling delay history, occupancy history); Python did not."
T2607010060_2026-07-02,Moderate,Moderate,Moderate,"[0.0, 0.019867549668874173, 0.7549668874172185, 0.2251655629139073]",0.48010853,True,BothCorrect,Both pipelines predicted same outcome.
T2607008971_2026-07-02,On Time,On Time,On Time,"[0.9676320272572402, 0.030664395229982964, 0.0017035775127768314, 0.0]",0.45935532,True,BothCorrect,Both pipelines predicted same outcome.
T2607006307_2026-07-02,On Time,On Time,Severe,"[0.9253731343283582, 0.06567164179104477, 0.008955223880597015, 0.0]",0.30767092,False,SparkOnlyCorrect,"Spark had access to Phase 4 engineered features (rolling delay history, occupancy history); Python did not."
T2607006248_2026-07-02,On Time,On Time,On Time,"[1.0, 0.0, 0.0, 0.0]",0.6443496,True,BothCorrect,Both pipelines predicted same outcome.
T2607010947_2026-07-02,Moderate,Moderate,Moderate,"[0.0, 0.019867549668874173, 0.7549668874172185, 0.2251655629139073]",0.4050896,True,BothCorrect,Both pipelines predicted same outcome.
T2607006519_2026-07-02,On Time,On Time,Severe,"[0.6063829787234043, 0.2393617021276596, 0.1524822695035461, 0.0017730496453900709]",0.68682456,False,SparkOnlyCorrect,"Spark had access to Phase 4 engineered features (rolling delay history, occupancy history); Python did not."
T2607006782_2026-07-02,On Time,On Time,Severe,"[0.9060402684563759, 0.053691275167785234, 0.03691275167785235, 0.003355704697986577]",0.5915147,False,SparkOnlyCorrect,"Spark had access to Phase 4 engineered features (rolling delay history, occupancy history); Python did not."
T2607008229_2026-07-02,On Time,On Time,On Time,"[0.6063829787234043, 0.2393617021276596, 0.1524822695035461, 0.0017730496453900709]",0.3863257,True,BothCorrect,Both pipelines predicted same outcome.
T2607005787_2026-07-02,On Time,On Time,On Time,"[1.0, 0.0, 0.0, 0.0]",0.8843503,True,BothCorrect,Both pipelines predicted same outcome.
T2607008364_2026-07-02,On Time,On Time,On Time,"[0.8828502415458938, 0.10748792270531402, 0.00966183574879227, 0.0]",0.37137017,True,BothCorrect,Both pipelines predicted same outcome.
T2607010322_2026-07-02,On Time,On Time,Moderate,"[0.9060402684563759, 0.053691275167785234, 0.03691275167785235, 0.003355704697986577]",0.47759372,False,SparkOnlyCorrect,"Spark had access to Phase 4 engineered features (rolling delay history, occupancy history); Python did not."
T2607011201_2026-07-02,On Time,On Time,On Time,"[0.9754204398447607, 0.02199223803363519, 0.00258732212160414, 0.0]",0.48060045,True,BothCorrect,Both pipelines predicted same outcome.
T2607007491_2026-07-02,Moderate,Moderate,Severe,"[0.0, 0.1340782122905028, 0.8044692737430168, 0.061452513966480445]",0.5189531,False,SparkOnlyCorrect,"Spark had access to Phase 4 engineered features (rolling delay history, occupancy history); Python did not."
T2607009272_2026-07-02,Severe,Severe,Severe,"[0.0, 0.0, 0.40625, 0.59375]",0.4303332,True,BothCorrect,Both pipelines predicted same outcome.
T2607006866_2026-07-02,Minor,Moderate,Severe,"[0.0, 0.1340782122905028, 0.8044692737430168, 0.061452513966480445]",0.36992377,False,BothWrong,"Spark had access to Phase 4 engineered features (rolling delay history, occupancy history); Python did not."
T2607007046_2026-07-02,Moderate,Moderate,Severe,"[0.0, 0.1340782122905028, 0.8044692737430168, 0.061452513966480445]",0.42894623,False,SparkOnlyCorrect,"Spark had access to Phase 4 engineered features (rolling delay history, occupancy history); Python did not."
T2607009360_2026-07-02,On Time,On Time,Severe,"[0.7067833698030634, 0.19037199124726478, 0.10284463894967177, 0.0]",0.44660297,False,SparkOnlyCorrect,"Spark had access to Phase 4 engineered features (rolling delay history, occupancy history); Python did not."
T2607010591_2026-07-02,On Time,On Time,Moderate,"[0.9007537688442211, 0.0829145728643216, 0.016331658291457288, 0.0]",0.39872953,False,SparkOnlyCorrect,"Spark had access to Phase 4 engineered features (rolling delay history, occupancy history); Python did not."
T2607006953_2026-07-02,On Time,Minor,Moderate,"[0.2336448598130841, 0.514018691588785, 0.24922118380062305, 0.003115264797507788]",0.43640408,False,BothWrong,"Spark had access to Phase 4 engineered features (rolling delay history, occupancy history); Python did not."
T2607007318_2026-07-02,On Time,On Time,Severe,"[0.9007537688442211, 0.0829145728643216, 0.016331658291457288, 0.0]",0.5483856,False,SparkOnlyCorrect,"Spark had access to Phase 4 engineered features (rolling delay history, occupancy history); Python did not."
T2607007228_2026-07-02,Moderate,Moderate,Severe,"[0.0, 0.0, 0.9885057471264368, 0.011494252873563218]",0.55940014,False,SparkOnlyCorrect,"Spark had access to Phase 4 engineered features (rolling delay history, occupancy history); Python did not."
T2607008818_2026-07-02,On Time,On Time,On Time,"[0.9593220338983051, 0.03389830508474576, 0.006779661016949152, 0.0]",0.402083,True,BothCorrect,Both pipelines predicted same outcome.
T2607009715_2026-07-02,Minor,Minor,Severe,"[0.1488095238095238, 0.5178571428571429, 0.31845238095238093, 0.01488095238095238]",0.3866187,False,SparkOnlyCorrect,"Spark had access to Phase 4 engineered features (rolling delay history, occupancy history); Python did not."
T2607009968_2026-07-02,Moderate,Moderate,Moderate,"[0.0, 0.14285714285714285, 0.8301158301158301, 0.02702702702702703]",0.47845024,True,BothCorrect,Both pipelines predicted same outcome.
T2607008180_2026-07-02,On Time,On Time,Moderate,"[0.9676320272572402, 0.030664395229982964, 0.0017035775127768314, 0.0]",0.3813695,False,SparkOnlyCorrect,"Spark had access to Phase 4 engineered features (rolling delay history, occupancy history); Python did not."
T2607010956_2026-07-02,Minor,Minor,Severe,"[0.1488095238095238, 0.5178571428571429, 0.31845238095238093, 0.01488095238095238]",0.5074886,False,SparkOnlyCorrect,"Spark had access to Phase 4 engineered features (rolling delay history, occupancy history); Python did not."
T2607009140_2026-07-02,On Time,On Time,On Time,"[0.6063829787234043, 0.2393617021276596, 0.1524822695035461, 0.0017730496453900709]",0.43454733,True,BothCorrect,Both pipelines predicted same outcome.
T2607008289_2026-07-02,On Time,On Time,On Time,"[0.8828502415458938, 0.10748792270531402, 0.00966183574879227, 0.0]",0.4258331,True,BothCorrect,Both pipelines predicted same outcome.
T2607008214_2026-07-02,On Time,On Time,On Time,"[1.0, 0.0, 0.0, 0.0]",0.6380564,True,BothCorrect,Both pipelines predicted same outcome.
T2607008720_2026-07-02,On Time,On Time,On Time,"[1.0, 0.0, 0.0, 0.0]",0.6031075,True,BothCorrect,Both pipelines predicted same outcome.
T2607008763_2026-07-02,On Time,On Time,On Time,"[1.0, 0.0, 0.0, 0.0]",0.41643882,True,BothCorrect,Both pipelines predicted same outcome.
T2607005866_2026-07-02,On Time,On Time,On Time,"[0.9432098765432099, 0.05596707818930041, 8.230452674897119E-4, 0.0]",0.8057868,True,BothCorrect,Both pipelines predicted same outcome.
T2607009169_2026-07-02,Moderate,Moderate,Moderate,"[0.0, 0.14285714285714285, 0.8301158301158301, 0.02702702702702703]",0.4616939,True,BothCorrect,Both pipelines predicted same outcome.
T2607007845_2026-07-02,Minor,On Time,Severe,"[0.9060402684563759, 0.053691275167785234, 0.03691275167785235, 0.003355704697986577]",0.45620942,False,BothWrong,"Spark had access to Phase 4 engineered features (rolling delay history, occupancy history); Python did not."
T2607009523_2026-07-02,On Time,On Time,Moderate,"[0.7067833698030634, 0.19037199124726478, 0.10284463894967177, 0.0]",0.4442686,False,SparkOnlyCorrect,"Spark had access to Phase 4 engineered features (rolling delay history, occupancy history); Python did not."
T2607009448_2026-07-02,Moderate,Moderate,Severe,"[0.0, 0.14285714285714285, 0.8301158301158301, 0.02702702702702703]",0.46267292,False,SparkOnlyCorrect,"Spark had access to Phase 4 engineered features (rolling delay history, occupancy history); Python did not."
T2607010599_2026-07-02,Minor,Moderate,Severe,"[0.0, 0.14285714285714285, 0.8301158301158301, 0.02702702702702703]",0.5006496,False,BothWrong,"Spark had access to Phase 4 engineered features (rolling delay history, occupancy history); Python did not."
T2607010868_2026-07-02,Minor,Minor,Severe,"[0.1488095238095238, 0.5178571428571429, 0.31845238095238093, 0.01488095238095238]",0.5059749,False,SparkOnlyCorrect,"Spark had access to Phase 4 engineered features (rolling delay history, occupancy history); Python did not."
T2607006039_2026-07-02,On Time,On Time,On Time,"[0.9432098765432099, 0.05596707818930041, 8.230452674897119E-4, 0.0]",0.45871568,True,BothCorrect,Both pipelines predicted same outcome.
T2607008926_2026-07-02,On Time,On Time,On Time,"[0.8828502415458938, 0.10748792270531402, 0.00966183574879227, 0.0]",0.49139714,True,BothCorrect,Both pipelines predicted same outcome.
T2607006771_2026-07-02,On Time,Minor,Moderate,"[0.2336448598130841, 0.514018691588785, 0.24922118380062305, 0.003115264797507788]",0.42452615,False,BothWrong,"Spark had access to Phase 4 engineered features (rolling delay history, occupancy history); Python did not."
T2607009126_2026-07-02,On Time,On Time,On Time,"[0.7815126050420168, 0.19327731092436976, 0.025210084033613446, 0.0]",0.3868011,True,BothCorrect,Both pipelines predicted same outcome.
T2607008523_2026-07-02,On Time,On Time,On Time,"[0.7815126050420168, 0.19327731092436976, 0.025210084033613446, 0.0]",0.3979457,True,BothCorrect,Both pipelines predicted same outcome.
T2607006874_2026-07-02,Moderate,Moderate,Severe,"[0.0, 0.1340782122905028, 0.8044692737430168, 0.061452513966480445]",0.6685357,False,SparkOnlyCorrect,"Spark had access to Phase 4 engineered features (rolling delay history, occupancy history); Python did not."
T2607007219_2026-07-02,On Time,On Time,Moderate,"[0.9060402684563759, 0.053691275167785234, 0.03691275167785235, 0.003355704697986577]",0.46840355,False,SparkOnlyCorrect,"Spark had access to Phase 4 engineered features (rolling delay history, occupancy history); Python did not."
T2607009612_2026-07-02,Moderate,Moderate,Moderate,"[0.0, 0.019867549668874173, 0.7549668874172185, 0.2251655629139073]",0.42479256,True,BothCorrect,Both pipelines predicted same outcome.
T2607007750_2026-07-02,Moderate,Moderate,Moderate,"[0.0, 0.1340782122905028, 0.8044692737430168, 0.061452513966480445]",0.4089166,True,BothCorrect,Both pipelines predicted same outcome.
T2607007673_2026-07-02,Minor,Minor,Severe,"[0.2336448598130841, 0.514018691588785, 0.24922118380062305, 0.003115264797507788]",0.45188808,False,SparkOnlyCorrect,"Spark had access to Phase 4 engineered features (rolling delay history, occupancy history); Python did not."
T2607007395_2026-07-02,On Time,On Time,Moderate,"[0.9060402684563759, 0.053691275167785234, 0.03691275167785235, 0.003355704697986577]",0.40073928,False,SparkOnlyCorrect,"Spark had access to Phase 4 engineered features (rolling delay history, occupancy history); Python did not."
T2607009533_2026-07-02,Minor,Minor,Severe,"[0.1488095238095238, 0.5178571428571429, 0.31845238095238093, 0.01488095238095238]",0.47259134,False,SparkOnlyCorrect,"Spark had access to Phase 4 engineered features (rolling delay history, occupancy history); Python did not."
T2607009176_2026-07-02,Moderate,Moderate,Severe,"[0.0, 0.14285714285714285, 0.8301158301158301, 0.02702702702702703]",0.4303332,False,SparkOnlyCorrect,"Spark had access to Phase 4 engineered features (rolling delay history, occupancy history); Python did not."
T2607007579_2026-07-02,On Time,On Time,Severe,"[0.6063829787234043, 0.2393617021276596, 0.1524822695035461, 0.0017730496453900709]",0.4364065,False,SparkOnlyCorrect,"Spark had access to Phase 4 engineered features (rolling delay history, occupancy history); Python did not."
T2607007837_2026-07-02,Minor,Minor,Moderate,"[0.2336448598130841, 0.514018691588785, 0.24922118380062305, 0.003115264797507788]",0.3746815,False,SparkOnlyCorrect,"Spark had access to Phase 4 engineered features (rolling delay history, occupancy history); Python did not."
T2607006167_2026-07-02,On Time,On Time,On Time,"[1.0, 0.0, 0.0, 0.0]",0.6545961,True,BothCorrect,Both pipelines predicted same outcome.
T2607006060_2026-07-02,On Time,On Time,On Time,"[1.0, 0.0, 0.0, 0.0]",0.58391076,True,BothCorrect,Both pipelines predicted same outcome.
T2607009975_2026-07-02,On Time,On Time,Severe,"[0.7067833698030634, 0.19037199124726478, 0.10284463894967177, 0.0]",0.35837835,False,SparkOnlyCorrect,"Spark had access to Phase 4 engineered features (rolling delay history, occupancy history); Python did not."
T2607008076_2026-07-02,On Time,On Time,Moderate,"[0.9676320272572402, 0.030664395229982964, 0.0017035775127768314, 0.0]",0.32969117,False,SparkOnlyCorrect,"Spark had access to Phase 4 engineered features (rolling delay history, occupancy history); Python did not."
T2607007982_2026-07-02,On Time,On Time,Minor,"[0.9432098765432099, 0.05596707818930041, 8.230452674897119E-4, 0.0]",0.35070476,False,SparkOnlyCorrect,"Spark had access to Phase 4 engineered features (rolling delay history, occupancy history); Python did not."
T2607010159_2026-07-02,Minor,Minor,Severe,"[0.1488095238095238, 0.5178571428571429, 0.31845238095238093, 0.01488095238095238]",0.35934463,False,SparkOnlyCorrect,"Spark had access to Phase 4 engineered features (rolling delay history, occupancy history); Python did not."
T2607007924_2026-07-02,On Time,On Time,Moderate,"[1.0, 0.0, 0.0, 0.0]",0.48538214,False,SparkOnlyCorrect,"Spark had access to Phase 4 engineered features (rolling delay history, occupancy history); Python did not."
T2607006598_2026-07-02,On Time,On Time,Moderate,"[0.6063829787234043, 0.2393617021276596, 0.1524822695035461, 0.0017730496453900709]",0.45415944,False,SparkOnlyCorrect,"Spark had access to Phase 4 engineered features (rolling delay history, occupancy history); Python did not."
T2607006692_2026-07-02,On Time,On Time,Severe,"[0.84375, 0.10786290322580645, 0.04838709677419355, 0.0]",0.62538815,False,SparkOnlyCorrect,"Spark had access to Phase 4 engineered features (rolling delay history, occupancy history); Python did not."
T2607011406_2026-07-02,On Time,On Time,Minor,"[0.8603174603174604, 0.10476190476190476, 0.03492063492063492, 0.0]",0.44972557,False,SparkOnlyCorrect,"Spark had access to Phase 4 engineered features (rolling delay history, occupancy history); Python did not."
T2607007309_2026-07-02,Minor,Moderate,Moderate,"[0.0, 0.1340782122905028, 0.8044692737430168, 0.061452513966480445]",0.37734354,True,BothWrong,Both pipelines predicted same outcome.
T2607010686_2026-07-02,Moderate,Moderate,Severe,"[0.0, 0.14285714285714285, 0.8301158301158301, 0.02702702702702703]",0.51630723,False,SparkOnlyCorrect,"Spark had access to Phase 4 engineered features (rolling delay history, occupancy history); Python did not."
T2607010245_2026-07-02,Severe,Moderate,Moderate,"[0.012944983818770227, 0.025889967637540454, 0.919093851132686, 0.042071197411003236]",0.3679671,True,BothWrong,Both pipelines predicted same outcome.
T2607007038_2026-07-02,On Time,Minor,Moderate,"[0.2336448598130841, 0.514018691588785, 0.24922118380062305, 0.003115264797507788]",0.45363688,False,BothWrong,"Spark had access to Phase 4 engineered features (rolling delay history, occupancy history); Python did not."
T2607009351_2026-07-02,On Time,Minor,Moderate,"[0.1488095238095238, 0.5178571428571429, 0.31845238095238093, 0.01488095238095238]",0.424278,False,BothWrong,"Spark had access to Phase 4 engineered features (rolling delay history, occupancy history); Python did not."
T2607010514_2026-07-02,Minor,On Time,Severe,"[0.7067833698030634, 0.19037199124726478, 0.10284463894967177, 0.0]",0.4753658,False,BothWrong,"Spark had access to Phase 4 engineered features (rolling delay history, occupancy history); Python did not."
T2607009623_2026-07-02,On Time,On Time,Severe,"[0.7067833698030634, 0.19037199124726478, 0.10284463894967177, 0.0]",0.49325192,False,SparkOnlyCorrect,"Spark had access to Phase 4 engineered features (rolling delay history, occupancy history); Python did not."
T2607009802_2026-07-02,Moderate,Moderate,Severe,"[0.0, 0.14285714285714285, 0.8301158301158301, 0.02702702702702703]",0.37624764,False,SparkOnlyCorrect,"Spark had access to Phase 4 engineered features (rolling delay history, occupancy history); Python did not."
T2607008835_2026-07-02,On Time,On Time,On Time,"[0.8828502415458938, 0.10748792270531402, 0.00966183574879227, 0.0]",0.5481562,True,BothCorrect,Both pipelines predicted same outcome.
T2607006328_2026-07-02,Severe,Severe,Moderate,"[0.0, 0.0, 0.2222222222222222, 0.7777777777777778]",0.40124193,False,SparkOnlyCorrect,"Spark had access to Phase 4 engineered features (rolling delay history, occupancy history); Python did not."
T2607006335_2026-07-02,On Time,On Time,Severe,"[0.6063829787234043, 0.2393617021276596, 0.1524822695035461, 0.0017730496453900709]",0.6772466,False,SparkOnlyCorrect,"Spark had access to Phase 4 engineered features (rolling delay history, occupancy history); Python did not."
T2607009156_2026-07-02,On Time,On Time,Minor,"[0.8603174603174604, 0.10476190476190476, 0.03492063492063492, 0.0]",0.3711784,False,SparkOnlyCorrect,"Spark had access to Phase 4 engineered features (rolling delay history, occupancy history); Python did not."
T2607008649_2026-07-02,On Time,On Time,On Time,"[0.9253731343283582, 0.06567164179104477, 0.008955223880597015, 0.0]",0.65516645,True,BothCorrect,Both pipelines predicted same outcome.
T2607011343_2026-07-02,On Time,On Time,On Time,"[1.0, 0.0, 0.0, 0.0]",0.527296,True,BothCorrect,Both pipelines predicted same outcome.
T2607005896_2026-07-02,On Time,On Time,On Time,"[0.9754204398447607, 0.02199223803363519, 0.00258732212160414, 0.0]",0.8594153,True,BothCorrect,Both pipelines predicted same outcome.
T2607008550_2026-07-02,On Time,On Time,On Time,"[0.7815126050420168, 0.19327731092436976, 0.025210084033613446, 0.0]",0.6392967,True,BothCorrect,Both pipelines predicted same outcome.
T2607008453_2026-07-02,Minor,On Time,On Time,"[0.6063829787234043, 0.2393617021276596, 0.1524822695035461, 0.0017730496453900709]",0.3962447,True,BothWrong,Both pipelines predicted same outcome.
T2607011309_2026-07-02,On Time,On Time,Minor,"[1.0, 0.0, 0.0, 0.0]",0.5094702,False,SparkOnlyCorrect,"Spark had access to Phase 4 engineered features (rolling delay history, occupancy history); Python did not."
T2607010409_2026-07-02,Moderate,Moderate,Moderate,"[0.012944983818770227, 0.025889967637540454, 0.919093851132686, 0.042071197411003236]",0.41186264,True,BothCorrect,Both pipelines predicted same outcome.
T2607010236_2026-07-02,Moderate,Severe,Moderate,"[0.0, 0.0, 0.40625, 0.59375]",0.42592308,False,PyOnlyCorrect,"Spark had access to Phase 4 engineered features (rolling delay history, occupancy history); Python did not."
T2607010678_2026-07-02,Moderate,Moderate,Moderate,"[0.0, 0.019867549668874173, 0.7549668874172185, 0.2251655629139073]",0.43421584,True,BothCorrect,Both pipelines predicted same outcome.
T2607005978_2026-07-02,On Time,On Time,On Time,"[1.0, 0.0, 0.0, 0.0]",0.525801,True,BothCorrect,Both pipelines predicted same outcome.
T2607008804_2026-07-02,On Time,On Time,On Time,"[0.84375, 0.10786290322580645, 0.04838709677419355, 0.0]",0.49568212,True,BothCorrect,Both pipelines predicted same outcome.
T2607011079_2026-07-02,On Time,On Time,On Time,"[0.9754204398447607, 0.02199223803363519, 0.00258732212160414, 0.0]",0.50844127,True,BothCorrect,Both pipelines predicted same outcome.
T2607010772_2026-07-02,On Time,On Time,Severe,"[0.7067833698030634, 0.19037199124726478, 0.10284463894967177, 0.0]",0.51579124,False,SparkOnlyCorrect,"Spark had access to Phase 4 engineered features (rolling delay history, occupancy history); Python did not."
T2607009887_2026-07-02,On Time,On Time,Severe,"[0.9007537688442211, 0.0829145728643216, 0.016331658291457288, 0.0]",0.3752466,False,SparkOnlyCorrect,"Spark had access to Phase 4 engineered features (rolling delay history, occupancy history); Python did not."
T2607010859_2026-07-02,On Time,Minor,Moderate,"[0.1488095238095238, 0.5178571428571429, 0.31845238095238093, 0.01488095238095238]",0.3760058,False,BothWrong,"Spark had access to Phase 4 engineered features (rolling delay history, occupancy history); Python did not."
T2607010069_2026-07-02,On Time,On Time,Moderate,"[0.7067833698030634, 0.19037199124726478, 0.10284463894967177, 0.0]",0.40536857,False,SparkOnlyCorrect,"Spark had access to Phase 4 engineered features (rolling delay history, occupancy history); Python did not."
T2607006138_2026-07-02,On Time,On Time,On Time,"[1.0, 0.0, 0.0, 0.0]",0.43125707,True,BothCorrect,Both pipelines predicted same outcome.
T2607011035_2026-07-02,On Time,On Time,On Time,"[1.0, 0.0, 0.0, 0.0]",0.43885186,True,BothCorrect,Both pipelines predicted same outcome.
T2607008329_2026-07-02,On Time,On Time,On Time,"[0.9253731343283582, 0.06567164179104477, 0.008955223880597015, 0.0]",0.5947202,True,BothCorrect,Both pipelines predicted same outcome.
T2607008684_2026-07-02,Minor,Minor,On Time,"[0.2631578947368421, 0.49122807017543857, 0.24561403508771928, 0.0]",0.47066915,False,SparkOnlyCorrect,"Spark had access to Phase 4 engineered features (rolling delay history, occupancy history); Python did not."
T2607011503_2026-07-02,On Time,Minor,On Time,"[0.4166666666666667, 0.5, 0.08333333333333333, 0.0]",0.43839,False,PyOnlyCorrect,"Spark had access to Phase 4 engineered features (rolling delay history, occupancy history); Python did not."
T2607008401_2026-07-02,On Time,On Time,On Time,"[1.0, 0.0, 0.0, 0.0]",0.6293156,True,BothCorrect,Both pipelines predicted same outcome.
T2607010420_2026-07-02,Minor,Minor,Severe,"[0.1488095238095238, 0.5178571428571429, 0.31845238095238093, 0.01488095238095238]",0.39699313,False,SparkOnlyCorrect,"Spark had access to Phase 4 engineered features (rolling delay history, occupancy history); Python did not."
T2607007127_2026-07-02,On Time,Minor,Moderate,"[0.2336448598130841, 0.514018691588785, 0.24922118380062305, 0.003115264797507788]",0.49678662,False,BothWrong,"Spark had access to Phase 4 engineered features (rolling delay history, occupancy history); Python did not."
T2607007134_2026-07-02,Minor,Minor,Severe,"[0.2336448598130841, 0.514018691588785, 0.24922118380062305, 0.003115264797507788]",0.4809991,False,SparkOnlyCorrect,"Spark had access to Phase 4 engineered features (rolling delay history, occupancy history); Python did not."
T2607007758_2026-07-02,Moderate,Moderate,Severe,"[0.0, 0.1340782122905028, 0.8044692737430168, 0.061452513966480445]",0.4807503,False,SparkOnlyCorrect,"Spark had access to Phase 4 engineered features (rolling delay history, occupancy history); Python did not."
T2607008030_2026-07-02,On Time,On Time,On Time,"[0.9754204398447607, 0.02199223803363519, 0.00258732212160414, 0.0]",0.54986006,True,BothCorrect,Both pipelines predicted same outcome.
T2607009794_2026-07-02,On Time,On Time,Moderate,"[0.9007537688442211, 0.0829145728643216, 0.016331658291457288, 0.0]",0.40606686,False,SparkOnlyCorrect,"Spark had access to Phase 4 engineered features (rolling delay history, occupancy history); Python did not."
T2607010765_2026-07-02,Moderate,Moderate,Moderate,"[0.0, 0.019867549668874173, 0.7549668874172185, 0.2251655629139073]",0.42626917,True,BothCorrect,Both pipelines predicted same outcome.
T2607006227_2026-07-02,On Time,On Time,Severe,"[0.9754204398447607, 0.02199223803363519, 0.00258732212160414, 0.0]",0.31109315,False,SparkOnlyCorrect,"Spark had access to Phase 4 engineered features (rolling delay history, occupancy history); Python did not."
T2607009707_2026-07-02,Minor,Minor,Moderate,"[0.1488095238095238, 0.5178571428571429, 0.31845238095238093, 0.01488095238095238]",0.4449628,False,SparkOnlyCorrect,"Spark had access to Phase 4 engineered features (rolling delay history, occupancy history); Python did not."
T2607006682_2026-07-02,On Time,On Time,Moderate,"[0.6063829787234043, 0.2393617021276596, 0.1524822695035461, 0.0017730496453900709]",0.3838256,False,SparkOnlyCorrect,"Spark had access to Phase 4 engineered features (rolling delay history, occupancy history); Python did not."
T2607006431_2026-07-02,Moderate,Moderate,Severe,"[0.0, 0.0, 0.9885057471264368, 0.011494252873563218]",0.69142973,False,SparkOnlyCorrect,"Spark had access to Phase 4 engineered features (rolling delay history, occupancy history); Python did not."
T2607008246_2026-07-02,On Time,On Time,On Time,"[0.9253731343283582, 0.06567164179104477, 0.008955223880597015, 0.0]",0.63601077,True,BothCorrect,Both pipelines predicted same outcome.
T2607011527_2026-07-02,On Time,On Time,On Time,"[1.0, 0.0, 0.0, 0.0]",0.5176483,True,BothCorrect,Both pipelines predicted same outcome.
T2607008498_2026-07-02,On Time,On Time,On Time,"[0.8828502415458938, 0.10748792270531402, 0.00966183574879227, 0.0]",0.6368096,True,BothCorrect,Both pipelines predicted same outcome.
T2607007568_2026-07-02,Minor,Minor,Moderate,"[0.2336448598130841, 0.514018691588785, 0.24922118380062305, 0.003115264797507788]",0.39432988,False,SparkOnlyCorrect,"Spark had access to Phase 4 engineered features (rolling delay history, occupancy history); Python did not."
T2607009439_2026-07-02,Moderate,Moderate,Moderate,"[0.0, 0.019867549668874173, 0.7549668874172185, 0.2251655629139073]",0.424278,True,BothCorrect,Both pipelines predicted same outcome.
T2607007404_2026-07-02,Moderate,Moderate,Severe,"[0.0, 0.0, 0.9885057471264368, 0.011494252873563218]",0.48619205,False,SparkOnlyCorrect,"Spark had access to Phase 4 engineered features (rolling delay history, occupancy history); Python did not."
T2607011285_2026-07-02,On Time,On Time,On Time,"[0.9253731343283582, 0.06567164179104477, 0.008955223880597015, 0.0]",0.4292586,True,BothCorrect,Both pipelines predicted same outcome.
T2607007665_2026-07-02,On Time,Minor,Moderate,"[0.2336448598130841, 0.514018691588785, 0.24922118380062305, 0.003115264797507788]",0.400951,False,BothWrong,"Spark had access to Phase 4 engineered features (rolling delay history, occupancy history); Python did not."
T2607006961_2026-07-02,Minor,Minor,Severe,"[0.2336448598130841, 0.514018691588785, 0.24922118380062305, 0.003115264797507788]",0.45600656,False,SparkOnlyCorrect,"Spark had access to Phase 4 engineered features (rolling delay history, occupancy history); Python did not."
T2607011155_2026-07-02,On Time,On Time,Minor,"[1.0, 0.0, 0.0, 0.0]",0.55924785,False,SparkOnlyCorrect,"Spark had access to Phase 4 engineered features (rolling delay history, occupancy history); Python did not."
T2607011279_2026-07-02,On Time,On Time,Minor,"[0.9593220338983051, 0.03389830508474576, 0.006779661016949152, 0.0]",0.581384,False,SparkOnlyCorrect,"Spark had access to Phase 4 engineered features (rolling delay history, occupancy history); Python did not."
T2607011519_2026-07-02,On Time,On Time,On Time,"[0.9432098765432099, 0.05596707818930041, 8.230452674897119E-4, 0.0]",0.7815084,True,BothCorrect,Both pipelines predicted same outcome.
T2607008670_2026-07-02,On Time,On Time,On Time,"[0.9432098765432099, 0.05596707818930041, 8.230452674897119E-4, 0.0]",0.73186845,True,BothCorrect,Both pipelines predicted same outcome.
T2607008633_2026-07-02,Minor,On Time,On Time,"[0.6063829787234043, 0.2393617021276596, 0.1524822695035461, 0.0017730496453900709]",0.70091,True,BothWrong,Both pipelines predicted same outcome.
T2607011331_2026-07-02,On Time,On Time,On Time,"[0.9432098765432099, 0.05596707818930041, 8.230452674897119E-4, 0.0]",0.7783504,True,BothCorrect,Both pipelines predicted same outcome.
T2607011456_2026-07-02,On Time,On Time,On Time,"[0.9432098765432099, 0.05596707818930041, 8.230452674897119E-4, 0.0]",0.8624798,True,BothCorrect,Both pipelines predicted same outcome.
T2607008488_2026-07-02,On Time,On Time,On Time,"[0.9432098765432099, 0.05596707818930041, 8.230452674897119E-4, 0.0]",0.7108316,True,BothCorrect,Both pipelines predicted same outcome.
T2607008432_2026-07-02,On Time,On Time,On Time,"[0.9676320272572402, 0.030664395229982964, 0.0017035775127768314, 0.0]",0.709458,True,BothCorrect,Both pipelines predicted same outcome.
T2607009150_2026-07-02,On Time,On Time,On Time,"[0.9642857142857143, 0.03571428571428571, 0.0, 0.0]",0.5646094,True,BothCorrect,Both pipelines predicted same outcome.
T2607008317_2026-07-02,On Time,On Time,On Time,"[0.9432098765432099, 0.05596707818930041, 8.230452674897119E-4, 0.0]",0.58862376,True,BothCorrect,Both pipelines predicted same outcome.
T2607006394_2026-07-02,On Time,On Time,Moderate,"[0.9007537688442211, 0.0829145728643216, 0.016331658291457288, 0.0]",0.5108067,False,SparkOnlyCorrect,"Spark had access to Phase 4 engineered features (rolling delay history, occupancy history); Python did not."
T2607006580_2026-07-02,On Time,On Time,Moderate,"[0.9007537688442211, 0.0829145728643216, 0.016331658291457288, 0.0]",0.5254671,False,SparkOnlyCorrect,"Spark had access to Phase 4 engineered features (rolling delay history, occupancy history); Python did not."
T2607008828_2026-07-02,On Time,On Time,On Time,"[1.0, 0.0, 0.0, 0.0]",0.63568884,True,BothCorrect,Both pipelines predicted same outcome.
T2607008954_2026-07-02,On Time,On Time,On Time,"[0.9676320272572402, 0.030664395229982964, 0.0017035775127768314, 0.0]",0.6758721,True,BothCorrect,Both pipelines predicted same outcome.
T2607006265_2026-07-02,On Time,On Time,On Time,"[0.9432098765432099, 0.05596707818930041, 8.230452674897119E-4, 0.0]",0.62170964,True,BothCorrect,Both pipelines predicted same outcome.
T2607009335_2026-07-02,On Time,On Time,Moderate,"[0.7067833698030634, 0.19037199124726478, 0.10284463894967177, 0.0]",0.5436486,False,SparkOnlyCorrect,"Spark had access to Phase 4 engineered features (rolling delay history, occupancy history); Python did not."
T2607006184_2026-07-02,On Time,On Time,On Time,"[1.0, 0.0, 0.0, 0.0]",0.6259678,True,BothCorrect,Both pipelines predicted same outcome.
T2607010568_2026-07-02,Moderate,Moderate,Moderate,"[0.0, 0.14285714285714285, 0.8301158301158301, 0.02702702702702703]",0.40621,True,BothCorrect,Both pipelines predicted same outcome.
T2607009327_2026-07-02,On Time,On Time,Moderate,"[0.9007537688442211, 0.0829145728643216, 0.016331658291457288, 0.0]",0.4612024,False,SparkOnlyCorrect,"Spark had access to Phase 4 engineered features (rolling delay history, occupancy history); Python did not."
T2607010923_2026-07-02,On Time,On Time,Moderate,"[0.84375, 0.10786290322580645, 0.04838709677419355, 0.0]",0.40875065,False,SparkOnlyCorrect,"Spark had access to Phase 4 engineered features (rolling delay history, occupancy history); Python did not."
T2607006017_2026-07-02,On Time,On Time,On Time,"[0.9754204398447607, 0.02199223803363519, 0.00258732212160414, 0.0]",0.6273341,True,BothCorrect,Both pipelines predicted same outcome.
T2607010297_2026-07-02,On Time,On Time,Moderate,"[0.9007537688442211, 0.0829145728643216, 0.016331658291457288, 0.0]",0.40072438,False,SparkOnlyCorrect,"Spark had access to Phase 4 engineered features (rolling delay history, occupancy history); Python did not."
T2607010132_2026-07-02,On Time,On Time,Moderate,"[0.9007537688442211, 0.0829145728643216, 0.016331658291457288, 0.0]",0.52319443,False,SparkOnlyCorrect,"Spark had access to Phase 4 engineered features (rolling delay history, occupancy history); Python did not."
T2607009855_2026-07-02,On Time,On Time,Moderate,"[0.9007537688442211, 0.0829145728643216, 0.016331658291457288, 0.0]",0.41204897,False,SparkOnlyCorrect,"Spark had access to Phase 4 engineered features (rolling delay history, occupancy history); Python did not."
T2607007542_2026-07-02,Moderate,Moderate,On Time,"[0.0, 0.0, 0.9885057471264368, 0.011494252873563218]",0.38051575,False,SparkOnlyCorrect,"Spark had access to Phase 4 engineered features (rolling delay history, occupancy history); Python did not."
T2607007554_2026-07-02,On Time,On Time,Moderate,"[0.84375, 0.10786290322580645, 0.04838709677419355, 0.0]",0.40292045,False,SparkOnlyCorrect,"Spark had access to Phase 4 engineered features (rolling delay history, occupancy history); Python did not."
T2607007101_2026-07-02,On Time,On Time,Moderate,"[0.9007537688442211, 0.0829145728643216, 0.016331658291457288, 0.0]",0.48777124,False,SparkOnlyCorrect,"Spark had access to Phase 4 engineered features (rolling delay history, occupancy history); Python did not."
T2607006928_2026-07-02,On Time,On Time,Moderate,"[0.8828502415458938, 0.10748792270531402, 0.00966183574879227, 0.0]",0.45873445,False,SparkOnlyCorrect,"Spark had access to Phase 4 engineered features (rolling delay history, occupancy history); Python did not."
T2607007371_2026-07-02,On Time,On Time,Moderate,"[0.9007537688442211, 0.0829145728643216, 0.016331658291457288, 0.0]",0.4278093,False,SparkOnlyCorrect,"Spark had access to Phase 4 engineered features (rolling delay history, occupancy history); Python did not."
T2607006401_2026-07-02,Moderate,Moderate,Moderate,"[0.023255813953488372, 0.1511627906976744, 0.8255813953488372, 0.0]",0.5274591,True,BothCorrect,Both pipelines predicted same outcome.
T2607006494_2026-07-02,On Time,On Time,Moderate,"[0.9007537688442211, 0.0829145728643216, 0.016331658291457288, 0.0]",0.53411365,False,SparkOnlyCorrect,"Spark had access to Phase 4 engineered features (rolling delay history, occupancy history); Python did not."
T2607008208_2026-07-02,On Time,On Time,On Time,"[0.9754204398447607, 0.02199223803363519, 0.00258732212160414, 0.0]",0.64033175,True,BothCorrect,Both pipelines predicted same outcome.
T2607009106_2026-07-02,On Time,On Time,On Time,"[0.9642857142857143, 0.03571428571428571, 0.0, 0.0]",0.5646094,True,BothCorrect,Both pipelines predicted same outcome.
T2607009135_2026-07-02,On Time,On Time,On Time,"[0.9432098765432099, 0.05596707818930041, 8.230452674897119E-4, 0.0]",0.5688385,True,BothCorrect,Both pipelines predicted same outcome.
T2607011107_2026-07-02,On Time,On Time,On Time,"[1.0, 0.0, 0.0, 0.0]",0.73673826,True,BothCorrect,Both pipelines predicted same outcome.
T2607009413_2026-07-02,On Time,On Time,Moderate,"[0.9007537688442211, 0.0829145728643216, 0.016331658291457288, 0.0]",0.4571244,False,SparkOnlyCorrect,"Spark had access to Phase 4 engineered features (rolling delay history, occupancy history); Python did not."
T2607009500_2026-07-02,On Time,On Time,Moderate,"[0.9007537688442211, 0.0829145728643216, 0.016331658291457288, 0.0]",0.4690545,False,SparkOnlyCorrect,"Spark had access to Phase 4 engineered features (rolling delay history, occupancy history); Python did not."
T2607010652_2026-07-02,On Time,On Time,Moderate,"[0.7067833698030634, 0.19037199124726478, 0.10284463894967177, 0.0]",0.39281142,False,SparkOnlyCorrect,"Spark had access to Phase 4 engineered features (rolling delay history, occupancy history); Python did not."
T2607010576_2026-07-02,Minor,On Time,Moderate,"[0.9007537688442211, 0.0829145728643216, 0.016331658291457288, 0.0]",0.48536086,False,BothWrong,"Spark had access to Phase 4 engineered features (rolling delay history, occupancy history); Python did not."
T2607006111_2026-07-02,On Time,On Time,On Time,"[1.0, 0.0, 0.0, 0.0]",0.6273341,True,BothCorrect,Both pipelines predicted same outcome.
T2607009680_2026-07-02,On Time,On Time,Moderate,"[0.9007537688442211, 0.0829145728643216, 0.016331658291457288, 0.0]",0.4483122,False,SparkOnlyCorrect,"Spark had access to Phase 4 engineered features (rolling delay history, occupancy history); Python did not."
T2607007646_2026-07-02,Minor,On Time,Moderate,"[0.84375, 0.10786290322580645, 0.04838709677419355, 0.0]",0.40292045,False,BothWrong,"Spark had access to Phase 4 engineered features (rolling delay history, occupancy history); Python did not."
T2607008706_2026-07-02,Minor,On Time,On Time,"[0.9432098765432099, 0.05596707818930041, 8.230452674897119E-4, 0.0]",0.6932334,True,BothWrong,Both pipelines predicted same outcome.
T2607010041_2026-07-02,On Time,On Time,Moderate,"[0.9007537688442211, 0.0829145728643216, 0.016331658291457288, 0.0]",0.51687354,False,SparkOnlyCorrect,"Spark had access to Phase 4 engineered features (rolling delay history, occupancy history); Python did not."
T2607005810_2026-07-02,On Time,On Time,On Time,"[0.90625, 0.0625, 0.03125, 0.0]",0.8813224,True,BothCorrect,Both pipelines predicted same outcome.
T2607009167_2026-07-02,On Time,On Time,On Time,"[0.9432098765432099, 0.05596707818930041, 8.230452674897119E-4, 0.0]",0.5775684,True,BothCorrect,Both pipelines predicted same outcome.
T2607007960_2026-07-02,On Time,On Time,On Time,"[0.9432098765432099, 0.05596707818930041, 8.230452674897119E-4, 0.0]",0.5305355,True,BothCorrect,Both pipelines predicted same outcome.
T2607006668_2026-07-02,On Time,On Time,Moderate,"[0.9007537688442211, 0.0829145728643216, 0.016331658291457288, 0.0]",0.53130746,False,SparkOnlyCorrect,"Spark had access to Phase 4 engineered features (rolling delay history, occupancy history); Python did not."
T2607006849_2026-07-02,On Time,On Time,Moderate,"[0.9007537688442211, 0.0829145728643216, 0.016331658291457288, 0.0]",0.53130746,False,SparkOnlyCorrect,"Spark had access to Phase 4 engineered features (rolling delay history, occupancy history); Python did not."
T2607008849_2026-07-02,On Time,On Time,On Time,"[0.9754204398447607, 0.02199223803363519, 0.00258732212160414, 0.0]",0.64744186,True,BothCorrect,Both pipelines predicted same outcome.
T2607006082_2026-07-02,On Time,On Time,On Time,"[1.0, 0.0, 0.0, 0.0]",0.64798164,True,BothCorrect,Both pipelines predicted same outcome.
T2607011063_2026-07-02,On Time,On Time,On Time,"[1.0, 0.0, 0.0, 0.0]",0.72207177,True,BothCorrect,Both pipelines predicted same outcome.
T2607009242_2026-07-02,Moderate,Moderate,Moderate,"[0.0, 0.019867549668874173, 0.7549668874172185, 0.2251655629139073]",0.51832837,True,BothCorrect,Both pipelines predicted same outcome.
T2607010487_2026-07-02,On Time,On Time,Moderate,"[0.9007537688442211, 0.0829145728643216, 0.016331658291457288, 0.0]",0.48536086,False,SparkOnlyCorrect,"Spark had access to Phase 4 engineered features (rolling delay history, occupancy history); Python did not."
T2607008575_2026-07-02,On Time,On Time,On Time,"[0.9432098765432099, 0.05596707818930041, 8.230452674897119E-4, 0.0]",0.6883938,True,BothCorrect,Both pipelines predicted same outcome.
T2607007727_2026-07-02,On Time,On Time,Moderate,"[0.6063829787234043, 0.2393617021276596, 0.1524822695035461, 0.0017730496453900709]",0.38838285,False,SparkOnlyCorrect,"Spark had access to Phase 4 engineered features (rolling delay history, occupancy history); Python did not."
T2607007465_2026-07-02,On Time,On Time,Moderate,"[0.6063829787234043, 0.2393617021276596, 0.1524822695035461, 0.0017730496453900709]",0.41589963,False,SparkOnlyCorrect,"Spark had access to Phase 4 engineered features (rolling delay history, occupancy history); Python did not."
T2607006839_2026-07-02,Severe,Severe,Moderate,"[0.0, 0.0, 0.2222222222222222, 0.7777777777777778]",0.48635927,False,SparkOnlyCorrect,"Spark had access to Phase 4 engineered features (rolling delay history, occupancy history); Python did not."
T2607006755_2026-07-02,On Time,On Time,Moderate,"[0.9007537688442211, 0.0829145728643216, 0.016331658291457288, 0.0]",0.53130746,False,SparkOnlyCorrect,"Spark had access to Phase 4 engineered features (rolling delay history, occupancy history); Python did not."
T2607008106_2026-07-02,On Time,On Time,On Time,"[0.9754204398447607, 0.02199223803363519, 0.00258732212160414, 0.0]",0.5422853,True,BothCorrect,Both pipelines predicted same outcome.
T2607008812_2026-07-02,On Time,On Time,On Time,"[0.9432098765432099, 0.05596707818930041, 8.230452674897119E-4, 0.0]",0.62969327,True,BothCorrect,Both pipelines predicted same outcome.
T2607010383_2026-07-02,Moderate,Moderate,On Time,"[0.0, 0.14285714285714285, 0.8301158301158301, 0.02702702702702703]",0.3933103,False,SparkOnlyCorrect,"Spark had access to Phase 4 engineered features (rolling delay history, occupancy history); Python did not."
T2607010124_2026-07-02,On Time,On Time,Moderate,"[0.9007537688442211, 0.0829145728643216, 0.016331658291457288, 0.0]",0.4487263,False,SparkOnlyCorrect,"Spark had access to Phase 4 engineered features (rolling delay history, occupancy history); Python did not."
T2607010034_2026-07-02,On Time,On Time,Moderate,"[0.9007537688442211, 0.0829145728643216, 0.016331658291457288, 0.0]",0.4417164,False,SparkOnlyCorrect,"Spark had access to Phase 4 engineered features (rolling delay history, occupancy history); Python did not."
T2607009769_2026-07-02,On Time,On Time,Moderate,"[0.7067833698030634, 0.19037199124726478, 0.10284463894967177, 0.0]",0.42390808,False,SparkOnlyCorrect,"Spark had access to Phase 4 engineered features (rolling delay history, occupancy history); Python did not."
T2607007456_2026-07-02,On Time,On Time,On Time,"[0.6063829787234043, 0.2393617021276596, 0.1524822695035461, 0.0017730496453900709]",0.3794311,True,BothCorrect,Both pipelines predicted same outcome.
T2607007735_2026-07-02,Minor,On Time,Moderate,"[0.84375, 0.10786290322580645, 0.04838709677419355, 0.0]",0.4028642,False,BothWrong,"Spark had access to Phase 4 engineered features (rolling delay history, occupancy history); Python did not."
T2607007811_2026-07-02,Moderate,Moderate,Moderate,"[0.023255813953488372, 0.1511627906976744, 0.8255813953488372, 0.0]",0.38838285,True,BothCorrect,Both pipelines predicted same outcome.
T2607009777_2026-07-02,On Time,On Time,Moderate,"[0.9676320272572402, 0.030664395229982964, 0.0017035775127768314, 0.0]",0.47732088,False,SparkOnlyCorrect,"Spark had access to Phase 4 engineered features (rolling delay history, occupancy history); Python did not."
T2607005913_2026-07-02,On Time,On Time,On Time,"[1.0, 0.0, 0.0, 0.0]",0.8853936,True,BothCorrect,Both pipelines predicted same outcome.
T2607011366_2026-07-02,On Time,On Time,On Time,"[1.0, 0.0, 0.0, 0.0]",0.84814364,True,BothCorrect,Both pipelines predicted same outcome.
T2607007193_2026-07-02,Moderate,Moderate,Moderate,"[0.023255813953488372, 0.1511627906976744, 0.8255813953488372, 0.0]",0.41664603,True,BothCorrect,Both pipelines predicted same outcome.
T2607006936_2026-07-02,On Time,On Time,Moderate,"[0.9007537688442211, 0.0829145728643216, 0.016331658291457288, 0.0]",0.4267185,False,SparkOnlyCorrect,"Spark had access to Phase 4 engineered features (rolling delay history, occupancy history); Python did not."
T2607008387_2026-07-02,On Time,On Time,On Time,"[0.9432098765432099, 0.05596707818930041, 8.230452674897119E-4, 0.0]",0.6444821,True,BothCorrect,Both pipelines predicted same outcome.
T2607007014_2026-07-02,On Time,On Time,Moderate,"[0.9676320272572402, 0.030664395229982964, 0.0017035775127768314, 0.0]",0.481218,False,SparkOnlyCorrect,"Spark had access to Phase 4 engineered features (rolling delay history, occupancy history); Python did not."
T2607008222_2026-07-02,On Time,On Time,On Time,"[0.9432098765432099, 0.05596707818930041, 8.230452674897119E-4, 0.0]",0.6120112,True,BothCorrect,Both pipelines predicted same outcome.
T2607008014_2026-07-02,On Time,On Time,On Time,"[0.9432098765432099, 0.05596707818930041, 8.230452674897119E-4, 0.0]",0.49980327,True,BothCorrect,Both pipelines predicted same outcome.
T2607005994_2026-07-02,On Time,On Time,On Time,"[0.9432098765432099, 0.05596707818930041, 8.230452674897119E-4, 0.0]",0.64798164,True,BothCorrect,Both pipelines predicted same outcome.
T2607009584_2026-07-02,On Time,On Time,Moderate,"[0.9007537688442211, 0.0829145728643216, 0.016331658291457288, 0.0]",0.47694322,False,SparkOnlyCorrect,"Spark had access to Phase 4 engineered features (rolling delay history, occupancy history); Python did not."
T2607010306_2026-07-02,On Time,On Time,Moderate,"[0.9007537688442211, 0.0829145728643216, 0.016331658291457288, 0.0]",0.48536086,False,SparkOnlyCorrect,"Spark had access to Phase 4 engineered features (rolling delay history, occupancy history); Python did not."
T2607010831_2026-07-02,On Time,On Time,Moderate,"[0.84375, 0.10786290322580645, 0.04838709677419355, 0.0]",0.41153732,False,SparkOnlyCorrect,"Spark had access to Phase 4 engineered features (rolling delay history, occupancy history); Python did not."
T2607010748_2026-07-02,On Time,On Time,Moderate,"[0.9007537688442211, 0.0829145728643216, 0.016331658291457288, 0.0]",0.43997332,False,SparkOnlyCorrect,"Spark had access to Phase 4 engineered features (rolling delay history, occupancy history); Python did not."
T2607011017_2026-07-02,Minor,On Time,Moderate,"[0.7067833698030634, 0.19037199124726478, 0.10284463894967177, 0.0]",0.42064852,False,BothWrong,"Spark had access to Phase 4 engineered features (rolling delay history, occupancy history); Python did not."
T2607009690_2026-07-02,Minor,On Time,Moderate,"[0.7067833698030634, 0.19037199124726478, 0.10284463894967177, 0.0]",0.53620064,False,BothWrong,"Spark had access to Phase 4 engineered features (rolling delay history, occupancy history); Python did not."
T2607009596_2026-07-02,Moderate,Moderate,Moderate,"[0.0, 0.13829787234042554, 0.851063829787234, 0.010638297872340425]",0.5152937,True,BothCorrect,Both pipelines predicted same outcome.
T2607008744_2026-07-02,On Time,On Time,On Time,"[0.9754204398447607, 0.02199223803363519, 0.00258732212160414, 0.0]",0.7071578,True,BothCorrect,Both pipelines predicted same outcome.
T2607011543_2026-07-02,On Time,On Time,On Time,"[0.9432098765432099, 0.05596707818930041, 8.230452674897119E-4, 0.0]",0.86908585,True,BothCorrect,Both pipelines predicted same outcome.
T2607009000_2026-07-02,On Time,On Time,On Time,"[0.7815126050420168, 0.19327731092436976, 0.025210084033613446, 0.0]",0.6043155,True,BothCorrect,Both pipelines predicted same outcome.
T2607006572_2026-07-02,On Time,On Time,Moderate,"[0.9007537688442211, 0.0829145728643216, 0.016331658291457288, 0.0]",0.5104148,False,SparkOnlyCorrect,"Spark had access to Phase 4 engineered features (rolling delay history, occupancy history); Python did not."
T2607008272_2026-07-02,On Time,On Time,On Time,"[0.9432098765432099, 0.05596707818930041, 8.230452674897119E-4, 0.0]",0.6304568,True,BothCorrect,Both pipelines predicted same outcome.
T2607010931_2026-07-02,On Time,On Time,Moderate,"[0.84375, 0.10786290322580645, 0.04838709677419355, 0.0]",0.40412235,False,SparkOnlyCorrect,"Spark had access to Phase 4 engineered features (rolling delay history, occupancy history); Python did not."
T2607009509_2026-07-02,Moderate,Moderate,Moderate,"[0.0, 0.13829787234042554, 0.851063829787234, 0.010638297872340425]",0.54553884,True,BothCorrect,Both pipelines predicted same outcome.
T2607010212_2026-07-02,Moderate,Moderate,Moderate,"[0.0, 0.14285714285714285, 0.8301158301158301, 0.02702702702702703]",0.46946913,True,BothCorrect,Both pipelines predicted same outcome.
T2607007819_2026-07-02,On Time,On Time,Moderate,"[0.9432098765432099, 0.05596707818930041, 8.230452674897119E-4, 0.0]",0.40402794,False,SparkOnlyCorrect,"Spark had access to Phase 4 engineered features (rolling delay history, occupancy history); Python did not."
T2607009863_2026-07-02,On Time,On Time,Moderate,"[0.9007537688442211, 0.0829145728643216, 0.016331658291457288, 0.0]",0.51281637,False,SparkOnlyCorrect,"Spark had access to Phase 4 engineered features (rolling delay history, occupancy history); Python did not."
T2607008791_2026-07-02,On Time,On Time,On Time,"[0.9432098765432099, 0.05596707818930041, 8.230452674897119E-4, 0.0]",0.7138604,True,BothCorrect,Both pipelines predicted same outcome.
T2607007907_2026-07-02,On Time,On Time,On Time,"[0.84375, 0.10786290322580645, 0.04838709677419355, 0.0]",0.39449927,True,BothCorrect,Both pipelines predicted same outcome.
T2607009949_2026-07-02,On Time,On Time,Moderate,"[0.9007537688442211, 0.0829145728643216, 0.016331658291457288, 0.0]",0.51281637,False,SparkOnlyCorrect,"Spark had access to Phase 4 engineered features (rolling delay history, occupancy history); Python did not."
T2607011428_2026-07-02,On Time,On Time,On Time,"[1.0, 0.0, 0.0, 0.0]",0.82220525,True,BothCorrect,Both pipelines predicted same outcome.
T2607007022_2026-07-02,Moderate,Moderate,Moderate,"[0.023255813953488372, 0.1511627906976744, 0.8255813953488372, 0.0]",0.4267185,True,BothCorrect,Both pipelines predicted same outcome.
T2607007108_2026-07-02,On Time,On Time,Moderate,"[0.9007537688442211, 0.0829145728643216, 0.016331658291457288, 0.0]",0.4980559,False,SparkOnlyCorrect,"Spark had access to Phase 4 engineered features (rolling delay history, occupancy history); Python did not."
T2607011294_2026-07-02,On Time,On Time,On Time,"[0.9432098765432099, 0.05596707818930041, 8.230452674897119E-4, 0.0]",0.8053289,True,BothCorrect,Both pipelines predicted same outcome.
T2607007291_2026-07-02,On Time,On Time,Moderate,"[0.9007537688442211, 0.0829145728643216, 0.016331658291457288, 0.0]",0.4980559,False,SparkOnlyCorrect,"Spark had access to Phase 4 engineered features (rolling delay history, occupancy history); Python did not."
T2607008512_2026-07-02,On Time,On Time,On Time,"[0.7815126050420168, 0.19327731092436976, 0.025210084033613446, 0.0]",0.7326207,True,BothCorrect,Both pipelines predicted same outcome.
T2607007283_2026-07-02,Moderate,Moderate,Moderate,"[0.023255813953488372, 0.1511627906976744, 0.8255813953488372, 0.0]",0.4775817,True,BothCorrect,Both pipelines predicted same outcome.
T2607008539_2026-07-02,On Time,On Time,On Time,"[1.0, 0.0, 0.0, 0.0]",0.7108316,True,BothCorrect,Both pipelines predicted same outcome.
T2607006486_2026-07-02,On Time,On Time,Moderate,"[0.9007537688442211, 0.0829145728643216, 0.016331658291457288, 0.0]",0.5104148,False,SparkOnlyCorrect,"Spark had access to Phase 4 engineered features (rolling delay history, occupancy history); Python did not."
T2607008059_2026-07-02,On Time,On Time,On Time,"[1.0, 0.0, 0.0, 0.0]",0.51950914,True,BothCorrect,Both pipelines predicted same outcome.
T2607010741_2026-07-02,On Time,On Time,Moderate,"[0.9007537688442211, 0.0829145728643216, 0.016331658291457288, 0.0]",0.451292,False,SparkOnlyCorrect,"Spark had access to Phase 4 engineered features (rolling delay history, occupancy history); Python did not."
T2607006204_2026-07-02,On Time,On Time,On Time,"[1.0, 0.0, 0.0, 0.0]",0.6363319,True,BothCorrect,Both pipelines predicted same outcome.
T2607006287_2026-07-02,On Time,On Time,On Time,"[1.0, 0.0, 0.0, 0.0]",0.67280716,True,BothCorrect,Both pipelines predicted same outcome.
T2607011009_2026-07-02,On Time,On Time,Moderate,"[0.6063829787234043, 0.2393617021276596, 0.1524822695035461, 0.0017730496453900709]",0.3887003,False,SparkOnlyCorrect,"Spark had access to Phase 4 engineered features (rolling delay history, occupancy history); Python did not."
T2607010477_2026-07-02,On Time,On Time,On Time,"[0.9007537688442211, 0.0829145728643216, 0.016331658291457288, 0.0]",0.38348335,True,BothCorrect,Both pipelines predicted same outcome.
T2607009421_2026-07-02,Moderate,Moderate,Moderate,"[0.0, 0.13829787234042554, 0.851063829787234, 0.010638297872340425]",0.48459512,True,BothCorrect,Both pipelines predicted same outcome.
T2607007636_2026-07-02,On Time,On Time,Moderate,"[0.84375, 0.10786290322580645, 0.04838709677419355, 0.0]",0.39896718,False,SparkOnlyCorrect,"Spark had access to Phase 4 engineered features (rolling delay history, occupancy history); Python did not."
T2607009942_2026-07-02,On Time,On Time,Moderate,"[0.9007537688442211, 0.0829145728643216, 0.016331658291457288, 0.0]",0.42390808,False,SparkOnlyCorrect,"Spark had access to Phase 4 engineered features (rolling delay history, occupancy history); Python did not."
T2607010220_2026-07-02,On Time,On Time,Moderate,"[0.9007537688442211, 0.0829145728643216, 0.016331658291457288, 0.0]",0.5201445,False,SparkOnlyCorrect,"Spark had access to Phase 4 engineered features (rolling delay history, occupancy history); Python did not."
T2607007900_2026-07-02,On Time,On Time,Moderate,"[0.9432098765432099, 0.05596707818930041, 8.230452674897119E-4, 0.0]",0.3713055,False,SparkOnlyCorrect,"Spark had access to Phase 4 engineered features (rolling delay history, occupancy history); Python did not."
T2607005934_2026-07-02,On Time,On Time,On Time,"[1.0, 0.0, 0.0, 0.0]",0.8337831,True,BothCorrect,Both pipelines predicted same outcome.
T2607005838_2026-07-02,On Time,On Time,On Time,"[1.0, 0.0, 0.0, 0.0]",0.8337831,True,BothCorrect,Both pipelines predicted same outcome.
T2607011230_2026-07-02,On Time,On Time,On Time,"[0.9432098765432099, 0.05596707818930041, 8.230452674897119E-4, 0.0]",0.8190142,True,BothCorrect,Both pipelines predicted same outcome.
T2607011184_2026-07-02,On Time,On Time,On Time,"[0.9754204398447607, 0.02199223803363519, 0.00258732212160414, 0.0]",0.76738137,True,BothCorrect,Both pipelines predicted same outcome.
T2607007379_2026-07-02,On Time,On Time,Moderate,"[0.9007537688442211, 0.0829145728643216, 0.016331658291457288, 0.0]",0.5043541,False,SparkOnlyCorrect,"Spark had access to Phase 4 engineered features (rolling delay history, occupancy history); Python did not."
T2607007200_2026-07-02,On Time,On Time,Moderate,"[0.9007537688442211, 0.0829145728643216, 0.016331658291457288, 0.0]",0.4980559,False,SparkOnlyCorrect,"Spark had access to Phase 4 engineered features (rolling delay history, occupancy history); Python did not."
T2607009048_2026-07-02,On Time,On Time,On Time,"[0.9754204398447607, 0.02199223803363519, 0.00258732212160414, 0.0]",0.5987289,True,BothCorrect,Both pipelines predicted same outcome.
T2607008159_2026-07-02,On Time,On Time,On Time,"[0.9754204398447607, 0.02199223803363519, 0.00258732212160414, 0.0]",0.48772684,True,BothCorrect,Both pipelines predicted same outcome.
T2607008239_2026-07-02,On Time,On Time,On Time,"[1.0, 0.0, 0.0, 0.0]",0.62926555,True,BothCorrect,Both pipelines predicted same outcome.
T2607006659_2026-07-02,On Time,On Time,Moderate,"[0.9007537688442211, 0.0829145728643216, 0.016331658291457288, 0.0]",0.46664238,False,SparkOnlyCorrect,"Spark had access to Phase 4 engineered features (rolling delay history, occupancy history); Python did not."
T2607008907_2026-07-02,On Time,On Time,On Time,"[0.9432098765432099, 0.05596707818930041, 8.230452674897119E-4, 0.0]",0.63040876,True,BothCorrect,Both pipelines predicted same outcome.
T2607010660_2026-07-02,Minor,On Time,Moderate,"[0.7067833698030634, 0.19037199124726478, 0.10284463894967177, 0.0]",0.4771855,False,BothWrong,"Spark had access to Phase 4 engineered features (rolling delay history, occupancy history); Python did not."
T2607010395_2026-07-02,On Time,On Time,Moderate,"[0.7067833698030634, 0.19037199124726478, 0.10284463894967177, 0.0]",0.48536086,False,SparkOnlyCorrect,"Spark had access to Phase 4 engineered features (rolling delay history, occupancy history); Python did not."
T2607010838_2026-07-02,On Time,On Time,Moderate,"[0.6063829787234043, 0.2393617021276596, 0.1524822695035461, 0.0017730496453900709]",0.43031174,False,SparkOnlyCorrect,"Spark had access to Phase 4 engineered features (rolling delay history, occupancy history); Python did not."
T2607008657_2026-07-02,On Time,On Time,On Time,"[0.8828502415458938, 0.10748792270531402, 0.00966183574879227, 0.0]",0.6844253,True,BothCorrect,Both pipelines predicted same outcome.
T2607006902_2026-07-02,Minor,Minor,Moderate,"[0.07142857142857142, 0.5, 0.42857142857142855, 0.0]",0.44670105,False,SparkOnlyCorrect,"Spark had access to Phase 4 engineered features (rolling delay history, occupancy history); Python did not."
T2607009388_2026-07-02,Minor,Moderate,Moderate,"[0.012944983818770227, 0.025889967637540454, 0.919093851132686, 0.042071197411003236]",0.38334718,True,BothWrong,Both pipelines predicted same outcome.
T2607007084_2026-07-02,Moderate,Moderate,Moderate,"[0.012944983818770227, 0.025889967637540454, 0.919093851132686, 0.042071197411003236]",0.5440971,True,BothCorrect,Both pipelines predicted same outcome.
T2607006032_2026-07-02,On Time,On Time,On Time,"[1.0, 0.0, 0.0, 0.0]",0.62354255,True,BothCorrect,Both pipelines predicted same outcome.
T2607006131_2026-07-02,On Time,On Time,On Time,"[1.0, 0.0, 0.0, 0.0]",0.5974519,True,BothCorrect,Both pipelines predicted same outcome.
T2607008043_2026-07-02,On Time,On Time,On Time,"[0.84375, 0.10786290322580645, 0.04838709677419355, 0.0]",0.601244,True,BothCorrect,Both pipelines predicted same outcome.
T2607008558_2026-07-02,On Time,On Time,On Time,"[0.84375, 0.10786290322580645, 0.04838709677419355, 0.0]",0.6817858,True,BothCorrect,Both pipelines predicted same outcome.
T2607006054_2026-07-02,On Time,On Time,On Time,"[1.0, 0.0, 0.0, 0.0]",0.64398146,True,BothCorrect,Both pipelines predicted same outcome.
T2607010462_2026-07-02,On Time,On Time,Moderate,"[0.7949640287769785, 0.15467625899280577, 0.046762589928057555, 0.0035971223021582736]",0.52979755,False,SparkOnlyCorrect,"Spark had access to Phase 4 engineered features (rolling delay history, occupancy history); Python did not."
T2607006809_2026-07-02,On Time,On Time,Moderate,"[0.6993006993006993, 0.17482517482517482, 0.1258741258741259, 0.0]",0.4292536,False,SparkOnlyCorrect,"Spark had access to Phase 4 engineered features (rolling delay history, occupancy history); Python did not."
T2607010011_2026-07-02,On Time,On Time,Moderate,"[0.7949640287769785, 0.15467625899280577, 0.046762589928057555, 0.0035971223021582736]",0.61335945,False,SparkOnlyCorrect,"Spark had access to Phase 4 engineered features (rolling delay history, occupancy history); Python did not."
T2607010108_2026-07-02,On Time,On Time,Moderate,"[0.9060402684563759, 0.053691275167785234, 0.03691275167785235, 0.003355704697986577]",0.67250156,False,SparkOnlyCorrect,"Spark had access to Phase 4 engineered features (rolling delay history, occupancy history); Python did not."
T2607010004_2026-07-02,On Time,On Time,Moderate,"[0.9060402684563759, 0.053691275167785234, 0.03691275167785235, 0.003355704697986577]",0.43759254,False,SparkOnlyCorrect,"Spark had access to Phase 4 engineered features (rolling delay history, occupancy history); Python did not."
T2607008984_2026-07-02,On Time,On Time,On Time,"[0.9593220338983051, 0.03389830508474576, 0.006779661016949152, 0.0]",0.46739128,True,BothCorrect,Both pipelines predicted same outcome.
T2607005860_2026-07-02,On Time,On Time,On Time,"[0.9754204398447607, 0.02199223803363519, 0.00258732212160414, 0.0]",0.92780286,True,BothCorrect,Both pipelines predicted same outcome.
T2607011135_2026-07-02,On Time,On Time,On Time,"[0.9676320272572402, 0.030664395229982964, 0.0017035775127768314, 0.0]",0.5743769,True,BothCorrect,Both pipelines predicted same outcome.
T2607007880_2026-07-02,On Time,On Time,Moderate,"[0.6993006993006993, 0.17482517482517482, 0.1258741258741259, 0.0]",0.4983801,False,SparkOnlyCorrect,"Spark had access to Phase 4 engineered features (rolling delay history, occupancy history); Python did not."
T2607007440_2026-07-02,On Time,On Time,Moderate,"[0.84375, 0.10786290322580645, 0.04838709677419355, 0.0]",0.547262,False,SparkOnlyCorrect,"Spark had access to Phase 4 engineered features (rolling delay history, occupancy history); Python did not."
T2607008612_2026-07-02,On Time,On Time,On Time,"[0.9432098765432099, 0.05596707818930041, 8.230452674897119E-4, 0.0]",0.5705467,True,BothCorrect,Both pipelines predicted same outcome.
T2607007344_2026-07-02,On Time,On Time,Moderate,"[0.9007537688442211, 0.0829145728643216, 0.016331658291457288, 0.0]",0.39092293,False,SparkOnlyCorrect,"Spark had access to Phase 4 engineered features (rolling delay history, occupancy history); Python did not."
T2607009473_2026-07-02,Moderate,Moderate,Moderate,"[0.0, 0.0, 0.8414634146341463, 0.15853658536585366]",0.37776867,True,BothCorrect,Both pipelines predicted same outcome.
T2607007939_2026-07-02,On Time,On Time,On Time,"[1.0, 0.0, 0.0, 0.0]",0.5617369,True,BothCorrect,Both pipelines predicted same outcome.
T2607008505_2026-07-02,On Time,On Time,On Time,"[0.84375, 0.10786290322580645, 0.04838709677419355, 0.0]",0.7067913,True,BothCorrect,Both pipelines predicted same outcome.
T2607010712_2026-07-02,Moderate,Moderate,Moderate,"[0.012944983818770227, 0.025889967637540454, 0.919093851132686, 0.042071197411003236]",0.4282019,True,BothCorrect,Both pipelines predicted same outcome.
T2607006374_2026-07-02,Moderate,Moderate,Moderate,"[0.0, 0.16981132075471697, 0.8301886792452831, 0.0]",0.5058713,True,BothCorrect,Both pipelines predicted same outcome.
T2607010272_2026-07-02,On Time,On Time,Moderate,"[0.9060402684563759, 0.053691275167785234, 0.03691275167785235, 0.003355704697986577]",0.40996486,False,SparkOnlyCorrect,"Spark had access to Phase 4 engineered features (rolling delay history, occupancy history); Python did not."
T2607008822_2026-07-02,On Time,On Time,On Time,"[0.84375, 0.10786290322580645, 0.04838709677419355, 0.0]",0.5875635,True,BothCorrect,Both pipelines predicted same outcome.
T2607009925_2026-07-02,On Time,On Time,Moderate,"[0.7949640287769785, 0.15467625899280577, 0.046762589928057555, 0.0035971223021582736]",0.5655248,False,SparkOnlyCorrect,"Spark had access to Phase 4 engineered features (rolling delay history, occupancy history); Python did not."
T2607009753_2026-07-02,Moderate,Moderate,Moderate,"[0.04597701149425287, 0.1839080459770115, 0.7241379310344828, 0.04597701149425287]",0.6444417,True,BothCorrect,Both pipelines predicted same outcome.
T2607007516_2026-07-02,On Time,On Time,Moderate,"[0.84375, 0.10786290322580645, 0.04838709677419355, 0.0]",0.429353,False,SparkOnlyCorrect,"Spark had access to Phase 4 engineered features (rolling delay history, occupancy history); Python did not."
T2607007786_2026-07-02,On Time,On Time,Moderate,"[0.9060402684563759, 0.053691275167785234, 0.03691275167785235, 0.003355704697986577]",0.43834713,False,SparkOnlyCorrect,"Spark had access to Phase 4 engineered features (rolling delay history, occupancy history); Python did not."
T2607008730_2026-07-02,On Time,On Time,On Time,"[0.9676320272572402, 0.030664395229982964, 0.0017035775127768314, 0.0]",0.6893334,True,BothCorrect,Both pipelines predicted same outcome.
T2607009397_2026-07-02,On Time,On Time,Moderate,"[0.7949640287769785, 0.15467625899280577, 0.046762589928057555, 0.0035971223021582736]",0.5694264,False,SparkOnlyCorrect,"Spark had access to Phase 4 engineered features (rolling delay history, occupancy history); Python did not."
T2607009570_2026-07-02,Moderate,Moderate,Moderate,"[0.012944983818770227, 0.025889967637540454, 0.919093851132686, 0.042071197411003236]",0.5642398,True,BothCorrect,Both pipelines predicted same outcome.
T2607007267_2026-07-02,Moderate,On Time,Moderate,"[0.6993006993006993, 0.17482517482517482, 0.1258741258741259, 0.0]",0.5243777,False,PyOnlyCorrect,"Spark had access to Phase 4 engineered features (rolling delay history, occupancy history); Python did not."
T2607009301_2026-07-02,On Time,On Time,Moderate,"[0.7949640287769785, 0.15467625899280577, 0.046762589928057555, 0.0035971223021582736]",0.3987467,False,SparkOnlyCorrect,"Spark had access to Phase 4 engineered features (rolling delay history, occupancy history); Python did not."
T2607006322_2026-07-02,On Time,On Time,On Time,"[1.0, 0.0, 0.0, 0.0]",0.63375026,True,BothCorrect,Both pipelines predicted same outcome.
T2607008469_2026-07-02,On Time,On Time,On Time,"[0.8828502415458938, 0.10748792270531402, 0.00966183574879227, 0.0]",0.49266836,True,BothCorrect,Both pipelines predicted same outcome.
T2607006729_2026-07-02,On Time,On Time,Moderate,"[0.9060402684563759, 0.053691275167785234, 0.03691275167785235, 0.003355704697986577]",0.58398396,False,SparkOnlyCorrect,"Spark had access to Phase 4 engineered features (rolling delay history, occupancy history); Python did not."
T2607010366_2026-07-02,Moderate,Moderate,Moderate,"[0.012944983818770227, 0.025889967637540454, 0.919093851132686, 0.042071197411003236]",0.5671583,True,BothCorrect,Both pipelines predicted same outcome.
T2607006821_2026-07-02,On Time,On Time,Moderate,"[0.9007537688442211, 0.0829145728643216, 0.016331658291457288, 0.0]",0.54233396,False,SparkOnlyCorrect,"Spark had access to Phase 4 engineered features (rolling delay history, occupancy history); Python did not."
T2607008938_2026-07-02,On Time,On Time,On Time,"[0.9676320272572402, 0.030664395229982964, 0.0017035775127768314, 0.0]",0.6504817,True,BothCorrect,Both pipelines predicted same outcome.
T2607011214_2026-07-02,On Time,On Time,Minor,"[1.0, 0.0, 0.0, 0.0]",0.401539,False,SparkOnlyCorrect,"Spark had access to Phase 4 engineered features (rolling delay history, occupancy history); Python did not."
T2607011289_2026-07-02,On Time,On Time,On Time,"[0.84375, 0.10786290322580645, 0.04838709677419355, 0.0]",0.4832334,True,BothCorrect,Both pipelines predicted same outcome.
T2607009145_2026-07-02,Moderate,On Time,On Time,"[0.6993006993006993, 0.17482517482517482, 0.1258741258741259, 0.0]",0.53995025,True,BothWrong,Both pipelines predicted same outcome.
T2607009086_2026-07-02,On Time,On Time,On Time,"[0.84375, 0.10786290322580645, 0.04838709677419355, 0.0]",0.56330913,True,BothCorrect,Both pipelines predicted same outcome.
T2607005971_2026-07-02,On Time,On Time,On Time,"[0.9754204398447607, 0.02199223803363519, 0.00258732212160414, 0.0]",0.9002021,True,BothCorrect,Both pipelines predicted same outcome.
T2607005950_2026-07-02,On Time,On Time,On Time,"[1.0, 0.0, 0.0, 0.0]",0.92780286,True,BothCorrect,Both pipelines predicted same outcome.
T2607007699_2026-07-02,Minor,Minor,Moderate,"[0.07142857142857142, 0.5, 0.42857142857142855, 0.0]",0.40609634,False,SparkOnlyCorrect,"Spark had access to Phase 4 engineered features (rolling delay history, occupancy history); Python did not."
T2607008254_2026-07-02,Minor,On Time,On Time,"[0.84375, 0.10786290322580645, 0.04838709677419355, 0.0]",0.7050755,True,BothWrong,Both pipelines predicted same outcome.
T2607008339_2026-07-02,On Time,On Time,On Time,"[0.84375, 0.10786290322580645, 0.04838709677419355, 0.0]",0.71854645,True,BothCorrect,Both pipelines predicted same outcome.
T2607006160_2026-07-02,On Time,On Time,On Time,"[0.9432098765432099, 0.05596707818930041, 8.230452674897119E-4, 0.0]",0.55983293,True,BothCorrect,Both pipelines predicted same outcome.
T2607006221_2026-07-02,On Time,On Time,On Time,"[1.0, 0.0, 0.0, 0.0]",0.5529889,True,BothCorrect,Both pipelines predicted same outcome.
T2607006632_2026-07-02,Minor,Minor,Moderate,"[0.07142857142857142, 0.5, 0.42857142857142855, 0.0]",0.43312827,False,SparkOnlyCorrect,"Spark had access to Phase 4 engineered features (rolling delay history, occupancy history); Python did not."
T2607009837_2026-07-02,Moderate,Moderate,Moderate,"[0.04597701149425287, 0.1839080459770115, 0.7241379310344828, 0.04597701149425287]",0.63334733,True,BothCorrect,Both pipelines predicted same outcome.
T2607009131_2026-07-02,On Time,On Time,On Time,"[0.9676320272572402, 0.030664395229982964, 0.0017035775127768314, 0.0]",0.54943407,True,BothCorrect,Both pipelines predicted same outcome.
T2607010993_2026-07-02,On Time,On Time,Moderate,"[0.7949640287769785, 0.15467625899280577, 0.046762589928057555, 0.0035971223021582736]",0.5735755,False,SparkOnlyCorrect,"Spark had access to Phase 4 engineered features (rolling delay history, occupancy history); Python did not."
T2607010904_2026-07-02,Moderate,Moderate,Moderate,"[0.04597701149425287, 0.1839080459770115, 0.7241379310344828, 0.04597701149425287]",0.61523646,True,BothCorrect,Both pipelines predicted same outcome.
T2607009215_2026-07-02,On Time,On Time,Moderate,"[0.7067833698030634, 0.19037199124726478, 0.10284463894967177, 0.0]",0.5354043,False,SparkOnlyCorrect,"Spark had access to Phase 4 engineered features (rolling delay history, occupancy history); Python did not."
T2607009650_2026-07-02,On Time,On Time,Moderate,"[0.7949640287769785, 0.15467625899280577, 0.046762589928057555, 0.0035971223021582736]",0.40602267,False,SparkOnlyCorrect,"Spark had access to Phase 4 engineered features (rolling delay history, occupancy history); Python did not."
T2607009560_2026-07-02,On Time,On Time,Moderate,"[0.9007537688442211, 0.0829145728643216, 0.016331658291457288, 0.0]",0.40967262,False,SparkOnlyCorrect,"Spark had access to Phase 4 engineered features (rolling delay history, occupancy history); Python did not."
T2607010721_2026-07-02,On Time,On Time,Moderate,"[0.9060402684563759, 0.053691275167785234, 0.03691275167785235, 0.003355704697986577]",0.54543334,False,SparkOnlyCorrect,"Spark had access to Phase 4 engineered features (rolling delay history, occupancy history); Python did not."
T2607007259_2026-07-02,On Time,On Time,Severe,"[0.6993006993006993, 0.17482517482517482, 0.1258741258741259, 0.0]",0.3931308,False,SparkOnlyCorrect,"Spark had access to Phase 4 engineered features (rolling delay history, occupancy history); Python did not."
T2607009207_2026-07-02,On Time,On Time,Moderate,"[0.7949640287769785, 0.15467625899280577, 0.046762589928057555, 0.0035971223021582736]",0.3987467,False,SparkOnlyCorrect,"Spark had access to Phase 4 engineered features (rolling delay history, occupancy history); Python did not."
T2607008089_2026-07-02,On Time,On Time,On Time,"[0.84375, 0.10786290322580645, 0.04838709677419355, 0.0]",0.35675743,True,BothCorrect,Both pipelines predicted same outcome.
T2607006460_2026-07-02,Moderate,Minor,Moderate,"[0.07142857142857142, 0.5, 0.42857142857142855, 0.0]",0.52045923,False,PyOnlyCorrect,"Spark had access to Phase 4 engineered features (rolling delay history, occupancy history); Python did not."
T2607010549_2026-07-02,On Time,On Time,Moderate,"[0.7949640287769785, 0.15467625899280577, 0.046762589928057555, 0.0035971223021582736]",0.5390704,False,SparkOnlyCorrect,"Spark had access to Phase 4 engineered features (rolling delay history, occupancy history); Python did not."
T2607010357_2026-07-02,Minor,Moderate,Moderate,"[0.012944983818770227, 0.025889967637540454, 0.919093851132686, 0.042071197411003236]",0.4177061,True,BothWrong,Both pipelines predicted same outcome.
T2607011485_2026-07-02,Minor,On Time,On Time,"[0.84375, 0.10786290322580645, 0.04838709677419355, 0.0]",0.57710534,True,BothWrong,Both pipelines predicted same outcome.
T2607011390_2026-07-02,On Time,On Time,On Time,"[1.0, 0.0, 0.0, 0.0]",0.54124874,True,BothCorrect,Both pipelines predicted same outcome.
T2607010100_2026-07-02,On Time,On Time,Moderate,"[0.7949640287769785, 0.15467625899280577, 0.046762589928057555, 0.0035971223021582736]",0.41767457,False,SparkOnlyCorrect,"Spark had access to Phase 4 engineered features (rolling delay history, occupancy history); Python did not."
T2607009915_2026-07-02,Severe,Moderate,Moderate,"[0.0, 0.0, 0.8414634146341463, 0.15853658536585366]",0.38838512,True,BothWrong,Both pipelines predicted same outcome.
T2607009161_2026-07-02,On Time,On Time,On Time,"[0.84375, 0.10786290322580645, 0.04838709677419355, 0.0]",0.5786501,True,BothCorrect,Both pipelines predicted same outcome.
T2607011560_2026-07-02,On Time,On Time,On Time,"[1.0, 0.0, 0.0, 0.0]",0.5934565,True,BothCorrect,Both pipelines predicted same outcome.
T2607011533_2026-07-02,On Time,Minor,Minor,"[0.4166666666666667, 0.5, 0.08333333333333333, 0.0]",0.45256373,True,BothWrong,Both pipelines predicted same outcome.
T2607010984_2026-07-02,On Time,On Time,Moderate,"[0.9060402684563759, 0.053691275167785234, 0.03691275167785235, 0.003355704697986577]",0.4306733,False,SparkOnlyCorrect,"Spark had access to Phase 4 engineered features (rolling delay history, occupancy history); Python did not."
T2607007525_2026-07-02,On Time,On Time,Moderate,"[0.6993006993006993, 0.17482517482517482, 0.1258741258741259, 0.0]",0.52671015,False,SparkOnlyCorrect,"Spark had access to Phase 4 engineered features (rolling delay history, occupancy history); Python did not."
T2607008233_2026-07-02,Minor,On Time,On Time,"[0.84375, 0.10786290322580645, 0.04838709677419355, 0.0]",0.45970914,True,BothWrong,Both pipelines predicted same outcome.
T2607008693_2026-07-02,On Time,On Time,On Time,"[0.84375, 0.10786290322580645, 0.04838709677419355, 0.0]",0.6721152,True,BothCorrect,Both pipelines predicted same outcome.
T2607007163_2026-07-02,Moderate,Moderate,Severe,"[0.012944983818770227, 0.025889967637540454, 0.919093851132686, 0.042071197411003236]",0.39299604,False,SparkOnlyCorrect,"Spark had access to Phase 4 engineered features (rolling delay history, occupancy history); Python did not."
T2607006912_2026-07-02,On Time,On Time,Moderate,"[0.9007537688442211, 0.0829145728643216, 0.016331658291457288, 0.0]",0.49561003,False,SparkOnlyCorrect,"Spark had access to Phase 4 engineered features (rolling delay history, occupancy history); Python did not."
T2607006987_2026-07-02,Moderate,Minor,Severe,"[0.07142857142857142, 0.5, 0.42857142857142855, 0.0]",0.40070394,False,BothWrong,"Spark had access to Phase 4 engineered features (rolling delay history, occupancy history); Python did not."
T2607007352_2026-07-02,Minor,On Time,Moderate,"[0.9060402684563759, 0.053691275167785234, 0.03691275167785235, 0.003355704697986577]",0.51758343,False,BothWrong,"Spark had access to Phase 4 engineered features (rolling delay history, occupancy history); Python did not."
T2607008374_2026-07-02,On Time,On Time,On Time,"[0.8828502415458938, 0.10748792270531402, 0.00966183574879227, 0.0]",0.47445422,True,BothCorrect,Both pipelines predicted same outcome.
T2607008137_2026-07-02,On Time,On Time,On Time,"[0.9676320272572402, 0.030664395229982964, 0.0017035775127768314, 0.0]",0.598915,True,BothCorrect,Both pipelines predicted same outcome.
T2607007996_2026-07-02,On Time,On Time,On Time,"[0.9676320272572402, 0.030664395229982964, 0.0017035775127768314, 0.0]",0.47606802,True,BothCorrect,Both pipelines predicted same outcome.
T2607006467_2026-07-02,On Time,On Time,Moderate,"[0.9007537688442211, 0.0829145728643216, 0.016331658291457288, 0.0]",0.5060915,False,SparkOnlyCorrect,"Spark had access to Phase 4 engineered features (rolling delay history, occupancy history); Python did not."
T2607011303_2026-07-02,On Time,On Time,On Time,"[0.9676320272572402, 0.030664395229982964, 0.0017035775127768314, 0.0]",0.60206825,True,BothCorrect,Both pipelines predicted same outcome.
T2607010193_2026-07-02,On Time,On Time,Moderate,"[0.7949640287769785, 0.15467625899280577, 0.046762589928057555, 0.0035971223021582736]",0.67250156,False,SparkOnlyCorrect,"Spark had access to Phase 4 engineered features (rolling delay history, occupancy history); Python did not."
T2607009031_2026-07-02,On Time,On Time,On Time,"[0.84375, 0.10786290322580645, 0.04838709677419355, 0.0]",0.5486558,True,BothCorrect,Both pipelines predicted same outcome.
T2607007621_2026-07-02,Moderate,Moderate,Moderate,"[0.012944983818770227, 0.025889967637540454, 0.919093851132686, 0.042071197411003236]",0.52671015,True,BothCorrect,Both pipelines predicted same outcome.
T2607007608_2026-07-02,On Time,On Time,Moderate,"[0.9060402684563759, 0.053691275167785234, 0.03691275167785235, 0.003355704697986577]",0.429353,False,SparkOnlyCorrect,"Spark had access to Phase 4 engineered features (rolling delay history, occupancy history); Python did not."
T2607008217_2026-07-02,On Time,On Time,On Time,"[0.9676320272572402, 0.030664395229982964, 0.0017035775127768314, 0.0]",0.7050755,True,BothCorrect,Both pipelines predicted same outcome.
T2607008776_2026-07-02,On Time,On Time,On Time,"[0.9676320272572402, 0.030664395229982964, 0.0017035775127768314, 0.0]",0.6625174,True,BothCorrect,Both pipelines predicted same outcome.
T2607006996_2026-07-02,On Time,On Time,Moderate,"[0.6993006993006993, 0.17482517482517482, 0.1258741258741259, 0.0]",0.50441366,False,SparkOnlyCorrect,"Spark had access to Phase 4 engineered features (rolling delay history, occupancy history); Python did not."
T2607009662_2026-07-02,On Time,On Time,Moderate,"[0.7949640287769785, 0.15467625899280577, 0.046762589928057555, 0.0035971223021582736]",0.6141296,False,SparkOnlyCorrect,"Spark had access to Phase 4 engineered features (rolling delay history, occupancy history); Python did not."
T2607008194_2026-07-02,On Time,On Time,On Time,"[0.84375, 0.10786290322580645, 0.04838709677419355, 0.0]",0.35659438,True,BothCorrect,Both pipelines predicted same outcome.
T2607006243_2026-07-02,On Time,On Time,On Time,"[0.9432098765432099, 0.05596707818930041, 8.230452674897119E-4, 0.0]",0.5763819,True,BothCorrect,Both pipelines predicted same outcome.
T2607008411_2026-07-02,On Time,On Time,On Time,"[1.0, 0.0, 0.0, 0.0]",0.72721916,True,BothCorrect,Both pipelines predicted same outcome.
T2607010540_2026-07-02,Moderate,Moderate,Moderate,"[0.0, 0.0, 0.8414634146341463, 0.15853658536585366]",0.40163475,True,BothCorrect,Both pipelines predicted same outcome.
T2607010281_2026-07-02,Moderate,Moderate,Moderate,"[0.04597701149425287, 0.1839080459770115, 0.7241379310344828, 0.04597701149425287]",0.6346775,True,BothCorrect,Both pipelines predicted same outcome.
T2607006366_2026-07-02,On Time,On Time,Moderate,"[0.9007537688442211, 0.0829145728643216, 0.016331658291457288, 0.0]",0.45723066,False,SparkOnlyCorrect,"Spark had access to Phase 4 engineered features (rolling delay history, occupancy history); Python did not."
T2607008807_2026-07-02,On Time,On Time,On Time,"[0.8828502415458938, 0.10748792270531402, 0.00966183574879227, 0.0]",0.6188011,True,BothCorrect,Both pipelines predicted same outcome.
T2607011354_2026-07-02,On Time,On Time,Minor,"[1.0, 0.0, 0.0, 0.0]",0.46487355,False,SparkOnlyCorrect,"Spark had access to Phase 4 engineered features (rolling delay history, occupancy history); Python did not."
T2607010185_2026-07-02,Minor,On Time,Severe,"[0.7949640287769785, 0.15467625899280577, 0.046762589928057555, 0.0035971223021582736]",0.410009,False,BothWrong,"Spark had access to Phase 4 engineered features (rolling delay history, occupancy history); Python did not."
T2607011444_2026-07-02,On Time,On Time,Minor,"[0.8828502415458938, 0.10748792270531402, 0.00966183574879227, 0.0]",0.4842918,False,SparkOnlyCorrect,"Spark had access to Phase 4 engineered features (rolling delay history, occupancy history); Python did not."
T2607009828_2026-07-02,On Time,On Time,Moderate,"[0.7949640287769785, 0.15467625899280577, 0.046762589928057555, 0.0035971223021582736]",0.3735297,False,SparkOnlyCorrect,"Spark had access to Phase 4 engineered features (rolling delay history, occupancy history); Python did not."
T2607008839_2026-07-02,On Time,On Time,On Time,"[0.84375, 0.10786290322580645, 0.04838709677419355, 0.0]",0.64336425,True,BothCorrect,Both pipelines predicted same outcome.
T2607005889_2026-07-02,On Time,On Time,On Time,"[1.0, 0.0, 0.0, 0.0]",0.89767015,True,BothCorrect,Both pipelines predicted same outcome.
T2607010811_2026-07-02,Moderate,Moderate,Moderate,"[0.012944983818770227, 0.025889967637540454, 0.919093851132686, 0.042071197411003236]",0.5971118,True,BothCorrect,Both pipelines predicted same outcome.
T2607010803_2026-07-02,Minor,On Time,Moderate,"[0.7949640287769785, 0.15467625899280577, 0.046762589928057555, 0.0035971223021582736]",0.49117276,False,BothWrong,"Spark had access to Phase 4 engineered features (rolling delay history, occupancy history); Python did not."
T2607007708_2026-07-02,Moderate,Minor,Moderate,"[0.07142857142857142, 0.5, 0.42857142857142855, 0.0]",0.5115885,False,PyOnlyCorrect,"Spark had access to Phase 4 engineered features (rolling delay history, occupancy history); Python did not."
T2607007871_2026-07-02,On Time,On Time,Moderate,"[0.9060402684563759, 0.053691275167785234, 0.03691275167785235, 0.003355704697986577]",0.408895,False,SparkOnlyCorrect,"Spark had access to Phase 4 engineered features (rolling delay history, occupancy history); Python did not."
T2607008303_2026-07-02,On Time,On Time,On Time,"[0.84375, 0.10786290322580645, 0.04838709677419355, 0.0]",0.46581444,True,BothCorrect,Both pipelines predicted same outcome.
T2607009481_2026-07-02,On Time,On Time,Moderate,"[0.7949640287769785, 0.15467625899280577, 0.046762589928057555, 0.0035971223021582736]",0.5893472,False,SparkOnlyCorrect,"Spark had access to Phase 4 engineered features (rolling delay history, occupancy history); Python did not."
T2607009308_2026-07-02,On Time,On Time,Moderate,"[0.7949640287769785, 0.15467625899280577, 0.046762589928057555, 0.0035971223021582736]",0.5354043,False,SparkOnlyCorrect,"Spark had access to Phase 4 engineered features (rolling delay history, occupancy history); Python did not."
T2607007170_2026-07-02,On Time,On Time,Moderate,"[0.9007537688442211, 0.0829145728643216, 0.016331658291457288, 0.0]",0.5865189,False,SparkOnlyCorrect,"Spark had access to Phase 4 engineered features (rolling delay history, occupancy history); Python did not."
T2607006302_2026-07-02,On Time,On Time,On Time,"[1.0, 0.0, 0.0, 0.0]",0.48923168,True,BothCorrect,Both pipelines predicted same outcome.
T2607008530_2026-07-02,On Time,On Time,On Time,"[0.9676320272572402, 0.030664395229982964, 0.0017035775127768314, 0.0]",0.54478127,True,BothCorrect,Both pipelines predicted same outcome.
T2607010897_2026-07-02,Moderate,Moderate,Moderate,"[0.04597701149425287, 0.1839080459770115, 0.7241379310344828, 0.04597701149425287]",0.507326,True,BothCorrect,Both pipelines predicted same outcome.
T2607010637_2026-07-02,Moderate,Moderate,Moderate,"[0.012944983818770227, 0.025889967637540454, 0.919093851132686, 0.042071197411003236]",0.564576,True,BothCorrect,Both pipelines predicted same outcome.
T2607006719_2026-07-02,Minor,On Time,Moderate,"[0.9060402684563759, 0.053691275167785234, 0.03691275167785235, 0.003355704697986577]",0.46406388,False,BothWrong,"Spark had access to Phase 4 engineered features (rolling delay history, occupancy history); Python did not."
T2607006640_2026-07-02,Moderate,Moderate,Moderate,"[0.012944983818770227, 0.025889967637540454, 0.919093851132686, 0.042071197411003236]",0.58398396,True,BothCorrect,Both pipelines predicted same outcome.
T2607010449_2026-07-02,On Time,On Time,Moderate,"[0.7949640287769785, 0.15467625899280577, 0.046762589928057555, 0.0035971223021582736]",0.40021595,False,SparkOnlyCorrect,"Spark had access to Phase 4 engineered features (rolling delay history, occupancy history); Python did not."
T2607006556_2026-07-02,On Time,On Time,Moderate,"[0.9060402684563759, 0.053691275167785234, 0.03691275167785235, 0.003355704697986577]",0.55475545,False,SparkOnlyCorrect,"Spark had access to Phase 4 engineered features (rolling delay history, occupancy history); Python did not."
T2607010627_2026-07-02,On Time,On Time,Moderate,"[0.7067833698030634, 0.19037199124726478, 0.10284463894967177, 0.0]",0.42296478,False,SparkOnlyCorrect,"Spark had access to Phase 4 engineered features (rolling delay history, occupancy history); Python did not."
T2607008886_2026-07-02,On Time,On Time,On Time,"[0.6063829787234043, 0.2393617021276596, 0.1524822695035461, 0.0017730496453900709]",0.6058056,True,BothCorrect,Both pipelines predicted same outcome.
T2607009743_2026-07-02,Severe,Severe,Severe,"[0.0, 0.0, 0.2, 0.8]",0.9333137,True,BothCorrect,Both pipelines predicted same outcome.
T2607011259_2026-07-02,On Time,On Time,On Time,"[0.9676320272572402, 0.030664395229982964, 0.0017035775127768314, 0.0]",0.58670294,True,BothCorrect,Both pipelines predicted same outcome.
T2607011091_2026-07-02,On Time,On Time,On Time,"[0.9754204398447607, 0.02199223803363519, 0.00258732212160414, 0.0]",0.4112804,True,BothCorrect,Both pipelines predicted same outcome.
T2607007796_2026-07-02,On Time,On Time,Moderate,"[0.84375, 0.10786290322580645, 0.04838709677419355, 0.0]",0.50868547,False,SparkOnlyCorrect,"Spark had access to Phase 4 engineered features (rolling delay history, occupancy history); Python did not."
T2607007431_2026-07-02,On Time,On Time,Moderate,"[0.9060402684563759, 0.053691275167785234, 0.03691275167785235, 0.003355704697986577]",0.46961012,False,SparkOnlyCorrect,"Spark had access to Phase 4 engineered features (rolling delay history, occupancy history); Python did not."
T2607010246_2026-07-02,On Time,On Time,Moderate,"[0.7067833698030634, 0.19037199124726478, 0.10284463894967177, 0.0]",0.3497498,False,SparkOnlyCorrect,"Spark had access to Phase 4 engineered features (rolling delay history, occupancy history); Python did not."
T2607007589_2026-07-02,On Time,On Time,Moderate,"[0.9007537688442211, 0.0829145728643216, 0.016331658291457288, 0.0]",0.32663307,False,SparkOnlyCorrect,"Spark had access to Phase 4 engineered features (rolling delay history, occupancy history); Python did not."
T2607010333_2026-07-02,Moderate,Moderate,Severe,"[0.0, 0.14285714285714285, 0.8301158301158301, 0.02702702702702703]",0.30849412,False,SparkOnlyCorrect,"Spark had access to Phase 4 engineered features (rolling delay history, occupancy history); Python did not."
T2607007685_2026-07-02,On Time,On Time,Minor,"[0.9007537688442211, 0.0829145728643216, 0.016331658291457288, 0.0]",0.32365504,False,SparkOnlyCorrect,"Spark had access to Phase 4 engineered features (rolling delay history, occupancy history); Python did not."
T2607010515_2026-07-02,Minor,On Time,Moderate,"[0.9007537688442211, 0.0829145728643216, 0.016331658291457288, 0.0]",0.32964063,False,BothWrong,"Spark had access to Phase 4 engineered features (rolling delay history, occupancy history); Python did not."
T2607011550_2026-07-02,On Time,On Time,Minor,"[0.9432098765432099, 0.05596707818930041, 8.230452674897119E-4, 0.0]",0.52192706,False,SparkOnlyCorrect,"Spark had access to Phase 4 engineered features (rolling delay history, occupancy history); Python did not."
T2607008520_2026-07-02,On Time,On Time,On Time,"[0.9432098765432099, 0.05596707818930041, 8.230452674897119E-4, 0.0]",0.616375,True,BothCorrect,Both pipelines predicted same outcome.
T2607006792_2026-07-02,On Time,On Time,Severe,"[0.9007537688442211, 0.0829145728643216, 0.016331658291457288, 0.0]",0.4704323,False,SparkOnlyCorrect,"Spark had access to Phase 4 engineered features (rolling delay history, occupancy history); Python did not."
T2607006010_2026-07-02,On Time,On Time,On Time,"[0.9432098765432099, 0.05596707818930041, 8.230452674897119E-4, 0.0]",0.45573494,True,BothCorrect,Both pipelines predicted same outcome.
T2607008026_2026-07-02,Minor,On Time,Minor,"[0.9593220338983051, 0.03389830508474576, 0.006779661016949152, 0.0]",0.3713894,False,PyOnlyCorrect,"Spark had access to Phase 4 engineered features (rolling delay history, occupancy history); Python did not."
T2607008285_2026-07-02,On Time,On Time,On Time,"[0.9090909090909091, 0.0, 0.09090909090909091, 0.0]",0.62494683,True,BothCorrect,Both pipelines predicted same outcome.
T2607008326_2026-07-02,On Time,On Time,On Time,"[1.0, 0.0, 0.0, 0.0]",0.49480796,True,BothCorrect,Both pipelines predicted same outcome.
T2607009449_2026-07-02,Minor,Minor,Severe,"[0.1488095238095238, 0.5178571428571429, 0.31845238095238093, 0.01488095238095238]",0.3909984,False,SparkOnlyCorrect,"Spark had access to Phase 4 engineered features (rolling delay history, occupancy history); Python did not."
T2607005929_2026-07-02,On Time,On Time,On Time,"[0.9253731343283582, 0.06567164179104477, 0.008955223880597015, 0.0]",0.8806033,True,BothCorrect,Both pipelines predicted same outcome.
T2607010600_2026-07-02,On Time,On Time,Moderate,"[0.9007537688442211, 0.0829145728643216, 0.016331658291457288, 0.0]",0.3110035,False,SparkOnlyCorrect,"Spark had access to Phase 4 engineered features (rolling delay history, occupancy history); Python did not."
T2607008591_2026-07-02,On Time,On Time,On Time,"[1.0, 0.0, 0.0, 0.0]",0.59356457,True,BothCorrect,Both pipelines predicted same outcome.
T2607006702_2026-07-02,On Time,On Time,Severe,"[0.9007537688442211, 0.0829145728643216, 0.016331658291457288, 0.0]",0.4704323,False,SparkOnlyCorrect,"Spark had access to Phase 4 engineered features (rolling delay history, occupancy history); Python did not."
T2607006440_2026-07-02,On Time,On Time,Severe,"[0.9007537688442211, 0.0829145728643216, 0.016331658291457288, 0.0]",0.50984806,False,SparkOnlyCorrect,"Spark had access to Phase 4 engineered features (rolling delay history, occupancy history); Python did not."
T2607006336_2026-07-02,Minor,On Time,Severe,"[0.9007537688442211, 0.0829145728643216, 0.016331658291457288, 0.0]",0.466447,False,BothWrong,"Spark had access to Phase 4 engineered features (rolling delay history, occupancy history); Python did not."
T2607006432_2026-07-02,On Time,On Time,Severe,"[0.9007537688442211, 0.0829145728643216, 0.016331658291457288, 0.0]",0.43452665,False,SparkOnlyCorrect,"Spark had access to Phase 4 engineered features (rolling delay history, occupancy history); Python did not."
T2607006199_2026-07-02,On Time,On Time,On Time,"[1.0, 0.0, 0.0, 0.0]",0.4290975,True,BothCorrect,Both pipelines predicted same outcome.
T2607007405_2026-07-02,Minor,On Time,Severe,"[0.9007537688442211, 0.0829145728643216, 0.016331658291457288, 0.0]",0.384063,False,BothWrong,"Spark had access to Phase 4 engineered features (rolling delay history, occupancy history); Python did not."
T2607007580_2026-07-02,Minor,On Time,Severe,"[0.9007537688442211, 0.0829145728643216, 0.016331658291457288, 0.0]",0.32753578,False,BothWrong,"Spark had access to Phase 4 engineered features (rolling delay history, occupancy history); Python did not."
T2607007135_2026-07-02,On Time,On Time,Severe,"[0.9007537688442211, 0.0829145728643216, 0.016331658291457288, 0.0]",0.455694,False,SparkOnlyCorrect,"Spark had access to Phase 4 engineered features (rolling delay history, occupancy history); Python did not."
T2607007846_2026-07-02,On Time,On Time,Moderate,"[0.9007537688442211, 0.0829145728643216, 0.016331658291457288, 0.0]",0.3199822,False,SparkOnlyCorrect,"Spark had access to Phase 4 engineered features (rolling delay history, occupancy history); Python did not."
T2607006103_2026-07-02,On Time,On Time,On Time,"[1.0, 0.0, 0.0, 0.0]",0.45573494,True,BothCorrect,Both pipelines predicted same outcome.
T2607008226_2026-07-02,On Time,On Time,On Time,"[0.9432098765432099, 0.05596707818930041, 8.230452674897119E-4, 0.0]",0.6242967,True,BothCorrect,Both pipelines predicted same outcome.
T2607009361_2026-07-02,On Time,On Time,Severe,"[0.9007537688442211, 0.0829145728643216, 0.016331658291457288, 0.0]",0.40157706,False,SparkOnlyCorrect,"Spark had access to Phase 4 engineered features (rolling delay history, occupancy history); Python did not."
T2607008716_2026-07-02,On Time,On Time,On Time,"[0.9432098765432099, 0.05596707818930041, 8.230452674897119E-4, 0.0]",0.4610334,True,BothCorrect,Both pipelines predicted same outcome.
T2607008397_2026-07-02,On Time,On Time,On Time,"[1.0, 0.0, 0.0, 0.0]",0.5526882,True,BothCorrect,Both pipelines predicted same outcome.
T2607011297_2026-07-02,On Time,On Time,Minor,"[0.8828502415458938, 0.10748792270531402, 0.00966183574879227, 0.0]",0.5107913,False,SparkOnlyCorrect,"Spark had access to Phase 4 engineered features (rolling delay history, occupancy history); Python did not."
T2607006520_2026-07-02,Minor,Minor,Severe,"[0.2336448598130841, 0.514018691588785, 0.24922118380062305, 0.003115264797507788]",0.4392259,False,SparkOnlyCorrect,"Spark had access to Phase 4 engineered features (rolling delay history, occupancy history); Python did not."
T2607009803_2026-07-02,Minor,Minor,Moderate,"[0.1488095238095238, 0.5178571428571429, 0.31845238095238093, 0.01488095238095238]",0.3371986,False,SparkOnlyCorrect,"Spark had access to Phase 4 engineered features (rolling delay history, occupancy history); Python did not."
T2607006783_2026-07-02,Minor,Minor,Severe,"[0.2336448598130841, 0.514018691588785, 0.24922118380062305, 0.003115264797507788]",0.3543534,False,SparkOnlyCorrect,"Spark had access to Phase 4 engineered features (rolling delay history, occupancy history); Python did not."
T2607006617_2026-07-02,On Time,On Time,Severe,"[0.9007537688442211, 0.0829145728643216, 0.016331658291457288, 0.0]",0.4793133,False,SparkOnlyCorrect,"Spark had access to Phase 4 engineered features (rolling delay history, occupancy history); Python did not."
T2607009716_2026-07-02,Minor,Minor,Severe,"[0.1488095238095238, 0.5178571428571429, 0.31845238095238093, 0.01488095238095238]",0.30555388,False,SparkOnlyCorrect,"Spark had access to Phase 4 engineered features (rolling delay history, occupancy history); Python did not."
T2607006608_2026-07-02,On Time,On Time,Severe,"[0.9007537688442211, 0.0829145728643216, 0.016331658291457288, 0.0]",0.40122226,False,SparkOnlyCorrect,"Spark had access to Phase 4 engineered features (rolling delay history, occupancy history); Python did not."
T2607011376_2026-07-02,On Time,On Time,Minor,"[0.9754204398447607, 0.02199223803363519, 0.00258732212160414, 0.0]",0.55182165,False,SparkOnlyCorrect,"Spark had access to Phase 4 engineered features (rolling delay history, occupancy history); Python did not."
T2607011470_2026-07-02,On Time,On Time,Minor,"[1.0, 0.0, 0.0, 0.0]",0.55182165,False,SparkOnlyCorrect,"Spark had access to Phase 4 engineered features (rolling delay history, occupancy history); Python did not."
T2607006260_2026-07-02,On Time,On Time,On Time,"[1.0, 0.0, 0.0, 0.0]",0.4522124,True,BothCorrect,Both pipelines predicted same outcome.
T2607007769_2026-07-02,Moderate,Minor,Moderate,"[0.2336448598130841, 0.514018691588785, 0.24922118380062305, 0.003115264797507788]",0.35191667,False,PyOnlyCorrect,"Spark had access to Phase 4 engineered features (rolling delay history, occupancy history); Python did not."
T2607007326_2026-07-02,On Time,On Time,Moderate,"[0.7815126050420168, 0.19327731092436976, 0.025210084033613446, 0.0]",0.36331913,False,SparkOnlyCorrect,"Spark had access to Phase 4 engineered features (rolling delay history, occupancy history); Python did not."
T2607006886_2026-07-02,On Time,On Time,Moderate,"[0.9007537688442211, 0.0829145728643216, 0.016331658291457288, 0.0]",0.3496825,False,SparkOnlyCorrect,"Spark had access to Phase 4 engineered features (rolling delay history, occupancy history); Python did not."
T2607005988_2026-07-02,On Time,On Time,On Time,"[1.0, 0.0, 0.0, 0.0]",0.47822675,True,BothCorrect,Both pipelines predicted same outcome.
T2607008832_2026-07-02,On Time,On Time,On Time,"[0.7815126050420168, 0.19327731092436976, 0.025210084033613446, 0.0]",0.42490578,True,BothCorrect,Both pipelines predicted same outcome.
T2607008447_2026-07-02,On Time,On Time,On Time,"[1.0, 0.0, 0.0, 0.0]",0.63781726,True,BothCorrect,Both pipelines predicted same outcome.
T2607008547_2026-07-02,On Time,On Time,On Time,"[0.9432098765432099, 0.05596707818930041, 8.230452674897119E-4, 0.0]",0.57138497,True,BothCorrect,Both pipelines predicted same outcome.
T2607009888_2026-07-02,On Time,On Time,Severe,"[0.9007537688442211, 0.0829145728643216, 0.016331658291457288, 0.0]",0.32786715,False,SparkOnlyCorrect,"Spark had access to Phase 4 engineered features (rolling delay history, occupancy history); Python did not."
T2607009976_2026-07-02,Minor,Minor,Moderate,"[0.1488095238095238, 0.5178571428571429, 0.31845238095238093, 0.01488095238095238]",0.33581236,False,SparkOnlyCorrect,"Spark had access to Phase 4 engineered features (rolling delay history, occupancy history); Python did not."
T2607006527_2026-07-02,On Time,On Time,Severe,"[0.9007537688442211, 0.0829145728643216, 0.016331658291457288, 0.0]",0.5151541,False,SparkOnlyCorrect,"Spark had access to Phase 4 engineered features (rolling delay history, occupancy history); Python did not."
T2607006075_2026-07-02,On Time,On Time,On Time,"[1.0, 0.0, 0.0, 0.0]",0.49493775,True,BothCorrect,Both pipelines predicted same outcome.
T2607006972_2026-07-02,Moderate,Moderate,Moderate,"[0.0, 0.0, 0.9885057471264368, 0.011494252873563218]",0.35254103,True,BothCorrect,Both pipelines predicted same outcome.
T2607006875_2026-07-02,On Time,On Time,Severe,"[0.9007537688442211, 0.0829145728643216, 0.016331658291457288, 0.0]",0.38447872,False,SparkOnlyCorrect,"Spark had access to Phase 4 engineered features (rolling delay history, occupancy history); Python did not."
T2607007854_2026-07-02,On Time,On Time,Moderate,"[0.9007537688442211, 0.0829145728643216, 0.016331658291457288, 0.0]",0.33331,False,SparkOnlyCorrect,"Spark had access to Phase 4 engineered features (rolling delay history, occupancy history); Python did not."
T2607008119_2026-07-02,On Time,On Time,On Time,"[0.8461538461538461, 0.11282051282051282, 0.041025641025641026, 0.0]",0.34984627,True,BothCorrect,Both pipelines predicted same outcome.
T2607009624_2026-07-02,On Time,On Time,Severe,"[0.9007537688442211, 0.0829145728643216, 0.016331658291457288, 0.0]",0.387817,False,SparkOnlyCorrect,"Spark had access to Phase 4 engineered features (rolling delay history, occupancy history); Python did not."
T2607009273_2026-07-02,On Time,On Time,Moderate,"[0.9007537688442211, 0.0829145728643216, 0.016331658291457288, 0.0]",0.33830068,False,SparkOnlyCorrect,"Spark had access to Phase 4 engineered features (rolling delay history, occupancy history); Python did not."
T2607006176_2026-07-02,On Time,On Time,On Time,"[1.0, 0.0, 0.0, 0.0]",0.466184,True,BothCorrect,Both pipelines predicted same outcome.
T2607006281_2026-07-02,On Time,On Time,On Time,"[0.9754204398447607, 0.02199223803363519, 0.00258732212160414, 0.0]",0.5067716,True,BothCorrect,Both pipelines predicted same outcome.
T2607007145_2026-07-02,On Time,On Time,Severe,"[0.9007537688442211, 0.0829145728643216, 0.016331658291457288, 0.0]",0.35135037,False,SparkOnlyCorrect,"Spark had access to Phase 4 engineered features (rolling delay history, occupancy history); Python did not."
T2607007501_2026-07-02,Minor,Minor,Moderate,"[0.2336448598130841, 0.514018691588785, 0.24922118380062305, 0.003115264797507788]",0.3454392,False,SparkOnlyCorrect,"Spark had access to Phase 4 engineered features (rolling delay history, occupancy history); Python did not."
T2607009534_2026-07-02,On Time,On Time,Severe,"[0.7067833698030634, 0.19037199124726478, 0.10284463894967177, 0.0]",0.44262016,False,SparkOnlyCorrect,"Spark had access to Phase 4 engineered features (rolling delay history, occupancy history); Python did not."
T2607009177_2026-07-02,Moderate,Minor,Severe,"[0.1488095238095238, 0.5178571428571429, 0.31845238095238093, 0.01488095238095238]",0.42033282,False,BothWrong,"Spark had access to Phase 4 engineered features (rolling delay history, occupancy history); Python did not."
T2607005802_2026-07-02,On Time,On Time,On Time,"[1.0, 0.0, 0.0, 0.0]",0.85736865,True,BothCorrect,Both pipelines predicted same outcome.
T2607010773_2026-07-02,On Time,On Time,Moderate,"[0.7067833698030634, 0.19037199124726478, 0.10284463894967177, 0.0]",0.35732904,False,SparkOnlyCorrect,"Spark had access to Phase 4 engineered features (rolling delay history, occupancy history); Python did not."
T2607008496_2026-07-02,On Time,On Time,On Time,"[0.9593220338983051, 0.03389830508474576, 0.006779661016949152, 0.0]",0.53601605,True,BothCorrect,Both pipelines predicted same outcome.
T2607006693_2026-07-02,Moderate,Moderate,Severe,"[0.0, 0.0, 0.9885057471264368, 0.011494252873563218]",0.4351832,False,SparkOnlyCorrect,"Spark had access to Phase 4 engineered features (rolling delay history, occupancy history); Python did not."
T2607007492_2026-07-02,Minor,Minor,Severe,"[0.2336448598130841, 0.514018691588785, 0.24922118380062305, 0.003115264797507788]",0.34081706,False,SparkOnlyCorrect,"Spark had access to Phase 4 engineered features (rolling delay history, occupancy history); Python did not."
T2607007319_2026-07-02,Moderate,Moderate,Severe,"[0.0, 0.0, 0.9885057471264368, 0.011494252873563218]",0.4644006,False,SparkOnlyCorrect,"Spark had access to Phase 4 engineered features (rolling delay history, occupancy history); Python did not."
T2607007674_2026-07-02,On Time,On Time,Severe,"[0.9007537688442211, 0.0829145728643216, 0.016331658291457288, 0.0]",0.32080084,False,SparkOnlyCorrect,"Spark had access to Phase 4 engineered features (rolling delay history, occupancy history); Python did not."
T2607007759_2026-07-02,On Time,On Time,Moderate,"[0.9676320272572402, 0.030664395229982964, 0.0017035775127768314, 0.0]",0.3199822,False,SparkOnlyCorrect,"Spark had access to Phase 4 engineered features (rolling delay history, occupancy history); Python did not."
T2607007055_2026-07-02,Moderate,Moderate,Moderate,"[0.0, 0.0, 0.9885057471264368, 0.011494252873563218]",0.32717797,True,BothCorrect,Both pipelines predicted same outcome.
T2607008174_2026-07-02,On Time,On Time,On Time,"[0.7815126050420168, 0.19327731092436976, 0.025210084033613446, 0.0]",0.5488018,True,BothCorrect,Both pipelines predicted same outcome.
T2607008072_2026-07-02,On Time,On Time,On Time,"[1.0, 0.0, 0.0, 0.0]",0.5363867,True,BothCorrect,Both pipelines predicted same outcome.
T2607007229_2026-07-02,On Time,On Time,Severe,"[0.9007537688442211, 0.0829145728643216, 0.016331658291457288, 0.0]",0.4644006,False,SparkOnlyCorrect,"Spark had access to Phase 4 engineered features (rolling delay history, occupancy history); Python did not."
T2607007975_2026-07-02,On Time,On Time,On Time,"[1.0, 0.0, 0.0, 0.0]",0.54493684,True,BothCorrect,Both pipelines predicted same outcome.
T2607009155_2026-07-02,On Time,On Time,On Time,"[0.8828502415458938, 0.10748792270531402, 0.00966183574879227, 0.0]",0.44460496,True,BothCorrect,Both pipelines predicted same outcome.
T2607010957_2026-07-02,On Time,On Time,Moderate,"[0.7067833698030634, 0.19037199124726478, 0.10284463894967177, 0.0]",0.36045328,False,SparkOnlyCorrect,"Spark had access to Phase 4 engineered features (rolling delay history, occupancy history); Python did not."
T2607010070_2026-07-02,Minor,Minor,Severe,"[0.1488095238095238, 0.5178571428571429, 0.31845238095238093, 0.01488095238095238]",0.31091148,False,SparkOnlyCorrect,"Spark had access to Phase 4 engineered features (rolling delay history, occupancy history); Python did not."
T2607010160_2026-07-02,Moderate,Moderate,Severe,"[0.0, 0.14285714285714285, 0.8301158301158301, 0.02702702702702703]",0.9335003,False,SparkOnlyCorrect,"Spark had access to Phase 4 engineered features (rolling delay history, occupancy history); Python did not."
T2607006962_2026-07-02,Minor,Minor,Moderate,"[0.2336448598130841, 0.514018691588785, 0.24922118380062305, 0.003115264797507788]",0.32348824,False,SparkOnlyCorrect,"Spark had access to Phase 4 engineered features (rolling delay history, occupancy history); Python did not."
