trip_id,route_id,direction,service_date,service_id,schedule_id,vehicle_id,original_vehicle_id,scheduled_departure,scheduled_arrival,actual_departure,actual_arrival,trip_status,trip_type,cancellation_reason
T2510000001,R001,0,2025-10-06,WKDY_AUT25,SCH000001,V0001,,2025-10-06 05:30:00,2025-10-06 06:32:06,2025-10-06 05:31:53,2025-10-06 06:39:08,completed,regular,
T2510000002,R008,1,2025-10-06,WKDY_AUT25,SCH000076,V0062,,2025-10-06 05:30:00,2025-10-06 05:41:54,2025-10-06 05:30:27,2025-10-06 05:40:50,completed,regular,
T2510000003,R006,1,2025-10-06,WKDY_AUT25,SCH000056,V0054,,2025-10-06 05:31:00,2025-10-06 06:04:12,2025-10-06 05:34:41,2025-10-06 06:04:37,completed,regular,
T2510000004,R002,0,2025-10-06,WKDY_AUT25,SCH000011,V0025,,2025-10-06 05:37:00,2025-10-06 06:22:00,2025-10-06 05:37:57,2025-10-06 06:23:20,completed,regular,
T2510000005,R001,1,2025-10-06,WKDY_AUT25,SCH000006,V0002,,2025-10-06 05:41:00,2025-10-06 06:43:06,2025-10-06 05:42:48,2025-10-06 06:46:06,completed,regular,
T2510000006,R003,0,2025-10-06,WKDY_AUT25,SCH000021,V0036,,2025-10-06 05:44:00,2025-10-06 06:16:30,2025-10-06 05:45:58,2025-10-06 06:21:43,completed,regular,
T2510000007,R001,0,2025-10-06,WKDY_AUT25,SCH000001,V0003,,2025-10-06 05:45:00,2025-10-06 06:47:06,2025-10-06 05:45:45,2025-10-06 06:48:49,completed,regular,
T2510000008,R002,1,2025-10-06,WKDY_AUT25,SCH000016,V0026,,2025-10-06 05:48:00,2025-10-06 06:33:00,2025-10-06 05:48:00,2025-10-06 06:30:56,completed,regular,
T2510000009,R004,0,2025-10-06,WKDY_AUT25,SCH000031,V0045,,2025-10-06 05:51:00,2025-10-06 06:12:06,2025-10-06 05:51:10,2025-10-06 06:09:04,completed,regular,
T2510000010,R003,1,2025-10-06,WKDY_AUT25,SCH000026,V0037,,2025-10-06 05:55:00,2025-10-06 06:27:30,2025-10-06 05:55:00,2025-10-06 06:34:07,completed,regular,
T2510000011,R001,1,2025-10-06,WKDY_AUT25,SCH000006,V0004,,2025-10-06 05:56:00,2025-10-06 06:58:06,2025-10-06 05:56:00,2025-10-06 07:00:55,completed,regular,
T2510000012,R005,0,2025-10-06,WKDY_AUT25,SCH000041,V0049,,2025-10-06 05:58:00,2025-10-06 06:31:54,2025-10-06 05:58:13,2025-10-06 06:35:17,completed,regular,
T2510000013,R001,0,2025-10-06,WKDY_AUT25,SCH000001,V0005,,2025-10-06 06:00:00,2025-10-06 07:02:06,2025-10-06 06:00:52,2025-10-06 07:08:58,completed,regular,
T2510000014,R004,1,2025-10-06,WKDY_AUT25,SCH000036,V0046,,2025-10-06 06:02:00,2025-10-06 06:23:06,2025-10-06 06:05:27,2025-10-06 06:22:45,completed,regular,
T2510000015,R006,0,2025-10-06,WKDY_AUT25,SCH000051,V0055,,2025-10-06 06:05:00,2025-10-06 06:38:12,,,cancelled,regular,driver_shortage
T2510000016,R002,0,2025-10-06,WKDY_AUT25,SCH000011,V0027,,2025-10-06 06:07:00,2025-10-06 06:52:00,2025-10-06 06:07:56,2025-10-06 06:54:44,completed,regular,
T2510000017,R005,1,2025-10-06,WKDY_AUT25,SCH000046,V0050,,2025-10-06 06:09:00,2025-10-06 06:42:54,2025-10-06 06:09:50,2025-10-06 06:50:18,completed,regular,
T2510000018,R001,1,2025-10-06,WKDY_AUT25,SCH000006,V0006,,2025-10-06 06:11:00,2025-10-06 07:13:06,2025-10-06 06:11:21,2025-10-06 07:13:31,completed,regular,
T2510000019,R007,0,2025-10-06,WKDY_AUT25,SCH000061,V0059,,2025-10-06 06:12:00,2025-10-06 06:30:30,2025-10-06 06:13:04,2025-10-06 06:30:18,completed,regular,
T2510000020,R003,0,2025-10-06,WKDY_AUT25,SCH000021,V0038,,2025-10-06 06:14:00,2025-10-06 06:46:30,2025-10-06 06:14:00,2025-10-06 06:46:54,completed,regular,
T2510000021,R001,0,2025-10-06,WKDY_AUT25,SCH000001,V0007,,2025-10-06 06:15:00,2025-10-06 07:17:06,2025-10-06 06:15:24,2025-10-06 07:20:18,completed,regular,
T2510000022,R006,1,2025-10-06,WKDY_AUT25,SCH000056,V0055,,2025-10-06 06:16:00,2025-10-06 06:49:12,2025-10-06 06:18:08,2025-10-06 06:46:06,completed,regular,
T2510000023,R002,1,2025-10-06,WKDY_AUT25,SCH000016,V0028,,2025-10-06 06:18:00,2025-10-06 07:03:00,2025-10-06 06:19:25,2025-10-06 07:05:59,completed,regular,
T2510000024,R008,0,2025-10-06,WKDY_AUT25,SCH000071,V0063,,2025-10-06 06:19:00,2025-10-06 06:30:54,2025-10-06 06:22:57,2025-10-06 06:34:55,completed,regular,
T2510000025,R007,1,2025-10-06,WKDY_AUT25,SCH000066,V0060,,2025-10-06 06:23:00,2025-10-06 06:41:30,2025-10-06 06:23:05,2025-10-06 06:39:56,completed,regular,
T2510000026,R003,1,2025-10-06,WKDY_AUT25,SCH000026,V0039,,2025-10-06 06:25:00,2025-10-06 06:57:30,2025-10-06 06:25:00,2025-10-06 06:59:44,completed,regular,
T2510000027,R001,1,2025-10-06,WKDY_AUT25,SCH000006,V0008,,2025-10-06 06:26:00,2025-10-06 07:28:06,2025-10-06 06:26:30,2025-10-06 07:44:10,completed,regular,
T2510000028,R001,0,2025-10-06,WKDY_AUT25,SCH000001,V0009,,2025-10-06 06:30:00,2025-10-06 07:32:06,2025-10-06 06:30:00,2025-10-06 07:31:56,completed,regular,
T2510000030,R004,0,2025-10-06,WKDY_AUT25,SCH000031,V0047,,2025-10-06 06:36:00,2025-10-06 06:57:06,2025-10-06 06:36:12,2025-10-06 06:56:40,completed,regular,
T2510000031,R002,0,2025-10-06,WKDY_AUT25,SCH000011,V0029,,2025-10-06 06:37:00,2025-10-06 07:22:00,2025-10-06 06:37:00,2025-10-06 07:27:48,completed,regular,
T2510000032,R001,1,2025-10-06,WKDY_AUT25,SCH000006,V0010,,2025-10-06 06:41:00,2025-10-06 07:43:06,2025-10-06 06:41:19,2025-10-06 07:44:20,completed,regular,
T2510000033,R005,0,2025-10-06,WKDY_AUT25,SCH000041,V0051,,2025-10-06 06:43:00,2025-10-06 07:16:54,2025-10-06 06:43:00,2025-10-06 07:21:07,completed,regular,
T2510000034,R003,0,2025-10-06,WKDY_AUT25,SCH000021,V0040,,2025-10-06 06:44:00,2025-10-06 07:16:30,2025-10-06 06:47:19,2025-10-06 07:25:53,completed,regular,
T2510000035,R001,0,2025-10-06,WKDY_AUT25,SCH000001,V0011,,2025-10-06 06:45:00,2025-10-06 07:47:06,2025-10-06 06:45:32,2025-10-06 07:47:49,completed,regular,
T2510000036,R004,1,2025-10-06,WKDY_AUT25,SCH000036,V0048,,2025-10-06 06:47:00,2025-10-06 07:08:06,2025-10-06 06:48:38,2025-10-06 07:07:40,completed,regular,
T2510000037,R002,1,2025-10-06,WKDY_AUT25,SCH000016,V0030,,2025-10-06 06:48:00,2025-10-06 07:33:00,2025-10-06 06:49:56,2025-10-06 07:41:29,completed,regular,
T2510000038,R006,0,2025-10-06,WKDY_AUT25,SCH000051,V0056,,2025-10-06 06:50:00,2025-10-06 07:23:12,2025-10-06 06:50:00,2025-10-06 07:20:36,completed,regular,
T2510000039,R005,1,2025-10-06,WKDY_AUT25,SCH000046,V0052,,2025-10-06 06:54:00,2025-10-06 07:27:54,2025-10-06 06:54:00,2025-10-06 07:33:31,completed,regular,
T2510000040,R003,1,2025-10-06,WKDY_AUT25,SCH000026,V0041,,2025-10-06 06:55:00,2025-10-06 07:27:30,2025-10-06 06:55:40,2025-10-06 07:33:11,completed,regular,
T2510000041,R001,1,2025-10-06,WKDY_AUT25,SCH000006,V0012,,2025-10-06 06:56:00,2025-10-06 07:58:06,2025-10-06 06:58:33,2025-10-06 08:08:33,completed,regular,
T2510000042,R001,0,2025-10-06,WKDY_AUT25,SCH000002,V0013,,2025-10-06 07:00:00,2025-10-06 08:20:48,2025-10-06 07:04:21,2025-10-06 08:38:25,completed,regular,
T2510000043,R008,1,2025-10-06,WKDY_AUT25,SCH000077,V0062,,2025-10-06 07:00:00,2025-10-06 07:16:12,2025-10-06 07:00:00,2025-10-06 07:13:17,completed,regular,
T2510000044,R001,1,2025-10-06,WKDY_AUT25,SCH000007,V0014,,2025-10-06 07:01:00,2025-10-06 08:21:48,2025-10-06 07:01:05,2025-10-06 08:16:48,completed,regular,
T2510000045,R004,1,2025-10-06,WKDY_AUT25,SCH000037,V0045,,2025-10-06 07:02:00,2025-10-06 07:32:36,2025-10-06 07:02:00,2025-10-06 07:29:08,completed,regular,
T2510000046,R008,0,2025-10-06,WKDY_AUT25,SCH000072,V0063,,2025-10-06 07:04:00,2025-10-06 07:20:12,2025-10-06 07:04:27,2025-10-06 07:20:59,completed,regular,
T2510000047,R003,1,2025-10-06,WKDY_AUT25,SCH000027,V0042,,2025-10-06 07:05:00,2025-10-06 07:56:00,2025-10-06 07:05:02,2025-10-06 08:02:42,completed,regular,
T2510000048,R006,0,2025-10-06,WKDY_AUT25,SCH000052,V0057,,2025-10-06 07:05:00,2025-10-06 07:53:00,2025-10-06 07:05:35,2025-10-06 07:53:18,completed,regular,
T2510000049,R002,0,2025-10-06,WKDY_AUT25,SCH000012,V0031,,2025-10-06 07:07:00,2025-10-06 08:17:42,2025-10-06 07:08:04,2025-10-06 08:33:07,completed,regular,
T2510000050,R007,1,2025-10-06,WKDY_AUT25,SCH000067,V0061,,2025-10-06 07:08:00,2025-10-06 07:33:06,2025-10-06 07:10:11,2025-10-06 07:34:39,completed,regular,
T2510000051,R005,1,2025-10-06,WKDY_AUT25,SCH000047,V0053,,2025-10-06 07:09:00,2025-10-06 07:58:00,2025-10-06 07:14:03,2025-10-06 08:15:59,completed,regular,
T2510000052,R001,0,2025-10-06,WKDY_AUT25,SCH000002,V0015,,2025-10-06 07:10:00,2025-10-06 08:30:48,2025-10-06 07:10:00,2025-10-06 08:30:57,completed,regular,
T2510000053,R001,1,2025-10-06,WKDY_AUT25,SCH000007,V0016,,2025-10-06 07:11:00,2025-10-06 08:31:48,2025-10-06 07:11:00,2025-10-06 08:42:36,completed,regular,
T2510000054,R003,0,2025-10-06,WKDY_AUT25,SCH000022,V0043,,2025-10-06 07:14:00,2025-10-06 08:05:00,2025-10-06 07:14:01,2025-10-06 08:19:20,completed,regular,
T2510000055,R006,1,2025-10-06,WKDY_AUT25,SCH000057,V0058,,2025-10-06 07:16:00,2025-10-06 08:04:00,2025-10-06 07:17:00,2025-10-06 08:14:20,completed,regular,
T2510000056,R002,1,2025-10-06,WKDY_AUT25,SCH000017,V0032,,2025-10-06 07:18:00,2025-10-06 08:28:42,2025-10-06 07:18:26,2025-10-06 08:44:33,completed,regular,
T2510000057,R001,0,2025-10-06,WKDY_AUT25,SCH000002,V0017,,2025-10-06 07:20:00,2025-10-06 08:40:48,2025-10-06 07:23:03,2025-10-06 08:47:11,completed,regular,
T2510000058,R001,1,2025-10-06,WKDY_AUT25,SCH000007,V0018,,2025-10-06 07:21:00,2025-10-06 08:41:48,2025-10-06 07:21:57,2025-10-06 08:53:27,completed,regular,
T2510000059,R004,0,2025-10-06,WKDY_AUT25,SCH000032,V0046,,2025-10-06 07:21:00,2025-10-06 07:51:36,2025-10-06 07:22:06,2025-10-06 07:50:08,completed,regular,
T2510000060,R003,1,2025-10-06,WKDY_AUT25,SCH000027,V0044,,2025-10-06 07:25:00,2025-10-06 08:16:00,2025-10-06 07:25:00,2025-10-06 08:28:53,completed,regular,
T2510000061,R002,0,2025-10-06,WKDY_AUT25,SCH000012,V0033,,2025-10-06 07:27:00,2025-10-06 08:37:42,2025-10-06 07:27:00,2025-10-06 08:41:41,completed,regular,
T2510000062,R005,0,2025-10-06,WKDY_AUT25,SCH000042,V0049,,2025-10-06 07:28:00,2025-10-06 08:17:00,2025-10-06 07:28:52,2025-10-06 08:33:33,completed,regular,
T2510000063,R001,0,2025-10-06,WKDY_AUT25,SCH000002,V0019,,2025-10-06 07:30:00,2025-10-06 08:50:48,2025-10-06 07:30:12,2025-10-06 08:57:27,completed,regular,
T2510000064,R001,1,2025-10-06,WKDY_AUT25,SCH000007,V0020,,2025-10-06 07:31:00,2025-10-06 08:51:48,,,cancelled,regular,driver_shortage
T2510000065,R004,1,2025-10-06,WKDY_AUT25,SCH000037,V0047,,2025-10-06 07:32:00,2025-10-06 08:02:36,2025-10-06 07:32:25,2025-10-06 08:03:05,completed,regular,
T2510000066,R003,0,2025-10-06,WKDY_AUT25,SCH000022,V0036,,2025-10-06 07:34:00,2025-10-06 08:25:00,2025-10-06 07:35:05,2025-10-06 08:32:12,completed,regular,
T2510000067,R006,0,2025-10-06,WKDY_AUT25,SCH000052,V0054,,2025-10-06 07:35:00,2025-10-06 08:23:00,2025-10-06 07:38:41,2025-10-06 08:23:45,completed,regular,
T2510000068,R002,1,2025-10-06,WKDY_AUT25,SCH000017,V0034,,2025-10-06 07:38:00,2025-10-06 08:48:42,2025-10-06 07:38:29,2025-10-06 08:53:31,completed,regular,
T2510000069,R005,1,2025-10-06,WKDY_AUT25,SCH000047,V0050,,2025-10-06 07:39:00,2025-10-06 08:28:00,2025-10-06 07:39:00,2025-10-06 08:40:41,completed,regular,
T2510000071,R001,1,2025-10-06,WKDY_AUT25,SCH000007,V0021,,2025-10-06 07:41:00,2025-10-06 09:01:48,2025-10-06 07:41:10,2025-10-06 09:27:15,completed,regular,
T2510000072,R007,0,2025-10-06,WKDY_AUT25,SCH000062,V0059,,2025-10-06 07:42:00,2025-10-06 08:07:06,2025-10-06 07:42:10,2025-10-06 08:12:35,completed,regular,
T2510000073,R003,1,2025-10-06,WKDY_AUT25,SCH000027,V0037,,2025-10-06 07:45:00,2025-10-06 08:36:00,2025-10-06 07:45:02,2025-10-06 08:41:03,completed,regular,
T2510000074,R008,1,2025-10-06,WKDY_AUT25,SCH000077,V0064,,2025-10-06 07:45:00,2025-10-06 08:01:12,2025-10-06 07:46:50,2025-10-06 08:05:26,completed,regular,
T2510000075,R006,1,2025-10-06,WKDY_AUT25,SCH000057,V0055,,2025-10-06 07:46:00,2025-10-06 08:34:00,2025-10-06 07:46:47,2025-10-06 08:35:26,completed,regular,
T2510000076,R002,0,2025-10-06,WKDY_AUT25,SCH000012,V0035,,2025-10-06 07:47:00,2025-10-06 08:57:42,2025-10-06 07:49:57,2025-10-06 09:13:36,completed,regular,
T2510000077,R008,0,2025-10-06,WKDY_AUT25,SCH000072,V0062,,2025-10-06 07:49:00,2025-10-06 08:05:12,2025-10-06 07:50:11,2025-10-06 08:05:11,completed,regular,
T2510000078,R001,0,2025-10-06,WKDY_AUT25,SCH000002,V0022,,2025-10-06 07:50:00,2025-10-06 09:10:48,2025-10-06 07:53:51,2025-10-06 09:26:47,completed,regular,
T2510000079,R001,1,2025-10-06,WKDY_AUT25,SCH000007,V0023,,2025-10-06 07:51:00,2025-10-06 09:11:48,2025-10-06 07:51:52,2025-10-06 09:23:51,completed,regular,
T2510000080,R004,0,2025-10-06,WKDY_AUT25,SCH000032,V0048,,2025-10-06 07:51:00,2025-10-06 08:21:36,2025-10-06 07:51:00,2025-10-06 08:19:36,completed,regular,
T2510000081,R007,1,2025-10-06,WKDY_AUT25,SCH000067,V0060,,2025-10-06 07:53:00,2025-10-06 08:18:06,2025-10-06 07:53:00,2025-10-06 08:18:08,completed,regular,
T2510000082,R003,0,2025-10-06,WKDY_AUT25,SCH000022,V0038,,2025-10-06 07:54:00,2025-10-06 08:45:00,2025-10-06 07:54:01,2025-10-06 08:56:19,completed,regular,
T2510000083,R002,1,2025-10-06,WKDY_AUT25,SCH000017,V0025,,2025-10-06 07:58:00,2025-10-06 09:08:42,2025-10-06 08:00:38,2025-10-06 09:08:47,completed,regular,
T2510000084,R005,0,2025-10-06,WKDY_AUT25,SCH000042,V0051,,2025-10-06 07:58:00,2025-10-06 08:47:00,2025-10-06 08:03:24,2025-10-06 09:09:09,completed,regular,
T2510000085,R001,0,2025-10-06,WKDY_AUT25,SCH000002,V0024,,2025-10-06 08:00:00,2025-10-06 09:20:48,2025-10-06 08:05:26,2025-10-06 09:34:54,completed,regular,
T2510000086,R001,1,2025-10-06,WKDY_AUT25,SCH000007,V0001,,2025-10-06 08:01:00,2025-10-06 09:21:48,2025-10-06 08:05:36,2025-10-06 09:41:21,completed,regular,
T2510000087,R004,1,2025-10-06,WKDY_AUT25,SCH000037,V0045,,2025-10-06 08:02:00,2025-10-06 08:32:36,2025-10-06 08:03:38,2025-10-06 08:33:51,completed,regular,
T2510000088,R003,1,2025-10-06,WKDY_AUT25,SCH000027,V0039,,2025-10-06 08:05:00,2025-10-06 08:56:00,2025-10-06 08:06:05,2025-10-06 09:15:21,completed,regular,
T2510000089,R006,0,2025-10-06,WKDY_AUT25,SCH000052,V0056,,2025-10-06 08:05:00,2025-10-06 08:53:00,2025-10-06 08:08:13,2025-10-06 08:59:19,completed,regular,
T2510000090,R002,0,2025-10-06,WKDY_AUT25,SCH000012,V0026,,2025-10-06 08:07:00,2025-10-06 09:17:42,2025-10-06 08:07:00,2025-10-06 09:23:01,completed,regular,
T2510000091,R005,1,2025-10-06,WKDY_AUT25,SCH000047,V0052,,2025-10-06 08:09:00,2025-10-06 08:58:00,2025-10-06 08:10:26,2025-10-06 09:06:47,completed,regular,
T2510000092,R001,0,2025-10-06,WKDY_AUT25,SCH000002,V0002,,2025-10-06 08:10:00,2025-10-06 09:30:48,2025-10-06 08:11:07,2025-10-06 09:35:39,completed,regular,
T2510000093,,1,2025-10-06,WKDY_AUT25,SCH000007,V0003,,2025-10-06 08:11:00,2025-10-06 09:31:48,2025-10-06 08:12:01,2025-10-06 09:43:20,completed,regular,
T2510000094,R003,0,2025-10-06,WKDY_AUT25,SCH000022,V0040,,2025-10-06 08:14:00,2025-10-06 09:05:00,2025-10-06 08:16:08,2025-10-06 09:20:30,completed,regular,
T2510000095,R006,1,2025-10-06,WKDY_AUT25,SCH000057,V0057,,2025-10-06 08:16:00,2025-10-06 09:04:00,2025-10-06 08:16:00,2025-10-06 09:01:59,completed,regular,
T2510000096,R002,1,2025-10-06,WKDY_AUT25,SCH000017,V0027,,2025-10-06 08:18:00,2025-10-06 09:28:42,2025-10-06 08:19:17,2025-10-06 09:41:54,completed,regular,
T2510000097,R001,0,2025-10-06,WKDY_AUT25,SCH000002,V0004,,2025-10-06 08:20:00,2025-10-06 09:40:48,2025-10-06 08:20:00,2025-10-06 09:52:24,completed,regular,
T2510000098,R001,1,2025-10-06,WKDY_AUT25,SCH000007,V0005,,2025-10-06 08:21:00,2025-10-06 09:41:48,2025-10-06 08:21:00,2025-10-06 10:04:38,completed,regular,
T2510000099,R004,0,2025-10-06,WKDY_AUT25,SCH000032,V0046,,2025-10-06 08:21:00,2025-10-06 08:51:36,2025-10-06 08:21:17,2025-10-06 08:50:27,completed,regular,
T2510000100,R003,1,2025-10-06,WKDY_AUT25,SCH000027,V0041,,2025-10-06 08:25:00,2025-10-06 09:16:00,2025-10-06 08:25:00,2025-10-06 09:25:45,completed,regular,
T2510000101,R002,0,2025-10-06,WKDY_AUT25,SCH000012,V0028,,2025-10-06 08:27:00,2025-10-06 09:37:42,2025-10-06 08:27:00,2025-10-06 09:49:44,completed,regular,
T2510000102,R007,0,2025-10-06,WKDY_AUT25,SCH000062,V0061,,2025-10-06 08:27:00,2025-10-06 08:52:06,2025-10-06 08:27:00,2025-10-06 08:56:17,completed,regular,
T2510000103,R005,0,2025-10-06,WKDY_AUT25,SCH000042,V0053,,2025-10-06 08:28:00,2025-10-06 09:17:00,2025-10-06 08:28:00,2025-10-06 09:28:23,completed,regular,
T2510000104,R001,0,2025-10-06,WKDY_AUT25,SCH000002,V0006,,2025-10-06 08:30:00,2025-10-06 09:50:48,2025-10-06 08:30:00,2025-10-06 10:05:10,completed,regular,
T2510000105,R008,1,2025-10-06,WKDY_AUT25,SCH000077,V0063,,2025-10-06 08:30:00,2025-10-06 08:46:12,,,cancelled,regular,driver_shortage
T2510000106,R001,1,2025-10-06,WKDY_AUT25,SCH000007,V0007,,2025-10-06 08:31:00,2025-10-06 09:51:48,2025-10-06 08:31:00,2025-10-06 10:09:39,completed,regular,
T2510000107,R004,1,2025-10-06,WKDY_AUT25,SCH000037,V0047,,2025-10-06 08:32:00,2025-10-06 09:02:36,2025-10-06 08:32:00,2025-10-06 09:04:06,completed,regular,
T2510000108,R003,0,2025-10-06,WKDY_AUT25,SCH000022,V0042,,2025-10-06 08:34:00,2025-10-06 09:25:00,2025-10-06 08:34:00,2025-10-06 09:37:16,completed,regular,
T2510000109,R008,0,2025-10-06,WKDY_AUT25,SCH000072,V0063,,2025-10-06 08:34:00,2025-10-06 08:50:12,2025-10-06 08:35:13,2025-10-06 08:49:51,completed,regular,
T2510000110,R006,0,2025-10-06,WKDY_AUT25,SCH000052,V0058,,2025-10-06 08:35:00,2025-10-06 09:23:00,2025-10-06 08:36:20,2025-10-06 09:25:05,completed,regular,
T2510000111,R002,1,2025-10-06,WKDY_AUT25,SCH000017,V0029,,2025-10-06 08:38:00,2025-10-06 09:48:42,2025-10-06 08:40:08,2025-10-06 10:00:36,completed,regular,
T2510000112,R007,1,2025-10-06,WKDY_AUT25,SCH000067,V0059,,2025-10-06 08:38:00,2025-10-06 09:03:06,2025-10-06 08:38:00,2025-10-06 09:01:01,completed,regular,
T2510000113,R005,1,2025-10-06,WKDY_AUT25,SCH000047,V0049,,2025-10-06 08:39:00,2025-10-06 09:28:00,2025-10-06 08:40:36,2025-10-06 09:42:05,completed,regular,
T2510000114,R001,0,2025-10-06,WKDY_AUT25,SCH000002,V0009,,2025-10-06 08:40:00,2025-10-06 10:00:48,2025-10-06 08:40:00,2025-10-06 10:11:11,completed,regular,
T2510000115,R001,1,2025-10-06,WKDY_AUT25,SCH000007,V0008,,2025-10-06 08:41:00,2025-10-06 10:01:48,2025-10-06 08:41:19,2025-10-06 10:02:29,completed,regular,
T2510000116,R003,1,2025-10-06,WKDY_AUT25,SCH000027,V0043,,2025-10-06 08:45:00,2025-10-06 09:36:00,2025-10-06 08:45:09,2025-10-06 09:44:39,completed,regular,
T2510000117,R006,1,2025-10-06,WKDY_AUT25,SCH000057,V0054,,2025-10-06 08:46:00,2025-10-06 09:34:00,2025-10-06 08:46:00,2025-10-06 09:33:14,completed,regular,
T2510000118,R002,0,2025-10-06,WKDY_AUT25,SCH000012,V0030,,2025-10-06 08:47:00,2025-10-06 09:57:42,2025-10-06 08:47:11,2025-10-06 10:06:01,completed,regular,
T2510000119,R001,0,2025-10-06,WKDY_AUT25,SCH000002,V0010,,2025-10-06 08:50:00,2025-10-06 10:10:48,2025-10-06 08:53:24,2025-10-06 10:34:54,completed,regular,
T2510000120,R001,1,2025-10-06,WKDY_AUT25,SCH000007,V0011,,2025-10-06 08:51:00,2025-10-06 10:11:48,2025-10-06 08:53:18,2025-10-06 10:36:40,completed,regular,
T2510000121,R004,0,2025-10-06,WKDY_AUT25,SCH000032,V0048,,2025-10-06 08:51:00,2025-10-06 09:21:36,2025-10-06 08:51:16,2025-10-06 09:22:45,completed,regular,
T2510000122,R003,0,2025-10-06,WKDY_AUT25,SCH000022,V0044,,2025-10-06 08:54:00,2025-10-06 09:45:00,2025-10-06 08:58:28,2025-10-06 09:58:39,completed,regular,
T2510000123,R002,1,2025-10-06,WKDY_AUT25,SCH000017,V0031,,2025-10-06 08:58:00,2025-10-06 10:08:42,2025-10-06 08:58:09,2025-10-06 10:17:24,completed,regular,
T2510000124,R005,0,2025-10-06,WKDY_AUT25,SCH000042,V0050,,2025-10-06 08:58:00,2025-10-06 09:47:00,2025-10-06 08:58:00,2025-10-06 10:00:33,completed,regular,
T2510000125,R001,0,2025-10-06,WKDY_AUT25,SCH000002,V0012,,2025-10-06 09:00:00,2025-10-06 10:20:48,2025-10-06 09:02:04,2025-10-06 10:38:13,completed,regular,
T2510000126,R001,1,2025-10-06,WKDY_AUT25,SCH000007,V0014,,2025-10-06 09:01:00,2025-10-06 10:21:48,2025-10-06 09:01:00,2025-10-06 10:21:42,completed,regular,
T2510000127,R004,1,2025-10-06,WKDY_AUT25,SCH000037,V0045,,2025-10-06 09:02:00,2025-10-06 09:32:36,2025-10-06 09:03:37,2025-10-06 09:35:06,completed,regular,
T2510000128,R003,1,2025-10-06,WKDY_AUT25,SCH000027,V0036,,2025-10-06 09:05:00,2025-10-06 09:56:00,2025-10-06 09:07:58,2025-10-06 10:17:56,completed,regular,
T2510000129,R006,0,2025-10-06,WKDY_AUT25,SCH000052,V0055,,2025-10-06 09:05:00,2025-10-06 09:53:00,2025-10-06 09:06:03,2025-10-06 09:51:43,completed,regular,
T2510000130,R002,0,2025-10-06,WKDY_AUT25,SCH000012,V0033,,2025-10-06 09:07:00,2025-10-06 10:17:42,2025-10-06 09:07:45,2025-10-06 10:30:31,completed,regular,
T2510000131,R005,1,2025-10-06,WKDY_AUT25,SCH000047,V0052,,2025-10-06 09:09:00,2025-10-06 09:58:00,2025-10-06 09:12:47,2025-10-06 10:19:07,completed,regular,
T2510000132,R001,0,2025-10-06,WKDY_AUT25,SCH000002,V0015,,2025-10-06 09:10:00,2025-10-06 10:30:48,2025-10-06 09:10:30,2025-10-06 10:40:46,completed,regular,
T2510000133,R001,1,2025-10-06,WKDY_AUT25,SCH000007,V0013,,2025-10-06 09:11:00,2025-10-06 10:31:48,2025-10-06 09:13:44,2025-10-06 10:42:47,completed,regular,
T2510000134,R007,0,2025-10-06,WKDY_AUT25,SCH000062,V0060,,2025-10-06 09:12:00,2025-10-06 09:37:06,2025-10-06 09:13:59,2025-10-06 09:40:29,completed,regular,
T2510000135,R003,0,2025-10-06,WKDY_AUT25,SCH000022,V0037,,2025-10-06 09:14:00,2025-10-06 10:05:00,2025-10-06 09:14:19,2025-10-06 10:13:42,completed,regular,
T2510000136,R008,1,2025-10-06,WKDY_AUT25,SCH000077,V0062,,2025-10-06 09:15:00,2025-10-06 09:31:12,2025-10-06 09:16:42,2025-10-06 09:38:26,completed,regular,
T2510000137,R006,1,2025-10-06,WKDY_AUT25,SCH000057,V0056,,2025-10-06 09:16:00,2025-10-06 10:04:00,2025-10-06 09:16:52,2025-10-06 10:03:16,completed,regular,
T2510000138,R002,1,2025-10-06,WKDY_AUT25,SCH000017,V0032,,2025-10-06 09:18:00,2025-10-06 10:28:42,2025-10-06 09:18:42,2025-10-06 10:31:43,completed,regular,
T2510000139,R008,0,2025-10-06,WKDY_AUT25,SCH000072,V0064,,2025-10-06 09:19:00,2025-10-06 09:35:12,2025-10-06 09:24:32,2025-10-06 09:40:24,completed,regular,
T2510000140,R001,0,2025-10-06,WKDY_AUT25,SCH000002,V0016,,2025-10-06 09:20:00,2025-10-06 10:40:48,2025-10-06 09:21:29,2025-10-06 11:00:52,completed,regular,
T2510000141,R001,1,2025-10-06,WKDY_AUT25,SCH000007,V0017,,2025-10-06 09:21:00,2025-10-06 10:41:48,2025-10-06 09:22:09,2025-10-06 10:43:25,completed,regular,
T2510000142,R004,0,2025-10-06,WKDY_AUT25,SCH000032,V0046,,2025-10-06 09:21:00,2025-10-06 09:51:36,2025-10-06 09:21:00,2025-10-06 09:50:18,completed,regular,
T2510000143,R007,1,2025-10-06,WKDY_AUT25,SCH000067,V0061,,2025-10-06 09:23:00,2025-10-06 09:48:06,2025-10-06 09:23:09,2025-10-06 09:46:34,completed,regular,
T2510000144,R003,1,2025-10-06,WKDY_AUT25,SCH000027,V0038,,2025-10-06 09:25:00,2025-10-06 10:16:00,2025-10-06 09:25:00,2025-10-06 10:26:34,completed,regular,
T2510000145,R002,0,2025-10-06,WKDY_AUT25,SCH000012,V0034,,2025-10-06 09:27:00,2025-10-06 10:37:42,2025-10-06 09:28:53,2025-10-06 10:52:15,completed,regular,
T2510000146,R005,0,2025-10-06,WKDY_AUT25,SCH000042,V0051,,2025-10-06 09:28:00,2025-10-06 10:17:00,2025-10-06 09:28:14,2025-10-06 10:37:13,completed,regular,
T2510000147,R001,0,2025-10-06,WKDY_AUT25,SCH000002,V0018,,2025-10-06 09:30:00,2025-10-06 10:50:48,2025-10-06 09:31:00,2025-10-06 10:56:04,completed,regular,
T2510000148,R001,1,2025-10-06,WKDY_AUT25,SCH000007,V0019,,2025-10-06 09:31:00,2025-10-06 10:51:48,2025-10-06 09:31:00,2025-10-06 10:54:18,completed,regular,
T2510000149,R004,1,2025-10-06,WKDY_AUT25,SCH000037,V0047,,2025-10-06 09:32:00,2025-10-06 10:02:36,2025-10-06 09:37:19,2025-10-06 10:11:51,completed,regular,
T2510000150,R003,0,2025-10-06,WKDY_AUT25,SCH000022,V0039,,2025-10-06 09:34:00,2025-10-06 10:25:00,2025-10-06 09:34:00,2025-10-06 10:34:35,completed,regular,
T2510000151,R006,0,2025-10-06,WKDY_AUT25,SCH000052,V0057,,2025-10-06 09:35:00,2025-10-06 10:23:00,2025-10-06 09:35:00,2025-10-06 10:28:35,completed,regular,
T2510000152,R002,1,2025-10-06,WKDY_AUT25,SCH000017,V0025,,2025-10-06 09:38:00,2025-10-06 10:48:42,2025-10-06 09:43:17,2025-10-06 10:57:58,completed,regular,
T2510000153,R005,1,2025-10-06,WKDY_AUT25,SCH000047,V0053,,2025-10-06 09:39:00,2025-10-06 10:28:00,2025-10-06 09:39:45,2025-10-06 10:34:47,completed,regular,
T2510000154,R001,0,2025-10-06,WKDY_AUT25,SCH000002,V0020,,2025-10-06 09:40:00,2025-10-06 11:00:48,2025-10-06 09:40:20,2025-10-06 11:08:30,completed,regular,
T2510000155,R001,1,2025-10-06,WKDY_AUT25,SCH000007,V0023,,2025-10-06 09:41:00,2025-10-06 11:01:48,2025-10-06 09:41:00,2025-10-06 11:11:54,completed,regular,
T2510000156,R003,1,2025-10-06,WKDY_AUT25,SCH000027,V0040,,2025-10-06 09:45:00,2025-10-06 10:36:00,2025-10-06 09:50:31,2025-10-06 10:56:32,completed,regular,
T2510000157,R006,1,2025-10-06,WKDY_AUT25,SCH000057,V0058,,2025-10-06 09:46:00,2025-10-06 10:34:00,2025-10-06 09:51:13,2025-10-06 10:38:05,completed,regular,
T2510000159,R001,0,2025-10-06,WKDY_AUT25,SCH000002,V0022,,2025-10-06 09:50:00,2025-10-06 11:10:48,2025-10-06 09:50:00,2025-10-06 11:12:59,completed,regular,
T2510000160,R001,1,2025-10-06,WKDY_AUT25,SCH000007,V0021,,2025-10-06 09:51:00,2025-10-06 11:11:48,2025-10-06 09:53:08,2025-10-06 11:12:21,completed,regular,
T2510000161,R004,0,2025-10-06,WKDY_AUT25,SCH000032,V0048,,2025-10-06 09:51:00,2025-10-06 10:21:36,2025-10-06 09:51:00,2025-10-06 10:21:37,completed,regular,
T2510000162,R003,0,2025-10-06,WKDY_AUT25,SCH000022,V0041,,2025-10-06 09:54:00,2025-10-06 10:45:00,2025-10-06 09:56:56,2025-10-06 10:53:15,completed,regular,
T2510000163,R007,0,2025-10-06,WKDY_AUT25,SCH000062,V0059,,2025-10-06 09:57:00,2025-10-06 10:22:06,,,cancelled,regular,driver_shortage
T2510000164,R002,1,2025-10-06,WKDY_AUT25,SCH000017,V0026,,2025-10-06 09:58:00,2025-10-06 11:08:42,2025-10-06 09:59:23,2025-10-06 11:12:10,completed,regular,
T2510000165,R005,0,2025-10-06,WKDY_AUT25,SCH000042,V0049,,2025-10-06 09:58:00,2025-10-06 10:47:00,2025-10-06 09:58:00,2025-10-06 11:01:04,completed,regular,
T2510000166,R001,0,2025-10-06,WKDY_AUT25,SCH000003,V0024,,2025-10-06 10:00:00,2025-10-06 11:10:18,2025-10-06 10:05:31,2025-10-06 11:24:03,completed,regular,
T2510000167,R008,1,2025-10-06,WKDY_AUT25,SCH000078,V0063,,2025-10-06 10:00:00,2025-10-06 10:14:30,2025-10-06 10:00:11,2025-10-06 10:13:44,completed,regular,
T2510000168,R002,0,2025-10-06,WKDY_AUT25,SCH000013,V0027,,2025-10-06 10:07:00,2025-10-06 11:05:12,2025-10-06 10:07:52,2025-10-06 11:05:14,completed,regular,
T2510000169,R001,1,2025-10-06,WKDY_AUT25,SCH000008,V0002,,2025-10-06 10:11:00,2025-10-06 11:21:18,2025-10-06 10:11:55,2025-10-06 11:29:52,completed,regular,
T2510000170,R003,0,2025-10-06,WKDY_AUT25,SCH000023,V0042,,2025-10-06 10:14:00,2025-10-06 10:56:00,2025-10-06 10:15:23,2025-10-06 10:58:14,completed,regular,
T2510000171,R001,0,2025-10-06,WKDY_AUT25,SCH000003,V0001,,2025-10-06 10:15:00,2025-10-06 11:25:18,2025-10-06 10:16:52,2025-10-06 11:27:22,completed,regular,
T2510000172,R002,1,2025-10-06,WKDY_AUT25,SCH000018,V0028,,2025-10-06 10:18:00,2025-10-06 11:16:12,2025-10-06 10:18:00,2025-10-06 11:18:14,completed,regular,
T2510000173,R004,0,2025-10-06,WKDY_AUT25,SCH000033,V0045,,2025-10-06 10:21:00,2025-10-06 10:47:06,2025-10-06 10:21:00,2025-10-06 10:50:02,completed,regular,
T2510000174,R003,1,2025-10-06,WKDY_AUT25,SCH000028,,,2025-10-06 10:25:00,2025-10-06 11:07:00,2025-10-06 10:25:00,2025-10-06 11:13:18,completed,regular,
T2510000175,R001,1,2025-10-06,WKDY_AUT25,SCH000008,V0003,,2025-10-06 10:26:00,2025-10-06 11:36:18,2025-10-06 10:27:49,2025-10-06 11:48:23,completed,regular,
T2510000176,R005,0,2025-10-06,WKDY_AUT25,SCH000043,V0050,,2025-10-06 10:28:00,2025-10-06 11:09:48,2025-10-06 10:28:51,2025-10-06 11:13:47,completed,regular,
T2510000177,R001,0,2025-10-06,WKDY_AUT25,SCH000003,V0004,,2025-10-06 10:30:00,2025-10-06 11:40:18,2025-10-06 10:35:11,2025-10-06 11:50:38,completed,regular,
T2510000178,R004,1,2025-10-06,WKDY_AUT25,SCH000038,V0046,,2025-10-06 10:32:00,2025-10-06 10:58:06,2025-10-06 10:32:00,2025-10-06 10:57:46,completed,regular,
T2510000179,R006,0,2025-10-06,WKDY_AUT25,SCH000053,V0054,,2025-10-06 10:35:00,2025-10-06 11:16:00,2025-10-06 10:35:02,2025-10-06 11:14:47,completed,regular,
T2510000180,R002,0,2025-10-06,WKDY_AUT25,SCH000013,V0029,,2025-10-06 10:37:00,2025-10-06 11:35:12,2025-10-06 10:37:00,2025-10-06 11:36:22,completed,regular,
T2510000181,R005,1,2025-10-06,WKDY_AUT25,SCH000048,V0052,,2025-10-06 10:39:00,2025-10-06 11:20:48,2025-10-06 10:39:00,2025-10-06 11:30:23,completed,regular,
T2510000182,R001,1,2025-10-06,WKDY_AUT25,SCH000008,V0008,,2025-10-06 10:41:00,2025-10-06 11:51:18,2025-10-06 10:46:16,2025-10-06 12:05:43,completed,regular,
T2510000183,R007,0,2025-10-06,WKDY_AUT25,SCH000063,V0059,,2025-10-06 10:42:00,2025-10-06 11:04:30,2025-10-06 10:46:44,2025-10-06 11:11:39,completed,regular,
T2510000184,R003,0,2025-10-06,WKDY_AUT25,SCH000023,V0044,,2025-10-06 10:44:00,2025-10-06 11:26:00,2025-10-06 10:44:09,2025-10-06 11:30:34,completed,regular,
T2510000185,R001,0,2025-10-06,WKDY_AUT25,SCH000003,V0005,,2025-10-06 10:45:00,2025-10-06 11:55:18,2025-10-06 10:45:57,2025-10-06 11:58:56,completed,regular,
T2510000186,R006,1,2025-10-06,WKDY_AUT25,SCH000058,V0055,,2025-10-06 10:46:00,2025-10-06 11:27:00,2025-10-06 10:46:00,2025-10-06 11:25:03,completed,regular,
T2510000187,R002,1,2025-10-06,WKDY_AUT25,SCH000018,V0030,,2025-10-06 10:48:00,2025-10-06 11:46:12,2025-10-06 10:48:15,2025-10-06 11:40:07,completed,regular,
T2510000188,R008,0,2025-10-06,WKDY_AUT25,SCH000073,V0062,,2025-10-06 10:49:00,2025-10-06 11:03:30,2025-10-06 10:49:38,2025-10-06 11:04:31,completed,regular,
T2510000189,R007,1,2025-10-06,WKDY_AUT25,SCH000068,V0060,,2025-10-06 10:53:00,2025-10-06 11:15:30,2025-10-06 10:53:51,2025-10-06 11:15:52,completed,regular,
T2510000190,R003,1,2025-10-06,WKDY_AUT25,SCH000028,V0037,,2025-10-06 10:55:00,2025-10-06 11:37:00,2025-10-06 10:55:10,2025-10-06 11:45:30,completed,regular,
T2510000191,R001,1,2025-10-06,WKDY_AUT25,SCH000008,V0006,,2025-10-06 10:56:00,2025-10-06 12:06:18,2025-10-06 10:56:00,2025-10-06 12:05:22,completed,regular,
T2510000192,R001,0,2025-10-06,WKDY_AUT25,SCH000003,V0007,,2025-10-06 11:00:00,2025-10-06 12:10:18,2025-10-06 11:04:56,2025-10-06 12:27:21,completed,regular,
T2510000193,R002,0,2025-10-06,WKDY_AUT25,SCH000013,V0031,,2025-10-06 11:07:00,2025-10-06 12:05:12,2025-10-06 11:07:27,2025-10-06 12:03:31,completed,regular,
T2510000194,R001,1,2025-10-06,WKDY_AUT25,SCH000008,,,2025-10-06 11:11:00,2025-10-06 12:21:18,2025-10-06 11:11:42,2025-10-06 12:26:45,completed,regular,
T2510000195,R003,0,2025-10-06,WKDY_AUT25,SCH000023,V0036,,2025-10-06 11:14:00,2025-10-06 11:56:00,2025-10-06 11:14:55,2025-10-06 12:02:54,completed,regular,
T2510000196,R001,0,2025-10-06,WKDY_AUT25,SCH000003,V0014,,2025-10-06 11:15:00,2025-10-06 12:25:18,2025-10-06 11:15:00,2025-10-06 12:23:08,completed,regular,
T2510000197,R002,1,2025-10-06,WKDY_AUT25,SCH000018,V0033,,2025-10-06 11:18:00,2025-10-06 12:16:12,2025-10-06 11:18:54,2025-10-06 12:18:19,completed,regular,
T2510000198,R004,0,2025-10-06,WKDY_AUT25,SCH000033,V0047,,2025-10-06 11:21:00,2025-10-06 11:47:06,2025-10-06 11:21:00,2025-10-06 11:48:59,completed,regular,
T2510000199,R003,1,2025-10-06,WKDY_AUT25,SCH000028,V0038,,2025-10-06 11:25:00,2025-10-06 12:07:00,2025-10-06 11:25:37,2025-10-06 12:18:43,completed,regular,
T2510000200,R001,1,2025-10-06,WKDY_AUT25,SCH000008,V0010,,2025-10-06 11:26:00,2025-10-06 12:36:18,2025-10-06 11:27:37,2025-10-06 12:40:44,completed,regular,
T2510000201,R005,0,2025-10-06,WKDY_AUT25,SCH000043,V0053,,2025-10-06 11:28:00,2025-10-06 12:09:48,2025-10-06 11:32:30,2025-10-06 12:18:10,completed,regular,
T2510000202,R001,0,2025-10-06,WKDY_AUT25,SCH000003,V0011,,2025-10-06 11:30:00,2025-10-06 12:40:18,2025-10-06 11:31:05,2025-10-06 12:52:44,completed,regular,
T2510000203,R008,1,2025-10-06,WKDY_AUT25,SCH000078,V0064,,2025-10-06 11:30:00,2025-10-06 11:44:30,2025-10-06 11:30:33,2025-10-06 11:48:42,completed,regular,
T2510000204,R004,1,2025-10-06,WKDY_AUT25,SCH000038,V0048,,2025-10-06 11:32:00,2025-10-06 11:58:06,2025-10-06 11:34:20,2025-10-06 12:01:39,completed,regular,
T2510000205,R006,0,2025-10-06,WKDY_AUT25,SCH000053,V0056,,2025-10-06 11:35:00,2025-10-06 12:16:00,2025-10-06 11:35:57,2025-10-06 12:15:50,completed,regular,
T2510000206,R002,0,2025-10-06,WKDY_AUT25,SCH000013,V0032,,2025-10-06 11:37:00,2025-10-06 12:35:12,2025-10-06 11:42:00,2025-10-06 12:45:49,completed,regular,
T2510000208,R001,1,2025-10-06,WKDY_AUT25,SCH000008,V0012,,2025-10-06 11:41:00,2025-10-06 12:51:18,2025-10-06 11:41:00,2025-10-06 12:52:37,completed,regular,
T2510000209,R003,0,2025-10-06,WKDY_AUT25,SCH000023,V0039,,2025-10-06 11:44:00,2025-10-06 12:26:00,2025-10-06 11:44:20,2025-10-06 12:31:51,completed,regular,
T2510000210,R001,0,2025-10-06,WKDY_AUT25,SCH000003,V0015,,2025-10-06 11:45:00,2025-10-06 12:55:18,2025-10-06 11:45:43,2025-10-06 13:00:37,completed,regular,
T2510000211,R006,1,2025-10-06,WKDY_AUT25,SCH000058,V0057,,2025-10-06 11:46:00,2025-10-06 12:27:00,2025-10-06 11:51:11,2025-10-06 12:34:41,completed,regular,
T2510000212,R002,1,2025-10-06,WKDY_AUT25,SCH000018,V0034,,2025-10-06 11:48:00,2025-10-06 12:46:12,2025-10-06 11:51:05,2025-10-06 12:54:04,completed,regular,
T2510000213,R003,1,2025-10-06,WKDY_AUT25,SCH000028,V0041,,2025-10-06 11:55:00,2025-10-06 12:37:00,2025-10-06 11:55:48,2025-10-06 12:48:07,completed,regular,
T2510000214,R001,1,2025-10-06,WKDY_AUT25,SCH000008,V0013,,2025-10-06 11:56:00,2025-10-06 13:06:18,2025-10-06 11:57:06,2025-10-06 13:09:49,completed,regular,
T2510000215,R001,0,2025-10-06,WKDY_AUT25,SCH000003,V0017,,2025-10-06 12:00:00,2025-10-06 13:10:18,,,cancelled,regular,driver_shortage
T2510000216,R002,0,2025-10-06,WKDY_AUT25,SCH000013,V0025,,2025-10-06 12:07:00,2025-10-06 13:05:12,,,cancelled,regular,driver_shortage
T2510000217,R001,1,2025-10-06,WKDY_AUT25,SCH000008,V0017,,2025-10-06 12:11:00,2025-10-06 13:21:18,2025-10-06 12:11:00,2025-10-06 13:23:01,completed,regular,
T2510000218,R007,0,2025-10-06,WKDY_AUT25,SCH000063,V0061,,2025-10-06 12:12:00,2025-10-06 12:34:30,2025-10-06 12:12:00,2025-10-06 12:34:49,completed,regular,
T2510000219,R003,0,2025-10-06,WKDY_AUT25,SCH000023,V0040,,2025-10-06 12:14:00,2025-10-06 12:56:00,2025-10-06 12:14:28,2025-10-06 13:04:10,completed,regular,
T2510000220,R001,0,2025-10-06,WKDY_AUT25,SCH000003,V0019,,2025-10-06 12:15:00,2025-10-06 13:25:18,2025-10-06 12:15:00,2025-10-06 13:36:43,completed,regular,
T2510000221,R002,1,2025-10-06,WKDY_AUT25,SCH000018,V0025,,2025-10-06 12:18:00,2025-10-06 13:16:12,2025-10-06 12:19:45,2025-10-06 13:21:15,completed,regular,
T2510000222,R008,0,2025-10-06,WKDY_AUT25,SCH000073,V0063,,2025-10-06 12:19:00,2025-10-06 12:33:30,2025-10-06 12:19:00,2025-10-06 12:32:21,completed,regular,
T2510000223,R004,0,2025-10-06,WKDY_AUT25,SCH000033,V0045,,2025-10-06 12:21:00,2025-10-06 12:47:06,2025-10-06 12:22:25,2025-10-06 12:48:06,completed,regular,
T2510000224,R007,1,2025-10-06,WKDY_AUT25,SCH000068,V0059,,2025-10-06 12:23:00,2025-10-06 12:45:30,2025-10-06 12:24:19,2025-10-06 12:46:23,completed,regular,
T2510000225,R003,1,2025-10-06,WKDY_AUT25,SCH000028,V0042,,2025-10-06 12:25:00,2025-10-06 13:07:00,2025-10-06 12:25:53,2025-10-06 13:15:46,completed,regular,
T2510000226,R001,1,2025-10-06,WKDY_AUT25,SCH000008,V0018,,2025-10-06 12:26:00,2025-10-06 13:36:18,2025-10-06 12:26:30,2025-10-06 13:40:19,completed,regular,
T2510000227,R005,0,2025-10-06,WKDY_AUT25,SCH000043,V0049,,2025-10-06 12:28:00,2025-10-06 13:09:48,2025-10-06 12:28:00,2025-10-06 13:15:54,completed,regular,
T2510000228,R001,0,2025-10-06,WKDY_AUT25,SCH000003,V0016,,2025-10-06 12:30:00,2025-10-06 13:40:18,2025-10-06 12:34:35,2025-10-06 13:53:55,completed,regular,
T2510000229,R004,1,2025-10-06,WKDY_AUT25,SCH000038,V0046,,2025-10-06 12:32:00,2025-10-06 12:58:06,2025-10-06 12:33:52,2025-10-06 12:58:51,completed,regular,
T2510000230,R006,0,2025-10-06,WKDY_AUT25,SCH000053,V0058,,2025-10-06 12:35:00,2025-10-06 13:16:00,2025-10-06 12:35:00,2025-10-06 13:15:10,completed,regular,
T2510000231,R002,0,2025-10-06,WKDY_AUT25,SCH000013,V0027,,2025-10-06 12:37:00,2025-10-06 13:35:12,2025-10-06 12:40:25,2025-10-06 13:49:00,completed,regular,
T2510000232,R005,1,2025-10-06,WKDY_AUT25,SCH000048,V0050,,2025-10-06 12:39:00,2025-10-06 13:20:48,2025-10-06 12:41:32,2025-10-06 13:26:10,completed,regular,
T2510000233,R001,1,2025-10-06,WKDY_AUT25,SCH000008,V0020,,2025-10-06 12:41:00,2025-10-06 13:51:18,2025-10-06 12:45:06,2025-10-06 14:05:15,completed,regular,
T2510000234,R003,0,2025-10-06,WKDY_AUT25,SCH000023,V0043,,2025-10-06 12:44:00,2025-10-06 13:26:00,2025-10-06 12:44:00,2025-10-06 13:34:56,completed,regular,
T2510000235,R001,0,2025-10-06,WKDY_AUT25,SCH000003,V0023,,2025-10-06 12:45:00,2025-10-06 13:55:18,2025-10-06 12:45:00,2025-10-06 13:54:31,completed,regular,
T2510000236,R006,1,2025-10-06,WKDY_AUT25,SCH000058,V0054,,2025-10-06 12:46:00,2025-10-06 13:27:00,2025-10-06 12:47:24,2025-10-06 13:25:58,completed,regular,
T2510000237,R002,1,2025-10-06,WKDY_AUT25,SCH000018,V0035,,2025-10-06 12:48:00,2025-10-06 13:46:12,2025-10-06 12:48:38,2025-10-06 13:48:04,completed,regular,
T2510000238,R003,1,2025-10-06,WKDY_AUT25,SCH000028,V0044,,2025-10-06 12:55:00,2025-10-06 13:37:00,2025-10-06 12:55:00,2025-10-06 13:44:31,completed,regular,
T2510000239,R001,1,2025-10-06,WKDY_AUT25,SCH000008,V0021,,2025-10-06 12:56:00,2025-10-06 14:06:18,2025-10-06 12:56:24,2025-10-06 14:01:43,completed,regular,
T2510000240,R001,0,2025-10-06,WKDY_AUT25,SCH000003,V0022,,2025-10-06 13:00:00,2025-10-06 14:10:18,2025-10-06 13:05:17,2025-10-06 14:33:29,completed,regular,
T2510000241,R008,1,2025-10-06,WKDY_AUT25,SCH000078,V0062,,2025-10-06 13:00:00,2025-10-06 13:14:30,2025-10-06 13:00:44,2025-10-06 13:12:37,completed,regular,
T2510000242,R002,0,2025-10-06,WKDY_AUT25,SCH000013,V0026,,2025-10-06 13:07:00,2025-10-06 14:05:12,2025-10-06 13:07:04,2025-10-06 14:06:31,completed,regular,
T2510000243,R001,1,2025-10-06,WKDY_AUT25,SCH000008,V0024,,2025-10-06 13:11:00,2025-10-06 14:21:18,2025-10-06 13:11:00,2025-10-06 14:29:39,completed,regular,
T2510000244,R003,0,2025-10-06,WKDY_AUT25,SCH000023,V0037,,2025-10-06 13:14:00,2025-10-06 13:56:00,2025-10-06 13:15:46,2025-10-06 14:08:27,completed,regular,
T2510000245,R001,0,2025-10-06,WKDY_AUT25,SCH000003,V0001,,2025-10-06 13:15:00,2025-10-06 14:25:18,2025-10-06 13:15:03,2025-10-06 14:28:51,completed,regular,
T2510000246,R002,1,2025-10-06,WKDY_AUT25,SCH000018,V0028,,2025-10-06 13:18:00,2025-10-06 14:16:12,2025-10-06 13:22:37,2025-10-06 14:19:46,completed,regular,
T2510000247,R004,0,2025-10-06,WKDY_AUT25,SCH000033,V0047,,2025-10-06 13:21:00,2025-10-06 13:47:06,2025-10-06 13:21:10,2025-10-06 13:48:14,completed,regular,
T2510000248,R003,1,2025-10-06,WKDY_AUT25,SCH000028,V0036,,2025-10-06 13:25:00,2025-10-06 14:07:00,2025-10-06 13:26:03,2025-10-06 14:14:30,completed,regular,
T2510000249,R001,1,2025-10-06,WKDY_AUT25,SCH000008,V0002,,2025-10-06 13:26:00,2025-10-06 14:36:18,2025-10-06 13:26:00,2025-10-06 14:37:33,completed,regular,
T2510000250,R005,0,2025-10-06,WKDY_AUT25,SCH000043,V0052,,2025-10-06 13:28:00,2025-10-06 14:09:48,2025-10-06 13:32:30,2025-10-06 14:22:12,completed,regular,
T2510000251,R001,0,2025-10-06,WKDY_AUT25,SCH000003,V0003,,2025-10-06 13:30:00,2025-10-06 14:40:18,2025-10-06 13:31:47,2025-10-06 14:54:15,completed,regular,
T2510000252,R004,1,2025-10-06,WKDY_AUT25,SCH000038,V0048,,2025-10-06 13:32:00,2025-10-06 13:58:06,2025-10-06 13:32:59,2025-10-06 13:57:09,completed,regular,
T2510000253,R006,0,2025-10-06,WKDY_AUT25,SCH000053,V0055,,2025-10-06 13:35:00,2025-10-06 14:16:00,2025-10-06 13:35:03,2025-10-06 14:15:23,completed,regular,
T2510000254,R002,0,2025-10-06,WKDY_AUT25,SCH000013,V0029,,2025-10-06 13:37:00,2025-10-06 14:35:12,2025-10-06 13:37:00,2025-10-06 14:37:04,completed,regular,
T2510000255,R005,1,2025-10-06,WKDY_AUT25,SCH000048,V0053,,2025-10-06 13:39:00,2025-10-06 14:20:48,2025-10-06 13:39:22,2025-10-06 14:34:46,completed,regular,
T2510000256,R001,1,2025-10-06,WKDY_AUT25,SCH000008,V0004,,2025-10-06 13:41:00,2025-10-06 14:51:18,2025-10-06 13:42:33,2025-10-06 14:59:04,completed,regular,
T2510000257,R007,0,2025-10-06,WKDY_AUT25,SCH000063,V0060,,2025-10-06 13:42:00,2025-10-06 14:04:30,2025-10-06 13:42:56,2025-10-06 14:04:00,completed,regular,
T2510000258,R003,0,2025-10-06,WKDY_AUT25,SCH000023,V0038,,2025-10-06 13:44:00,2025-10-06 14:26:00,2025-10-06 13:44:17,2025-10-06 14:32:47,completed,regular,
T2510000259,R001,0,2025-10-06,WKDY_AUT25,SCH000003,V0005,,2025-10-06 13:45:00,2025-10-06 14:55:18,2025-10-06 13:46:59,2025-10-06 15:00:27,completed,regular,
T2510000260,R006,1,2025-10-06,WKDY_AUT25,SCH000058,V0056,,2025-10-06 13:46:00,2025-10-06 14:27:00,2025-10-06 13:46:00,2025-10-06 14:21:10,completed,regular,
T2510000261,R002,1,2025-10-06,WKDY_AUT25,SCH000018,V0030,,2025-10-06 13:48:00,2025-10-06 14:46:12,,,cancelled,regular,driver_shortage
T2510000262,R008,0,2025-10-06,WKDY_AUT25,SCH000073,V0064,,2025-10-06 13:49:00,2025-10-06 14:03:30,2025-10-06 13:49:51,2025-10-06 14:07:55,completed,regular,
T2510000263,R007,1,2025-10-06,WKDY_AUT25,SCH000068,V0061,,2025-10-06 13:53:00,2025-10-06 14:15:30,2025-10-06 13:55:14,2025-10-06 14:15:07,completed,regular,
T2510000264,R003,1,2025-10-06,WKDY_AUT25,SCH000028,V0039,,2025-10-06 13:55:00,2025-10-06 14:37:00,2025-10-06 13:55:15,2025-10-06 14:43:44,completed,regular,
T2510000265,R001,1,2025-10-06,WKDY_AUT25,SCH000008,V0006,,2025-10-06 13:56:00,2025-10-06 15:06:18,2025-10-06 13:56:00,2025-10-06 15:10:25,completed,regular,
T2510000266,R001,0,2025-10-06,WKDY_AUT25,SCH000003,V0008,,2025-10-06 14:00:00,2025-10-06 15:10:18,2025-10-06 14:01:30,2025-10-06 15:09:32,completed,regular,
T2510000267,R002,0,2025-10-06,WKDY_AUT25,SCH000013,V0030,,2025-10-06 14:07:00,2025-10-06 15:05:12,2025-10-06 14:08:14,2025-10-06 15:09:28,completed,regular,
T2510000268,R001,1,2025-10-06,WKDY_AUT25,SCH000008,V0014,,2025-10-06 14:11:00,2025-10-06 15:21:18,2025-10-06 14:12:16,2025-10-06 15:26:19,completed,regular,
T2510000269,R003,0,2025-10-06,WKDY_AUT25,SCH000023,V0041,,2025-10-06 14:14:00,2025-10-06 14:56:00,2025-10-06 14:17:40,2025-10-06 15:10:13,completed,regular,
T2510000270,R001,0,2025-10-06,WKDY_AUT25,SCH000003,V0009,,2025-10-06 14:15:00,2025-10-06 15:25:18,2025-10-06 14:16:37,2025-10-06 15:27:20,completed,regular,
T2510000271,R002,1,2025-10-06,WKDY_AUT25,SCH000018,V0031,,2025-10-06 14:18:00,2025-10-06 15:16:12,2025-10-06 14:18:29,2025-10-06 15:23:09,completed,regular,
T2510000272,R004,0,2025-10-06,WKDY_AUT25,SCH000033,V0045,,2025-10-06 14:21:00,2025-10-06 14:47:06,2025-10-06 14:22:11,2025-10-06 14:48:57,completed,regular,
T2510000273,R003,1,2025-10-06,WKDY_AUT25,SCH000028,V0040,,2025-10-06 14:25:00,2025-10-06 15:07:00,2025-10-06 14:26:20,2025-10-06 15:13:39,completed,regular,
T2510000274,R001,1,2025-10-06,WKDY_AUT25,SCH000008,V0007,,2025-10-06 14:26:00,2025-10-06 15:36:18,2025-10-06 14:26:00,2025-10-06 15:28:18,completed,regular,
T2510000275,R005,0,2025-10-06,WKDY_AUT25,SCH000043,V0051,,2025-10-06 14:28:00,2025-10-06 15:09:48,2025-10-06 14:28:03,2025-10-06 15:22:33,completed,regular,
T2510000276,R001,0,2025-10-06,WKDY_AUT25,SCH000003,V0010,,2025-10-06 14:30:00,2025-10-06 15:40:18,2025-10-06 14:34:24,2025-10-06 15:53:45,completed,regular,
T2510000277,R008,1,2025-10-06,WKDY_AUT25,SCH000078,V0063,,2025-10-06 14:30:00,2025-10-06 14:44:30,2025-10-06 14:31:44,2025-10-06 14:48:24,completed,regular,
T2510000278,R004,1,2025-10-06,WKDY_AUT25,SCH000038,V0046,,2025-10-06 14:32:00,2025-10-06 14:58:06,2025-10-06 14:34:38,2025-10-06 14:57:11,completed,regular,
T2510000279,R006,0,2025-10-06,WKDY_AUT25,SCH000053,V0057,,2025-10-06 14:35:00,2025-10-06 15:16:00,2025-10-06 14:40:37,2025-10-06 15:17:00,completed,regular,
T2510000280,R002,0,2025-10-06,WKDY_AUT25,SCH000013,V0033,,2025-10-06 14:37:00,2025-10-06 15:35:12,2025-10-06 14:37:00,2025-10-06 15:34:34,completed,regular,
T2510000281,R005,1,2025-10-06,WKDY_AUT25,SCH000048,V0049,,2025-10-06 14:39:00,2025-10-06 15:20:48,2025-10-06 14:39:00,2025-10-06 15:28:18,completed,regular,
T2510000282,R001,1,2025-10-06,WKDY_AUT25,SCH000008,V0012,,2025-10-06 14:41:00,2025-10-06 15:51:18,,,cancelled,regular,driver_shortage
T2510000283,,0,2025-10-06,WKDY_AUT25,SCH000023,V0042,,2025-10-06 14:44:00,2025-10-06 15:26:00,2025-10-06 14:45:08,2025-10-06 15:29:30,completed,regular,
T2510000284,R001,0,2025-10-06,WKDY_AUT25,SCH000003,V0012,,2025-10-06 14:45:00,2025-10-06 15:55:18,2025-10-06 14:50:45,2025-10-06 16:04:32,completed,regular,
T2510000285,R006,1,2025-10-06,WKDY_AUT25,SCH000058,V0058,,2025-10-06 14:46:00,2025-10-06 15:27:00,2025-10-06 14:47:31,2025-10-06 15:26:30,completed,regular,
T2510000286,R002,1,2025-10-06,WKDY_AUT25,SCH000018,V0032,,2025-10-06 14:48:00,2025-10-06 15:46:12,2025-10-06 14:51:50,2025-10-06 15:53:53,completed,regular,
T2510000287,R003,1,2025-10-06,WKDY_AUT25,SCH000028,V0043,,2025-10-06 14:55:00,2025-10-06 15:37:00,2025-10-06 14:56:55,2025-10-06 15:46:06,completed,regular,
T2510000288,R001,1,2025-10-06,WKDY_AUT25,SCH000008,V0011,,2025-10-06 14:56:00,2025-10-06 16:06:18,,,cancelled,regular,driver_shortage
T2510000289,R001,0,2025-10-06,WKDY_AUT25,SCH000003,V0011,,2025-10-06 15:00:00,2025-10-06 16:10:18,2025-10-06 15:00:00,2025-10-06 16:11:38,completed,regular,
T2510000290,R002,0,2025-10-06,WKDY_AUT25,SCH000013,V0034,,2025-10-06 15:07:00,2025-10-06 16:05:12,2025-10-06 15:07:59,2025-10-06 16:09:00,completed,regular,
T2510000291,R001,1,2025-10-06,WKDY_AUT25,SCH000008,V0015,,2025-10-06 15:11:00,2025-10-06 16:21:18,2025-10-06 15:14:11,2025-10-06 16:55:01,completed,regular,
T2510000292,R007,0,2025-10-06,WKDY_AUT25,SCH000063,V0059,,2025-10-06 15:12:00,2025-10-06 15:34:30,2025-10-06 15:12:29,2025-10-06 15:34:21,completed,regular,
T2510000293,R003,0,2025-10-06,WKDY_AUT25,SCH000023,V0044,,2025-10-06 15:14:00,2025-10-06 15:56:00,2025-10-06 15:15:10,2025-10-06 16:04:03,completed,regular,
T2510000294,R001,0,2025-10-06,WKDY_AUT25,SCH000003,V0013,,2025-10-06 15:15:00,2025-10-06 16:25:18,2025-10-06 15:15:32,2025-10-06 16:32:34,completed,regular,
T2510000295,R002,1,2025-10-06,WKDY_AUT25,SCH000018,V0025,,2025-10-06 15:18:00,2025-10-06 16:16:12,2025-10-06 15:18:00,2025-10-06 16:14:14,completed,regular,
T2510000296,R008,0,2025-10-06,WKDY_AUT25,SCH000073,V0062,,2025-10-06 15:19:00,2025-10-06 15:33:30,2025-10-06 15:20:54,2025-10-06 15:37:24,completed,regular,
T2510000297,R004,0,2025-10-06,WKDY_AUT25,SCH000033,V0047,,2025-10-06 15:21:00,2025-10-06 15:47:06,,,cancelled,regular,driver_shortage
T2510000298,R007,1,2025-10-06,WKDY_AUT25,SCH000068,V0060,,2025-10-06 15:23:00,2025-10-06 15:45:30,2025-10-06 15:23:54,2025-10-06 15:47:43,completed,regular,
T2510000299,R003,1,2025-10-06,WKDY_AUT25,SCH000028,V0037,,2025-10-06 15:25:00,2025-10-06 16:07:00,2025-10-06 15:25:12,2025-10-06 16:08:19,completed,regular,
T2510000300,R001,1,2025-10-06,WKDY_AUT25,SCH000008,V0017,,2025-10-06 15:26:00,2025-10-06 16:36:18,2025-10-06 15:26:23,2025-10-06 16:46:04,completed,regular,
T2510000301,R005,0,2025-10-06,WKDY_AUT25,SCH000043,V0050,,2025-10-06 15:28:00,2025-10-06 16:09:48,2025-10-06 15:28:00,2025-10-06 16:18:52,completed,regular,
T2510000302,R001,0,2025-10-06,WKDY_AUT25,SCH000003,V0019,,2025-10-06 15:30:00,2025-10-06 16:40:18,2025-10-06 15:33:55,2025-10-06 17:03:50,completed,regular,
T2510000303,R004,1,2025-10-06,WKDY_AUT25,SCH000038,V0047,,2025-10-06 15:32:00,2025-10-06 15:58:06,2025-10-06 15:37:16,2025-10-06 16:03:56,completed,regular,
T2510000304,R006,0,2025-10-06,WKDY_AUT25,SCH000053,V0054,,2025-10-06 15:35:00,2025-10-06 16:16:00,2025-10-06 15:35:48,2025-10-06 16:19:05,completed,regular,
T2510000305,R002,0,2025-10-06,WKDY_AUT25,SCH000013,V0035,,2025-10-06 15:37:00,2025-10-06 16:35:12,2025-10-06 15:37:23,2025-10-06 16:39:23,completed,regular,
T2510000306,R005,1,2025-10-06,WKDY_AUT25,SCH000048,V0052,,2025-10-06 15:39:00,2025-10-06 16:20:48,2025-10-06 15:40:07,2025-10-06 16:36:25,completed,regular,
T2510000307,R001,1,2025-10-06,WKDY_AUT25,SCH000008,V0018,,2025-10-06 15:41:00,2025-10-06 16:51:18,2025-10-06 15:42:27,2025-10-06 16:53:43,completed,regular,
T2510000308,R003,0,2025-10-06,WKDY_AUT25,SCH000023,V0036,,2025-10-06 15:44:00,2025-10-06 16:26:00,2025-10-06 15:44:30,2025-10-06 16:31:27,completed,regular,
T2510000309,R001,0,2025-10-06,WKDY_AUT25,SCH000003,V0016,,2025-10-06 15:45:00,2025-10-06 16:55:18,2025-10-06 15:45:00,2025-10-06 16:59:20,completed,regular,
T2510000310,R006,1,2025-10-06,WKDY_AUT25,SCH000058,V0055,,2025-10-06 15:46:00,2025-10-06 16:27:00,2025-10-06 15:49:45,2025-10-06 16:31:16,completed,regular,
T2510000311,R002,1,2025-10-06,WKDY_AUT25,SCH000018,V0027,,2025-10-06 15:48:00,2025-10-06 16:46:12,2025-10-06 15:53:31,2025-10-06 17:01:53,completed,regular,
T2510000312,R003,1,2025-10-06,WKDY_AUT25,SCH000028,V0038,,2025-10-06 15:55:00,2025-10-06 16:37:00,2025-10-06 15:55:00,2025-10-06 16:47:03,completed,regular,
T2510000313,R001,1,2025-10-06,WKDY_AUT25,SCH000008,V0023,,2025-10-06 15:56:00,2025-10-06 17:06:18,2025-10-06 15:57:15,2025-10-06 17:09:46,completed,regular,
T2510000314,R001,0,2025-10-06,WKDY_AUT25,SCH000004,V0021,,2025-10-06 16:00:00,2025-10-06 17:25:00,2025-10-06 16:00:53,2025-10-06 17:51:10,completed,regular,
T2510000315,R008,1,2025-10-06,WKDY_AUT25,SCH000079,V0064,,2025-10-06 16:00:00,2025-10-06 16:16:42,2025-10-06 16:05:24,2025-10-06 16:24:45,completed,regular,
T2510000316,R001,1,2025-10-06,WKDY_AUT25,SCH000009,V0020,,2025-10-06 16:01:00,2025-10-06 17:26:00,2025-10-06 16:03:43,2025-10-06 17:30:39,completed,regular,
T2510000317,R004,1,2025-10-06,WKDY_AUT25,SCH000039,V0048,,2025-10-06 16:02:00,2025-10-06 16:33:42,2025-10-06 16:02:46,2025-10-06 16:31:57,completed,regular,
T2510000318,R008,0,2025-10-06,WKDY_AUT25,SCH000074,V0063,,2025-10-06 16:04:00,2025-10-06 16:20:42,2025-10-06 16:04:46,2025-10-06 16:26:13,completed,regular,
T2510000319,R003,1,2025-10-06,WKDY_AUT25,SCH000029,V0039,,2025-10-06 16:05:00,2025-10-06 16:57:54,2025-10-06 16:10:55,2025-10-06 17:09:21,completed,regular,
T2510000320,R006,0,2025-10-06,WKDY_AUT25,SCH000054,V0056,,2025-10-06 16:05:00,2025-10-06 16:54:48,,,cancelled,regular,driver_shortage
T2510000321,R002,0,2025-10-06,WKDY_AUT25,SCH000014,V0026,,2025-10-06 16:07:00,2025-10-06 17:20:18,2025-10-06 16:08:37,2025-10-06 17:29:40,completed,regular,
T2510000322,R007,1,2025-10-06,WKDY_AUT25,SCH000069,V0061,,2025-10-06 16:08:00,2025-10-06 16:33:54,2025-10-06 16:10:27,2025-10-06 16:41:30,completed,regular,
T2510000323,R005,1,2025-10-06,WKDY_AUT25,SCH000049,V0053,,2025-10-06 16:09:00,2025-10-06 16:59:48,2025-10-06 16:09:14,2025-10-06 17:13:07,completed,regular,
T2510000324,R001,0,2025-10-06,WKDY_AUT25,SCH000004,V0001,,2025-10-06 16:10:00,2025-10-06 17:35:00,2025-10-06 16:10:43,2025-10-06 17:51:54,completed,regular,
T2510000325,R001,1,2025-10-06,WKDY_AUT25,SCH000009,V0024,,2025-10-06 16:11:00,2025-10-06 17:36:00,2025-10-06 16:16:33,2025-10-06 17:54:12,completed,regular,
T2510000326,R003,0,2025-10-06,WKDY_AUT25,SCH000024,V0041,,2025-10-06 16:14:00,2025-10-06 17:06:54,2025-10-06 16:14:00,2025-10-06 17:19:27,completed,regular,
T2510000327,R006,1,2025-10-06,WKDY_AUT25,SCH000059,V0056,,2025-10-06 16:16:00,2025-10-06 17:05:48,2025-10-06 16:17:46,2025-10-06 17:04:46,completed,regular,
T2510000328,R002,1,2025-10-06,WKDY_AUT25,SCH000019,V0028,,2025-10-06 16:18:00,2025-10-06 17:31:18,2025-10-06 16:18:19,2025-10-06 17:40:26,completed,regular,
T2510000329,R001,0,2025-10-06,WKDY_AUT25,SCH000004,V0022,,2025-10-06 16:20:00,2025-10-06 17:45:00,2025-10-06 16:20:44,2025-10-06 17:46:42,completed,regular,
T2510000330,,1,2025-10-06,WKDY_AUT25,SCH000009,V0002,,2025-10-06 16:21:00,2025-10-06 17:46:00,2025-10-06 16:24:31,2025-10-06 17:57:52,completed,regular,
T2510000331,R004,0,2025-10-06,WKDY_AUT25,SCH000034,V0045,,2025-10-06 16:21:00,2025-10-06 16:52:42,2025-10-06 16:25:59,2025-10-06 17:13:46,completed,regular,
T2510000332,R003,1,2025-10-06,WKDY_AUT25,SCH000029,V0040,,2025-10-06 16:25:00,2025-10-06 17:17:54,2025-10-06 16:30:09,2025-10-06 17:36:47,completed,regular,
T2510000333,R002,0,2025-10-06,WKDY_AUT25,SCH000014,V0029,,2025-10-06 16:27:00,2025-10-06 17:40:18,2025-10-06 16:27:53,2025-10-06 17:45:18,completed,regular,
T2510000334,R005,0,2025-10-06,WKDY_AUT25,SCH000044,V0051,,2025-10-06 16:28:00,2025-10-06 17:18:48,2025-10-06 16:28:57,2025-10-06 17:42:34,completed,regular,
T2510000335,R001,0,2025-10-06,WKDY_AUT25,SCH000004,V0003,,2025-10-06 16:30:00,2025-10-06 17:55:00,2025-10-06 16:30:00,2025-10-06 18:05:03,completed,regular,
T2510000336,R001,1,2025-10-06,WKDY_AUT25,SCH000009,V0004,,2025-10-06 16:31:00,2025-10-06 17:56:00,2025-10-06 16:31:00,2025-10-06 17:58:38,completed,regular,
T2510000337,R004,1,2025-10-06,WKDY_AUT25,SCH000039,V0046,,2025-10-06 16:32:00,2025-10-06 17:03:42,,,cancelled,regular,driver_shortage
T2510000338,R003,0,2025-10-06,WKDY_AUT25,SCH000024,V0042,,2025-10-06 16:34:00,2025-10-06 17:26:54,2025-10-06 16:37:30,2025-10-06 17:41:20,completed,regular,
T2510000339,R006,0,2025-10-06,WKDY_AUT25,SCH000054,V0057,,2025-10-06 16:35:00,2025-10-06 17:24:48,2025-10-06 16:37:22,2025-10-06 17:29:55,completed,regular,
T2510000340,R002,1,2025-10-06,WKDY_AUT25,SCH000019,V0030,,2025-10-06 16:38:00,2025-10-06 17:51:18,2025-10-06 16:38:44,2025-10-06 17:57:16,completed,regular,
T2510000341,R005,1,2025-10-06,WKDY_AUT25,SCH000049,V0049,,2025-10-06 16:39:00,2025-10-06 17:29:48,2025-10-06 16:40:24,2025-10-06 17:37:11,completed,regular,
T2510000342,R001,0,2025-10-06,WKDY_AUT25,SCH000004,V0005,,2025-10-06 16:40:00,2025-10-06 18:05:00,2025-10-06 16:41:43,2025-10-06 18:22:14,completed,regular,
T2510000343,R001,1,2025-10-06,WKDY_AUT25,SCH000009,V0008,,2025-10-06 16:41:00,2025-10-06 18:06:00,,,cancelled,regular,driver_shortage
T2510000344,R007,0,2025-10-06,WKDY_AUT25,SCH000064,V0059,,2025-10-06 16:42:00,2025-10-06 17:07:54,2025-10-06 16:43:43,2025-10-06 17:13:04,completed,regular,
T2510000345,R003,1,2025-10-06,WKDY_AUT25,SCH000029,V0043,,2025-10-06 16:45:00,2025-10-06 17:37:54,2025-10-06 16:46:14,2025-10-06 17:44:30,completed,regular,
T2510000346,R008,1,2025-10-06,WKDY_AUT25,SCH000079,V0062,,2025-10-06 16:45:00,2025-10-06 17:01:42,2025-10-06 16:45:06,2025-10-06 17:01:10,completed,regular,
T2510000347,R006,1,2025-10-06,WKDY_AUT25,SCH000059,V0058,,2025-10-06 16:46:00,2025-10-06 17:35:48,2025-10-06 16:46:00,2025-10-06 17:38:30,completed,regular,
T2510000348,R002,0,2025-10-06,WKDY_AUT25,SCH000014,V0031,,2025-10-06 16:47:00,2025-10-06 18:00:18,2025-10-06 16:47:55,2025-10-06 18:05:49,completed,regular,
T2510000349,R008,0,2025-10-06,WKDY_AUT25,SCH000074,V0064,,2025-10-06 16:49:00,2025-10-06 17:05:42,2025-10-06 16:49:31,2025-10-06 17:08:18,completed,regular,
T2510000350,R001,0,2025-10-06,WKDY_AUT25,SCH000004,V0008,,2025-10-06 16:50:00,2025-10-06 18:15:00,2025-10-06 16:51:16,2025-10-06 18:26:40,completed,regular,
T2510000351,R001,1,2025-10-06,WKDY_AUT25,SCH000009,V0006,,2025-10-06 16:51:00,2025-10-06 18:16:00,2025-10-06 16:54:01,2025-10-06 18:56:00,completed,regular,
T2510000352,R004,0,2025-10-06,WKDY_AUT25,SCH000034,V0046,,2025-10-06 16:51:00,2025-10-06 17:22:42,,,cancelled,regular,driver_shortage
T2510000353,R007,1,2025-10-06,WKDY_AUT25,SCH000069,V0060,,2025-10-06 16:53:00,2025-10-06 17:18:54,2025-10-06 16:53:00,2025-10-06 17:17:32,completed,regular,
T2510000354,R003,0,2025-10-06,WKDY_AUT25,SCH000024,V0044,,2025-10-06 16:54:00,2025-10-06 17:46:54,2025-10-06 16:56:42,2025-10-06 18:04:24,completed,regular,
T2510000355,R002,1,2025-10-06,WKDY_AUT25,SCH000019,V0033,,2025-10-06 16:58:00,2025-10-06 18:11:18,2025-10-06 17:03:44,2025-10-06 18:34:08,completed,regular,
T2510000356,R005,0,2025-10-06,WKDY_AUT25,SCH000044,V0050,,2025-10-06 16:58:00,2025-10-06 17:48:48,2025-10-06 16:58:56,2025-10-06 18:06:18,completed,regular,
T2510000357,R001,0,2025-10-06,WKDY_AUT25,SCH000004,V0014,,2025-10-06 17:00:00,2025-10-06 18:25:00,2025-10-06 17:00:00,2025-10-06 18:29:40,completed,regular,
T2510000358,R001,1,2025-10-06,WKDY_AUT25,SCH000009,V0009,,2025-10-06 17:01:00,2025-10-06 18:26:00,2025-10-06 17:01:43,2025-10-06 18:34:48,completed,regular,
T2510000359,R004,1,2025-10-06,WKDY_AUT25,SCH000039,V0046,,2025-10-06 17:02:00,2025-10-06 17:33:42,,,cancelled,regular,driver_shortage
T2510000360,R003,1,2025-10-06,WKDY_AUT25,SCH000029,V0037,,2025-10-06 17:05:00,2025-10-06 17:57:54,2025-10-06 17:06:53,2025-10-06 18:11:35,completed,regular,
T2510000361,R006,0,2025-10-06,WKDY_AUT25,SCH000054,V0054,,2025-10-06 17:05:00,2025-10-06 17:54:48,2025-10-06 17:05:06,2025-10-06 17:58:36,completed,regular,
T2510000362,R002,0,2025-10-06,WKDY_AUT25,SCH000014,V0032,,2025-10-06 17:07:00,2025-10-06 18:20:18,2025-10-06 17:08:06,2025-10-06 18:29:19,completed,regular,
T2510000363,R005,1,2025-10-06,WKDY_AUT25,SCH000049,V0052,,2025-10-06 17:09:00,2025-10-06 17:59:48,,,cancelled,regular,driver_shortage
T2510000363,R005,1,2025-10-06,WKDY_AUT25,SCH000049,V0052,,2025-10-06 17:09:00,2025-10-06 17:59:48,,,cancelled,regular,driver_shortage
T2510000364,R001,0,2025-10-06,WKDY_AUT25,SCH000004,V0007,,2025-10-06 17:10:00,2025-10-06 18:35:00,2025-10-06 17:10:00,2025-10-06 18:47:31,completed,regular,
T2510000365,R001,1,2025-10-06,WKDY_AUT25,SCH000009,V0010,,2025-10-06 17:11:00,2025-10-06 18:36:00,2025-10-06 17:16:51,2025-10-06 18:55:18,completed,regular,
T2510000365,R001,1,2025-10-06,WKDY_AUT25,SCH000009,V0010,,2025-10-06 17:11:00,2025-10-06 18:36:00,2025-10-06 17:16:51,2025-10-06 18:55:18,completed,regular,
T2510000366,R003,0,2025-10-06,WKDY_AUT25,SCH000024,V0036,,2025-10-06 17:14:00,2025-10-06 18:06:54,2025-10-06 17:16:05,2025-10-06 18:26:21,completed,regular,
T2510000367,R006,1,2025-10-06,WKDY_AUT25,SCH000059,V0055,,2025-10-06 17:16:00,2025-10-06 18:05:48,2025-10-06 17:21:15,2025-10-06 18:13:32,completed,regular,
T2510000368,R002,1,2025-10-06,WKDY_AUT25,SCH000019,V0034,,2025-10-06 17:18:00,2025-10-06 18:31:18,2025-10-06 17:19:06,2025-10-06 18:34:30,completed,regular,
T2510000369,R001,0,2025-10-06,WKDY_AUT25,SCH000004,V0012,,2025-10-06 17:20:00,2025-10-06 18:45:00,2025-10-06 17:25:40,2025-10-06 19:13:23,completed,regular,
T2510000370,R001,1,2025-10-06,WKDY_AUT25,SCH000009,V0011,,2025-10-06 17:21:00,2025-10-06 18:46:00,2025-10-06 17:23:18,2025-10-06 18:50:17,completed,regular,
T2510000371,R004,0,2025-10-06,WKDY_AUT25,SCH000034,V0046,,2025-10-06 17:21:00,2025-10-06 17:52:42,2025-10-06 17:21:15,2025-10-06 17:58:02,completed,regular,
T2510000372,R003,1,2025-10-06,WKDY_AUT25,SCH000029,V0038,,2025-10-06 17:25:00,2025-10-06 18:17:54,2025-10-06 17:25:00,2025-10-06 18:31:08,completed,regular,
T2510000373,R002,0,2025-10-06,WKDY_AUT25,SCH000014,V0025,,2025-10-06 17:27:00,2025-10-06 18:40:18,2025-10-06 17:27:38,2025-10-06 18:41:27,completed,regular,
T2510000374,R007,0,2025-10-06,WKDY_AUT25,SCH000064,V0061,,2025-10-06 17:27:00,2025-10-06 17:52:54,2025-10-06 17:28:14,2025-10-06 17:55:19,completed,regular,
T2510000375,R005,0,2025-10-06,WKDY_AUT25,SCH000044,V0052,,2025-10-06 17:28:00,2025-10-06 18:18:48,2025-10-06 17:29:12,2025-10-06 18:35:23,completed,regular,
T2510000376,R001,0,2025-10-06,WKDY_AUT25,SCH000004,V0013,,2025-10-06 17:30:00,2025-10-06 18:55:00,2025-10-06 17:32:46,2025-10-06 19:00:20,completed,regular,
T2510000377,R008,1,2025-10-06,WKDY_AUT25,SCH000079,V0063,,2025-10-06 17:30:00,2025-10-06 17:46:42,2025-10-06 17:31:28,2025-10-06 17:50:31,completed,regular,
T2510000378,R001,1,2025-10-06,WKDY_AUT25,SCH000009,V0017,,2025-10-06 17:31:00,2025-10-06 18:56:00,2025-10-06 17:32:23,2025-10-06 19:02:01,completed,regular,
T2510000379,R004,1,2025-10-06,WKDY_AUT25,SCH000039,V0047,,2025-10-06 17:32:00,2025-10-06 18:03:42,2025-10-06 17:35:10,2025-10-06 18:17:59,completed,regular,
T2510000380,R003,0,2025-10-06,WKDY_AUT25,SCH000024,V0039,,2025-10-06 17:34:00,2025-10-06 18:26:54,2025-10-06 17:35:31,2025-10-06 18:42:59,completed,regular,
T2510000381,R008,0,2025-10-06,WKDY_AUT25,SCH000074,V0062,,2025-10-06 17:34:00,2025-10-06 17:50:42,2025-10-06 17:34:16,2025-10-06 17:54:23,completed,regular,
T2510000382,R006,0,2025-10-06,WKDY_AUT25,SCH000054,V0056,,2025-10-06 17:35:00,2025-10-06 18:24:48,2025-10-06 17:40:08,2025-10-06 18:32:21,completed,regular,
T2510000383,R002,1,2025-10-06,WKDY_AUT25,SCH000019,V0035,,2025-10-06 17:38:00,2025-10-06 18:51:18,2025-10-06 17:38:15,2025-10-06 19:01:05,completed,regular,
T2510000384,R007,1,2025-10-06,WKDY_AUT25,SCH000069,V0059,,2025-10-06 17:38:00,2025-10-06 18:03:54,2025-10-06 17:38:36,2025-10-06 18:09:53,completed,regular,
T2510000385,R005,1,2025-10-06,WKDY_AUT25,SCH000049,V0053,,2025-10-06 17:39:00,2025-10-06 18:29:48,2025-10-06 17:39:25,2025-10-06 18:55:54,completed,regular,
T2510000386,R001,0,2025-10-06,WKDY_AUT25,SCH000004,V0018,,2025-10-06 17:40:00,2025-10-06 19:05:00,2025-10-06 17:40:00,2025-10-06 19:11:44,completed,regular,
T2510000387,R001,1,2025-10-06,WKDY_AUT25,SCH000009,V0015,,2025-10-06 17:41:00,2025-10-06 19:06:00,2025-10-06 17:42:00,2025-10-06 19:15:10,completed,regular,
T2510000388,R003,1,2025-10-06,WKDY_AUT25,SCH000029,V0041,,2025-10-06 17:45:00,2025-10-06 18:37:54,2025-10-06 17:45:00,2025-10-06 18:56:02,completed,regular,
T2510000389,R006,1,2025-10-06,WKDY_AUT25,SCH000059,V0057,,2025-10-06 17:46:00,2025-10-06 18:35:48,2025-10-06 17:46:52,2025-10-06 18:37:21,completed,regular,
T2510000390,R002,0,2025-10-06,WKDY_AUT25,SCH000014,V0027,,2025-10-06 17:47:00,2025-10-06 19:00:18,2025-10-06 17:51:45,2025-10-06 19:10:51,completed,regular,
T2510000391,R001,0,2025-10-06,WKDY_AUT25,SCH000004,,,2025-10-06 17:50:00,2025-10-06 19:15:00,2025-10-06 17:50:00,2025-10-06 19:41:28,completed,regular,
T2510000392,R001,1,2025-10-06,WKDY_AUT25,SCH000009,V0019,,2025-10-06 17:51:00,2025-10-06 19:16:00,2025-10-06 17:51:17,2025-10-06 19:25:46,completed,regular,
T2510000393,R004,0,2025-10-06,WKDY_AUT25,SCH000034,V0048,,2025-10-06 17:51:00,2025-10-06 18:22:42,2025-10-06 17:51:45,2025-10-06 18:22:45,completed,regular,
T2510000394,R003,0,2025-10-06,WKDY_AUT25,SCH000024,V0040,,2025-10-06 17:54:00,2025-10-06 18:46:54,2025-10-06 17:54:00,2025-10-06 18:58:40,completed,regular,
T2510000395,R002,1,2025-10-06,WKDY_AUT25,SCH000019,V0026,,2025-10-06 17:58:00,2025-10-06 19:11:18,2025-10-06 17:58:00,2025-10-06 19:30:12,completed,regular,
T2510000396,R005,0,2025-10-06,WKDY_AUT25,SCH000044,V0049,,2025-10-06 17:58:00,2025-10-06 18:48:48,2025-10-06 17:59:17,2025-10-06 19:09:09,completed,regular,
T2510000397,R001,0,2025-10-06,WKDY_AUT25,SCH000004,V0023,,2025-10-06 18:00:00,2025-10-06 19:25:00,2025-10-06 18:00:53,2025-10-06 19:45:27,completed,regular,
T2510000398,R001,1,2025-10-06,WKDY_AUT25,SCH000009,V0020,,2025-10-06 18:01:00,2025-10-06 19:26:00,2025-10-06 18:02:09,2025-10-06 19:28:32,completed,regular,
T2510000399,R004,1,2025-10-06,WKDY_AUT25,SCH000039,V0045,,2025-10-06 18:02:00,2025-10-06 18:33:42,,,cancelled,regular,driver_shortage
T2510000400,R003,1,2025-10-06,WKDY_AUT25,SCH000029,V0042,,2025-10-06 18:05:00,2025-10-06 18:57:54,2025-10-06 18:05:00,2025-10-06 19:09:55,completed,regular,
T2510000401,R006,0,2025-10-06,WKDY_AUT25,SCH000054,V0058,,2025-10-06 18:05:00,2025-10-06 18:54:48,2025-10-06 18:05:29,2025-10-06 18:57:39,completed,regular,
T2510000402,R002,0,2025-10-06,WKDY_AUT25,SCH000014,V0028,,2025-10-06 18:07:00,2025-10-06 19:20:18,,,cancelled,regular,driver_shortage
T2510000403,R005,1,2025-10-06,WKDY_AUT25,SCH000049,,,2025-10-06 18:09:00,2025-10-06 18:59:48,2025-10-06 18:09:00,2025-10-06 19:18:00,completed,regular,
T2510000404,R001,0,2025-10-06,WKDY_AUT25,SCH000004,V0022,,2025-10-06 18:10:00,2025-10-06 19:35:00,2025-10-06 18:11:49,2025-10-06 19:52:40,completed,regular,
T2510000405,R001,1,2025-10-06,WKDY_AUT25,SCH000009,V0021,,2025-10-06 18:11:00,2025-10-06 19:36:00,2025-10-06 18:12:13,2025-10-06 19:45:19,completed,regular,
T2510000406,R007,0,2025-10-06,WKDY_AUT25,SCH000064,V0060,,2025-10-06 18:12:00,2025-10-06 18:37:54,2025-10-06 18:12:00,2025-10-06 18:41:34,completed,regular,
T2510000407,R003,0,2025-10-06,WKDY_AUT25,SCH000024,V0043,,2025-10-06 18:14:00,2025-10-06 19:06:54,2025-10-06 18:16:55,2025-10-06 19:19:52,completed,regular,
T2510000408,R008,1,2025-10-06,WKDY_AUT25,SCH000079,V0064,,2025-10-06 18:15:00,2025-10-06 18:31:42,,,cancelled,regular,driver_shortage
T2510000409,R006,1,2025-10-06,WKDY_AUT25,SCH000059,V0054,,2025-10-06 18:16:00,2025-10-06 19:05:48,2025-10-06 18:16:55,2025-10-06 19:08:03,completed,regular,
T2510000410,R002,1,2025-10-06,WKDY_AUT25,SCH000019,V0028,,2025-10-06 18:18:00,2025-10-06 19:31:18,2025-10-06 18:18:30,2025-10-06 19:40:48,completed,regular,
T2510000411,R008,0,2025-10-06,WKDY_AUT25,SCH000074,V0064,,2025-10-06 18:19:00,2025-10-06 18:35:42,2025-10-06 18:19:35,2025-10-06 18:39:27,completed,regular,
T2510000412,R001,0,2025-10-06,WKDY_AUT25,SCH000004,V0001,,2025-10-06 18:20:00,2025-10-06 19:45:00,2025-10-06 18:20:38,2025-10-06 19:54:30,completed,regular,
T2510000413,R001,1,2025-10-06,WKDY_AUT25,SCH000009,V0024,,2025-10-06 18:21:00,2025-10-06 19:46:00,2025-10-06 18:21:28,2025-10-06 20:03:03,completed,regular,
T2510000414,R004,0,2025-10-06,WKDY_AUT25,SCH000034,V0045,,2025-10-06 18:21:00,2025-10-06 18:52:42,2025-10-06 18:21:25,2025-10-06 18:51:43,completed,regular,
T2510000415,R007,1,2025-10-06,WKDY_AUT25,SCH000069,V0061,,2025-10-06 18:23:00,2025-10-06 18:48:54,2025-10-06 18:23:03,2025-10-06 18:54:20,completed,regular,
T2510000416,R003,1,2025-10-06,WKDY_AUT25,SCH000029,V0044,,2025-10-06 18:25:00,2025-10-06 19:17:54,,,cancelled,regular,driver_shortage
T2510000417,R002,0,2025-10-06,WKDY_AUT25,SCH000014,V0029,,2025-10-06 18:27:00,2025-10-06 19:40:18,2025-10-06 18:27:33,2025-10-06 19:53:00,completed,regular,
T2510000418,R005,0,2025-10-06,WKDY_AUT25,SCH000044,V0050,,2025-10-06 18:28:00,2025-10-06 19:18:48,2025-10-06 18:28:00,2025-10-06 19:34:57,completed,regular,
T2510000419,R001,0,2025-10-06,WKDY_AUT25,SCH000004,V0002,,2025-10-06 18:30:00,2025-10-06 19:55:00,2025-10-06 18:31:56,2025-10-06 20:06:56,completed,regular,
T2510000420,R001,1,2025-10-06,WKDY_AUT25,SCH000009,V0004,,2025-10-06 18:31:00,2025-10-06 19:56:00,2025-10-06 18:32:09,2025-10-06 20:00:24,completed,regular,
T2510000421,R004,1,2025-10-06,WKDY_AUT25,SCH000039,V0046,,2025-10-06 18:32:00,2025-10-06 19:03:42,2025-10-06 18:32:02,2025-10-06 19:09:02,completed,regular,
T2510000422,R003,0,2025-10-06,WKDY_AUT25,SCH000024,V0044,,2025-10-06 18:34:00,2025-10-06 19:26:54,2025-10-06 18:38:50,2025-10-06 19:47:12,completed,regular,
T2510000423,R006,0,2025-10-06,WKDY_AUT25,SCH000054,V0055,,2025-10-06 18:35:00,2025-10-06 19:24:48,2025-10-06 18:35:00,2025-10-06 19:23:22,completed,regular,
T2510000424,R002,1,2025-10-06,WKDY_AUT25,SCH000019,V0030,,2025-10-06 18:38:00,2025-10-06 19:51:18,2025-10-06 18:38:50,2025-10-06 20:00:23,completed,regular,
T2510000425,R005,1,2025-10-06,WKDY_AUT25,SCH000049,V0052,,2025-10-06 18:39:00,2025-10-06 19:29:48,2025-10-06 18:41:23,2025-10-06 19:47:39,completed,regular,
T2510000426,R001,0,2025-10-06,WKDY_AUT25,SCH000004,V0003,,2025-10-06 18:40:00,2025-10-06 20:05:00,2025-10-06 18:42:12,2025-10-06 20:18:35,completed,regular,
T2510000427,R001,1,2025-10-06,WKDY_AUT25,SCH000009,V0005,,2025-10-06 18:41:00,2025-10-06 20:06:00,2025-10-06 18:41:00,2025-10-06 20:16:11,completed,regular,
T2510000428,R003,1,2025-10-06,WKDY_AUT25,SCH000029,V0037,,2025-10-06 18:45:00,2025-10-06 19:37:54,2025-10-06 18:45:31,2025-10-06 19:57:00,completed,regular,
T2510000429,R006,1,2025-10-06,WKDY_AUT25,SCH000059,V0056,,2025-10-06 18:46:00,2025-10-06 19:35:48,2025-10-06 18:47:13,2025-10-06 19:39:23,completed,regular,
T2510000430,R002,0,2025-10-06,WKDY_AUT25,SCH000014,V0031,,2025-10-06 18:47:00,2025-10-06 20:00:18,2025-10-06 18:47:30,2025-10-06 20:17:58,completed,regular,
T2510000431,R001,0,2025-10-06,WKDY_AUT25,SCH000004,V0008,,2025-10-06 18:50:00,2025-10-06 20:15:00,,,cancelled,regular,driver_shortage
T2510000432,R001,1,2025-10-06,WKDY_AUT25,SCH000009,V0008,,2025-10-06 18:51:00,2025-10-06 20:16:00,2025-10-06 18:51:31,2025-10-06 20:22:42,completed,regular,
T2510000433,R004,0,2025-10-06,WKDY_AUT25,SCH000034,V0047,,2025-10-06 18:51:00,2025-10-06 19:22:42,2025-10-06 18:51:00,2025-10-06 19:20:01,completed,regular,
T2510000434,R003,0,2025-10-06,WKDY_AUT25,SCH000024,V0036,,2025-10-06 18:54:00,2025-10-06 19:46:54,2025-10-06 18:54:38,2025-10-06 20:01:03,completed,regular,
T2510000435,R007,0,2025-10-06,WKDY_AUT25,SCH000064,V0059,,2025-10-06 18:57:00,2025-10-06 19:22:54,2025-10-06 18:58:34,2025-10-06 19:26:32,completed,regular,
T2510000436,R002,1,2025-10-06,WKDY_AUT25,SCH000019,V0032,,2025-10-06 18:58:00,2025-10-06 20:11:18,2025-10-06 18:58:00,2025-10-06 20:19:53,completed,regular,
T2510000437,R005,0,2025-10-06,WKDY_AUT25,SCH000044,V0053,,2025-10-06 18:58:00,2025-10-06 19:48:48,2025-10-06 19:01:54,2025-10-06 20:12:53,completed,regular,
T2510000438,R001,0,2025-10-06,WKDY_AUT25,SCH000004,V0014,,2025-10-06 19:00:00,2025-10-06 20:25:00,2025-10-06 19:00:00,2025-10-06 20:39:29,completed,regular,
T2510000439,R008,1,2025-10-06,WKDY_AUT25,SCH000079,V0063,,2025-10-06 19:00:00,2025-10-06 19:16:42,2025-10-06 19:00:00,2025-10-06 19:25:42,completed,regular,
T2510000440,R001,1,2025-10-06,WKDY_AUT25,SCH000009,V0009,,2025-10-06 19:01:00,2025-10-06 20:26:00,2025-10-06 19:02:14,2025-10-06 20:36:13,completed,regular,
T2510000441,R004,1,2025-10-06,WKDY_AUT25,SCH000039,V0048,,2025-10-06 19:02:00,2025-10-06 19:33:42,2025-10-06 19:02:53,2025-10-06 19:33:13,completed,regular,
T2510000442,R008,0,2025-10-06,WKDY_AUT25,SCH000074,V0062,,2025-10-06 19:04:00,2025-10-06 19:20:42,2025-10-06 19:04:15,2025-10-06 19:18:37,completed,regular,
T2510000443,R003,1,2025-10-06,WKDY_AUT25,SCH000029,V0038,,2025-10-06 19:05:00,2025-10-06 19:57:54,2025-10-06 19:05:07,2025-10-06 20:05:06,completed,regular,
T2510000444,R006,0,2025-10-06,WKDY_AUT25,SCH000054,V0057,,2025-10-06 19:05:00,2025-10-06 19:54:48,,,cancelled,regular,driver_shortage
T2510000445,R002,0,2025-10-06,WKDY_AUT25,SCH000014,V0033,,2025-10-06 19:07:00,2025-10-06 20:20:18,2025-10-06 19:12:57,2025-10-06 20:27:21,completed,regular,
T2510000446,R007,1,2025-10-06,WKDY_AUT25,SCH000069,V0060,,2025-10-06 19:08:00,2025-10-06 19:33:54,2025-10-06 19:08:00,2025-10-06 19:34:40,completed,regular,
T2510000447,R005,1,2025-10-06,WKDY_AUT25,SCH000049,V0049,,2025-10-06 19:09:00,2025-10-06 19:59:48,2025-10-06 19:15:09,2025-10-06 20:19:47,completed,regular,
T2510000448,R001,0,2025-10-06,WKDY_AUT25,SCH000004,V0007,,2025-10-06 19:10:00,2025-10-06 20:35:00,2025-10-06 19:10:45,2025-10-06 20:37:33,completed,regular,
T2510000449,R001,1,2025-10-06,WKDY_AUT25,SCH000009,V0011,,2025-10-06 19:11:00,2025-10-06 20:36:00,2025-10-06 19:11:36,2025-10-06 20:44:24,completed,regular,
T2510000450,R003,0,2025-10-06,WKDY_AUT25,SCH000024,V0039,,2025-10-06 19:14:00,2025-10-06 20:06:54,2025-10-06 19:14:24,2025-10-06 20:18:58,completed,regular,
T2510000451,R006,1,2025-10-06,WKDY_AUT25,SCH000059,V0057,,2025-10-06 19:16:00,2025-10-06 20:05:48,,,cancelled,regular,driver_shortage
T2510000452,R002,1,2025-10-06,WKDY_AUT25,SCH000019,V0034,,2025-10-06 19:18:00,2025-10-06 20:31:18,,,cancelled,regular,driver_shortage
T2510000453,R001,0,2025-10-06,WKDY_AUT25,SCH000004,V0010,,2025-10-06 19:20:00,2025-10-06 20:45:00,2025-10-06 19:20:26,2025-10-06 20:52:54,completed,regular,
T2510000454,R001,1,2025-10-06,WKDY_AUT25,SCH000009,V0006,,2025-10-06 19:21:00,2025-10-06 20:46:00,2025-10-06 19:21:00,2025-10-06 20:54:42,completed,regular,
T2510000455,R004,0,2025-10-06,WKDY_AUT25,SCH000034,V0045,,2025-10-06 19:21:00,2025-10-06 19:52:42,2025-10-06 19:21:00,2025-10-06 19:54:52,completed,regular,
T2510000456,R003,1,2025-10-06,WKDY_AUT25,SCH000029,V0041,,2025-10-06 19:25:00,2025-10-06 20:17:54,2025-10-06 19:25:42,2025-10-06 20:23:58,completed,regular,
T2510000457,R002,0,2025-10-06,WKDY_AUT25,SCH000014,V0034,,2025-10-06 19:27:00,2025-10-06 20:40:18,2025-10-06 19:27:53,2025-10-06 20:40:41,completed,regular,
T2510000458,R005,0,2025-10-06,WKDY_AUT25,SCH000044,V0051,,2025-10-06 19:28:00,2025-10-06 20:18:48,2025-10-06 19:29:47,2025-10-06 20:27:56,completed,regular,
T2510000459,R001,0,2025-10-06,WKDY_AUT25,SCH000005,V0013,,2025-10-06 19:30:00,2025-10-06 20:37:18,2025-10-06 19:31:15,2025-10-06 20:34:36,completed,regular,
T2510000460,R008,1,2025-10-06,WKDY_AUT25,SCH000080,V0064,,2025-10-06 19:30:00,2025-10-06 19:43:06,2025-10-06 19:30:50,2025-10-06 19:41:34,completed,regular,
T2510000461,R002,0,2025-10-06,WKDY_AUT25,SCH000015,V0025,,2025-10-06 19:37:00,2025-10-06 20:29:06,2025-10-06 19:37:00,2025-10-06 20:23:57,completed,regular,
T2510000462,R001,1,2025-10-06,WKDY_AUT25,SCH000010,V0017,,2025-10-06 19:41:00,2025-10-06 20:48:18,2025-10-06 19:41:00,2025-10-06 20:47:16,completed,regular,
T2510000463,R003,0,2025-10-06,WKDY_AUT25,SCH000025,V0040,,2025-10-06 19:44:00,2025-10-06 20:21:36,2025-10-06 19:44:00,2025-10-06 20:32:10,completed,regular,
T2510000464,R002,1,2025-10-06,WKDY_AUT25,SCH000020,V0035,,2025-10-06 19:48:00,2025-10-06 20:40:06,2025-10-06 19:48:00,2025-10-06 20:44:13,completed,regular,
T2510000465,R001,0,2025-10-06,WKDY_AUT25,SCH000005,V0018,,2025-10-06 19:50:00,2025-10-06 20:57:18,2025-10-06 19:50:30,2025-10-06 20:54:44,completed,regular,
T2510000466,R004,0,2025-10-06,WKDY_AUT25,SCH000035,V0046,,2025-10-06 19:51:00,2025-10-06 20:14:18,2025-10-06 19:51:00,2025-10-06 20:10:06,completed,regular,
T2510000467,R003,1,2025-10-06,WKDY_AUT25,SCH000030,V0042,,2025-10-06 19:55:00,2025-10-06 20:32:36,2025-10-06 19:55:01,2025-10-06 20:35:45,completed,regular,
T2510000468,R005,0,2025-10-06,WKDY_AUT25,SCH000045,V0050,,2025-10-06 19:58:00,2025-10-06 20:35:24,2025-10-06 19:58:00,2025-10-06 20:38:27,completed,regular,
T2510000469,R001,1,2025-10-06,WKDY_AUT25,SCH000010,V0012,,2025-10-06 20:01:00,2025-10-06 21:08:18,2025-10-06 20:01:10,2025-10-06 21:09:00,completed,regular,
T2510000470,R004,1,2025-10-06,WKDY_AUT25,SCH000040,V0047,,2025-10-06 20:02:00,2025-10-06 20:25:18,2025-10-06 20:02:12,2025-10-06 20:24:41,completed,regular,
T2510000471,R006,0,2025-10-06,WKDY_AUT25,SCH000055,V0057,,2025-10-06 20:05:00,2025-10-06 20:41:42,2025-10-06 20:08:07,2025-10-06 20:42:02,completed,regular,
T2510000472,R005,1,2025-10-06,WKDY_AUT25,SCH000050,V0052,,2025-10-06 20:09:00,2025-10-06 20:46:24,2025-10-06 20:09:50,2025-10-06 20:49:09,completed,regular,
T2510000473,R001,0,2025-10-06,WKDY_AUT25,SCH000005,V0015,,2025-10-06 20:10:00,2025-10-06 21:17:18,2025-10-06 20:11:14,2025-10-06 21:19:47,completed,regular,
T2510000474,R007,0,2025-10-06,WKDY_AUT25,SCH000065,V0061,,2025-10-06 20:12:00,2025-10-06 20:32:18,2025-10-06 20:15:29,2025-10-06 20:33:39,completed,regular,
T2510000475,R006,1,2025-10-06,WKDY_AUT25,SCH000060,V0058,,2025-10-06 20:16:00,2025-10-06 20:52:42,2025-10-06 20:16:00,2025-10-06 20:51:14,completed,regular,
T2510000476,R008,0,2025-10-06,WKDY_AUT25,SCH000075,V0062,,2025-10-06 20:19:00,2025-10-06 20:32:06,2025-10-06 20:19:15,2025-10-06 20:29:59,completed,regular,
T2510000477,R001,1,2025-10-06,WKDY_AUT25,SCH000010,V0019,,2025-10-06 20:21:00,2025-10-06 21:28:18,2025-10-06 20:21:00,2025-10-06 21:23:36,completed,regular,
T2510000478,R002,0,2025-10-06,WKDY_AUT25,SCH000015,V0027,,2025-10-06 20:22:00,2025-10-06 21:14:06,2025-10-06 20:22:04,2025-10-06 21:25:03,completed,regular,
T2510000479,R007,1,2025-10-06,WKDY_AUT25,SCH000070,V0059,,2025-10-06 20:23:00,2025-10-06 20:43:18,2025-10-06 20:23:07,2025-10-06 20:41:13,completed,regular,
T2510000480,R003,0,2025-10-06,WKDY_AUT25,SCH000025,V0043,,2025-10-06 20:29:00,2025-10-06 21:06:36,2025-10-06 20:29:44,2025-10-06 21:15:55,completed,regular,
T2510000481,R001,0,2025-10-06,WKDY_AUT25,SCH000005,V0020,,2025-10-06 20:30:00,2025-10-06 21:37:18,2025-10-06 20:30:00,2025-10-06 21:46:18,completed,regular,
T2510000482,R002,1,2025-10-06,WKDY_AUT25,SCH000020,V0026,,2025-10-06 20:33:00,2025-10-06 21:25:06,2025-10-06 20:34:40,2025-10-06 21:27:06,completed,regular,
T2510000483,R003,1,2025-10-06,WKDY_AUT25,SCH000030,V0044,,2025-10-06 20:40:00,2025-10-06 21:17:36,2025-10-06 20:41:49,2025-10-06 21:22:23,completed,regular,
T2510000484,R001,1,2025-10-06,WKDY_AUT25,SCH000010,V0016,,2025-10-06 20:41:00,2025-10-06 21:48:18,2025-10-06 20:45:02,2025-10-06 21:56:02,completed,regular,
T2510000485,R001,0,2025-10-06,WKDY_AUT25,SCH000005,V0021,,2025-10-06 20:50:00,2025-10-06 21:57:18,2025-10-06 20:54:46,2025-10-06 22:09:28,completed,regular,
T2510000486,R004,0,2025-10-06,WKDY_AUT25,SCH000035,V0048,,2025-10-06 20:51:00,2025-10-06 21:14:18,2025-10-06 20:51:46,2025-10-06 21:10:53,completed,regular,
T2510000487,R005,0,2025-10-06,WKDY_AUT25,SCH000045,V0053,,2025-10-06 20:58:00,2025-10-06 21:35:24,2025-10-06 20:58:05,2025-10-06 21:38:02,completed,regular,
T2510000488,R008,1,2025-10-06,WKDY_AUT25,SCH000080,V0063,,2025-10-06 21:00:00,2025-10-06 21:13:06,2025-10-06 21:00:42,2025-10-06 21:11:27,completed,regular,
T2510000489,R001,1,2025-10-06,WKDY_AUT25,SCH000010,V0023,,2025-10-06 21:01:00,2025-10-06 22:08:18,2025-10-06 21:01:08,2025-10-06 22:08:03,completed,regular,
T2510000490,R004,1,2025-10-06,WKDY_AUT25,SCH000040,V0045,,2025-10-06 21:02:00,2025-10-06 21:25:18,2025-10-06 21:02:20,2025-10-06 21:25:18,completed,regular,
T2510000491,R006,0,2025-10-06,WKDY_AUT25,SCH000055,V0054,,2025-10-06 21:05:00,2025-10-06 21:41:42,2025-10-06 21:05:52,2025-10-06 21:39:34,completed,regular,
T2510000492,R002,0,2025-10-06,WKDY_AUT25,SCH000015,V0028,,2025-10-06 21:07:00,2025-10-06 21:59:06,2025-10-06 21:07:58,2025-10-06 22:04:34,completed,regular,
T2510000493,R005,1,2025-10-06,WKDY_AUT25,SCH000050,V0049,,2025-10-06 21:09:00,2025-10-06 21:46:24,2025-10-06 21:09:00,2025-10-06 21:54:44,completed,regular,
T2510000494,R001,0,2025-10-06,WKDY_AUT25,SCH000005,V0022,,2025-10-06 21:10:00,2025-10-06 22:17:18,2025-10-06 21:10:00,2025-10-06 22:19:39,completed,regular,
T2510000495,R003,0,2025-10-06,WKDY_AUT25,SCH000025,V0037,,2025-10-06 21:14:00,2025-10-06 21:51:36,2025-10-06 21:15:27,2025-10-06 21:56:51,completed,regular,
T2510000496,R006,1,2025-10-06,WKDY_AUT25,SCH000060,V0055,,2025-10-06 21:16:00,2025-10-06 21:52:42,2025-10-06 21:16:27,2025-10-06 21:50:48,completed,regular,
T2510000497,R002,1,2025-10-06,WKDY_AUT25,SCH000020,V0029,,2025-10-06 21:18:00,2025-10-06 22:10:06,2025-10-06 21:18:52,2025-10-06 22:12:14,completed,regular,
T2510000498,R001,1,2025-10-06,WKDY_AUT25,SCH000010,V0001,,2025-10-06 21:21:00,2025-10-06 22:28:18,2025-10-06 21:21:05,2025-10-06 22:33:04,completed,regular,
T2510000499,R003,1,2025-10-06,WKDY_AUT25,SCH000030,V0036,,2025-10-06 21:25:00,2025-10-06 22:02:36,2025-10-06 21:25:00,2025-10-06 22:09:09,completed,regular,
T2510000500,R001,0,2025-10-06,WKDY_AUT25,SCH000005,V0004,,2025-10-06 21:30:00,2025-10-06 22:37:18,,,cancelled,regular,driver_shortage
T2510000501,R001,1,2025-10-06,WKDY_AUT25,SCH000010,V0004,,2025-10-06 21:41:00,2025-10-06 22:48:18,2025-10-06 21:46:40,2025-10-06 22:56:53,completed,regular,
T2510000502,R007,0,2025-10-06,WKDY_AUT25,SCH000065,V0060,,2025-10-06 21:42:00,2025-10-06 22:02:18,2025-10-06 21:44:00,2025-10-06 22:03:52,completed,regular,
T2510000503,R008,0,2025-10-06,WKDY_AUT25,SCH000075,V0064,,2025-10-06 21:49:00,2025-10-06 22:02:06,2025-10-06 21:49:00,2025-10-06 22:00:49,completed,regular,
T2510000504,R001,0,2025-10-06,WKDY_AUT25,SCH000005,V0024,,2025-10-06 21:50:00,2025-10-06 22:57:18,2025-10-06 21:50:31,2025-10-06 23:16:08,completed,regular,
T2510000505,R004,0,2025-10-06,WKDY_AUT25,SCH000035,V0046,,2025-10-06 21:51:00,2025-10-06 22:14:18,2025-10-06 21:51:00,2025-10-06 22:14:16,completed,regular,
T2510000506,R002,0,2025-10-06,WKDY_AUT25,SCH000015,V0030,,2025-10-06 21:52:00,2025-10-06 22:44:06,2025-10-06 21:57:10,2025-10-06 22:49:29,completed,regular,
T2510000507,R007,1,2025-10-06,WKDY_AUT25,SCH000070,V0061,,2025-10-06 21:53:00,2025-10-06 22:13:18,2025-10-06 21:53:00,2025-10-06 22:14:44,completed,regular,
T2510000508,R005,0,2025-10-06,WKDY_AUT25,SCH000045,V0051,,2025-10-06 21:58:00,2025-10-06 22:35:24,2025-10-06 21:59:29,2025-10-06 22:44:55,completed,regular,
T2510000509,R003,0,2025-10-06,WKDY_AUT25,SCH000025,V0038,,2025-10-06 21:59:00,2025-10-06 22:36:36,,,cancelled,regular,driver_shortage
T2510000510,R001,1,2025-10-06,WKDY_AUT25,SCH000010,V0002,,2025-10-06 22:01:00,2025-10-06 23:08:18,2025-10-06 22:03:29,2025-10-06 23:05:49,completed,regular,
T2510000511,R004,1,2025-10-06,WKDY_AUT25,SCH000040,V0047,,2025-10-06 22:02:00,2025-10-06 22:25:18,2025-10-06 22:03:59,2025-10-06 22:26:22,completed,regular,
T2510000512,R002,1,2025-10-06,WKDY_AUT25,SCH000020,V0031,,2025-10-06 22:03:00,2025-10-06 22:55:06,2025-10-06 22:03:09,2025-10-06 22:57:35,completed,regular,
T2510000513,R006,0,2025-10-06,WKDY_AUT25,SCH000055,V0056,,2025-10-06 22:05:00,2025-10-06 22:41:42,2025-10-06 22:05:59,2025-10-06 22:40:13,completed,regular,
T2510000514,R005,1,2025-10-06,WKDY_AUT25,SCH000050,V0050,,2025-10-06 22:09:00,2025-10-06 22:46:24,2025-10-06 22:10:43,2025-10-06 22:53:38,completed,regular,
T2510000515,R001,0,2025-10-06,WKDY_AUT25,SCH000005,V0005,,2025-10-06 22:10:00,2025-10-06 23:17:18,2025-10-06 22:10:18,2025-10-06 23:18:28,completed,regular,
T2510000516,R003,1,2025-10-06,WKDY_AUT25,SCH000030,V0038,,2025-10-06 22:10:00,2025-10-06 22:47:36,2025-10-06 22:10:45,2025-10-06 23:01:15,completed,regular,
T2510000517,R006,1,2025-10-06,WKDY_AUT25,SCH000060,V0057,,2025-10-06 22:16:00,2025-10-06 22:52:42,2025-10-06 22:16:42,2025-10-06 22:48:51,completed,regular,
T2510000518,R001,1,2025-10-06,WKDY_AUT25,SCH000010,V0003,,2025-10-06 22:21:00,2025-10-06 23:28:18,2025-10-06 22:21:51,2025-10-06 23:31:34,completed,regular,
T2510000519,R001,0,2025-10-07,WKDY_AUT25,SCH000001,V0001,,2025-10-07 05:30:00,2025-10-07 06:32:06,2025-10-07 05:31:29,2025-10-07 06:31:21,completed,regular,
T2510000520,R008,1,2025-10-07,WKDY_AUT25,SCH000076,V0062,,2025-10-07 05:30:00,2025-10-07 05:41:54,2025-10-07 05:30:00,2025-10-07 05:41:43,completed,regular,
T2510000521,R006,1,2025-10-07,WKDY_AUT25,SCH000056,V0054,,2025-10-07 05:31:00,2025-10-07 06:04:12,2025-10-07 05:32:37,2025-10-07 06:03:38,completed,regular,
T2510000522,R002,0,2025-10-07,WKDY_AUT25,SCH000011,V0025,,2025-10-07 05:37:00,2025-10-07 06:22:00,2025-10-07 05:37:49,2025-10-07 06:22:33,completed,regular,
T2510000523,R001,1,2025-10-07,WKDY_AUT25,SCH000006,V0002,,2025-10-07 05:41:00,2025-10-07 06:43:06,2025-10-07 05:42:54,2025-10-07 06:49:57,completed,regular,
T2510000524,R003,0,2025-10-07,WKDY_AUT25,SCH000021,V0036,,2025-10-07 05:44:00,2025-10-07 06:16:30,2025-10-07 05:44:00,2025-10-07 06:21:21,completed,regular,
T2510000525,R001,0,2025-10-07,WKDY_AUT25,SCH000001,V0003,,2025-10-07 05:45:00,2025-10-07 06:47:06,,,cancelled,regular,driver_shortage
T2510000526,R002,1,2025-10-07,WKDY_AUT25,SCH000016,V0026,,2025-10-07 05:48:00,2025-10-07 06:33:00,2025-10-07 05:48:00,2025-10-07 06:33:38,completed,regular,
T2510000527,R004,0,2025-10-07,WKDY_AUT25,SCH000031,V0045,,2025-10-07 05:51:00,2025-10-07 06:12:06,2025-10-07 05:52:37,2025-10-07 06:10:18,completed,regular,
T2510000528,R003,1,2025-10-07,WKDY_AUT25,SCH000026,V0037,,2025-10-07 05:55:00,2025-10-07 06:27:30,2025-10-07 05:55:22,2025-10-07 06:29:47,completed,regular,
T2510000529,R001,1,2025-10-07,WKDY_AUT25,SCH000006,V0003,,2025-10-07 05:56:00,2025-10-07 06:58:06,2025-10-07 06:01:59,2025-10-07 07:13:52,completed,regular,
T2510000530,R005,0,2025-10-07,WKDY_AUT25,SCH000041,V0049,,2025-10-07 05:58:00,2025-10-07 06:31:54,2025-10-07 05:58:00,2025-10-07 06:29:25,completed,regular,
T2510000531,R001,0,2025-10-07,WKDY_AUT25,SCH000001,V0004,,2025-10-07 06:00:00,2025-10-07 07:02:06,2025-10-07 06:00:00,2025-10-07 07:08:25,completed,regular,
T2510000532,R004,1,2025-10-07,WKDY_AUT25,SCH000036,V0046,,2025-10-07 06:02:00,2025-10-07 06:23:06,2025-10-07 06:03:37,2025-10-07 06:20:55,completed,regular,
T2510000533,R006,0,2025-10-07,WKDY_AUT25,SCH000051,V0055,,2025-10-07 06:05:00,2025-10-07 06:38:12,2025-10-07 06:05:16,2025-10-07 06:33:40,completed,regular,
T2510000534,R002,0,2025-10-07,WKDY_AUT25,SCH000011,V0027,,2025-10-07 06:07:00,2025-10-07 06:52:00,2025-10-07 06:07:00,2025-10-07 06:50:25,completed,regular,
T2510000535,R005,1,2025-10-07,WKDY_AUT25,SCH000046,V0050,,2025-10-07 06:09:00,2025-10-07 06:42:54,2025-10-07 06:09:11,2025-10-07 06:45:27,completed,regular,
T2510000536,R001,1,2025-10-07,WKDY_AUT25,SCH000006,V0005,,2025-10-07 06:11:00,2025-10-07 07:13:06,2025-10-07 06:11:00,2025-10-07 07:08:17,completed,regular,
T2510000537,R007,0,2025-10-07,WKDY_AUT25,SCH000061,V0059,,2025-10-07 06:12:00,2025-10-07 06:30:30,2025-10-07 06:12:00,2025-10-07 06:27:10,completed,regular,
T2510000538,R003,0,2025-10-07,WKDY_AUT25,SCH000021,V0038,,2025-10-07 06:14:00,2025-10-07 06:46:30,2025-10-07 06:18:00,2025-10-07 06:56:16,completed,regular,
T2510000539,R001,0,2025-10-07,WKDY_AUT25,SCH000001,V0006,,2025-10-07 06:15:00,2025-10-07 07:17:06,2025-10-07 06:16:02,2025-10-07 07:28:16,completed,regular,
T2510000540,R006,1,2025-10-07,WKDY_AUT25,SCH000056,V0056,,2025-10-07 06:16:00,2025-10-07 06:49:12,2025-10-07 06:20:24,2025-10-07 06:49:46,completed,regular,
T2510000541,R002,1,2025-10-07,WKDY_AUT25,SCH000016,V0028,,2025-10-07 06:18:00,2025-10-07 07:03:00,2025-10-07 06:18:00,2025-10-07 07:04:48,completed,regular,
T2510000542,R008,0,2025-10-07,WKDY_AUT25,SCH000071,V0063,,2025-10-07 06:19:00,2025-10-07 06:30:54,2025-10-07 06:19:05,2025-10-07 06:30:53,completed,regular,
T2510000543,R007,1,2025-10-07,WKDY_AUT25,SCH000066,V0060,,2025-10-07 06:23:00,2025-10-07 06:41:30,2025-10-07 06:25:46,2025-10-07 06:41:54,completed,regular,
T2510000544,R003,1,2025-10-07,WKDY_AUT25,SCH000026,V0039,,2025-10-07 06:25:00,2025-10-07 06:57:30,2025-10-07 06:26:30,2025-10-07 07:02:01,completed,regular,
T2510000545,R001,1,2025-10-07,WKDY_AUT25,SCH000006,V0007,,2025-10-07 06:26:00,2025-10-07 07:28:06,2025-10-07 06:26:05,2025-10-07 07:23:04,completed,regular,
T2510000546,R001,0,2025-10-07,WKDY_AUT25,SCH000001,V0008,,2025-10-07 06:30:00,2025-10-07 07:32:06,2025-10-07 06:30:07,2025-10-07 07:28:05,completed,regular,
T2510000547,R008,1,2025-10-07,WKDY_AUT25,SCH000076,V0064,,2025-10-07 06:30:00,2025-10-07 06:41:54,2025-10-07 06:31:01,2025-10-07 06:44:22,completed,regular,
T2510000548,R004,0,2025-10-07,WKDY_AUT25,SCH000031,V0047,,2025-10-07 06:36:00,2025-10-07 06:57:06,2025-10-07 06:39:59,2025-10-07 06:58:17,completed,regular,
T2510000549,R002,0,2025-10-07,WKDY_AUT25,SCH000011,V0029,,2025-10-07 06:37:00,2025-10-07 07:22:00,,,cancelled,regular,driver_shortage
T2510000550,R001,1,2025-10-07,WKDY_AUT25,SCH000006,V0009,,2025-10-07 06:41:00,2025-10-07 07:43:06,2025-10-07 06:41:00,2025-10-07 07:45:58,completed,regular,
T2510000551,R005,0,2025-10-07,WKDY_AUT25,SCH000041,V0051,,2025-10-07 06:43:00,2025-10-07 07:16:54,2025-10-07 06:43:20,2025-10-07 07:24:34,completed,regular,
T2510000552,R003,0,2025-10-07,WKDY_AUT25,SCH000021,V0040,,2025-10-07 06:44:00,2025-10-07 07:16:30,2025-10-07 06:44:25,2025-10-07 07:20:54,completed,regular,
T2510000553,R001,0,2025-10-07,WKDY_AUT25,SCH000001,V0010,,2025-10-07 06:45:00,2025-10-07 07:47:06,2025-10-07 06:46:41,2025-10-07 07:48:59,completed,regular,
T2510000554,R004,1,2025-10-07,WKDY_AUT25,SCH000036,V0048,,2025-10-07 06:47:00,2025-10-07 07:08:06,2025-10-07 06:47:27,2025-10-07 07:09:32,completed,regular,
T2510000555,R002,1,2025-10-07,WKDY_AUT25,SCH000016,V0029,,2025-10-07 06:48:00,2025-10-07 07:33:00,2025-10-07 06:48:48,2025-10-07 07:35:44,completed,regular,
T2510000556,R006,0,2025-10-07,WKDY_AUT25,SCH000051,V0057,,2025-10-07 06:50:00,2025-10-07 07:23:12,2025-10-07 06:50:00,2025-10-07 07:17:13,completed,regular,
T2510000557,R005,1,2025-10-07,WKDY_AUT25,SCH000046,V0052,,2025-10-07 06:54:00,2025-10-07 07:27:54,2025-10-07 06:55:30,2025-10-07 07:36:39,completed,regular,
T2510000558,R003,1,2025-10-07,WKDY_AUT25,SCH000026,V0041,,2025-10-07 06:55:00,2025-10-07 07:27:30,2025-10-07 06:55:00,2025-10-07 07:28:22,completed,regular,
T2510000559,R001,1,2025-10-07,WKDY_AUT25,SCH000006,V0011,,2025-10-07 06:56:00,2025-10-07 07:58:06,2025-10-07 06:56:29,2025-10-07 07:58:58,completed,regular,
T2510000560,R001,0,2025-10-07,WKDY_AUT25,SCH000002,V0012,,2025-10-07 07:00:00,2025-10-07 08:20:48,2025-10-07 07:02:55,2025-10-07 08:43:05,completed,regular,
T2510000561,R008,1,2025-10-07,WKDY_AUT25,SCH000077,V0062,,2025-10-07 07:00:00,2025-10-07 07:16:12,2025-10-07 07:00:05,2025-10-07 07:15:46,completed,regular,
T2510000562,R001,1,2025-10-07,WKDY_AUT25,SCH000007,V0013,,2025-10-07 07:01:00,2025-10-07 08:21:48,2025-10-07 07:05:13,2025-10-07 08:35:42,completed,regular,
T2510000563,R004,1,2025-10-07,WKDY_AUT25,SCH000037,V0045,,2025-10-07 07:02:00,2025-10-07 07:32:36,2025-10-07 07:02:40,2025-10-07 07:29:08,completed,regular,
T2510000564,R008,0,2025-10-07,WKDY_AUT25,SCH000072,V0063,,2025-10-07 07:04:00,2025-10-07 07:20:12,2025-10-07 07:04:00,2025-10-07 07:19:27,completed,regular,
T2510000565,R003,1,2025-10-07,WKDY_AUT25,SCH000027,V0042,,2025-10-07 07:05:00,2025-10-07 07:56:00,2025-10-07 07:07:53,2025-10-07 08:05:16,completed,regular,
T2510000566,R006,0,2025-10-07,WKDY_AUT25,SCH000052,V0058,,2025-10-07 07:05:00,2025-10-07 07:53:00,2025-10-07 07:05:27,2025-10-07 07:51:28,completed,regular,
T2510000567,R002,0,2025-10-07,WKDY_AUT25,SCH000012,V0030,,2025-10-07 07:07:00,2025-10-07 08:17:42,2025-10-07 07:07:14,2025-10-07 08:37:32,completed,regular,
T2510000568,R007,1,2025-10-07,WKDY_AUT25,SCH000067,V0061,,2025-10-07 07:08:00,2025-10-07 07:33:06,2025-10-07 07:10:01,2025-10-07 07:34:20,completed,regular,
T2510000569,R005,1,2025-10-07,WKDY_AUT25,SCH000047,V0053,,2025-10-07 07:09:00,2025-10-07 07:58:00,2025-10-07 07:09:44,2025-10-07 08:05:29,completed,regular,
T2510000570,R001,0,2025-10-07,WKDY_AUT25,SCH000002,V0014,,2025-10-07 07:10:00,2025-10-07 08:30:48,2025-10-07 07:10:43,2025-10-07 08:34:46,completed,regular,
T2510000571,R001,1,2025-10-07,WKDY_AUT25,SCH000007,V0015,,2025-10-07 07:11:00,2025-10-07 08:31:48,2025-10-07 07:12:17,2025-10-07 08:31:47,completed,regular,
T2510000572,R003,0,2025-10-07,WKDY_AUT25,SCH000022,V0043,,2025-10-07 07:14:00,2025-10-07 08:05:00,2025-10-07 07:14:00,2025-10-07 08:14:27,completed,regular,
T2510000573,R006,1,2025-10-07,WKDY_AUT25,SCH000057,V0054,,2025-10-07 07:16:00,2025-10-07 08:04:00,2025-10-07 07:16:04,2025-10-07 08:09:21,completed,regular,
T2510000574,R002,1,2025-10-07,WKDY_AUT25,SCH000017,V0031,,2025-10-07 07:18:00,2025-10-07 08:28:42,2025-10-07 07:18:00,2025-10-07 08:35:49,completed,regular,
T2510000575,R001,0,2025-10-07,WKDY_AUT25,SCH000002,V0016,,2025-10-07 07:20:00,2025-10-07 08:40:48,,,cancelled,regular,driver_shortage
T2510000576,R001,1,2025-10-07,WKDY_AUT25,SCH000007,V0016,,2025-10-07 07:21:00,2025-10-07 08:41:48,2025-10-07 07:25:27,2025-10-07 09:02:31,completed,regular,
T2510000577,R004,0,2025-10-07,WKDY_AUT25,SCH000032,V0046,,2025-10-07 07:21:00,2025-10-07 07:51:36,2025-10-07 07:22:39,2025-10-07 07:52:17,completed,regular,
T2510000578,R003,1,2025-10-07,WKDY_AUT25,SCH000027,V0044,,2025-10-07 07:25:00,2025-10-07 08:16:00,,,cancelled,regular,driver_shortage
T2510000579,R002,0,2025-10-07,WKDY_AUT25,SCH000012,V0032,,2025-10-07 07:27:00,2025-10-07 08:37:42,2025-10-07 07:27:23,2025-10-07 08:39:15,completed,regular,
T2510000580,R005,0,2025-10-07,WKDY_AUT25,SCH000042,V0049,,2025-10-07 07:28:00,2025-10-07 08:17:00,2025-10-07 07:30:04,2025-10-07 08:38:11,completed,regular,
T2510000581,R001,0,2025-10-07,WKDY_AUT25,SCH000002,V0017,,2025-10-07 07:30:00,2025-10-07 08:50:48,2025-10-07 07:31:21,2025-10-07 09:14:44,completed,regular,
T2510000582,R001,1,2025-10-07,WKDY_AUT25,SCH000007,V0018,,2025-10-07 07:31:00,2025-10-07 08:51:48,2025-10-07 07:31:00,2025-10-07 09:00:36,completed,regular,
T2510000583,R004,1,2025-10-07,WKDY_AUT25,SCH000037,V0047,,2025-10-07 07:32:00,2025-10-07 08:02:36,2025-10-07 07:32:29,2025-10-07 08:03:53,completed,regular,
T2510000584,R003,0,2025-10-07,WKDY_AUT25,SCH000022,V0044,,2025-10-07 07:34:00,2025-10-07 08:25:00,2025-10-07 07:34:00,2025-10-07 08:32:43,completed,regular,
T2510000585,R006,0,2025-10-07,WKDY_AUT25,SCH000052,V0055,,2025-10-07 07:35:00,2025-10-07 08:23:00,2025-10-07 07:35:00,2025-10-07 08:20:50,completed,regular,
T2510000586,R002,1,2025-10-07,WKDY_AUT25,SCH000017,V0033,,2025-10-07 07:38:00,2025-10-07 08:48:42,,,cancelled,regular,driver_shortage
T2510000587,R005,1,2025-10-07,WKDY_AUT25,SCH000047,V0050,,2025-10-07 07:39:00,2025-10-07 08:28:00,2025-10-07 07:44:59,2025-10-07 08:48:36,completed,regular,
T2510000588,R001,0,2025-10-07,WKDY_AUT25,SCH000002,V0019,,2025-10-07 07:40:00,2025-10-07 09:00:48,2025-10-07 07:41:07,2025-10-07 09:04:18,completed,regular,
T2510000589,R001,1,2025-10-07,WKDY_AUT25,SCH000007,V0020,,2025-10-07 07:41:00,2025-10-07 09:01:48,2025-10-07 07:45:17,2025-10-07 09:20:28,completed,regular,
T2510000590,R007,0,2025-10-07,WKDY_AUT25,SCH000062,V0059,,2025-10-07 07:42:00,2025-10-07 08:07:06,2025-10-07 07:42:36,2025-10-07 08:13:08,completed,regular,
T2510000591,R003,1,2025-10-07,WKDY_AUT25,SCH000027,V0036,,2025-10-07 07:45:00,2025-10-07 08:36:00,2025-10-07 07:45:06,2025-10-07 08:58:58,completed,regular,
T2510000592,R008,1,2025-10-07,WKDY_AUT25,SCH000077,V0064,,2025-10-07 07:45:00,2025-10-07 08:01:12,2025-10-07 07:45:00,2025-10-07 08:05:05,completed,regular,
T2510000593,R006,1,2025-10-07,WKDY_AUT25,SCH000057,V0056,,2025-10-07 07:46:00,2025-10-07 08:34:00,2025-10-07 07:46:00,2025-10-07 08:30:53,completed,regular,
T2510000594,R002,0,2025-10-07,WKDY_AUT25,SCH000012,V0033,,2025-10-07 07:47:00,2025-10-07 08:57:42,2025-10-07 07:48:08,2025-10-07 09:07:17,completed,regular,
T2510000595,R008,0,2025-10-07,WKDY_AUT25,SCH000072,V0062,,2025-10-07 07:49:00,2025-10-07 08:05:12,2025-10-07 07:52:42,2025-10-07 08:07:52,completed,regular,
T2510000596,R001,0,2025-10-07,WKDY_AUT25,SCH000002,V0021,,2025-10-07 07:50:00,2025-10-07 09:10:48,2025-10-07 07:50:52,2025-10-07 09:26:56,completed,regular,
T2510000597,R001,1,2025-10-07,WKDY_AUT25,SCH000007,V0022,,2025-10-07 07:51:00,2025-10-07 09:11:48,2025-10-07 07:52:21,2025-10-07 09:08:12,completed,regular,
T2510000598,R004,0,2025-10-07,WKDY_AUT25,SCH000032,V0048,,2025-10-07 07:51:00,2025-10-07 08:21:36,2025-10-07 07:51:35,2025-10-07 08:22:36,completed,regular,
T2510000599,R007,1,2025-10-07,WKDY_AUT25,SCH000067,V0060,,2025-10-07 07:53:00,2025-10-07 08:18:06,2025-10-07 07:56:45,2025-10-07 08:24:31,completed,regular,
T2510000600,R003,0,2025-10-07,WKDY_AUT25,SCH000022,V0037,,2025-10-07 07:54:00,2025-10-07 08:45:00,2025-10-07 07:54:00,2025-10-07 08:57:37,completed,regular,
T2510000601,R002,1,2025-10-07,WKDY_AUT25,SCH000017,V0034,,2025-10-07 07:58:00,2025-10-07 09:08:42,2025-10-07 07:58:52,2025-10-07 09:26:53,completed,regular,
T2510000602,R005,0,2025-10-07,WKDY_AUT25,SCH000042,V0051,,2025-10-07 07:58:00,2025-10-07 08:47:00,,,cancelled,regular,driver_shortage
T2510000603,R001,0,2025-10-07,WKDY_AUT25,SCH000002,V0023,,2025-10-07 08:00:00,2025-10-07 09:20:48,2025-10-07 08:01:59,2025-10-07 09:24:39,completed,regular,
T2510000604,R001,1,2025-10-07,WKDY_AUT25,SCH000007,V0024,,2025-10-07 08:01:00,2025-10-07 09:21:48,2025-10-07 08:03:55,2025-10-07 09:28:19,completed,regular,
T2510000605,R004,1,2025-10-07,WKDY_AUT25,SCH000037,V0045,,2025-10-07 08:02:00,2025-10-07 08:32:36,2025-10-07 08:03:05,2025-10-07 08:34:25,completed,regular,
T2510000606,R003,1,2025-10-07,WKDY_AUT25,SCH000027,V0038,,2025-10-07 08:05:00,2025-10-07 08:56:00,2025-10-07 08:05:13,2025-10-07 09:07:20,completed,regular,
T2510000607,R006,0,2025-10-07,WKDY_AUT25,SCH000052,V0057,,2025-10-07 08:05:00,2025-10-07 08:53:00,2025-10-07 08:05:00,2025-10-07 08:44:22,completed,regular,
T2510000608,R002,0,2025-10-07,WKDY_AUT25,SCH000012,V0035,,2025-10-07 08:07:00,2025-10-07 09:17:42,2025-10-07 08:09:11,2025-10-07 09:30:55,completed,regular,
T2510000609,R005,1,2025-10-07,WKDY_AUT25,SCH000047,V0051,,2025-10-07 08:09:00,2025-10-07 08:58:00,2025-10-07 08:09:21,2025-10-07 09:05:09,completed,regular,
T2510000610,R001,0,2025-10-07,WKDY_AUT25,SCH000002,V0001,,2025-10-07 08:10:00,2025-10-07 09:30:48,2025-10-07 08:12:26,2025-10-07 09:43:58,completed,regular,
T2510000611,R001,1,2025-10-07,WKDY_AUT25,SCH000007,V0002,,2025-10-07 08:11:00,2025-10-07 09:31:48,2025-10-07 08:12:04,2025-10-07 09:29:19,completed,regular,
T2510000612,R003,0,2025-10-07,WKDY_AUT25,SCH000022,V0039,,2025-10-07 08:14:00,2025-10-07 09:05:00,2025-10-07 08:15:20,2025-10-07 09:16:02,completed,regular,
T2510000613,R006,1,2025-10-07,WKDY_AUT25,SCH000057,V0058,,2025-10-07 08:16:00,2025-10-07 09:04:00,2025-10-07 08:19:26,2025-10-07 09:08:48,completed,regular,
T2510000614,R002,1,2025-10-07,WKDY_AUT25,SCH000017,V0025,,2025-10-07 08:18:00,2025-10-07 09:28:42,2025-10-07 08:18:00,2025-10-07 09:31:08,completed,regular,
T2510000615,R001,0,2025-10-07,WKDY_AUT25,SCH000002,V0005,,2025-10-07 08:20:00,2025-10-07 09:40:48,2025-10-07 08:20:28,2025-10-07 09:44:45,completed,regular,
T2510000616,R001,1,2025-10-07,WKDY_AUT25,SCH000007,V0004,,2025-10-07 08:21:00,2025-10-07 09:41:48,2025-10-07 08:21:39,2025-10-07 09:57:04,completed,regular,
T2510000617,R004,0,2025-10-07,WKDY_AUT25,SCH000032,V0046,,2025-10-07 08:21:00,2025-10-07 08:51:36,2025-10-07 08:21:38,2025-10-07 08:46:45,completed,regular,
T2510000618,R003,1,2025-10-07,WKDY_AUT25,SCH000027,V0040,,2025-10-07 08:25:00,2025-10-07 09:16:00,2025-10-07 08:25:38,2025-10-07 09:30:53,completed,regular,
T2510000619,R002,0,2025-10-07,WKDY_AUT25,SCH000012,V0026,,2025-10-07 08:27:00,2025-10-07 09:37:42,2025-10-07 08:29:44,2025-10-07 09:53:23,completed,regular,
T2510000620,R007,0,2025-10-07,WKDY_AUT25,SCH000062,V0061,,2025-10-07 08:27:00,2025-10-07 08:52:06,2025-10-07 08:30:40,2025-10-07 09:00:43,completed,regular,
T2510000621,R005,0,2025-10-07,WKDY_AUT25,SCH000042,V0052,,2025-10-07 08:28:00,2025-10-07 09:17:00,2025-10-07 08:28:50,2025-10-07 09:32:05,completed,regular,
T2510000622,R001,0,2025-10-07,WKDY_AUT25,SCH000002,V0003,,2025-10-07 08:30:00,2025-10-07 09:50:48,2025-10-07 08:34:36,2025-10-07 10:19:14,completed,regular,
T2510000623,R008,1,2025-10-07,WKDY_AUT25,SCH000077,V0063,,2025-10-07 08:30:00,2025-10-07 08:46:12,2025-10-07 08:30:00,2025-10-07 08:47:15,completed,regular,
T2510000624,R001,1,2025-10-07,WKDY_AUT25,SCH000007,V0007,,2025-10-07 08:31:00,2025-10-07 09:51:48,2025-10-07 08:31:00,2025-10-07 09:45:22,completed,regular,
T2510000625,R004,1,2025-10-07,WKDY_AUT25,SCH000037,V0047,,2025-10-07 08:32:00,2025-10-07 09:02:36,2025-10-07 08:33:16,2025-10-07 09:07:27,completed,regular,
T2510000626,R003,0,2025-10-07,WKDY_AUT25,SCH000022,V0041,,2025-10-07 08:34:00,2025-10-07 09:25:00,2025-10-07 08:36:37,2025-10-07 09:41:26,completed,regular,
T2510000627,R008,0,2025-10-07,WKDY_AUT25,SCH000072,V0064,,2025-10-07 08:34:00,2025-10-07 08:50:12,2025-10-07 08:34:15,2025-10-07 08:48:57,completed,regular,
T2510000629,R002,1,2025-10-07,WKDY_AUT25,SCH000017,V0027,,2025-10-07 08:38:00,2025-10-07 09:48:42,2025-10-07 08:38:42,2025-10-07 09:54:09,completed,regular,
T2510000630,R007,1,2025-10-07,WKDY_AUT25,SCH000067,V0059,,2025-10-07 08:38:00,2025-10-07 09:03:06,2025-10-07 08:38:45,2025-10-07 09:03:02,completed,regular,
T2510000631,,1,2025-10-07,WKDY_AUT25,SCH000047,V0053,,2025-10-07 08:39:00,2025-10-07 09:28:00,2025-10-07 08:39:41,2025-10-07 09:39:06,completed,regular,
T2510000632,R001,0,2025-10-07,WKDY_AUT25,SCH000002,V0008,,2025-10-07 08:40:00,2025-10-07 10:00:48,2025-10-07 08:40:21,2025-10-07 09:55:47,completed,regular,
T2510000633,R001,1,2025-10-07,WKDY_AUT25,SCH000007,V0006,,2025-10-07 08:41:00,2025-10-07 10:01:48,2025-10-07 08:41:00,2025-10-07 10:06:24,completed,regular,
T2510000633,R001,1,2025-10-07,WKDY_AUT25,SCH000007,V0006,,2025-10-07 08:41:00,2025-10-07 10:01:48,2025-10-07 08:41:00,2025-10-07 10:06:24,completed,regular,
T2510000634,R003,1,2025-10-07,WKDY_AUT25,SCH000027,V0042,,2025-10-07 08:45:00,2025-10-07 09:36:00,2025-10-07 08:49:38,2025-10-07 09:53:26,completed,regular,
T2510000635,R006,1,2025-10-07,WKDY_AUT25,SCH000057,V0055,,2025-10-07 08:46:00,2025-10-07 09:34:00,2025-10-07 08:46:03,2025-10-07 09:34:28,completed,regular,
T2510000636,R002,0,2025-10-07,WKDY_AUT25,SCH000012,,,2025-10-07 08:47:00,2025-10-07 09:57:42,2025-10-07 08:47:58,2025-10-07 10:01:59,completed,regular,
T2510000637,R001,0,2025-10-07,WKDY_AUT25,SCH000002,V0009,,2025-10-07 08:50:00,2025-10-07 10:10:48,2025-10-07 08:55:41,2025-10-07 10:40:04,completed,regular,
T2510000638,R001,1,2025-10-07,WKDY_AUT25,SCH000007,V0010,,2025-10-07 08:51:00,2025-10-07 10:11:48,2025-10-07 08:52:27,2025-10-07 10:26:24,completed,regular,
T2510000639,R004,0,2025-10-07,WKDY_AUT25,SCH000032,V0048,,2025-10-07 08:51:00,2025-10-07 09:21:36,2025-10-07 08:51:24,2025-10-07 09:20:23,completed,regular,
T2510000640,R003,0,2025-10-07,WKDY_AUT25,SCH000022,V0043,,2025-10-07 08:54:00,2025-10-07 09:45:00,2025-10-07 08:54:05,2025-10-07 09:52:35,completed,regular,
T2510000641,R002,1,2025-10-07,WKDY_AUT25,SCH000017,V0029,,2025-10-07 08:58:00,2025-10-07 10:08:42,2025-10-07 08:58:42,2025-10-07 10:09:44,completed,regular,
T2510000642,R005,0,2025-10-07,WKDY_AUT25,SCH000042,V0049,,2025-10-07 08:58:00,2025-10-07 09:47:00,2025-10-07 08:58:00,2025-10-07 10:02:31,completed,regular,
T2510000643,R001,0,2025-10-07,WKDY_AUT25,SCH000002,V0011,,2025-10-07 09:00:00,2025-10-07 10:20:48,2025-10-07 09:00:00,2025-10-07 10:23:17,completed,regular,
T2510000644,R001,1,2025-10-07,WKDY_AUT25,SCH000007,V0015,,2025-10-07 09:01:00,2025-10-07 10:21:48,2025-10-07 09:01:00,2025-10-07 10:30:46,completed,regular,
T2510000645,R004,1,2025-10-07,WKDY_AUT25,SCH000037,V0045,,2025-10-07 09:02:00,2025-10-07 09:32:36,2025-10-07 09:02:15,2025-10-07 09:32:00,completed,regular,
T2510000646,R003,1,2025-10-07,WKDY_AUT25,SCH000027,V0044,,2025-10-07 09:05:00,2025-10-07 09:56:00,2025-10-07 09:05:28,2025-10-07 10:11:48,completed,regular,
T2510000647,R006,0,2025-10-07,WKDY_AUT25,SCH000052,V0056,,2025-10-07 09:05:00,2025-10-07 09:53:00,2025-10-07 09:05:00,2025-10-07 09:49:06,completed,regular,
T2510000648,R002,0,2025-10-07,WKDY_AUT25,SCH000012,V0031,,2025-10-07 09:07:00,2025-10-07 10:17:42,2025-10-07 09:07:00,2025-10-07 10:19:05,completed,regular,
T2510000649,R005,1,2025-10-07,WKDY_AUT25,SCH000047,V0050,,2025-10-07 09:09:00,2025-10-07 09:58:00,2025-10-07 09:10:19,2025-10-07 10:17:18,completed,regular,
T2510000650,R001,0,2025-10-07,WKDY_AUT25,SCH000002,V0014,,2025-10-07 09:10:00,2025-10-07 10:30:48,2025-10-07 09:11:43,2025-10-07 10:45:46,completed,regular,
T2510000651,R001,1,2025-10-07,WKDY_AUT25,SCH000007,V0013,,2025-10-07 09:11:00,2025-10-07 10:31:48,,,cancelled,regular,driver_shortage
T2510000652,R007,0,2025-10-07,WKDY_AUT25,SCH000062,V0060,,2025-10-07 09:12:00,2025-10-07 09:37:06,2025-10-07 09:12:12,2025-10-07 09:37:26,completed,regular,
T2510000653,R003,0,2025-10-07,WKDY_AUT25,SCH000022,V0037,,2025-10-07 09:14:00,2025-10-07 10:05:00,2025-10-07 09:14:00,2025-10-07 10:14:23,completed,regular,
T2510000654,R008,1,2025-10-07,WKDY_AUT25,SCH000077,V0062,,2025-10-07 09:15:00,2025-10-07 09:31:12,2025-10-07 09:18:50,2025-10-07 09:33:38,completed,regular,
T2510000655,R006,1,2025-10-07,WKDY_AUT25,SCH000057,V0057,,2025-10-07 09:16:00,2025-10-07 10:04:00,,,cancelled,regular,driver_shortage
T2510000656,R002,1,2025-10-07,WKDY_AUT25,SCH000017,V0030,,2025-10-07 09:18:00,2025-10-07 10:28:42,,,cancelled,regular,driver_shortage
T2510000657,R008,0,2025-10-07,WKDY_AUT25,SCH000072,V0063,,2025-10-07 09:19:00,2025-10-07 09:35:12,2025-10-07 09:22:52,2025-10-07 09:39:06,completed,regular,
T2510000658,R001,0,2025-10-07,WKDY_AUT25,SCH000002,V0013,,2025-10-07 09:20:00,2025-10-07 10:40:48,2025-10-07 09:20:00,2025-10-07 10:47:54,completed,regular,
T2510000659,R001,1,2025-10-07,WKDY_AUT25,SCH000007,V0012,,2025-10-07 09:21:00,2025-10-07 10:41:48,2025-10-07 09:26:30,2025-10-07 11:13:27,completed,regular,
T2510000660,R004,0,2025-10-07,WKDY_AUT25,SCH000032,V0046,,2025-10-07 09:21:00,2025-10-07 09:51:36,2025-10-07 09:23:30,2025-10-07 09:54:33,completed,regular,
T2510000661,R007,1,2025-10-07,WKDY_AUT25,SCH000067,V0061,,2025-10-07 09:23:00,2025-10-07 09:48:06,2025-10-07 09:23:33,2025-10-07 09:50:09,completed,regular,
T2510000662,R003,1,2025-10-07,WKDY_AUT25,SCH000027,V0036,,2025-10-07 09:25:00,2025-10-07 10:16:00,2025-10-07 09:25:45,2025-10-07 10:24:01,completed,regular,
T2510000663,R002,0,2025-10-07,WKDY_AUT25,SCH000012,V0030,,2025-10-07 09:27:00,2025-10-07 10:37:42,2025-10-07 09:27:00,2025-10-07 10:38:26,completed,regular,
T2510000664,R005,0,2025-10-07,WKDY_AUT25,SCH000042,V0051,,2025-10-07 09:28:00,2025-10-07 10:17:00,2025-10-07 09:31:55,2025-10-07 10:40:08,completed,regular,
T2510000665,R001,0,2025-10-07,WKDY_AUT25,SCH000002,V0018,,2025-10-07 09:30:00,2025-10-07 10:50:48,2025-10-07 09:30:38,2025-10-07 11:03:41,completed,regular,
T2510000666,R001,1,2025-10-07,WKDY_AUT25,SCH000007,V0016,,2025-10-07 09:31:00,2025-10-07 10:51:48,2025-10-07 09:31:33,2025-10-07 10:49:51,completed,regular,
T2510000667,R004,1,2025-10-07,WKDY_AUT25,SCH000037,V0047,,2025-10-07 09:32:00,2025-10-07 10:02:36,2025-10-07 09:32:33,2025-10-07 09:59:41,completed,regular,
T2510000668,R003,0,2025-10-07,WKDY_AUT25,SCH000022,V0038,,2025-10-07 09:34:00,2025-10-07 10:25:00,2025-10-07 09:34:37,2025-10-07 10:27:42,completed,regular,
T2510000669,R006,0,2025-10-07,WKDY_AUT25,SCH000052,V0057,,2025-10-07 09:35:00,2025-10-07 10:23:00,2025-10-07 09:35:12,2025-10-07 10:24:04,completed,regular,
T2510000670,R002,1,2025-10-07,WKDY_AUT25,SCH000017,V0032,,2025-10-07 09:38:00,2025-10-07 10:48:42,2025-10-07 09:39:05,2025-10-07 11:03:44,completed,regular,
T2510000671,R005,1,2025-10-07,WKDY_AUT25,SCH000047,V0052,,2025-10-07 09:39:00,2025-10-07 10:28:00,2025-10-07 09:40:55,2025-10-07 10:41:15,completed,regular,
T2510000672,R001,0,2025-10-07,WKDY_AUT25,SCH000002,V0019,,2025-10-07 09:40:00,2025-10-07 11:00:48,2025-10-07 09:41:35,2025-10-07 11:17:37,completed,regular,
T2510000673,R001,1,2025-10-07,WKDY_AUT25,SCH000007,V0022,,2025-10-07 09:41:00,2025-10-07 11:01:48,,,cancelled,regular,driver_shortage
T2510000674,R003,1,2025-10-07,WKDY_AUT25,SCH000027,V0039,,2025-10-07 09:45:00,2025-10-07 10:36:00,2025-10-07 09:45:00,2025-10-07 10:42:25,completed,regular,
T2510000675,R006,1,2025-10-07,WKDY_AUT25,SCH000057,V0058,,2025-10-07 09:46:00,2025-10-07 10:34:00,2025-10-07 09:46:11,2025-10-07 10:40:20,completed,regular,
T2510000677,R001,0,2025-10-07,WKDY_AUT25,SCH000002,V0022,,2025-10-07 09:50:00,2025-10-07 11:10:48,2025-10-07 09:50:00,2025-10-07 11:22:26,completed,regular,
T2510000678,R001,1,2025-10-07,WKDY_AUT25,SCH000007,V0017,,2025-10-07 09:51:00,2025-10-07 11:11:48,2025-10-07 09:51:00,2025-10-07 11:32:52,completed,regular,
T2510000679,R004,0,2025-10-07,WKDY_AUT25,SCH000032,V0048,,2025-10-07 09:51:00,2025-10-07 10:21:36,2025-10-07 09:52:21,2025-10-07 10:25:49,completed,regular,
T2510000680,R003,0,2025-10-07,WKDY_AUT25,SCH000022,V0040,,2025-10-07 09:54:00,2025-10-07 10:45:00,2025-10-07 09:54:58,2025-10-07 10:56:43,completed,regular,
T2510000681,R007,0,2025-10-07,WKDY_AUT25,SCH000062,V0059,,2025-10-07 09:57:00,2025-10-07 10:22:06,2025-10-07 09:57:04,2025-10-07 10:21:06,completed,regular,
T2510000682,R002,1,2025-10-07,WKDY_AUT25,SCH000017,V0034,,2025-10-07 09:58:00,2025-10-07 11:08:42,2025-10-07 09:59:00,2025-10-07 11:08:49,completed,regular,
T2510000683,R005,0,2025-10-07,WKDY_AUT25,SCH000042,V0053,,2025-10-07 09:58:00,2025-10-07 10:47:00,2025-10-07 09:58:00,2025-10-07 10:55:37,completed,regular,
T2510000684,R001,0,2025-10-07,WKDY_AUT25,SCH000003,V0020,,2025-10-07 10:00:00,2025-10-07 11:10:18,2025-10-07 10:00:34,2025-10-07 11:13:42,completed,regular,
T2510000685,R008,1,2025-10-07,WKDY_AUT25,SCH000078,V0064,,2025-10-07 10:00:00,2025-10-07 10:14:30,2025-10-07 10:03:49,2025-10-07 10:15:43,completed,regular,
T2510000685,R008,1,2025-10-07,WKDY_AUT25,SCH000078,V0064,,2025-10-07 10:00:00,2025-10-07 10:14:30,2025-10-07 10:03:49,2025-10-07 10:15:43,completed,regular,
T2510000686,R002,0,2025-10-07,WKDY_AUT25,SCH000013,V0035,,2025-10-07 10:07:00,2025-10-07 11:05:12,2025-10-07 10:07:50,2025-10-07 11:02:04,completed,regular,
T2510000687,R001,1,2025-10-07,WKDY_AUT25,SCH000008,V0023,,2025-10-07 10:11:00,2025-10-07 11:21:18,2025-10-07 10:11:20,2025-10-07 11:28:03,completed,regular,
T2510000688,R003,0,2025-10-07,WKDY_AUT25,SCH000023,V0041,,2025-10-07 10:14:00,2025-10-07 10:56:00,2025-10-07 10:14:22,2025-10-07 10:59:35,completed,regular,
T2510000689,R001,0,2025-10-07,WKDY_AUT25,SCH000003,V0021,,2025-10-07 10:15:00,2025-10-07 11:25:18,2025-10-07 10:15:00,2025-10-07 11:24:03,completed,regular,
T2510000690,R002,1,2025-10-07,WKDY_AUT25,SCH000018,V0025,,2025-10-07 10:18:00,2025-10-07 11:16:12,2025-10-07 10:18:14,2025-10-07 11:21:24,completed,regular,
T2510000691,R004,0,2025-10-07,WKDY_AUT25,SCH000033,V0045,,2025-10-07 10:21:00,2025-10-07 10:47:06,2025-10-07 10:21:41,2025-10-07 10:43:06,completed,regular,
T2510000691,R004,0,2025-10-07,WKDY_AUT25,SCH000033,V0045,,2025-10-07 10:21:00,2025-10-07 10:47:06,2025-10-07 10:21:41,2025-10-07 10:43:06,completed,regular,
T2510000692,R003,1,2025-10-07,WKDY_AUT25,SCH000028,V0043,,2025-10-07 10:25:00,2025-10-07 11:07:00,2025-10-07 10:26:50,2025-10-07 11:19:05,completed,regular,
T2510000693,R001,1,2025-10-07,WKDY_AUT25,SCH000008,V0024,,2025-10-07 10:26:00,2025-10-07 11:36:18,2025-10-07 10:26:00,2025-10-07 11:39:12,completed,regular,
T2510000694,R005,0,2025-10-07,WKDY_AUT25,SCH000043,V0049,,2025-10-07 10:28:00,2025-10-07 11:09:48,2025-10-07 10:28:00,2025-10-07 11:13:37,completed,regular,
T2510000695,R001,0,2025-10-07,WKDY_AUT25,SCH000003,V0002,,2025-10-07 10:30:00,2025-10-07 11:40:18,2025-10-07 10:30:33,2025-10-07 11:50:20,completed,regular,
T2510000696,R004,1,2025-10-07,WKDY_AUT25,SCH000038,V0046,,2025-10-07 10:32:00,2025-10-07 10:58:06,2025-10-07 10:32:46,2025-10-07 10:56:23,completed,regular,
T2510000697,R006,0,2025-10-07,WKDY_AUT25,SCH000053,V0054,,2025-10-07 10:35:00,2025-10-07 11:16:00,2025-10-07 10:35:00,2025-10-07 11:12:23,completed,regular,
T2510000698,R002,0,2025-10-07,WKDY_AUT25,SCH000013,V0026,,2025-10-07 10:37:00,2025-10-07 11:35:12,2025-10-07 10:41:35,2025-10-07 11:44:08,completed,regular,
T2510000699,R005,1,2025-10-07,WKDY_AUT25,SCH000048,V0050,,2025-10-07 10:39:00,2025-10-07 11:20:48,2025-10-07 10:39:00,2025-10-07 11:26:32,completed,regular,
T2510000700,R001,1,2025-10-07,WKDY_AUT25,SCH000008,V0001,,2025-10-07 10:41:00,2025-10-07 11:51:18,2025-10-07 10:41:23,2025-10-07 11:53:29,completed,regular,
T2510000701,R007,0,2025-10-07,WKDY_AUT25,SCH000063,V0060,,2025-10-07 10:42:00,2025-10-07 11:04:30,,,cancelled,regular,driver_shortage
T2510000702,R003,0,2025-10-07,WKDY_AUT25,SCH000023,V0042,,2025-10-07 10:44:00,2025-10-07 11:26:00,,,cancelled,regular,driver_shortage
T2510000703,R001,0,2025-10-07,WKDY_AUT25,SCH000003,V0005,,2025-10-07 10:45:00,2025-10-07 11:55:18,2025-10-07 10:45:55,2025-10-07 11:58:41,completed,regular,
T2510000704,R006,1,2025-10-07,WKDY_AUT25,SCH000058,V0055,,2025-10-07 10:46:00,2025-10-07 11:27:00,2025-10-07 10:46:00,2025-10-07 11:24:20,completed,regular,
T2510000705,R002,1,2025-10-07,WKDY_AUT25,SCH000018,V0027,,2025-10-07 10:48:00,2025-10-07 11:46:12,2025-10-07 10:48:51,2025-10-07 11:53:00,completed,regular,
T2510000706,R008,0,2025-10-07,WKDY_AUT25,SCH000073,V0062,,2025-10-07 10:49:00,2025-10-07 11:03:30,2025-10-07 10:54:29,2025-10-07 11:08:04,completed,regular,
T2510000707,R007,1,2025-10-07,WKDY_AUT25,SCH000068,V0060,,2025-10-07 10:53:00,2025-10-07 11:15:30,2025-10-07 10:57:04,2025-10-07 11:19:09,completed,regular,
T2510000707,R007,1,2025-10-07,WKDY_AUT25,SCH000068,V0060,,2025-10-07 10:53:00,2025-10-07 11:15:30,2025-10-07 10:57:04,2025-10-07 11:19:09,completed,regular,
T2510000708,R003,1,2025-10-07,WKDY_AUT25,SCH000028,V0042,,2025-10-07 10:55:00,2025-10-07 11:37:00,2025-10-07 10:55:00,2025-10-07 11:42:15,completed,regular,
T2510000709,R001,1,2025-10-07,WKDY_AUT25,SCH000008,V0007,,2025-10-07 10:56:00,2025-10-07 12:06:18,2025-10-07 10:56:00,2025-10-07 12:08:40,completed,regular,
T2510000710,R001,0,2025-10-07,WKDY_AUT25,SCH000003,V0008,,2025-10-07 11:00:00,2025-10-07 12:10:18,2025-10-07 11:04:18,2025-10-07 12:19:41,completed,regular,
T2510000711,R002,0,2025-10-07,WKDY_AUT25,SCH000013,V0028,,2025-10-07 11:07:00,2025-10-07 12:05:12,2025-10-07 11:08:04,2025-10-07 12:05:08,completed,regular,
T2510000712,R001,1,2025-10-07,WKDY_AUT25,SCH000008,V0004,,2025-10-07 11:11:00,2025-10-07 12:21:18,2025-10-07 11:11:24,2025-10-07 12:31:28,completed,regular,
T2510000713,R003,0,2025-10-07,WKDY_AUT25,SCH000023,V0044,,2025-10-07 11:14:00,2025-10-07 11:56:00,2025-10-07 11:14:50,2025-10-07 12:08:38,completed,regular,
T2510000714,R001,0,2025-10-07,WKDY_AUT25,SCH000003,V0006,,2025-10-07 11:15:00,2025-10-07 12:25:18,2025-10-07 11:15:54,2025-10-07 12:31:42,completed,regular,
T2510000715,R002,1,2025-10-07,WKDY_AUT25,SCH000018,V0029,,2025-10-07 11:18:00,2025-10-07 12:16:12,2025-10-07 11:18:00,2025-10-07 12:18:21,completed,regular,
T2510000716,R004,0,2025-10-07,WKDY_AUT25,SCH000033,V0047,,2025-10-07 11:21:00,2025-10-07 11:47:06,2025-10-07 11:26:58,2025-10-07 11:55:42,completed,regular,
T2510000717,R003,1,2025-10-07,WKDY_AUT25,SCH000028,V0037,,2025-10-07 11:25:00,2025-10-07 12:07:00,2025-10-07 11:25:00,2025-10-07 12:15:17,completed,regular,
T2510000718,R001,1,2025-10-07,WKDY_AUT25,SCH000008,V0003,,2025-10-07 11:26:00,2025-10-07 12:36:18,2025-10-07 11:26:00,2025-10-07 12:33:08,completed,regular,
T2510000719,R005,0,2025-10-07,WKDY_AUT25,SCH000043,V0051,,2025-10-07 11:28:00,2025-10-07 12:09:48,2025-10-07 11:32:53,2025-10-07 12:24:29,completed,regular,
T2510000720,R001,0,2025-10-07,WKDY_AUT25,SCH000003,V0011,,2025-10-07 11:30:00,2025-10-07 12:40:18,2025-10-07 11:30:48,2025-10-07 12:40:53,completed,regular,
T2510000721,R008,1,2025-10-07,WKDY_AUT25,SCH000078,V0063,,2025-10-07 11:30:00,2025-10-07 11:44:30,2025-10-07 11:34:00,2025-10-07 11:52:00,completed,regular,
T2510000722,R004,1,2025-10-07,WKDY_AUT25,SCH000038,V0048,,2025-10-07 11:32:00,2025-10-07 11:58:06,2025-10-07 11:32:00,2025-10-07 11:58:03,completed,regular,
T2510000723,R006,0,2025-10-07,WKDY_AUT25,SCH000053,V0056,,2025-10-07 11:35:00,2025-10-07 12:16:00,2025-10-07 11:40:53,2025-10-07 12:23:17,completed,regular,
T2510000724,R002,0,2025-10-07,WKDY_AUT25,SCH000013,V0031,,2025-10-07 11:37:00,2025-10-07 12:35:12,2025-10-07 11:37:00,2025-10-07 12:38:24,completed,regular,
T2510000725,R005,1,2025-10-07,WKDY_AUT25,SCH000048,V0052,,2025-10-07 11:39:00,2025-10-07 12:20:48,2025-10-07 11:39:16,2025-10-07 12:26:20,completed,regular,
T2510000726,R001,1,2025-10-07,WKDY_AUT25,SCH000008,V0010,,2025-10-07 11:41:00,2025-10-07 12:51:18,2025-10-07 11:42:08,2025-10-07 12:55:22,completed,regular,
T2510000727,R003,0,2025-10-07,WKDY_AUT25,SCH000023,V0036,,2025-10-07 11:44:00,2025-10-07 12:26:00,2025-10-07 11:45:30,2025-10-07 12:34:32,completed,regular,
T2510000728,R001,0,2025-10-07,WKDY_AUT25,SCH000003,V0015,,2025-10-07 11:45:00,2025-10-07 12:55:18,2025-10-07 11:46:05,2025-10-07 12:57:17,completed,regular,
T2510000729,R006,1,2025-10-07,WKDY_AUT25,SCH000058,V0057,,2025-10-07 11:46:00,2025-10-07 12:27:00,2025-10-07 11:46:00,2025-10-07 12:22:03,completed,regular,
T2510000730,R002,1,2025-10-07,WKDY_AUT25,SCH000018,V0030,,2025-10-07 11:48:00,2025-10-07 12:46:12,2025-10-07 11:48:00,2025-10-07 12:52:35,completed,regular,
T2510000731,R003,1,2025-10-07,WKDY_AUT25,SCH000028,V0038,,2025-10-07 11:55:00,2025-10-07 12:37:00,2025-10-07 11:55:00,2025-10-07 12:41:39,completed,regular,
T2510000732,R001,1,2025-10-07,WKDY_AUT25,SCH000008,V0009,,2025-10-07 11:56:00,2025-10-07 13:06:18,2025-10-07 11:57:21,2025-10-07 13:17:33,completed,regular,
T2510000733,R001,0,2025-10-07,WKDY_AUT25,SCH000003,V0014,,2025-10-07 12:00:00,2025-10-07 13:10:18,2025-10-07 12:04:57,2025-10-07 13:22:37,completed,regular,
T2510000734,R002,0,2025-10-07,WKDY_AUT25,SCH000013,V0035,,2025-10-07 12:07:00,2025-10-07 13:05:12,2025-10-07 12:08:33,2025-10-07 13:04:09,completed,regular,
T2510000735,R001,1,2025-10-07,WKDY_AUT25,SCH000008,V0013,,2025-10-07 12:11:00,2025-10-07 13:21:18,2025-10-07 12:11:21,2025-10-07 13:19:12,completed,regular,
T2510000736,R007,0,2025-10-07,WKDY_AUT25,SCH000063,V0061,,2025-10-07 12:12:00,2025-10-07 12:34:30,2025-10-07 12:12:55,2025-10-07 12:36:36,completed,regular,
T2510000737,R003,0,2025-10-07,WKDY_AUT25,SCH000023,V0039,,2025-10-07 12:14:00,2025-10-07 12:56:00,,,cancelled,regular,driver_shortage
T2510000738,R001,0,2025-10-07,WKDY_AUT25,SCH000003,V0016,,2025-10-07 12:15:00,2025-10-07 13:25:18,2025-10-07 12:19:10,2025-10-07 13:32:27,completed,regular,
T2510000739,R002,1,2025-10-07,WKDY_AUT25,SCH000018,V0032,,2025-10-07 12:18:00,2025-10-07 13:16:12,2025-10-07 12:20:47,2025-10-07 13:22:04,completed,regular,
T2510000740,R008,0,2025-10-07,WKDY_AUT25,SCH000073,V0064,,2025-10-07 12:19:00,2025-10-07 12:33:30,2025-10-07 12:19:00,2025-10-07 12:32:11,completed,regular,
T2510000741,R004,0,2025-10-07,WKDY_AUT25,SCH000033,V0045,,2025-10-07 12:21:00,2025-10-07 12:47:06,2025-10-07 12:21:21,2025-10-07 12:47:04,completed,regular,
T2510000742,R007,1,2025-10-07,WKDY_AUT25,SCH000068,V0059,,2025-10-07 12:23:00,2025-10-07 12:45:30,2025-10-07 12:26:35,2025-10-07 12:47:44,completed,regular,
T2510000743,R003,1,2025-10-07,WKDY_AUT25,SCH000028,V0039,,2025-10-07 12:25:00,2025-10-07 13:07:00,2025-10-07 12:28:46,2025-10-07 13:15:23,completed,regular,
T2510000744,R001,1,2025-10-07,WKDY_AUT25,SCH000008,V0018,,2025-10-07 12:26:00,2025-10-07 13:36:18,2025-10-07 12:26:00,2025-10-07 13:34:03,completed,regular,
T2510000745,R005,0,2025-10-07,WKDY_AUT25,SCH000043,V0053,,2025-10-07 12:28:00,2025-10-07 13:09:48,2025-10-07 12:29:16,2025-10-07 13:13:32,completed,regular,
T2510000746,R001,0,2025-10-07,WKDY_AUT25,SCH000003,V0012,,2025-10-07 12:30:00,2025-10-07 13:40:18,2025-10-07 12:30:45,2025-10-07 13:38:03,completed,regular,
T2510000747,R004,1,2025-10-07,WKDY_AUT25,SCH000038,V0046,,2025-10-07 12:32:00,2025-10-07 12:58:06,2025-10-07 12:33:20,2025-10-07 12:56:45,completed,regular,
T2510000749,R002,0,2025-10-07,WKDY_AUT25,SCH000013,V0033,,2025-10-07 12:37:00,2025-10-07 13:35:12,2025-10-07 12:37:00,2025-10-07 13:38:57,completed,regular,
T2510000750,R005,1,2025-10-07,WKDY_AUT25,SCH000048,V0049,,2025-10-07 12:39:00,2025-10-07 13:20:48,2025-10-07 12:39:17,2025-10-07 13:28:00,completed,regular,
T2510000751,R001,1,2025-10-07,WKDY_AUT25,SCH000008,V0020,,2025-10-07 12:41:00,2025-10-07 13:51:18,2025-10-07 12:42:13,2025-10-07 13:55:18,completed,regular,
T2510000752,R003,0,2025-10-07,WKDY_AUT25,SCH000023,V0040,,2025-10-07 12:44:00,2025-10-07 13:26:00,2025-10-07 12:44:48,2025-10-07 13:42:14,completed,regular,
T2510000753,R001,0,2025-10-07,WKDY_AUT25,SCH000003,V0019,,2025-10-07 12:45:00,2025-10-07 13:55:18,2025-10-07 12:45:00,2025-10-07 13:57:08,completed,regular,
T2510000754,R006,1,2025-10-07,WKDY_AUT25,SCH000058,V0054,,2025-10-07 12:46:00,2025-10-07 13:27:00,2025-10-07 12:51:20,2025-10-07 13:33:59,completed,regular,
T2510000755,R002,1,2025-10-07,WKDY_AUT25,SCH000018,V0034,,2025-10-07 12:48:00,2025-10-07 13:46:12,2025-10-07 12:49:37,2025-10-07 13:53:25,completed,regular,
T2510000756,R003,1,2025-10-07,WKDY_AUT25,SCH000028,V0041,,2025-10-07 12:55:00,2025-10-07 13:37:00,2025-10-07 12:55:39,2025-10-07 13:43:41,completed,regular,
T2510000757,R001,1,2025-10-07,WKDY_AUT25,SCH000008,V0022,,2025-10-07 12:56:00,2025-10-07 14:06:18,2025-10-07 12:56:20,2025-10-07 14:05:42,completed,regular,
T2510000758,R001,0,2025-10-07,WKDY_AUT25,SCH000003,V0021,,2025-10-07 13:00:00,2025-10-07 14:10:18,2025-10-07 13:00:00,2025-10-07 14:21:13,completed,regular,
T2510000759,R008,1,2025-10-07,WKDY_AUT25,SCH000078,V0062,,2025-10-07 13:00:00,2025-10-07 13:14:30,2025-10-07 13:00:24,2025-10-07 13:15:34,completed,regular,
T2510000760,R002,0,2025-10-07,WKDY_AUT25,SCH000013,V0025,,2025-10-07 13:07:00,2025-10-07 14:05:12,,,cancelled,regular,driver_shortage
T2510000761,R001,1,2025-10-07,WKDY_AUT25,SCH000008,V0023,,2025-10-07 13:11:00,2025-10-07 14:21:18,2025-10-07 13:16:19,2025-10-07 14:31:00,completed,regular,
T2510000762,R003,0,2025-10-07,WKDY_AUT25,SCH000023,V0043,,2025-10-07 13:14:00,2025-10-07 13:56:00,2025-10-07 13:15:09,2025-10-07 14:04:38,completed,regular,
T2510000763,R001,0,2025-10-07,WKDY_AUT25,SCH000003,V0017,,2025-10-07 13:15:00,2025-10-07 14:25:18,2025-10-07 13:20:26,2025-10-07 14:35:53,completed,regular,
T2510000764,R002,1,2025-10-07,WKDY_AUT25,SCH000018,V0025,,2025-10-07 13:18:00,2025-10-07 14:16:12,2025-10-07 13:22:04,2025-10-07 14:28:28,completed,regular,
T2510000765,R004,0,2025-10-07,WKDY_AUT25,SCH000033,V0047,,2025-10-07 13:21:00,2025-10-07 13:47:06,2025-10-07 13:22:28,2025-10-07 13:47:49,completed,regular,
T2510000766,,1,2025-10-07,WKDY_AUT25,SCH000028,V0042,,2025-10-07 13:25:00,2025-10-07 14:07:00,2025-10-07 13:29:12,2025-10-07 14:20:19,completed,regular,
T2510000767,,1,2025-10-07,WKDY_AUT25,SCH000008,V0024,,2025-10-07 13:26:00,2025-10-07 14:36:18,2025-10-07 13:26:51,2025-10-07 14:36:59,completed,regular,
T2510000768,R005,0,2025-10-07,WKDY_AUT25,SCH000043,V0050,,2025-10-07 13:28:00,2025-10-07 14:09:48,2025-10-07 13:28:31,2025-10-07 14:21:01,completed,regular,
T2510000769,R001,0,2025-10-07,WKDY_AUT25,SCH000003,V0002,,2025-10-07 13:30:00,2025-10-07 14:40:18,2025-10-07 13:31:27,2025-10-07 14:45:20,completed,regular,
T2510000770,R004,1,2025-10-07,WKDY_AUT25,SCH000038,V0048,,2025-10-07 13:32:00,2025-10-07 13:58:06,2025-10-07 13:35:46,2025-10-07 13:59:39,completed,regular,
T2510000771,R006,0,2025-10-07,WKDY_AUT25,SCH000053,V0055,,2025-10-07 13:35:00,2025-10-07 14:16:00,2025-10-07 13:35:00,2025-10-07 14:15:30,completed,regular,
T2510000772,R002,0,2025-10-07,WKDY_AUT25,SCH000013,V0026,,2025-10-07 13:37:00,2025-10-07 14:35:12,2025-10-07 13:39:14,2025-10-07 14:48:55,completed,regular,
T2510000773,R005,1,2025-10-07,WKDY_AUT25,SCH000048,V0051,,2025-10-07 13:39:00,2025-10-07 14:20:48,2025-10-07 13:39:04,2025-10-07 14:23:32,completed,regular,
T2510000774,R001,1,2025-10-07,WKDY_AUT25,SCH000008,V0001,,2025-10-07 13:41:00,2025-10-07 14:51:18,2025-10-07 13:41:05,2025-10-07 15:03:38,completed,regular,
T2510000775,R007,0,2025-10-07,WKDY_AUT25,SCH000063,V0066,V0060,2025-10-07 13:42:00,2025-10-07 14:04:30,2025-10-07 13:42:25,2025-10-07 14:23:04,completed,regular,
T2510000776,R003,0,2025-10-07,WKDY_AUT25,SCH000023,V0044,,2025-10-07 13:44:00,2025-10-07 14:26:00,2025-10-07 13:44:44,2025-10-07 14:30:55,completed,regular,
T2510000777,R001,0,2025-10-07,WKDY_AUT25,SCH000003,V0005,,2025-10-07 13:45:00,2025-10-07 14:55:18,2025-10-07 13:49:04,2025-10-07 14:54:34,completed,regular,
T2510000778,R006,1,2025-10-07,WKDY_AUT25,SCH000058,,,2025-10-07 13:46:00,2025-10-07 14:27:00,2025-10-07 13:46:00,2025-10-07 14:19:37,completed,regular,
T2510000779,R002,1,2025-10-07,WKDY_AUT25,SCH000018,V0027,,2025-10-07 13:48:00,2025-10-07 14:46:12,2025-10-07 13:49:52,2025-10-07 14:54:43,completed,regular,
T2510000780,R008,0,2025-10-07,WKDY_AUT25,SCH000073,V0063,,2025-10-07 13:49:00,2025-10-07 14:03:30,2025-10-07 13:53:11,2025-10-07 14:07:36,completed,regular,
T2510000781,R007,1,2025-10-07,WKDY_AUT25,SCH000068,V0061,,2025-10-07 13:53:00,2025-10-07 14:15:30,2025-10-07 13:53:00,2025-10-07 14:14:23,completed,regular,
T2510000782,R003,1,2025-10-07,WKDY_AUT25,SCH000028,V0037,,2025-10-07 13:55:00,2025-10-07 14:37:00,2025-10-07 13:55:03,2025-10-07 14:44:16,completed,regular,
T2510000783,R001,1,2025-10-07,WKDY_AUT25,SCH000008,V0007,,2025-10-07 13:56:00,2025-10-07 15:06:18,2025-10-07 13:56:33,2025-10-07 15:17:23,completed,regular,
T2510000784,R001,0,2025-10-07,WKDY_AUT25,SCH000003,V0008,,2025-10-07 14:00:00,2025-10-07 15:10:18,2025-10-07 14:00:31,2025-10-07 15:13:39,completed,regular,
T2510000785,R002,0,2025-10-07,WKDY_AUT25,SCH000013,V0028,,2025-10-07 14:07:00,2025-10-07 15:05:12,2025-10-07 14:07:00,2025-10-07 15:09:42,completed,regular,
T2510000786,R001,1,2025-10-07,WKDY_AUT25,SCH000008,V0004,,2025-10-07 14:11:00,2025-10-07 15:21:18,2025-10-07 14:13:41,2025-10-07 15:25:32,completed,regular,
T2510000787,R003,0,2025-10-07,WKDY_AUT25,SCH000023,V0036,,2025-10-07 14:14:00,2025-10-07 14:56:00,2025-10-07 14:14:00,2025-10-07 14:57:57,completed,regular,
T2510000788,R001,0,2025-10-07,WKDY_AUT25,SCH000003,V0006,,2025-10-07 14:15:00,2025-10-07 15:25:18,2025-10-07 14:15:00,2025-10-07 15:29:20,completed,regular,
T2510000789,R002,1,2025-10-07,WKDY_AUT25,SCH000018,V0029,,2025-10-07 14:18:00,2025-10-07 15:16:12,2025-10-07 14:18:00,2025-10-07 15:19:12,completed,regular,
T2510000790,R004,0,2025-10-07,WKDY_AUT25,SCH000033,V0045,,2025-10-07 14:21:00,2025-10-07 14:47:06,2025-10-07 14:24:55,2025-10-07 14:46:30,completed,regular,
T2510000791,R003,1,2025-10-07,WKDY_AUT25,SCH000028,V0038,,2025-10-07 14:25:00,2025-10-07 15:07:00,2025-10-07 14:30:03,2025-10-07 15:24:35,completed,regular,
T2510000792,R001,1,2025-10-07,WKDY_AUT25,SCH000008,V0003,,2025-10-07 14:26:00,2025-10-07 15:36:18,2025-10-07 14:26:00,2025-10-07 15:39:35,completed,regular,
T2510000793,R005,0,2025-10-07,WKDY_AUT25,SCH000043,V0052,,2025-10-07 14:28:00,2025-10-07 15:09:48,2025-10-07 14:28:56,2025-10-07 15:16:33,completed,regular,
T2510000794,R001,0,2025-10-07,WKDY_AUT25,SCH000003,V0011,,2025-10-07 14:30:00,2025-10-07 15:40:18,2025-10-07 14:30:20,2025-10-07 15:44:57,completed,regular,
T2510000795,R008,1,2025-10-07,WKDY_AUT25,SCH000078,V0064,,2025-10-07 14:30:00,2025-10-07 14:44:30,2025-10-07 14:31:03,2025-10-07 14:45:15,completed,regular,
T2510000796,R004,1,2025-10-07,WKDY_AUT25,SCH000038,V0046,,2025-10-07 14:32:00,2025-10-07 14:58:06,2025-10-07 14:32:26,2025-10-07 14:57:44,completed,regular,
T2510000797,R006,0,2025-10-07,WKDY_AUT25,SCH000053,V0056,,2025-10-07 14:35:00,2025-10-07 15:16:00,2025-10-07 14:35:07,2025-10-07 15:12:04,completed,regular,
T2510000798,R002,0,2025-10-07,WKDY_AUT25,SCH000013,V0031,,2025-10-07 14:37:00,2025-10-07 15:35:12,2025-10-07 14:38:15,2025-10-07 15:42:45,completed,regular,
T2510000799,R005,1,2025-10-07,WKDY_AUT25,SCH000048,V0053,,2025-10-07 14:39:00,2025-10-07 15:20:48,2025-10-07 14:39:31,2025-10-07 15:27:19,completed,regular,
T2510000800,R001,1,2025-10-07,WKDY_AUT25,SCH000008,V0010,,2025-10-07 14:41:00,2025-10-07 15:51:18,2025-10-07 14:42:41,2025-10-07 15:56:56,completed,regular,
T2510000801,R003,0,2025-10-07,WKDY_AUT25,SCH000023,V0039,,2025-10-07 14:44:00,2025-10-07 15:26:00,2025-10-07 14:44:00,2025-10-07 15:33:39,completed,regular,
T2510000802,R001,0,2025-10-07,WKDY_AUT25,SCH000003,V0015,,2025-10-07 14:45:00,2025-10-07 15:55:18,2025-10-07 14:46:11,2025-10-07 15:59:11,completed,regular,
T2510000803,,1,2025-10-07,WKDY_AUT25,SCH000058,V0058,,2025-10-07 14:46:00,2025-10-07 15:27:00,2025-10-07 14:47:08,2025-10-07 15:25:53,completed,regular,
T2510000804,R002,1,2025-10-07,WKDY_AUT25,SCH000018,V0030,,2025-10-07 14:48:00,2025-10-07 15:46:12,2025-10-07 14:48:57,2025-10-07 15:53:43,completed,regular,
T2510000805,R003,1,2025-10-07,WKDY_AUT25,SCH000028,V0040,,2025-10-07 14:55:00,2025-10-07 15:37:00,2025-10-07 14:55:20,2025-10-07 15:40:22,completed,regular,
T2510000806,R001,1,2025-10-07,WKDY_AUT25,SCH000008,V0009,,2025-10-07 14:56:00,2025-10-07 16:06:18,2025-10-07 14:57:29,2025-10-07 16:11:42,completed,regular,
T2510000807,R001,0,2025-10-07,WKDY_AUT25,SCH000003,V0013,,2025-10-07 15:00:00,2025-10-07 16:10:18,2025-10-07 15:00:42,2025-10-07 16:10:12,completed,regular,
T2510000808,R002,0,2025-10-07,WKDY_AUT25,SCH000013,V0035,,2025-10-07 15:07:00,2025-10-07 16:05:12,2025-10-07 15:07:50,2025-10-07 16:06:48,completed,regular,
T2510000809,R001,1,2025-10-07,WKDY_AUT25,SCH000008,V0014,,2025-10-07 15:11:00,2025-10-07 16:21:18,2025-10-07 15:11:00,2025-10-07 16:20:01,completed,regular,
T2510000810,R007,0,2025-10-07,WKDY_AUT25,SCH000063,V0059,,2025-10-07 15:12:00,2025-10-07 15:34:30,,,cancelled,regular,driver_shortage
T2510000810,R007,0,2025-10-07,WKDY_AUT25,SCH000063,V0059,,2025-10-07 15:12:00,2025-10-07 15:34:30,,,cancelled,regular,driver_shortage
T2510000811,R003,0,2025-10-07,WKDY_AUT25,SCH000023,V0041,,2025-10-07 15:14:00,2025-10-07 15:56:00,2025-10-07 15:14:00,2025-10-07 16:03:06,completed,regular,
T2510000812,R001,0,2025-10-07,WKDY_AUT25,SCH000003,V0016,,2025-10-07 15:15:00,2025-10-07 16:25:18,2025-10-07 15:15:07,2025-10-07 16:22:45,completed,regular,
T2510000813,R002,1,2025-10-07,WKDY_AUT25,SCH000018,V0032,,2025-10-07 15:18:00,2025-10-07 16:16:12,2025-10-07 15:19:07,2025-10-07 16:20:08,completed,regular,
T2510000814,R008,0,2025-10-07,WKDY_AUT25,SCH000073,V0062,,2025-10-07 15:19:00,2025-10-07 15:33:30,2025-10-07 15:19:18,2025-10-07 15:34:13,completed,regular,
T2510000815,R004,0,2025-10-07,WKDY_AUT25,SCH000033,V0047,,2025-10-07 15:21:00,2025-10-07 15:47:06,2025-10-07 15:21:00,2025-10-07 15:52:13,completed,regular,
T2510000816,R007,1,2025-10-07,WKDY_AUT25,SCH000068,V0059,,2025-10-07 15:23:00,2025-10-07 15:45:30,2025-10-07 15:23:04,2025-10-07 15:44:36,completed,regular,
T2510000817,R003,1,2025-10-07,WKDY_AUT25,SCH000028,V0043,,2025-10-07 15:25:00,2025-10-07 16:07:00,2025-10-07 15:25:12,2025-10-07 16:08:08,completed,regular,
T2510000818,R001,1,2025-10-07,WKDY_AUT25,SCH000008,V0018,,2025-10-07 15:26:00,2025-10-07 16:36:18,2025-10-07 15:26:00,2025-10-07 16:43:46,completed,regular,
T2510000819,R005,0,2025-10-07,WKDY_AUT25,SCH000043,V0049,,2025-10-07 15:28:00,2025-10-07 16:09:48,2025-10-07 15:28:01,2025-10-07 16:10:22,completed,regular,
T2510000820,R001,0,2025-10-07,WKDY_AUT25,SCH000003,V0012,,2025-10-07 15:30:00,2025-10-07 16:40:18,2025-10-07 15:30:00,2025-10-07 16:44:49,completed,regular,
T2510000821,R004,1,2025-10-07,WKDY_AUT25,SCH000038,V0048,,2025-10-07 15:32:00,2025-10-07 15:58:06,2025-10-07 15:34:05,2025-10-07 15:58:03,completed,regular,
T2510000822,R006,0,2025-10-07,WKDY_AUT25,SCH000053,V0054,,2025-10-07 15:35:00,2025-10-07 16:16:00,2025-10-07 15:39:39,2025-10-07 16:24:28,completed,regular,
T2510000823,R002,0,2025-10-07,WKDY_AUT25,SCH000013,V0033,,2025-10-07 15:37:00,2025-10-07 16:35:12,2025-10-07 15:37:34,2025-10-07 16:39:15,completed,regular,
T2510000824,R005,1,2025-10-07,WKDY_AUT25,SCH000048,V0050,,2025-10-07 15:39:00,2025-10-07 16:20:48,2025-10-07 15:39:35,2025-10-07 16:28:23,completed,regular,
T2510000825,R001,1,2025-10-07,WKDY_AUT25,SCH000008,V0020,,2025-10-07 15:41:00,2025-10-07 16:51:18,2025-10-07 15:41:00,2025-10-07 16:48:57,completed,regular,
T2510000826,R003,0,2025-10-07,WKDY_AUT25,SCH000023,V0042,,2025-10-07 15:44:00,2025-10-07 16:26:00,2025-10-07 15:44:00,2025-10-07 16:34:25,completed,regular,
T2510000827,R001,0,2025-10-07,WKDY_AUT25,SCH000003,V0019,,2025-10-07 15:45:00,2025-10-07 16:55:18,2025-10-07 15:45:00,2025-10-07 17:01:53,completed,regular,
T2510000828,R006,1,2025-10-07,WKDY_AUT25,SCH000058,V0055,,2025-10-07 15:46:00,2025-10-07 16:27:00,2025-10-07 15:50:15,2025-10-07 16:30:45,completed,regular,
T2510000829,R002,1,2025-10-07,WKDY_AUT25,SCH000018,V0034,,2025-10-07 15:48:00,2025-10-07 16:46:12,2025-10-07 15:48:01,2025-10-07 16:49:34,completed,regular,
T2510000829,R002,1,2025-10-07,WKDY_AUT25,SCH000018,V0034,,2025-10-07 15:48:00,2025-10-07 16:46:12,2025-10-07 15:48:01,2025-10-07 16:49:34,completed,regular,
T2510000830,R003,1,2025-10-07,WKDY_AUT25,SCH000028,V0044,,2025-10-07 15:55:00,2025-10-07 16:37:00,2025-10-07 15:55:41,2025-10-07 16:40:55,completed,regular,
T2510000831,R001,1,2025-10-07,WKDY_AUT25,SCH000008,V0022,,2025-10-07 15:56:00,2025-10-07 17:06:18,2025-10-07 15:57:24,2025-10-07 17:12:50,completed,regular,
T2510000832,R001,0,2025-10-07,WKDY_AUT25,SCH000004,V0021,,2025-10-07 16:00:00,2025-10-07 17:25:00,2025-10-07 16:01:14,2025-10-07 17:42:06,completed,regular,
T2510000833,R008,1,2025-10-07,WKDY_AUT25,SCH000079,V0063,,2025-10-07 16:00:00,2025-10-07 16:16:42,2025-10-07 16:02:16,2025-10-07 16:25:08,completed,regular,
T2510000834,R001,1,2025-10-07,WKDY_AUT25,SCH000009,V0023,,2025-10-07 16:01:00,2025-10-07 17:26:00,2025-10-07 16:04:09,2025-10-07 17:32:11,completed,regular,
T2510000835,R004,1,2025-10-07,WKDY_AUT25,SCH000039,V0045,,2025-10-07 16:02:00,2025-10-07 16:33:42,2025-10-07 16:02:00,2025-10-07 16:32:23,completed,regular,
T2510000836,R008,0,2025-10-07,WKDY_AUT25,SCH000074,V0064,,2025-10-07 16:04:00,2025-10-07 16:20:42,2025-10-07 16:05:59,2025-10-07 16:23:07,completed,regular,
T2510000837,R003,1,2025-10-07,WKDY_AUT25,SCH000029,V0037,,2025-10-07 16:05:00,2025-10-07 16:57:54,2025-10-07 16:05:00,2025-10-07 17:05:02,completed,regular,
T2510000838,R006,0,2025-10-07,WKDY_AUT25,SCH000054,V0057,,2025-10-07 16:05:00,2025-10-07 16:54:48,2025-10-07 16:10:59,2025-10-07 16:59:26,completed,regular,
T2510000839,R002,0,2025-10-07,WKDY_AUT25,SCH000014,V0025,,2025-10-07 16:07:00,2025-10-07 17:20:18,2025-10-07 16:10:33,2025-10-07 17:30:22,completed,regular,
T2510000840,R007,1,2025-10-07,WKDY_AUT25,SCH000069,V0061,,2025-10-07 16:08:00,2025-10-07 16:33:54,2025-10-07 16:12:38,2025-10-07 16:40:32,completed,regular,
T2510000841,R005,1,2025-10-07,WKDY_AUT25,SCH000049,V0051,,2025-10-07 16:09:00,2025-10-07 16:59:48,2025-10-07 16:09:51,2025-10-07 17:08:20,completed,regular,
T2510000842,R001,0,2025-10-07,WKDY_AUT25,SCH000004,V0017,,2025-10-07 16:10:00,2025-10-07 17:35:00,2025-10-07 16:12:11,2025-10-07 17:40:20,completed,regular,
T2510000843,R001,1,2025-10-07,WKDY_AUT25,SCH000009,V0024,,2025-10-07 16:11:00,2025-10-07 17:36:00,2025-10-07 16:11:25,2025-10-07 17:42:39,completed,regular,
T2510000844,R003,0,2025-10-07,WKDY_AUT25,SCH000024,V0036,,2025-10-07 16:14:00,2025-10-07 17:06:54,2025-10-07 16:16:58,2025-10-07 17:23:15,completed,regular,
T2510000845,R006,1,2025-10-07,WKDY_AUT25,SCH000059,V0056,,2025-10-07 16:16:00,2025-10-07 17:05:48,2025-10-07 16:16:48,2025-10-07 17:04:12,completed,regular,
T2510000846,R002,1,2025-10-07,WKDY_AUT25,SCH000019,V0026,,2025-10-07 16:18:00,2025-10-07 17:31:18,2025-10-07 16:19:19,2025-10-07 17:44:13,completed,regular,
T2510000847,R001,0,2025-10-07,WKDY_AUT25,SCH000004,V0002,,2025-10-07 16:20:00,2025-10-07 17:45:00,2025-10-07 16:20:00,2025-10-07 17:50:41,completed,regular,
T2510000848,R001,1,2025-10-07,WKDY_AUT25,SCH000009,V0005,,2025-10-07 16:21:00,2025-10-07 17:46:00,2025-10-07 16:21:19,2025-10-07 17:53:44,completed,regular,
T2510000849,R004,0,2025-10-07,WKDY_AUT25,SCH000034,V0046,,2025-10-07 16:21:00,2025-10-07 16:52:42,2025-10-07 16:21:29,2025-10-07 17:04:27,completed,regular,
T2510000850,R003,1,2025-10-07,WKDY_AUT25,SCH000029,V0038,,2025-10-07 16:25:00,2025-10-07 17:17:54,2025-10-07 16:27:17,2025-10-07 17:28:52,completed,regular,
T2510000851,R002,0,2025-10-07,WKDY_AUT25,SCH000014,V0027,,2025-10-07 16:27:00,2025-10-07 17:40:18,2025-10-07 16:27:32,2025-10-07 17:53:27,completed,regular,
T2510000852,R005,0,2025-10-07,WKDY_AUT25,SCH000044,V0052,,2025-10-07 16:28:00,2025-10-07 17:18:48,2025-10-07 16:28:07,2025-10-07 17:45:48,completed,regular,
T2510000853,R001,0,2025-10-07,WKDY_AUT25,SCH000004,V0001,,2025-10-07 16:30:00,2025-10-07 17:55:00,,,cancelled,regular,driver_shortage
T2510000854,R001,1,2025-10-07,WKDY_AUT25,SCH000009,V0001,,2025-10-07 16:31:00,2025-10-07 17:56:00,2025-10-07 16:36:30,2025-10-07 18:10:20,completed,regular,
T2510000855,R004,1,2025-10-07,WKDY_AUT25,SCH000039,V0047,,2025-10-07 16:32:00,2025-10-07 17:03:42,2025-10-07 16:32:20,2025-10-07 17:07:19,completed,regular,
T2510000856,R003,0,2025-10-07,WKDY_AUT25,SCH000024,V0039,,2025-10-07 16:34:00,2025-10-07 17:26:54,2025-10-07 16:34:00,2025-10-07 17:30:01,completed,regular,
T2510000857,R006,0,2025-10-07,WKDY_AUT25,SCH000054,V0058,,2025-10-07 16:35:00,2025-10-07 17:24:48,2025-10-07 16:35:00,2025-10-07 17:25:07,completed,regular,
T2510000858,R002,1,2025-10-07,WKDY_AUT25,SCH000019,V0028,,2025-10-07 16:38:00,2025-10-07 17:51:18,2025-10-07 16:38:40,2025-10-07 18:02:05,completed,regular,
T2510000859,R005,1,2025-10-07,WKDY_AUT25,SCH000049,V0053,,2025-10-07 16:39:00,2025-10-07 17:29:48,2025-10-07 16:40:21,2025-10-07 17:42:15,completed,regular,
T2510000860,R001,0,2025-10-07,WKDY_AUT25,SCH000004,V0008,,2025-10-07 16:40:00,2025-10-07 18:05:00,2025-10-07 16:41:15,2025-10-07 18:32:57,completed,regular,
T2510000861,R001,1,2025-10-07,WKDY_AUT25,SCH000009,V0007,,2025-10-07 16:41:00,2025-10-07 18:06:00,2025-10-07 16:41:19,2025-10-07 18:13:18,completed,regular,
T2510000862,R007,0,2025-10-07,WKDY_AUT25,SCH000064,V0059,,2025-10-07 16:42:00,2025-10-07 17:07:54,2025-10-07 16:42:24,2025-10-07 17:18:03,completed,regular,
T2510000863,R003,1,2025-10-07,WKDY_AUT25,SCH000029,V0040,,2025-10-07 16:45:00,2025-10-07 17:37:54,2025-10-07 16:45:00,2025-10-07 17:45:19,completed,regular,
T2510000864,R008,1,2025-10-07,WKDY_AUT25,SCH000079,V0062,,2025-10-07 16:45:00,2025-10-07 17:01:42,2025-10-07 16:45:00,2025-10-07 17:02:02,completed,regular,
T2510000865,R006,1,2025-10-07,WKDY_AUT25,SCH000059,V0054,,2025-10-07 16:46:00,2025-10-07 17:35:48,2025-10-07 16:46:00,2025-10-07 17:39:28,completed,regular,
T2510000866,R002,0,2025-10-07,WKDY_AUT25,SCH000014,V0029,,2025-10-07 16:47:00,2025-10-07 18:00:18,2025-10-07 16:50:25,2025-10-07 18:14:03,completed,regular,
T2510000867,R008,0,2025-10-07,WKDY_AUT25,SCH000074,V0064,,2025-10-07 16:49:00,2025-10-07 17:05:42,2025-10-07 16:54:07,2025-10-07 17:13:20,completed,regular,
T2510000868,R001,0,2025-10-07,WKDY_AUT25,SCH000004,V0004,,2025-10-07 16:50:00,2025-10-07 18:15:00,2025-10-07 16:55:57,2025-10-07 18:38:52,completed,regular,
T2510000869,R001,1,2025-10-07,WKDY_AUT25,SCH000009,V0006,,2025-10-07 16:51:00,2025-10-07 18:16:00,2025-10-07 16:51:00,2025-10-07 18:30:04,completed,regular,
T2510000870,,0,2025-10-07,WKDY_AUT25,SCH000034,V0048,,2025-10-07 16:51:00,2025-10-07 17:22:42,2025-10-07 16:51:00,2025-10-07 17:23:48,completed,regular,
T2510000871,R007,1,2025-10-07,WKDY_AUT25,SCH000069,V0061,,2025-10-07 16:53:00,2025-10-07 17:18:54,2025-10-07 16:53:00,2025-10-07 17:20:41,completed,regular,
T2510000872,R003,0,2025-10-07,WKDY_AUT25,SCH000024,V0041,,2025-10-07 16:54:00,2025-10-07 17:46:54,2025-10-07 16:55:29,2025-10-07 17:54:17,completed,regular,
T2510000873,R002,1,2025-10-07,WKDY_AUT25,SCH000019,V0031,,2025-10-07 16:58:00,2025-10-07 18:11:18,2025-10-07 16:58:00,2025-10-07 18:13:49,completed,regular,
T2510000874,R005,0,2025-10-07,WKDY_AUT25,SCH000044,V0049,,2025-10-07 16:58:00,2025-10-07 17:48:48,2025-10-07 16:58:00,2025-10-07 18:07:36,completed,regular,
T2510000875,R001,0,2025-10-07,WKDY_AUT25,SCH000004,V0003,,2025-10-07 17:00:00,2025-10-07 18:25:00,2025-10-07 17:00:00,2025-10-07 18:29:28,completed,regular,
T2510000875,R001,0,2025-10-07,WKDY_AUT25,SCH000004,V0003,,2025-10-07 17:00:00,2025-10-07 18:25:00,2025-10-07 17:00:00,2025-10-07 18:29:28,completed,regular,
T2510000876,R001,1,2025-10-07,WKDY_AUT25,SCH000009,V0011,,2025-10-07 17:01:00,2025-10-07 18:26:00,2025-10-07 17:01:00,2025-10-07 18:37:45,completed,regular,
T2510000877,R004,1,2025-10-07,WKDY_AUT25,SCH000039,V0045,,2025-10-07 17:02:00,2025-10-07 17:33:42,2025-10-07 17:02:07,2025-10-07 17:33:37,completed,regular,
T2510000878,R003,1,2025-10-07,WKDY_AUT25,SCH000029,V0043,,2025-10-07 17:05:00,2025-10-07 17:57:54,2025-10-07 17:07:30,2025-10-07 18:05:41,completed,regular,
T2510000879,R006,0,2025-10-07,WKDY_AUT25,SCH000054,V0055,,2025-10-07 17:05:00,2025-10-07 17:54:48,2025-10-07 17:08:22,2025-10-07 17:57:19,completed,regular,
T2510000880,R002,0,2025-10-07,WKDY_AUT25,SCH000014,V0030,,2025-10-07 17:07:00,2025-10-07 18:20:18,2025-10-07 17:08:28,2025-10-07 18:26:52,completed,regular,
T2510000881,R005,1,2025-10-07,WKDY_AUT25,SCH000049,V0050,,2025-10-07 17:09:00,2025-10-07 17:59:48,2025-10-07 17:09:00,2025-10-07 18:13:22,completed,regular,
T2510000881,R005,1,2025-10-07,WKDY_AUT25,SCH000049,V0050,,2025-10-07 17:09:00,2025-10-07 17:59:48,2025-10-07 17:09:00,2025-10-07 18:13:22,completed,regular,
T2510000882,R001,0,2025-10-07,WKDY_AUT25,SCH000004,V0010,,2025-10-07 17:10:00,2025-10-07 18:35:00,2025-10-07 17:12:23,2025-10-07 18:55:51,completed,regular,
T2510000883,R001,1,2025-10-07,WKDY_AUT25,SCH000009,V0015,,2025-10-07 17:11:00,2025-10-07 18:36:00,2025-10-07 17:12:03,2025-10-07 18:46:02,completed,regular,
T2510000884,R003,0,2025-10-07,WKDY_AUT25,SCH000024,V0042,,2025-10-07 17:14:00,2025-10-07 18:06:54,2025-10-07 17:14:00,2025-10-07 18:17:07,completed,regular,
T2510000885,R006,1,2025-10-07,WKDY_AUT25,SCH000059,V0057,,2025-10-07 17:16:00,2025-10-07 18:05:48,2025-10-07 17:16:49,2025-10-07 18:03:14,completed,regular,
T2510000886,R002,1,2025-10-07,WKDY_AUT25,SCH000019,V0035,,2025-10-07 17:18:00,2025-10-07 18:31:18,2025-10-07 17:18:32,2025-10-07 18:37:17,completed,regular,
T2510000887,R001,0,2025-10-07,WKDY_AUT25,SCH000004,V0013,,2025-10-07 17:20:00,2025-10-07 18:45:00,2025-10-07 17:20:27,2025-10-07 18:43:00,completed,regular,
T2510000888,R001,1,2025-10-07,WKDY_AUT25,SCH000009,V0009,,2025-10-07 17:21:00,2025-10-07 18:46:00,2025-10-07 17:21:37,2025-10-07 18:48:26,completed,regular,
T2510000889,R004,0,2025-10-07,WKDY_AUT25,SCH000034,V0046,,2025-10-07 17:21:00,2025-10-07 17:52:42,2025-10-07 17:24:34,2025-10-07 17:57:16,completed,regular,
T2510000890,R003,1,2025-10-07,WKDY_AUT25,SCH000029,V0044,,2025-10-07 17:25:00,2025-10-07 18:17:54,2025-10-07 17:25:01,2025-10-07 18:25:06,completed,regular,
T2510000891,R002,0,2025-10-07,WKDY_AUT25,SCH000014,V0032,,2025-10-07 17:27:00,2025-10-07 18:40:18,2025-10-07 17:27:54,2025-10-07 18:47:58,completed,regular,
T2510000892,R007,0,2025-10-07,WKDY_AUT25,SCH000064,V0059,,2025-10-07 17:27:00,2025-10-07 17:52:54,2025-10-07 17:32:46,2025-10-07 17:58:32,completed,regular,
T2510000893,R005,0,2025-10-07,WKDY_AUT25,SCH000044,V0051,,2025-10-07 17:28:00,2025-10-07 18:18:48,2025-10-07 17:28:00,2025-10-07 18:33:39,completed,regular,
T2510000894,R001,0,2025-10-07,WKDY_AUT25,SCH000004,V0014,,2025-10-07 17:30:00,2025-10-07 18:55:00,2025-10-07 17:30:37,2025-10-07 19:12:45,completed,regular,
T2510000895,R008,1,2025-10-07,WKDY_AUT25,SCH000079,V0063,,2025-10-07 17:30:00,2025-10-07 17:46:42,2025-10-07 17:30:04,2025-10-07 17:45:58,completed,regular,
T2510000896,R001,1,2025-10-07,WKDY_AUT25,SCH000009,V0016,,2025-10-07 17:31:00,2025-10-07 18:56:00,2025-10-07 17:31:00,2025-10-07 19:05:55,completed,regular,
T2510000897,R004,1,2025-10-07,WKDY_AUT25,SCH000039,V0047,,2025-10-07 17:32:00,2025-10-07 18:03:42,2025-10-07 17:32:00,2025-10-07 18:01:17,completed,regular,
T2510000898,R003,0,2025-10-07,WKDY_AUT25,SCH000024,V0037,,2025-10-07 17:34:00,2025-10-07 18:26:54,2025-10-07 17:34:00,2025-10-07 18:29:29,completed,regular,
T2510000899,,0,2025-10-07,WKDY_AUT25,SCH000074,V0062,,2025-10-07 17:34:00,2025-10-07 17:50:42,2025-10-07 17:35:19,2025-10-07 17:56:58,completed,regular,
T2510000900,R006,0,2025-10-07,WKDY_AUT25,SCH000054,V0056,,2025-10-07 17:35:00,2025-10-07 18:24:48,,,cancelled,regular,driver_shortage
T2510000901,R002,1,2025-10-07,WKDY_AUT25,SCH000019,V0033,,2025-10-07 17:38:00,2025-10-07 18:51:18,2025-10-07 17:38:24,2025-10-07 19:04:36,completed,regular,
T2510000902,R007,1,2025-10-07,WKDY_AUT25,SCH000069,V0061,,2025-10-07 17:38:00,2025-10-07 18:03:54,2025-10-07 17:38:53,2025-10-07 18:09:50,completed,regular,
T2510000903,R005,1,2025-10-07,WKDY_AUT25,SCH000049,V0053,,2025-10-07 17:39:00,2025-10-07 18:29:48,2025-10-07 17:48:15,2025-10-07 18:57:51,completed,regular,
T2510000904,R001,0,2025-10-07,WKDY_AUT25,SCH000004,V0018,,2025-10-07 17:40:00,2025-10-07 19:05:00,2025-10-07 17:40:41,2025-10-07 19:19:02,completed,regular,
T2510000905,R001,1,2025-10-07,WKDY_AUT25,SCH000009,V0012,,2025-10-07 17:41:00,2025-10-07 19:06:00,2025-10-07 17:42:11,2025-10-07 19:25:27,completed,regular,
T2510000906,R003,1,2025-10-07,WKDY_AUT25,SCH000029,V0036,,2025-10-07 17:45:00,2025-10-07 18:37:54,2025-10-07 17:48:06,2025-10-07 18:53:56,completed,regular,
T2510000907,R006,1,2025-10-07,WKDY_AUT25,SCH000059,V0056,,2025-10-07 17:46:00,2025-10-07 18:35:48,2025-10-07 17:47:09,2025-10-07 18:40:34,completed,regular,
T2510000908,R002,0,2025-10-07,WKDY_AUT25,SCH000014,V0034,,2025-10-07 17:47:00,2025-10-07 19:00:18,2025-10-07 17:47:26,2025-10-07 19:07:38,completed,regular,
T2510000909,R001,0,2025-10-07,WKDY_AUT25,SCH000004,V0020,,2025-10-07 17:50:00,2025-10-07 19:15:00,2025-10-07 17:50:05,2025-10-07 19:31:26,completed,regular,
T2510000910,R001,1,2025-10-07,WKDY_AUT25,SCH000009,V0019,,2025-10-07 17:51:00,2025-10-07 19:16:00,2025-10-07 17:51:00,2025-10-07 19:28:28,completed,regular,
T2510000911,R004,0,2025-10-07,WKDY_AUT25,SCH000034,V0048,,2025-10-07 17:51:00,2025-10-07 18:22:42,2025-10-07 17:52:00,2025-10-07 18:21:56,completed,regular,
T2510000912,R003,0,2025-10-07,WKDY_AUT25,SCH000024,,,2025-10-07 17:54:00,2025-10-07 18:46:54,2025-10-07 17:54:19,2025-10-07 18:53:32,completed,regular,
T2510000913,R002,1,2025-10-07,WKDY_AUT25,SCH000019,V0025,,2025-10-07 17:58:00,2025-10-07 19:11:18,2025-10-07 17:58:00,2025-10-07 19:15:34,completed,regular,
T2510000914,R005,0,2025-10-07,WKDY_AUT25,SCH000044,V0052,,2025-10-07 17:58:00,2025-10-07 18:48:48,2025-10-07 18:01:19,2025-10-07 19:12:47,completed,regular,
T2510000915,R001,0,2025-10-07,WKDY_AUT25,SCH000004,V0022,,2025-10-07 18:00:00,2025-10-07 19:25:00,2025-10-07 18:02:56,2025-10-07 19:39:10,completed,regular,
T2510000916,R001,1,2025-10-07,WKDY_AUT25,SCH000009,V0023,,2025-10-07 18:01:00,2025-10-07 19:26:00,2025-10-07 18:02:30,2025-10-07 19:35:21,completed,regular,
T2510000917,R004,1,2025-10-07,WKDY_AUT25,SCH000039,V0045,,2025-10-07 18:02:00,2025-10-07 18:33:42,2025-10-07 18:06:50,2025-10-07 18:39:23,completed,regular,
T2510000918,R003,1,2025-10-07,WKDY_AUT25,SCH000029,V0039,,2025-10-07 18:05:00,2025-10-07 18:57:54,2025-10-07 18:05:00,2025-10-07 19:04:00,completed,regular,
T2510000919,R006,0,2025-10-07,WKDY_AUT25,SCH000054,V0058,,2025-10-07 18:05:00,2025-10-07 18:54:48,2025-10-07 18:05:00,2025-10-07 19:03:54,completed,regular,
T2510000920,R002,0,2025-10-07,WKDY_AUT25,SCH000014,V0026,,2025-10-07 18:07:00,2025-10-07 19:20:18,2025-10-07 18:10:24,2025-10-07 19:32:38,completed,regular,
T2510000921,R005,1,2025-10-07,WKDY_AUT25,SCH000049,V0049,,2025-10-07 18:09:00,2025-10-07 18:59:48,2025-10-07 18:13:36,2025-10-07 19:13:39,completed,regular,
T2510000922,R001,0,2025-10-07,WKDY_AUT25,SCH000004,V0017,,2025-10-07 18:10:00,2025-10-07 19:35:00,2025-10-07 18:10:16,2025-10-07 19:42:27,completed,regular,
T2510000923,R001,1,2025-10-07,WKDY_AUT25,SCH000009,V0021,,2025-10-07 18:11:00,2025-10-07 19:36:00,2025-10-07 18:16:10,2025-10-07 19:56:35,completed,regular,
T2510000924,R007,0,2025-10-07,WKDY_AUT25,SCH000064,V0059,,2025-10-07 18:12:00,2025-10-07 18:37:54,2025-10-07 18:12:00,2025-10-07 18:39:38,completed,regular,
T2510000925,R003,0,2025-10-07,WKDY_AUT25,SCH000024,V0040,,2025-10-07 18:14:00,2025-10-07 19:06:54,2025-10-07 18:14:00,2025-10-07 19:29:33,completed,regular,
T2510000926,R008,1,2025-10-07,WKDY_AUT25,SCH000079,V0064,,2025-10-07 18:15:00,2025-10-07 18:31:42,2025-10-07 18:15:28,2025-10-07 18:31:51,completed,regular,
T2510000927,R006,1,2025-10-07,WKDY_AUT25,SCH000059,V0054,,2025-10-07 18:16:00,2025-10-07 19:05:48,2025-10-07 18:18:51,2025-10-07 19:08:37,completed,regular,
T2510000928,R002,1,2025-10-07,WKDY_AUT25,SCH000019,V0027,,2025-10-07 18:18:00,2025-10-07 19:31:18,2025-10-07 18:18:00,2025-10-07 19:42:48,completed,regular,
T2510000929,R008,0,2025-10-07,WKDY_AUT25,SCH000074,V0063,,2025-10-07 18:19:00,2025-10-07 18:35:42,2025-10-07 18:20:14,2025-10-07 18:36:49,completed,regular,
T2510000930,R001,0,2025-10-07,WKDY_AUT25,SCH000004,V0024,,2025-10-07 18:20:00,2025-10-07 19:45:00,2025-10-07 18:21:40,2025-10-07 19:57:43,completed,regular,
T2510000931,R001,1,2025-10-07,WKDY_AUT25,SCH000009,V0002,,2025-10-07 18:21:00,2025-10-07 19:46:00,2025-10-07 18:25:24,2025-10-07 20:01:19,completed,regular,
T2510000932,R004,0,2025-10-07,WKDY_AUT25,SCH000034,V0046,,2025-10-07 18:21:00,2025-10-07 18:52:42,2025-10-07 18:21:14,2025-10-07 18:50:27,completed,regular,
T2510000933,R007,1,2025-10-07,WKDY_AUT25,SCH000069,V0061,,2025-10-07 18:23:00,2025-10-07 18:48:54,2025-10-07 18:23:09,2025-10-07 18:49:37,completed,regular,
T2510000934,R003,1,2025-10-07,WKDY_AUT25,SCH000029,V0041,,2025-10-07 18:25:00,2025-10-07 19:17:54,2025-10-07 18:25:51,2025-10-07 19:32:53,completed,regular,
T2510000936,R005,0,2025-10-07,WKDY_AUT25,SCH000044,V0050,,2025-10-07 18:28:00,2025-10-07 19:18:48,2025-10-07 18:28:00,2025-10-07 19:31:03,completed,regular,
T2510000937,R001,0,2025-10-07,WKDY_AUT25,SCH000004,V0005,,2025-10-07 18:30:00,2025-10-07 19:55:00,2025-10-07 18:30:00,2025-10-07 19:57:55,completed,regular,
T2510000938,R001,1,2025-10-07,WKDY_AUT25,SCH000009,V0001,,2025-10-07 18:31:00,2025-10-07 19:56:00,2025-10-07 18:31:24,2025-10-07 20:05:22,completed,regular,
T2510000939,R004,1,2025-10-07,WKDY_AUT25,SCH000039,V0047,,2025-10-07 18:32:00,2025-10-07 19:03:42,2025-10-07 18:33:15,2025-10-07 19:06:01,completed,regular,
T2510000940,R003,0,2025-10-07,WKDY_AUT25,SCH000024,V0043,,2025-10-07 18:34:00,2025-10-07 19:26:54,2025-10-07 18:34:57,2025-10-07 19:36:27,completed,regular,
T2510000941,R006,0,2025-10-07,WKDY_AUT25,SCH000054,V0055,,2025-10-07 18:35:00,2025-10-07 19:24:48,2025-10-07 18:36:34,2025-10-07 19:26:24,completed,regular,
T2510000942,R002,1,2025-10-07,WKDY_AUT25,SCH000019,V0031,,2025-10-07 18:38:00,2025-10-07 19:51:18,2025-10-07 18:38:00,2025-10-07 19:54:58,completed,regular,
T2510000943,R005,1,2025-10-07,WKDY_AUT25,SCH000049,,,2025-10-07 18:39:00,2025-10-07 19:29:48,,,cancelled,regular,driver_shortage
T2510000944,R001,0,2025-10-07,WKDY_AUT25,SCH000004,V0007,,2025-10-07 18:40:00,2025-10-07 20:05:00,2025-10-07 18:40:00,2025-10-07 20:18:25,completed,regular,
T2510000945,R001,1,2025-10-07,WKDY_AUT25,SCH000009,V0003,,2025-10-07 18:41:00,2025-10-07 20:06:00,2025-10-07 18:41:14,2025-10-07 20:16:03,completed,regular,
T2510000946,R003,1,2025-10-07,WKDY_AUT25,SCH000029,V0042,,2025-10-07 18:45:00,2025-10-07 19:37:54,2025-10-07 18:45:59,2025-10-07 19:49:02,completed,regular,
T2510000947,R006,1,2025-10-07,WKDY_AUT25,SCH000059,V0057,,2025-10-07 18:46:00,2025-10-07 19:35:48,,,cancelled,regular,driver_shortage
T2510000948,R002,0,2025-10-07,WKDY_AUT25,SCH000014,V0029,,2025-10-07 18:47:00,2025-10-07 20:00:18,2025-10-07 18:48:24,2025-10-07 20:02:45,completed,regular,
T2510000949,R001,0,2025-10-07,WKDY_AUT25,SCH000004,V0006,,2025-10-07 18:50:00,2025-10-07 20:15:00,2025-10-07 18:50:00,2025-10-07 20:20:16,completed,regular,
T2510000950,R001,1,2025-10-07,WKDY_AUT25,SCH000009,V0008,,2025-10-07 18:51:00,2025-10-07 20:16:00,2025-10-07 18:51:00,2025-10-07 20:20:45,completed,regular,
T2510000951,R004,0,2025-10-07,WKDY_AUT25,SCH000034,V0048,,2025-10-07 18:51:00,2025-10-07 19:22:42,2025-10-07 18:53:12,2025-10-07 19:27:09,completed,regular,
T2510000952,R003,0,2025-10-07,WKDY_AUT25,SCH000024,V0044,,2025-10-07 18:54:00,2025-10-07 19:46:54,2025-10-07 18:56:17,2025-10-07 20:01:52,completed,regular,
T2510000953,R007,0,2025-10-07,WKDY_AUT25,SCH000064,V0059,,2025-10-07 18:57:00,2025-10-07 19:22:54,2025-10-07 18:57:41,2025-10-07 19:22:24,completed,regular,
T2510000954,R002,1,2025-10-07,WKDY_AUT25,SCH000019,V0030,,2025-10-07 18:58:00,2025-10-07 20:11:18,2025-10-07 18:58:53,2025-10-07 20:26:51,completed,regular,
T2510000955,R005,0,2025-10-07,WKDY_AUT25,SCH000044,V0051,,2025-10-07 18:58:00,2025-10-07 19:48:48,2025-10-07 18:59:27,2025-10-07 20:03:55,completed,regular,
T2510000956,R001,0,2025-10-07,WKDY_AUT25,SCH000004,V0011,,2025-10-07 19:00:00,2025-10-07 20:25:00,2025-10-07 19:00:00,2025-10-07 20:33:16,completed,regular,
T2510000957,R008,1,2025-10-07,WKDY_AUT25,SCH000079,V0062,,2025-10-07 19:00:00,2025-10-07 19:16:42,2025-10-07 19:01:18,2025-10-07 19:20:32,completed,regular,
T2510000958,R001,1,2025-10-07,WKDY_AUT25,SCH000009,V0004,,2025-10-07 19:01:00,2025-10-07 20:26:00,2025-10-07 19:01:00,2025-10-07 20:39:03,completed,regular,
T2510000959,R004,1,2025-10-07,WKDY_AUT25,SCH000039,V0045,,2025-10-07 19:02:00,2025-10-07 19:33:42,2025-10-07 19:02:00,2025-10-07 19:29:37,completed,regular,
T2510000960,R008,0,2025-10-07,WKDY_AUT25,SCH000074,V0064,,2025-10-07 19:04:00,2025-10-07 19:20:42,2025-10-07 19:04:00,2025-10-07 19:21:33,completed,regular,
T2510000961,R003,1,2025-10-07,WKDY_AUT25,SCH000029,V0037,,2025-10-07 19:05:00,2025-10-07 19:57:54,2025-10-07 19:05:00,2025-10-07 20:06:16,completed,regular,
T2510000962,R006,0,2025-10-07,WKDY_AUT25,SCH000054,V0057,,2025-10-07 19:05:00,2025-10-07 19:54:48,2025-10-07 19:08:09,2025-10-07 19:58:19,completed,regular,
T2510000963,R002,0,2025-10-07,WKDY_AUT25,SCH000014,V0035,,2025-10-07 19:07:00,2025-10-07 20:20:18,2025-10-07 19:07:16,2025-10-07 20:29:53,completed,regular,
T2510000964,R007,1,2025-10-07,WKDY_AUT25,SCH000069,V0061,,2025-10-07 19:08:00,2025-10-07 19:33:54,2025-10-07 19:12:37,2025-10-07 19:38:05,completed,regular,
T2510000966,R001,0,2025-10-07,WKDY_AUT25,SCH000004,V0013,,2025-10-07 19:10:00,2025-10-07 20:35:00,2025-10-07 19:10:00,2025-10-07 20:35:36,completed,regular,
T2510000967,R001,1,2025-10-07,WKDY_AUT25,SCH000009,V0015,,2025-10-07 19:11:00,2025-10-07 20:36:00,2025-10-07 19:11:00,2025-10-07 20:51:17,completed,regular,
T2510000968,R003,0,2025-10-07,WKDY_AUT25,SCH000024,V0038,,2025-10-07 19:14:00,2025-10-07 20:06:54,2025-10-07 19:15:27,2025-10-07 20:18:19,completed,regular,
T2510000969,R006,1,2025-10-07,WKDY_AUT25,SCH000059,V0056,,2025-10-07 19:16:00,2025-10-07 20:05:48,2025-10-07 19:19:14,2025-10-07 20:13:58,completed,regular,
T2510000970,R002,1,2025-10-07,WKDY_AUT25,SCH000019,V0032,,2025-10-07 19:18:00,2025-10-07 20:31:18,2025-10-07 19:18:31,2025-10-07 20:35:50,completed,regular,
T2510000971,R001,0,2025-10-07,WKDY_AUT25,SCH000004,V0009,,2025-10-07 19:20:00,2025-10-07 20:45:00,2025-10-07 19:21:38,2025-10-07 21:06:13,completed,regular,
T2510000972,R001,1,2025-10-07,WKDY_AUT25,SCH000009,V0010,,2025-10-07 19:21:00,2025-10-07 20:46:00,,,cancelled,regular,driver_shortage
T2510000973,R004,0,2025-10-07,WKDY_AUT25,SCH000034,V0046,,2025-10-07 19:21:00,2025-10-07 19:52:42,2025-10-07 19:22:53,2025-10-07 19:51:15,completed,regular,
T2510000974,R003,1,2025-10-07,WKDY_AUT25,SCH000029,V0036,,2025-10-07 19:25:00,2025-10-07 20:17:54,2025-10-07 19:25:00,2025-10-07 20:33:25,completed,regular,
T2510000975,,0,2025-10-07,WKDY_AUT25,SCH000014,V0033,,2025-10-07 19:27:00,2025-10-07 20:40:18,2025-10-07 19:31:12,2025-10-07 20:55:06,completed,regular,
T2510000976,R005,0,2025-10-07,WKDY_AUT25,SCH000044,V0052,,2025-10-07 19:28:00,2025-10-07 20:18:48,2025-10-07 19:28:00,2025-10-07 20:40:46,completed,regular,
T2510000977,R001,0,2025-10-07,WKDY_AUT25,SCH000005,V0010,,2025-10-07 19:30:00,2025-10-07 20:37:18,2025-10-07 19:35:17,2025-10-07 20:31:12,completed,regular,
T2510000978,R008,1,2025-10-07,WKDY_AUT25,SCH000080,V0063,,2025-10-07 19:30:00,2025-10-07 19:43:06,2025-10-07 19:30:00,2025-10-07 19:40:53,completed,regular,
T2510000979,R002,0,2025-10-07,WKDY_AUT25,SCH000015,V0034,,2025-10-07 19:37:00,2025-10-07 20:29:06,2025-10-07 19:37:30,2025-10-07 20:27:50,completed,regular,
T2510000980,R001,1,2025-10-07,WKDY_AUT25,SCH000010,V0016,,2025-10-07 19:41:00,2025-10-07 20:48:18,2025-10-07 19:41:00,2025-10-07 20:58:50,completed,regular,
T2510000981,R003,0,2025-10-07,WKDY_AUT25,SCH000025,V0039,,2025-10-07 19:44:00,2025-10-07 20:21:36,2025-10-07 19:45:49,2025-10-07 20:24:32,completed,regular,
T2510000982,R002,1,2025-10-07,WKDY_AUT25,SCH000020,V0025,,2025-10-07 19:48:00,2025-10-07 20:40:06,2025-10-07 19:49:31,2025-10-07 20:40:07,completed,regular,
T2510000983,R001,0,2025-10-07,WKDY_AUT25,SCH000005,V0014,,2025-10-07 19:50:00,2025-10-07 20:57:18,2025-10-07 19:50:04,2025-10-07 20:55:36,completed,regular,
T2510000984,R004,0,2025-10-07,WKDY_AUT25,SCH000035,V0047,,2025-10-07 19:51:00,2025-10-07 20:14:18,2025-10-07 19:51:00,2025-10-07 20:10:06,completed,regular,
T2510000985,R003,1,2025-10-07,WKDY_AUT25,SCH000030,V0040,,2025-10-07 19:55:00,2025-10-07 20:32:36,2025-10-07 19:55:24,2025-10-07 20:35:39,completed,regular,
T2510000986,R005,0,2025-10-07,WKDY_AUT25,SCH000045,V0049,,2025-10-07 19:58:00,2025-10-07 20:35:24,2025-10-07 19:58:00,2025-10-07 20:37:36,completed,regular,
T2510000987,R001,1,2025-10-07,WKDY_AUT25,SCH000010,V0018,,2025-10-07 20:01:00,2025-10-07 21:08:18,2025-10-07 20:01:00,2025-10-07 21:02:55,completed,regular,
T2510000988,R004,1,2025-10-07,WKDY_AUT25,SCH000040,V0048,,2025-10-07 20:02:00,2025-10-07 20:25:18,2025-10-07 20:02:00,2025-10-07 20:23:45,completed,regular,
T2510000989,R006,0,2025-10-07,WKDY_AUT25,SCH000055,V0058,,2025-10-07 20:05:00,2025-10-07 20:41:42,2025-10-07 20:06:01,2025-10-07 20:39:52,completed,regular,
T2510000990,R005,1,2025-10-07,WKDY_AUT25,SCH000050,V0050,,2025-10-07 20:09:00,2025-10-07 20:46:24,2025-10-07 20:13:47,2025-10-07 21:00:15,completed,regular,
T2510000991,R001,0,2025-10-07,WKDY_AUT25,SCH000005,V0012,,2025-10-07 20:10:00,2025-10-07 21:17:18,2025-10-07 20:10:52,2025-10-07 21:21:45,completed,regular,
T2510000992,,0,2025-10-07,WKDY_AUT25,SCH000065,V0059,,2025-10-07 20:12:00,2025-10-07 20:32:18,2025-10-07 20:14:36,2025-10-07 20:34:18,completed,regular,
T2510000993,R006,1,2025-10-07,WKDY_AUT25,SCH000060,V0054,,2025-10-07 20:16:00,2025-10-07 20:52:42,2025-10-07 20:16:49,2025-10-07 20:48:05,completed,regular,
T2510000994,R008,0,2025-10-07,WKDY_AUT25,SCH000075,V0062,,2025-10-07 20:19:00,2025-10-07 20:32:06,2025-10-07 20:21:03,2025-10-07 20:33:16,completed,regular,
T2510000996,R002,0,2025-10-07,WKDY_AUT25,SCH000015,V0026,,2025-10-07 20:22:00,2025-10-07 21:14:06,2025-10-07 20:22:40,2025-10-07 21:16:58,completed,regular,
T2510000997,R007,1,2025-10-07,WKDY_AUT25,SCH000070,V0061,,2025-10-07 20:23:00,2025-10-07 20:43:18,2025-10-07 20:24:19,2025-10-07 20:43:38,completed,regular,
T2510000998,R003,0,2025-10-07,WKDY_AUT25,SCH000025,V0041,,2025-10-07 20:29:00,2025-10-07 21:06:36,,,cancelled,regular,driver_shortage
T2510000999,R001,0,2025-10-07,WKDY_AUT25,SCH000005,V0020,,2025-10-07 20:30:00,2025-10-07 21:37:18,2025-10-07 20:33:00,2025-10-07 21:42:18,completed,regular,
T2510001000,R002,1,2025-10-07,WKDY_AUT25,SCH000020,V0027,,2025-10-07 20:33:00,2025-10-07 21:25:06,2025-10-07 20:33:46,2025-10-07 21:26:40,completed,regular,
T2510001001,R003,1,2025-10-07,WKDY_AUT25,SCH000030,V0041,,2025-10-07 20:40:00,2025-10-07 21:17:36,2025-10-07 20:40:00,2025-10-07 21:21:52,completed,regular,
T2510001002,R001,1,2025-10-07,WKDY_AUT25,SCH000010,V0023,,2025-10-07 20:41:00,2025-10-07 21:48:18,2025-10-07 20:41:00,2025-10-07 21:52:41,completed,regular,
T2510001003,R001,0,2025-10-07,WKDY_AUT25,SCH000005,V0022,,2025-10-07 20:50:00,2025-10-07 21:57:18,2025-10-07 20:53:09,2025-10-07 22:01:00,completed,regular,
T2510001004,R004,0,2025-10-07,WKDY_AUT25,SCH000035,V0045,,2025-10-07 20:51:00,2025-10-07 21:14:18,2025-10-07 20:53:23,2025-10-07 21:16:20,completed,regular,
T2510001005,R005,0,2025-10-07,WKDY_AUT25,SCH000045,V0051,,2025-10-07 20:58:00,2025-10-07 21:35:24,2025-10-07 20:58:10,2025-10-07 21:39:02,completed,regular,
T2510001006,R008,1,2025-10-07,WKDY_AUT25,SCH000080,V0064,,2025-10-07 21:00:00,2025-10-07 21:13:06,2025-10-07 21:01:36,2025-10-07 21:15:29,completed,regular,
T2510001007,R001,1,2025-10-07,WKDY_AUT25,SCH000010,V0017,,2025-10-07 21:01:00,2025-10-07 22:08:18,2025-10-07 21:01:00,2025-10-07 22:08:58,completed,regular,
T2510001008,R004,1,2025-10-07,WKDY_AUT25,SCH000040,V0046,,2025-10-07 21:02:00,2025-10-07 21:25:18,2025-10-07 21:02:20,2025-10-07 21:24:55,completed,regular,
T2510001009,R006,0,2025-10-07,WKDY_AUT25,SCH000055,,,2025-10-07 21:05:00,2025-10-07 21:41:42,2025-10-07 21:05:00,2025-10-07 21:35:56,completed,regular,
T2510001010,R002,0,2025-10-07,WKDY_AUT25,SCH000015,V0028,,2025-10-07 21:07:00,2025-10-07 21:59:06,2025-10-07 21:07:02,2025-10-07 21:58:18,completed,regular,
T2510001011,R005,1,2025-10-07,WKDY_AUT25,SCH000050,V0053,,2025-10-07 21:09:00,2025-10-07 21:46:24,2025-10-07 21:10:29,2025-10-07 21:51:12,completed,regular,
T2510001012,R001,0,2025-10-07,WKDY_AUT25,SCH000005,V0021,,2025-10-07 21:10:00,2025-10-07 22:17:18,2025-10-07 21:14:48,2025-10-07 22:29:00,completed,regular,
T2510001013,R003,0,2025-10-07,WKDY_AUT25,SCH000025,V0043,,2025-10-07 21:14:00,2025-10-07 21:51:36,2025-10-07 21:15:30,2025-10-07 22:00:44,completed,regular,
T2510001014,R006,1,2025-10-07,WKDY_AUT25,SCH000060,V0057,,2025-10-07 21:16:00,2025-10-07 21:52:42,2025-10-07 21:16:00,2025-10-07 21:49:23,completed,regular,
T2510001015,R002,1,2025-10-07,WKDY_AUT25,SCH000020,V0031,,2025-10-07 21:18:00,2025-10-07 22:10:06,2025-10-07 21:18:00,2025-10-07 22:11:23,completed,regular,
T2510001016,R001,1,2025-10-07,WKDY_AUT25,SCH000010,V0024,,2025-10-07 21:21:00,2025-10-07 22:28:18,2025-10-07 21:21:47,2025-10-07 22:32:16,completed,regular,
T2510001017,R003,1,2025-10-07,WKDY_AUT25,SCH000030,V0042,,2025-10-07 21:25:00,2025-10-07 22:02:36,2025-10-07 21:26:30,2025-10-07 22:09:33,completed,regular,
T2510001018,R001,0,2025-10-07,WKDY_AUT25,SCH000005,V0005,,2025-10-07 21:30:00,2025-10-07 22:37:18,2025-10-07 21:30:54,2025-10-07 22:43:30,completed,regular,
T2510001020,R007,0,2025-10-07,WKDY_AUT25,SCH000065,V0059,,2025-10-07 21:42:00,2025-10-07 22:02:18,2025-10-07 21:44:00,2025-10-07 22:04:05,completed,regular,
T2510001021,R008,0,2025-10-07,WKDY_AUT25,SCH000075,V0063,,2025-10-07 21:49:00,2025-10-07 22:02:06,2025-10-07 21:50:11,2025-10-07 22:02:40,completed,regular,
T2510001022,R001,0,2025-10-07,WKDY_AUT25,SCH000005,V0001,,2025-10-07 21:50:00,2025-10-07 22:57:18,2025-10-07 21:50:48,2025-10-07 23:06:58,completed,regular,
T2510001023,R004,0,2025-10-07,WKDY_AUT25,SCH000035,V0047,,2025-10-07 21:51:00,2025-10-07 22:14:18,2025-10-07 21:51:50,2025-10-07 22:12:19,completed,regular,
T2510001024,R002,0,2025-10-07,WKDY_AUT25,SCH000015,V0029,,2025-10-07 21:52:00,2025-10-07 22:44:06,2025-10-07 21:52:18,2025-10-07 22:41:34,completed,regular,
T2510001025,R007,1,2025-10-07,WKDY_AUT25,SCH000070,V0061,,2025-10-07 21:53:00,2025-10-07 22:13:18,2025-10-07 21:53:19,2025-10-07 22:11:31,completed,regular,
T2510001026,R005,0,2025-10-07,WKDY_AUT25,SCH000045,V0049,,2025-10-07 21:58:00,2025-10-07 22:35:24,2025-10-07 21:59:18,2025-10-07 22:43:40,completed,regular,
T2510001027,R003,0,2025-10-07,WKDY_AUT25,SCH000025,V0044,,2025-10-07 21:59:00,2025-10-07 22:36:36,2025-10-07 22:00:00,2025-10-07 22:40:16,completed,regular,
T2510001028,R001,1,2025-10-07,WKDY_AUT25,SCH000010,V0003,,2025-10-07 22:01:00,2025-10-07 23:08:18,2025-10-07 22:02:11,2025-10-07 23:12:28,completed,regular,
T2510001029,R004,1,2025-10-07,WKDY_AUT25,SCH000040,V0048,,2025-10-07 22:02:00,2025-10-07 22:25:18,,,cancelled,regular,driver_shortage
T2510001030,R002,1,2025-10-07,WKDY_AUT25,SCH000020,V0030,,2025-10-07 22:03:00,2025-10-07 22:55:06,2025-10-07 22:03:32,2025-10-07 22:54:14,completed,regular,
T2510001031,R006,0,2025-10-07,WKDY_AUT25,SCH000055,V0056,,2025-10-07 22:05:00,2025-10-07 22:41:42,2025-10-07 22:05:00,2025-10-07 22:41:03,completed,regular,
T2510001032,R005,1,2025-10-07,WKDY_AUT25,SCH000050,V0052,,2025-10-07 22:09:00,2025-10-07 22:46:24,2025-10-07 22:09:00,2025-10-07 22:53:03,completed,regular,
T2510001033,R001,0,2025-10-07,WKDY_AUT25,SCH000005,V0007,,2025-10-07 22:10:00,2025-10-07 23:17:18,2025-10-07 22:12:56,2025-10-07 23:30:16,completed,regular,
T2510001034,R003,1,2025-10-07,WKDY_AUT25,SCH000030,V0037,,2025-10-07 22:10:00,2025-10-07 22:47:36,2025-10-07 22:13:50,2025-10-07 22:58:46,completed,regular,
T2510001035,R006,1,2025-10-07,WKDY_AUT25,SCH000060,V0058,,2025-10-07 22:16:00,2025-10-07 22:52:42,,,cancelled,regular,driver_shortage
T2510001036,R001,1,2025-10-07,WKDY_AUT25,SCH000010,V0006,,2025-10-07 22:21:00,2025-10-07 23:28:18,2025-10-07 22:23:48,2025-10-07 23:38:25,completed,regular,
T2510001037,R001,0,2025-10-08,WKDY_AUT25,SCH000001,V0001,,2025-10-08 05:30:00,2025-10-08 06:32:06,2025-10-08 05:30:00,2025-10-08 06:37:38,completed,regular,
T2510001038,R008,1,2025-10-08,WKDY_AUT25,SCH000076,V0062,,2025-10-08 05:30:00,2025-10-08 05:41:54,2025-10-08 05:30:38,2025-10-08 05:42:46,completed,regular,
T2510001039,R006,1,2025-10-08,WKDY_AUT25,SCH000056,V0054,,2025-10-08 05:31:00,2025-10-08 06:04:12,2025-10-08 05:32:09,2025-10-08 06:00:07,completed,regular,
T2510001040,R002,0,2025-10-08,WKDY_AUT25,SCH000011,V0025,,2025-10-08 05:37:00,2025-10-08 06:22:00,2025-10-08 05:37:00,2025-10-08 06:25:14,completed,regular,
T2510001041,R001,1,2025-10-08,WKDY_AUT25,SCH000006,V0002,,2025-10-08 05:41:00,2025-10-08 06:43:06,2025-10-08 05:41:14,2025-10-08 06:46:46,completed,regular,
T2510001042,R003,0,2025-10-08,WKDY_AUT25,SCH000021,V0036,,2025-10-08 05:44:00,2025-10-08 06:16:30,2025-10-08 05:47:09,2025-10-08 06:31:12,completed,regular,
T2510001043,R001,0,2025-10-08,WKDY_AUT25,SCH000001,V0003,,2025-10-08 05:45:00,2025-10-08 06:47:06,,,cancelled,regular,driver_shortage
T2510001044,R002,1,2025-10-08,WKDY_AUT25,SCH000016,V0026,,2025-10-08 05:48:00,2025-10-08 06:33:00,2025-10-08 05:48:56,2025-10-08 06:28:40,completed,regular,
T2510001045,R004,0,2025-10-08,WKDY_AUT25,SCH000031,V0045,,2025-10-08 05:51:00,2025-10-08 06:12:06,2025-10-08 05:51:44,2025-10-08 06:09:02,completed,regular,
T2510001046,R003,1,2025-10-08,WKDY_AUT25,SCH000026,V0037,,2025-10-08 05:55:00,2025-10-08 06:27:30,2025-10-08 05:55:00,2025-10-08 06:30:18,completed,regular,
T2510001047,R001,1,2025-10-08,WKDY_AUT25,SCH000006,V0003,,2025-10-08 05:56:00,2025-10-08 06:58:06,2025-10-08 05:56:00,2025-10-08 07:04:00,completed,regular,
T2510001048,R005,0,2025-10-08,WKDY_AUT25,SCH000041,V0049,,2025-10-08 05:58:00,2025-10-08 06:31:54,2025-10-08 06:00:51,2025-10-08 06:44:49,completed,regular,
T2510001049,R001,0,2025-10-08,WKDY_AUT25,SCH000001,V0004,,2025-10-08 06:00:00,2025-10-08 07:02:06,2025-10-08 06:04:40,2025-10-08 07:25:00,completed,regular,
T2510001050,R004,1,2025-10-08,WKDY_AUT25,SCH000036,V0046,,2025-10-08 06:02:00,2025-10-08 06:23:06,2025-10-08 06:02:28,2025-10-08 06:21:10,completed,regular,
T2510001051,R006,0,2025-10-08,WKDY_AUT25,SCH000051,V0055,,2025-10-08 06:05:00,2025-10-08 06:38:12,2025-10-08 06:05:00,2025-10-08 06:37:20,completed,regular,
T2510001052,R002,0,2025-10-08,WKDY_AUT25,SCH000011,V0027,,2025-10-08 06:07:00,2025-10-08 06:52:00,2025-10-08 06:07:00,2025-10-08 06:55:22,completed,regular,
T2510001053,R005,1,2025-10-08,WKDY_AUT25,SCH000046,V0050,,2025-10-08 06:09:00,2025-10-08 06:42:54,2025-10-08 06:11:04,2025-10-08 06:48:37,completed,regular,
T2510001054,R001,1,2025-10-08,WKDY_AUT25,SCH000006,V0005,,2025-10-08 06:11:00,2025-10-08 07:13:06,2025-10-08 06:11:28,2025-10-08 07:11:13,completed,regular,
T2510001055,R007,0,2025-10-08,WKDY_AUT25,SCH000061,V0059,,2025-10-08 06:12:00,2025-10-08 06:30:30,2025-10-08 06:12:44,2025-10-08 06:31:05,completed,regular,
T2510001056,R003,0,2025-10-08,WKDY_AUT25,SCH000021,V0038,,2025-10-08 06:14:00,2025-10-08 06:46:30,2025-10-08 06:19:54,2025-10-08 07:00:27,completed,regular,
T2510001057,R001,0,2025-10-08,WKDY_AUT25,SCH000001,V0006,,2025-10-08 06:15:00,2025-10-08 07:17:06,2025-10-08 06:17:16,2025-10-08 07:25:15,completed,regular,
T2510001058,,1,2025-10-08,WKDY_AUT25,SCH000056,V0056,,2025-10-08 06:16:00,2025-10-08 06:49:12,2025-10-08 06:18:41,2025-10-08 06:45:55,completed,regular,
T2510001059,R002,1,2025-10-08,WKDY_AUT25,SCH000016,V0028,,2025-10-08 06:18:00,2025-10-08 07:03:00,2025-10-08 06:22:39,2025-10-08 07:07:32,completed,regular,
T2510001060,R008,0,2025-10-08,WKDY_AUT25,SCH000071,V0063,,2025-10-08 06:19:00,2025-10-08 06:30:54,2025-10-08 06:23:34,2025-10-08 06:34:08,completed,regular,
T2510001061,R007,1,2025-10-08,WKDY_AUT25,SCH000066,V0060,,2025-10-08 06:23:00,2025-10-08 06:41:30,2025-10-08 06:23:25,2025-10-08 06:40:04,completed,regular,
T2510001062,R003,1,2025-10-08,WKDY_AUT25,SCH000026,V0039,,2025-10-08 06:25:00,2025-10-08 06:57:30,2025-10-08 06:25:00,2025-10-08 07:02:58,completed,regular,
T2510001063,R001,1,2025-10-08,WKDY_AUT25,SCH000006,V0007,,2025-10-08 06:26:00,2025-10-08 07:28:06,2025-10-08 06:26:00,2025-10-08 07:35:18,completed,regular,
T2510001064,R001,0,2025-10-08,WKDY_AUT25,SCH000001,V0008,,2025-10-08 06:30:00,2025-10-08 07:32:06,,,cancelled,regular,driver_shortage
T2510001065,R008,1,2025-10-08,WKDY_AUT25,SCH000076,V0064,,2025-10-08 06:30:00,2025-10-08 06:41:54,2025-10-08 06:31:04,2025-10-08 06:44:18,completed,regular,
T2510001066,R004,0,2025-10-08,WKDY_AUT25,SCH000031,V0047,,2025-10-08 06:36:00,2025-10-08 06:57:06,2025-10-08 06:37:59,2025-10-08 06:56:24,completed,regular,
T2510001067,R002,0,2025-10-08,WKDY_AUT25,SCH000011,V0029,,2025-10-08 06:37:00,2025-10-08 07:22:00,2025-10-08 06:38:12,2025-10-08 07:24:19,completed,regular,
T2510001068,R001,1,2025-10-08,WKDY_AUT25,SCH000006,V0008,,2025-10-08 06:41:00,2025-10-08 07:43:06,2025-10-08 06:44:13,2025-10-08 07:44:48,completed,regular,
T2510001069,R005,0,2025-10-08,WKDY_AUT25,SCH000041,V0051,,2025-10-08 06:43:00,2025-10-08 07:16:54,2025-10-08 06:43:29,2025-10-08 07:25:17,completed,regular,
T2510001070,R003,0,2025-10-08,WKDY_AUT25,SCH000021,V0040,,2025-10-08 06:44:00,2025-10-08 07:16:30,2025-10-08 06:48:53,2025-10-08 07:28:40,completed,regular,
T2510001071,R001,0,2025-10-08,WKDY_AUT25,SCH000001,V0009,,2025-10-08 06:45:00,2025-10-08 07:47:06,2025-10-08 06:45:00,2025-10-08 07:52:58,completed,regular,
T2510001072,R004,1,2025-10-08,WKDY_AUT25,SCH000036,V0048,,2025-10-08 06:47:00,2025-10-08 07:08:06,2025-10-08 06:47:00,2025-10-08 07:05:07,completed,regular,
T2510001073,R002,1,2025-10-08,WKDY_AUT25,SCH000016,V0030,,2025-10-08 06:48:00,2025-10-08 07:33:00,2025-10-08 06:52:24,2025-10-08 07:36:42,completed,regular,
T2510001074,R006,0,2025-10-08,WKDY_AUT25,SCH000051,V0057,,2025-10-08 06:50:00,2025-10-08 07:23:12,2025-10-08 06:50:16,2025-10-08 07:25:51,completed,regular,
T2510001075,R005,1,2025-10-08,WKDY_AUT25,SCH000046,V0052,,2025-10-08 06:54:00,2025-10-08 07:27:54,2025-10-08 06:54:33,2025-10-08 07:31:57,completed,regular,
T2510001076,R003,1,2025-10-08,WKDY_AUT25,SCH000026,V0041,,2025-10-08 06:55:00,2025-10-08 07:27:30,,,cancelled,regular,driver_shortage
T2510001077,R001,1,2025-10-08,WKDY_AUT25,SCH000006,V0010,,2025-10-08 06:56:00,2025-10-08 07:58:06,2025-10-08 06:57:07,2025-10-08 07:57:24,completed,regular,
T2510001078,R001,0,2025-10-08,WKDY_AUT25,SCH000002,V0011,,2025-10-08 07:00:00,2025-10-08 08:20:48,2025-10-08 07:01:57,2025-10-08 08:40:24,completed,regular,
T2510001079,R008,1,2025-10-08,WKDY_AUT25,SCH000077,V0062,,2025-10-08 07:00:00,2025-10-08 07:16:12,2025-10-08 07:00:37,2025-10-08 07:15:38,completed,regular,
T2510001080,R001,1,2025-10-08,WKDY_AUT25,SCH000007,V0012,,2025-10-08 07:01:00,2025-10-08 08:21:48,2025-10-08 07:02:05,2025-10-08 08:24:55,completed,regular,
T2510001081,R004,1,2025-10-08,WKDY_AUT25,SCH000037,V0045,,2025-10-08 07:02:00,2025-10-08 07:32:36,,,cancelled,regular,driver_shortage
T2510001082,R008,0,2025-10-08,WKDY_AUT25,SCH000072,V0063,,2025-10-08 07:04:00,2025-10-08 07:20:12,2025-10-08 07:05:24,2025-10-08 07:20:43,completed,regular,
T2510001083,R003,1,2025-10-08,WKDY_AUT25,SCH000027,V0041,,2025-10-08 07:05:00,2025-10-08 07:56:00,,,cancelled,regular,driver_shortage
T2510001084,R006,0,2025-10-08,WKDY_AUT25,SCH000052,V0058,,2025-10-08 07:05:00,2025-10-08 07:53:00,2025-10-08 07:05:43,2025-10-08 07:50:55,completed,regular,
T2510001085,,0,2025-10-08,WKDY_AUT25,SCH000012,V0031,,2025-10-08 07:07:00,2025-10-08 08:17:42,2025-10-08 07:07:06,2025-10-08 08:40:38,completed,regular,
T2510001086,R007,1,2025-10-08,WKDY_AUT25,SCH000067,V0061,,2025-10-08 07:08:00,2025-10-08 07:33:06,2025-10-08 07:11:15,2025-10-08 07:31:50,completed,regular,
T2510001087,R005,1,2025-10-08,WKDY_AUT25,SCH000047,V0053,,2025-10-08 07:09:00,2025-10-08 07:58:00,2025-10-08 07:12:31,2025-10-08 08:12:07,completed,regular,
T2510001088,R001,0,2025-10-08,WKDY_AUT25,SCH000002,V0013,,2025-10-08 07:10:00,2025-10-08 08:30:48,2025-10-08 07:10:00,2025-10-08 08:34:40,completed,regular,
T2510001089,R001,1,2025-10-08,WKDY_AUT25,SCH000007,V0014,,2025-10-08 07:11:00,2025-10-08 08:31:48,2025-10-08 07:12:03,2025-10-08 08:41:42,completed,regular,
T2510001090,R003,0,2025-10-08,WKDY_AUT25,SCH000022,V0041,,2025-10-08 07:14:00,2025-10-08 08:05:00,2025-10-08 07:14:14,2025-10-08 08:19:30,completed,regular,
T2510001091,R006,1,2025-10-08,WKDY_AUT25,SCH000057,V0054,,2025-10-08 07:16:00,2025-10-08 08:04:00,2025-10-08 07:17:27,2025-10-08 08:06:35,completed,regular,
T2510001092,R002,1,2025-10-08,WKDY_AUT25,SCH000017,V0032,,2025-10-08 07:18:00,2025-10-08 08:28:42,2025-10-08 07:19:08,2025-10-08 08:41:14,completed,regular,
T2510001093,R001,0,2025-10-08,WKDY_AUT25,SCH000002,V0015,,2025-10-08 07:20:00,2025-10-08 08:40:48,,,cancelled,regular,driver_shortage
T2510001094,R001,1,2025-10-08,WKDY_AUT25,SCH000007,V0015,,2025-10-08 07:21:00,2025-10-08 08:41:48,2025-10-08 07:24:57,2025-10-08 09:04:08,completed,regular,
T2510001095,R004,0,2025-10-08,WKDY_AUT25,SCH000032,V0045,,2025-10-08 07:21:00,2025-10-08 07:51:36,2025-10-08 07:21:57,2025-10-08 07:52:26,completed,regular,
T2510001096,R003,1,2025-10-08,WKDY_AUT25,SCH000027,V0042,,2025-10-08 07:25:00,2025-10-08 08:16:00,2025-10-08 07:25:00,2025-10-08 08:41:19,completed,regular,
T2510001097,R002,0,2025-10-08,WKDY_AUT25,SCH000012,V0033,,2025-10-08 07:27:00,2025-10-08 08:37:42,2025-10-08 07:28:19,2025-10-08 08:43:14,completed,regular,
T2510001098,R005,0,2025-10-08,WKDY_AUT25,SCH000042,V0049,,2025-10-08 07:28:00,2025-10-08 08:17:00,2025-10-08 07:29:12,2025-10-08 08:33:48,completed,regular,
T2510001099,R001,0,2025-10-08,WKDY_AUT25,SCH000002,V0016,,2025-10-08 07:30:00,2025-10-08 08:50:48,2025-10-08 07:30:15,2025-10-08 09:05:01,completed,regular,
T2510001100,R001,1,2025-10-08,WKDY_AUT25,SCH000007,V0017,,2025-10-08 07:31:00,2025-10-08 08:51:48,2025-10-08 07:37:00,2025-10-08 09:07:12,completed,regular,
T2510001101,R004,1,2025-10-08,WKDY_AUT25,SCH000037,V0046,,2025-10-08 07:32:00,2025-10-08 08:02:36,2025-10-08 07:37:32,2025-10-08 08:16:07,completed,regular,
T2510001102,R003,0,2025-10-08,WKDY_AUT25,SCH000022,V0043,,2025-10-08 07:34:00,2025-10-08 08:25:00,2025-10-08 07:35:19,2025-10-08 08:37:41,completed,regular,
T2510001103,R006,0,2025-10-08,WKDY_AUT25,SCH000052,V0055,,2025-10-08 07:35:00,2025-10-08 08:23:00,2025-10-08 07:36:48,2025-10-08 08:27:22,completed,regular,
T2510001104,R002,1,2025-10-08,WKDY_AUT25,SCH000017,V0034,,2025-10-08 07:38:00,2025-10-08 08:48:42,2025-10-08 07:38:00,2025-10-08 08:54:45,completed,regular,
T2510001105,R005,1,2025-10-08,WKDY_AUT25,SCH000047,V0050,,2025-10-08 07:39:00,2025-10-08 08:28:00,2025-10-08 07:39:00,2025-10-08 08:41:15,completed,regular,
T2510001106,R001,0,2025-10-08,WKDY_AUT25,SCH000002,V0018,,2025-10-08 07:40:00,2025-10-08 09:00:48,2025-10-08 07:41:05,2025-10-08 09:19:31,completed,regular,
T2510001107,R001,1,2025-10-08,WKDY_AUT25,SCH000007,V0019,,2025-10-08 07:41:00,2025-10-08 09:01:48,2025-10-08 07:41:48,2025-10-08 09:02:34,completed,regular,
T2510001108,R007,0,2025-10-08,WKDY_AUT25,SCH000062,V0059,,2025-10-08 07:42:00,2025-10-08 08:07:06,2025-10-08 07:42:09,2025-10-08 08:07:33,completed,regular,
T2510001109,R003,1,2025-10-08,WKDY_AUT25,SCH000027,V0044,,2025-10-08 07:45:00,2025-10-08 08:36:00,2025-10-08 07:46:44,2025-10-08 08:45:38,completed,regular,
T2510001110,R008,1,2025-10-08,WKDY_AUT25,SCH000077,V0064,,2025-10-08 07:45:00,2025-10-08 08:01:12,2025-10-08 07:45:00,2025-10-08 07:59:51,completed,regular,
T2510001111,R006,1,2025-10-08,WKDY_AUT25,SCH000057,V0056,,2025-10-08 07:46:00,2025-10-08 08:34:00,2025-10-08 07:46:00,2025-10-08 08:36:26,completed,regular,
T2510001112,R002,0,2025-10-08,WKDY_AUT25,SCH000012,V0035,,2025-10-08 07:47:00,2025-10-08 08:57:42,2025-10-08 07:49:27,2025-10-08 09:04:48,completed,regular,
T2510001113,R008,0,2025-10-08,WKDY_AUT25,SCH000072,V0062,,2025-10-08 07:49:00,2025-10-08 08:05:12,2025-10-08 07:54:18,2025-10-08 08:08:37,completed,regular,
T2510001114,R001,0,2025-10-08,WKDY_AUT25,SCH000002,V0020,,2025-10-08 07:50:00,2025-10-08 09:10:48,,,cancelled,regular,driver_shortage
T2510001115,R001,1,2025-10-08,WKDY_AUT25,SCH000007,V0020,,2025-10-08 07:51:00,2025-10-08 09:11:48,2025-10-08 07:54:11,2025-10-08 09:25:17,completed,regular,
T2510001116,R004,0,2025-10-08,WKDY_AUT25,SCH000032,V0047,,2025-10-08 07:51:00,2025-10-08 08:21:36,2025-10-08 07:51:42,2025-10-08 08:21:58,completed,regular,
T2510001117,R007,1,2025-10-08,WKDY_AUT25,SCH000067,V0060,,2025-10-08 07:53:00,2025-10-08 08:18:06,2025-10-08 07:53:00,2025-10-08 08:19:01,completed,regular,
T2510001118,R003,0,2025-10-08,WKDY_AUT25,SCH000022,V0037,,2025-10-08 07:54:00,2025-10-08 08:45:00,2025-10-08 07:55:23,2025-10-08 08:56:58,completed,regular,
T2510001119,R002,1,2025-10-08,WKDY_AUT25,SCH000017,V0025,,2025-10-08 07:58:00,2025-10-08 09:08:42,2025-10-08 07:58:22,2025-10-08 09:21:24,completed,regular,
T2510001120,R005,0,2025-10-08,WKDY_AUT25,SCH000042,V0051,,2025-10-08 07:58:00,2025-10-08 08:47:00,2025-10-08 07:58:22,2025-10-08 08:55:32,completed,regular,
T2510001121,R001,0,2025-10-08,WKDY_AUT25,SCH000002,V0021,,2025-10-08 08:00:00,2025-10-08 09:20:48,2025-10-08 08:00:00,2025-10-08 09:32:11,completed,regular,
T2510001122,R001,1,2025-10-08,WKDY_AUT25,SCH000007,V0022,,2025-10-08 08:01:00,2025-10-08 09:21:48,2025-10-08 08:01:00,2025-10-08 09:24:45,completed,regular,
T2510001123,R004,1,2025-10-08,WKDY_AUT25,SCH000037,V0048,,2025-10-08 08:02:00,2025-10-08 08:32:36,2025-10-08 08:03:50,2025-10-08 08:33:38,completed,regular,
T2510001124,R003,1,2025-10-08,WKDY_AUT25,SCH000027,V0036,,2025-10-08 08:05:00,2025-10-08 08:56:00,2025-10-08 08:05:00,2025-10-08 09:11:58,completed,regular,
T2510001125,R006,0,2025-10-08,WKDY_AUT25,SCH000052,V0057,,2025-10-08 08:05:00,2025-10-08 08:53:00,2025-10-08 08:06:17,2025-10-08 08:56:46,completed,regular,
T2510001126,R002,0,2025-10-08,WKDY_AUT25,SCH000012,V0026,,2025-10-08 08:07:00,2025-10-08 09:17:42,2025-10-08 08:07:35,2025-10-08 09:24:02,completed,regular,
T2510001127,R005,1,2025-10-08,WKDY_AUT25,SCH000047,V0052,,2025-10-08 08:09:00,2025-10-08 08:58:00,,,cancelled,regular,driver_shortage
T2510001128,R001,0,2025-10-08,WKDY_AUT25,SCH000002,V0023,,2025-10-08 08:10:00,2025-10-08 09:30:48,2025-10-08 08:11:34,2025-10-08 09:37:49,completed,regular,
T2510001129,R001,1,2025-10-08,WKDY_AUT25,SCH000007,V0024,,2025-10-08 08:11:00,2025-10-08 09:31:48,2025-10-08 08:11:48,2025-10-08 09:53:26,completed,regular,
T2510001130,R003,0,2025-10-08,WKDY_AUT25,SCH000022,V0038,,2025-10-08 08:14:00,2025-10-08 09:05:00,2025-10-08 08:14:00,2025-10-08 09:14:06,completed,regular,
T2510001131,R006,1,2025-10-08,WKDY_AUT25,SCH000057,V0058,,2025-10-08 08:16:00,2025-10-08 09:04:00,2025-10-08 08:17:24,2025-10-08 09:04:07,completed,regular,
T2510001132,R002,1,2025-10-08,WKDY_AUT25,SCH000017,V0027,,2025-10-08 08:18:00,2025-10-08 09:28:42,,,cancelled,regular,driver_shortage
T2510001133,R001,0,2025-10-08,WKDY_AUT25,SCH000002,V0001,,2025-10-08 08:20:00,2025-10-08 09:40:48,2025-10-08 08:20:19,2025-10-08 09:48:39,completed,regular,
T2510001134,R001,1,2025-10-08,WKDY_AUT25,SCH000007,V0002,,2025-10-08 08:21:00,2025-10-08 09:41:48,2025-10-08 08:21:00,2025-10-08 09:37:23,completed,regular,
T2510001135,R004,0,2025-10-08,WKDY_AUT25,SCH000032,V0045,,2025-10-08 08:21:00,2025-10-08 08:51:36,2025-10-08 08:21:00,2025-10-08 08:51:47,completed,regular,
T2510001136,R003,1,2025-10-08,WKDY_AUT25,SCH000027,V0039,,2025-10-08 08:25:00,2025-10-08 09:16:00,2025-10-08 08:26:57,2025-10-08 09:30:18,completed,regular,
T2510001137,R002,0,2025-10-08,WKDY_AUT25,SCH000012,V0027,,2025-10-08 08:27:00,2025-10-08 09:37:42,2025-10-08 08:28:11,2025-10-08 09:48:01,completed,regular,
T2510001138,R007,0,2025-10-08,WKDY_AUT25,SCH000062,V0061,,2025-10-08 08:27:00,2025-10-08 08:52:06,,,cancelled,regular,driver_shortage
T2510001139,R005,0,2025-10-08,WKDY_AUT25,SCH000042,V0052,,2025-10-08 08:28:00,2025-10-08 09:17:00,2025-10-08 08:29:30,2025-10-08 09:31:41,completed,regular,
T2510001140,R001,0,2025-10-08,WKDY_AUT25,SCH000002,V0003,,2025-10-08 08:30:00,2025-10-08 09:50:48,2025-10-08 08:31:14,2025-10-08 10:07:17,completed,regular,
T2510001141,R008,1,2025-10-08,WKDY_AUT25,SCH000077,V0063,,2025-10-08 08:30:00,2025-10-08 08:46:12,2025-10-08 08:30:00,2025-10-08 08:44:48,completed,regular,
T2510001142,R001,1,2025-10-08,WKDY_AUT25,SCH000007,V0005,,2025-10-08 08:31:00,2025-10-08 09:51:48,2025-10-08 08:31:00,2025-10-08 09:51:58,completed,regular,
T2510001143,R004,1,2025-10-08,WKDY_AUT25,SCH000037,,,2025-10-08 08:32:00,2025-10-08 09:02:36,2025-10-08 08:35:23,2025-10-08 09:03:39,completed,regular,
T2510001144,R003,0,2025-10-08,WKDY_AUT25,SCH000022,V0040,,2025-10-08 08:34:00,2025-10-08 09:25:00,2025-10-08 08:36:28,2025-10-08 09:37:32,completed,regular,
T2510001145,R008,0,2025-10-08,WKDY_AUT25,SCH000072,V0064,,2025-10-08 08:34:00,2025-10-08 08:50:12,2025-10-08 08:35:26,2025-10-08 08:52:42,completed,regular,
T2510001146,R006,0,2025-10-08,WKDY_AUT25,SCH000052,V0054,,2025-10-08 08:35:00,2025-10-08 09:23:00,2025-10-08 08:35:00,2025-10-08 09:24:55,completed,regular,
T2510001147,R002,1,2025-10-08,WKDY_AUT25,SCH000017,V0028,,2025-10-08 08:38:00,2025-10-08 09:48:42,2025-10-08 08:38:00,2025-10-08 10:08:41,completed,regular,
T2510001148,R007,1,2025-10-08,WKDY_AUT25,SCH000067,V0061,,2025-10-08 08:38:00,2025-10-08 09:03:06,2025-10-08 08:38:29,2025-10-08 09:04:08,completed,regular,
T2510001149,R005,1,2025-10-08,WKDY_AUT25,SCH000047,V0053,,2025-10-08 08:39:00,2025-10-08 09:28:00,2025-10-08 08:39:00,2025-10-08 09:46:02,completed,regular,
T2510001150,R001,0,2025-10-08,WKDY_AUT25,SCH000002,V0004,,2025-10-08 08:40:00,2025-10-08 10:00:48,2025-10-08 08:40:00,2025-10-08 10:15:58,completed,regular,
T2510001151,R001,1,2025-10-08,WKDY_AUT25,SCH000007,V0006,,2025-10-08 08:41:00,2025-10-08 10:01:48,2025-10-08 08:45:35,2025-10-08 10:26:27,completed,regular,
T2510001152,R003,1,2025-10-08,WKDY_AUT25,SCH000027,V0041,,2025-10-08 08:45:00,2025-10-08 09:36:00,2025-10-08 08:45:31,2025-10-08 09:54:26,completed,regular,
T2510001153,R006,1,2025-10-08,WKDY_AUT25,SCH000057,V0055,,2025-10-08 08:46:00,2025-10-08 09:34:00,2025-10-08 08:48:13,2025-10-08 09:42:46,completed,regular,
T2510001154,R002,0,2025-10-08,WKDY_AUT25,SCH000012,V0029,,2025-10-08 08:47:00,2025-10-08 09:57:42,2025-10-08 08:47:46,2025-10-08 10:06:12,completed,regular,
T2510001155,R001,0,2025-10-08,WKDY_AUT25,SCH000002,V0007,,2025-10-08 08:50:00,2025-10-08 10:10:48,,,cancelled,regular,driver_shortage
T2510001156,R001,1,2025-10-08,WKDY_AUT25,SCH000007,V0007,,2025-10-08 08:51:00,2025-10-08 10:11:48,2025-10-08 08:51:31,2025-10-08 10:12:33,completed,regular,
T2510001157,R004,0,2025-10-08,WKDY_AUT25,SCH000032,V0047,,2025-10-08 08:51:00,2025-10-08 09:21:36,2025-10-08 08:53:33,2025-10-08 09:23:10,completed,regular,
T2510001158,R003,0,2025-10-08,WKDY_AUT25,SCH000022,V0043,,2025-10-08 08:54:00,2025-10-08 09:45:00,2025-10-08 08:54:01,2025-10-08 09:58:31,completed,regular,
T2510001159,R002,1,2025-10-08,WKDY_AUT25,SCH000017,V0030,,2025-10-08 08:58:00,2025-10-08 10:08:42,2025-10-08 08:58:00,2025-10-08 10:11:28,completed,regular,
T2510001160,R005,0,2025-10-08,WKDY_AUT25,SCH000042,V0049,,2025-10-08 08:58:00,2025-10-08 09:47:00,2025-10-08 08:59:01,2025-10-08 09:58:18,completed,regular,
T2510001161,R001,0,2025-10-08,WKDY_AUT25,SCH000002,V0008,,2025-10-08 09:00:00,2025-10-08 10:20:48,,,cancelled,regular,driver_shortage
T2510001162,R001,1,2025-10-08,WKDY_AUT25,SCH000007,V0008,,2025-10-08 09:01:00,2025-10-08 10:21:48,2025-10-08 09:01:26,2025-10-08 10:31:21,completed,regular,
T2510001163,R004,1,2025-10-08,WKDY_AUT25,SCH000037,V0048,,2025-10-08 09:02:00,2025-10-08 09:32:36,2025-10-08 09:05:53,2025-10-08 09:37:40,completed,regular,
T2510001164,R003,1,2025-10-08,WKDY_AUT25,SCH000027,V0042,,2025-10-08 09:05:00,2025-10-08 09:56:00,2025-10-08 09:08:45,2025-10-08 10:12:57,completed,regular,
T2510001165,R006,0,2025-10-08,WKDY_AUT25,SCH000052,V0056,,2025-10-08 09:05:00,2025-10-08 09:53:00,2025-10-08 09:08:11,2025-10-08 09:56:40,completed,regular,
T2510001166,R002,0,2025-10-08,WKDY_AUT25,SCH000012,V0031,,2025-10-08 09:07:00,2025-10-08 10:17:42,2025-10-08 09:08:28,2025-10-08 10:27:39,completed,regular,
T2510001167,R005,1,2025-10-08,WKDY_AUT25,SCH000047,V0050,,2025-10-08 09:09:00,2025-10-08 09:58:00,2025-10-08 09:11:08,2025-10-08 10:13:18,completed,regular,
T2510001168,R001,0,2025-10-08,WKDY_AUT25,SCH000002,V0009,,2025-10-08 09:10:00,2025-10-08 10:30:48,2025-10-08 09:11:10,2025-10-08 11:00:37,completed,regular,
T2510001169,R001,1,2025-10-08,WKDY_AUT25,SCH000007,V0010,,2025-10-08 09:11:00,2025-10-08 10:31:48,2025-10-08 09:11:00,2025-10-08 10:54:35,completed,regular,
T2510001170,R007,0,2025-10-08,WKDY_AUT25,SCH000062,V0059,,2025-10-08 09:12:00,2025-10-08 09:37:06,,,cancelled,regular,driver_shortage
T2510001171,R003,0,2025-10-08,WKDY_AUT25,SCH000022,V0044,,2025-10-08 09:14:00,2025-10-08 10:05:00,2025-10-08 09:18:48,2025-10-08 10:22:45,completed,regular,
T2510001172,R008,1,2025-10-08,WKDY_AUT25,SCH000077,V0062,,2025-10-08 09:15:00,2025-10-08 09:31:12,2025-10-08 09:15:00,2025-10-08 09:32:40,completed,regular,
T2510001173,R006,1,2025-10-08,WKDY_AUT25,SCH000057,V0057,,2025-10-08 09:16:00,2025-10-08 10:04:00,,,cancelled,regular,driver_shortage
T2510001174,R002,1,2025-10-08,WKDY_AUT25,SCH000017,V0032,,2025-10-08 09:18:00,2025-10-08 10:28:42,2025-10-08 09:18:44,2025-10-08 10:35:36,completed,regular,
T2510001175,R008,0,2025-10-08,WKDY_AUT25,SCH000072,V0063,,2025-10-08 09:19:00,2025-10-08 09:35:12,,,cancelled,regular,driver_shortage
T2510001176,R001,0,2025-10-08,WKDY_AUT25,SCH000002,V0012,,2025-10-08 09:20:00,2025-10-08 10:40:48,2025-10-08 09:23:00,2025-10-08 10:59:49,completed,regular,
T2510001177,R001,1,2025-10-08,WKDY_AUT25,SCH000007,V0013,,2025-10-08 09:21:00,2025-10-08 10:41:48,2025-10-08 09:21:04,2025-10-08 10:56:58,completed,regular,
T2510001178,R004,0,2025-10-08,WKDY_AUT25,SCH000032,V0045,,2025-10-08 09:21:00,2025-10-08 09:51:36,2025-10-08 09:21:00,2025-10-08 09:49:50,completed,regular,
T2510001179,R007,1,2025-10-08,WKDY_AUT25,SCH000067,V0059,,2025-10-08 09:23:00,2025-10-08 09:48:06,2025-10-08 09:28:00,2025-10-08 09:52:30,completed,regular,
T2510001180,R003,1,2025-10-08,WKDY_AUT25,SCH000027,V0037,,2025-10-08 09:25:00,2025-10-08 10:16:00,2025-10-08 09:25:00,2025-10-08 10:21:39,completed,regular,
T2510001181,R002,0,2025-10-08,WKDY_AUT25,SCH000012,V0033,,2025-10-08 09:27:00,2025-10-08 10:37:42,2025-10-08 09:27:00,2025-10-08 10:43:39,completed,regular,
T2510001182,R005,0,2025-10-08,WKDY_AUT25,SCH000042,V0051,,2025-10-08 09:28:00,2025-10-08 10:17:00,2025-10-08 09:28:00,2025-10-08 10:29:14,completed,regular,
T2510001183,R001,0,2025-10-08,WKDY_AUT25,SCH000002,V0011,,2025-10-08 09:30:00,2025-10-08 10:50:48,2025-10-08 09:34:01,2025-10-08 11:08:20,completed,regular,
T2510001184,R001,1,2025-10-08,WKDY_AUT25,SCH000007,V0014,,2025-10-08 09:31:00,2025-10-08 10:51:48,2025-10-08 09:33:59,2025-10-08 11:09:45,completed,regular,
T2510001185,R004,1,2025-10-08,WKDY_AUT25,SCH000037,V0046,,2025-10-08 09:32:00,2025-10-08 10:02:36,2025-10-08 09:32:59,2025-10-08 10:00:31,completed,regular,
T2510001186,R003,0,2025-10-08,WKDY_AUT25,SCH000022,V0036,,2025-10-08 09:34:00,2025-10-08 10:25:00,,,cancelled,regular,driver_shortage
T2510001187,R006,0,2025-10-08,WKDY_AUT25,SCH000052,V0057,,2025-10-08 09:35:00,2025-10-08 10:23:00,2025-10-08 09:35:42,2025-10-08 10:23:48,completed,regular,
T2510001188,R002,1,2025-10-08,WKDY_AUT25,SCH000017,V0034,,2025-10-08 09:38:00,2025-10-08 10:48:42,2025-10-08 09:39:03,2025-10-08 11:02:20,completed,regular,
T2510001189,R005,1,2025-10-08,WKDY_AUT25,SCH000047,V0052,,2025-10-08 09:39:00,2025-10-08 10:28:00,2025-10-08 09:39:32,2025-10-08 10:34:16,completed,regular,
T2510001190,R001,0,2025-10-08,WKDY_AUT25,SCH000002,V0019,,2025-10-08 09:40:00,2025-10-08 11:00:48,2025-10-08 09:40:24,2025-10-08 11:02:22,completed,regular,
T2510001191,R001,1,2025-10-08,WKDY_AUT25,SCH000007,V0015,,2025-10-08 09:41:00,2025-10-08 11:01:48,2025-10-08 09:46:36,2025-10-08 11:15:18,completed,regular,
T2510001192,R003,1,2025-10-08,WKDY_AUT25,SCH000027,V0036,,2025-10-08 09:45:00,2025-10-08 10:36:00,2025-10-08 09:45:00,2025-10-08 10:46:06,completed,regular,
T2510001193,R006,1,2025-10-08,WKDY_AUT25,SCH000057,V0058,,2025-10-08 09:46:00,2025-10-08 10:34:00,2025-10-08 09:46:11,2025-10-08 10:37:14,completed,regular,
T2510001194,R002,0,2025-10-08,WKDY_AUT25,SCH000012,V0035,,2025-10-08 09:47:00,2025-10-08 10:57:42,2025-10-08 09:48:25,2025-10-08 11:10:45,completed,regular,
T2510001195,R001,0,2025-10-08,WKDY_AUT25,SCH000002,V0016,,2025-10-08 09:50:00,2025-10-08 11:10:48,2025-10-08 09:50:52,2025-10-08 11:25:28,completed,regular,
T2510001196,R001,1,2025-10-08,WKDY_AUT25,SCH000007,V0017,,2025-10-08 09:51:00,2025-10-08 11:11:48,2025-10-08 09:51:07,2025-10-08 11:11:18,completed,regular,
T2510001197,R004,0,2025-10-08,WKDY_AUT25,SCH000032,V0047,,2025-10-08 09:51:00,2025-10-08 10:21:36,2025-10-08 09:53:19,2025-10-08 10:25:31,completed,regular,
T2510001198,R003,0,2025-10-08,WKDY_AUT25,SCH000022,V0038,,2025-10-08 09:54:00,2025-10-08 10:45:00,2025-10-08 09:58:43,2025-10-08 11:16:04,completed,regular,
T2510001199,R007,0,2025-10-08,WKDY_AUT25,SCH000062,V0060,,2025-10-08 09:57:00,2025-10-08 10:22:06,2025-10-08 09:57:00,2025-10-08 10:36:51,completed,regular,
T2510001199,R007,0,2025-10-08,WKDY_AUT25,SCH000062,V0060,,2025-10-08 09:57:00,2025-10-08 10:22:06,2025-10-08 09:57:00,2025-10-08 10:36:51,completed,regular,
T2510001200,R002,1,2025-10-08,WKDY_AUT25,SCH000017,V0025,,2025-10-08 09:58:00,2025-10-08 11:08:42,2025-10-08 09:58:00,2025-10-08 11:08:16,completed,regular,
T2510001201,R005,0,2025-10-08,WKDY_AUT25,SCH000042,V0053,,2025-10-08 09:58:00,2025-10-08 10:47:00,2025-10-08 09:58:00,2025-10-08 11:02:21,completed,regular,
T2510001202,R001,0,2025-10-08,WKDY_AUT25,SCH000003,V0018,,2025-10-08 10:00:00,2025-10-08 11:10:18,2025-10-08 10:00:49,2025-10-08 11:17:22,completed,regular,
T2510001203,R008,1,2025-10-08,WKDY_AUT25,SCH000078,V0063,,2025-10-08 10:00:00,2025-10-08 10:14:30,2025-10-08 10:00:25,2025-10-08 10:12:18,completed,regular,
T2510001204,R002,0,2025-10-08,WKDY_AUT25,SCH000013,V0026,,2025-10-08 10:07:00,2025-10-08 11:05:12,,,cancelled,regular,driver_shortage
T2510001205,R001,1,2025-10-08,WKDY_AUT25,SCH000008,V0022,,2025-10-08 10:11:00,2025-10-08 11:21:18,2025-10-08 10:11:00,2025-10-08 11:31:06,completed,regular,
T2510001206,R003,0,2025-10-08,WKDY_AUT25,SCH000023,V0039,,2025-10-08 10:14:00,2025-10-08 10:56:00,2025-10-08 10:19:23,2025-10-08 11:32:34,completed,regular,
T2510001207,R001,0,2025-10-08,WKDY_AUT25,SCH000003,V0020,,2025-10-08 10:15:00,2025-10-08 11:25:18,,,cancelled,regular,driver_shortage
T2510001208,R002,1,2025-10-08,WKDY_AUT25,SCH000018,V0026,,2025-10-08 10:18:00,2025-10-08 11:16:12,2025-10-08 10:19:16,2025-10-08 11:13:48,completed,regular,
T2510001209,R004,0,2025-10-08,WKDY_AUT25,SCH000033,V0048,,2025-10-08 10:21:00,2025-10-08 10:47:06,2025-10-08 10:23:11,2025-10-08 10:45:03,completed,regular,
T2510001210,R003,1,2025-10-08,WKDY_AUT25,SCH000028,V0040,,2025-10-08 10:25:00,2025-10-08 11:07:00,2025-10-08 10:27:23,2025-10-08 11:46:00,completed,regular,
T2510001211,R001,1,2025-10-08,WKDY_AUT25,SCH000008,V0020,,2025-10-08 10:26:00,2025-10-08 11:36:18,2025-10-08 10:28:02,2025-10-08 11:43:44,completed,regular,
T2510001212,R005,0,2025-10-08,WKDY_AUT25,SCH000043,V0049,,2025-10-08 10:28:00,2025-10-08 11:09:48,2025-10-08 10:30:04,2025-10-08 11:18:15,completed,regular,
T2510001213,R001,0,2025-10-08,WKDY_AUT25,SCH000003,V0021,,2025-10-08 10:30:00,2025-10-08 11:40:18,,,cancelled,regular,driver_shortage
T2510001214,R004,1,2025-10-08,WKDY_AUT25,SCH000038,V0045,,2025-10-08 10:32:00,2025-10-08 10:58:06,2025-10-08 10:32:40,2025-10-08 10:58:40,completed,regular,
T2510001215,R006,0,2025-10-08,WKDY_AUT25,SCH000053,V0054,,2025-10-08 10:35:00,2025-10-08 11:16:00,2025-10-08 10:36:00,2025-10-08 11:15:19,completed,regular,
T2510001216,R002,0,2025-10-08,WKDY_AUT25,SCH000013,V0027,,2025-10-08 10:37:00,2025-10-08 11:35:12,,,cancelled,regular,driver_shortage
T2510001217,R005,1,2025-10-08,WKDY_AUT25,SCH000048,V0050,,2025-10-08 10:39:00,2025-10-08 11:20:48,2025-10-08 10:44:00,2025-10-08 11:31:32,completed,regular,
T2510001218,R001,1,2025-10-08,WKDY_AUT25,SCH000008,V0021,,2025-10-08 10:41:00,2025-10-08 11:51:18,2025-10-08 10:43:06,2025-10-08 12:03:29,completed,regular,
T2510001219,R007,0,2025-10-08,WKDY_AUT25,SCH000063,V0061,,2025-10-08 10:42:00,2025-10-08 11:04:30,2025-10-08 10:47:49,2025-10-08 11:10:32,completed,regular,
T2510001220,R003,0,2025-10-08,WKDY_AUT25,SCH000023,V0041,,2025-10-08 10:44:00,2025-10-08 11:26:00,2025-10-08 10:44:25,2025-10-08 11:57:41,completed,regular,
T2510001221,R001,0,2025-10-08,WKDY_AUT25,SCH000003,V0002,,2025-10-08 10:45:00,2025-10-08 11:55:18,2025-10-08 10:45:03,2025-10-08 12:24:30,completed,regular,
T2510001222,R006,1,2025-10-08,WKDY_AUT25,SCH000058,V0055,,2025-10-08 10:46:00,2025-10-08 11:27:00,2025-10-08 10:46:14,2025-10-08 11:22:33,completed,regular,
T2510001223,R002,1,2025-10-08,WKDY_AUT25,SCH000018,V0027,,2025-10-08 10:48:00,2025-10-08 11:46:12,2025-10-08 10:49:23,2025-10-08 11:54:50,completed,regular,
T2510001224,R008,0,2025-10-08,WKDY_AUT25,SCH000073,V0064,,2025-10-08 10:49:00,2025-10-08 11:03:30,2025-10-08 10:49:00,2025-10-08 11:03:29,completed,regular,
T2510001225,R007,1,2025-10-08,WKDY_AUT25,SCH000068,V0059,,2025-10-08 10:53:00,2025-10-08 11:15:30,2025-10-08 10:53:37,2025-10-08 11:16:31,completed,regular,
T2510001226,R003,1,2025-10-08,WKDY_AUT25,SCH000028,V0043,,2025-10-08 10:55:00,2025-10-08 11:37:00,2025-10-08 10:56:33,2025-10-08 12:20:57,completed,regular,
T2510001227,R001,1,2025-10-08,WKDY_AUT25,SCH000008,V0023,,2025-10-08 10:56:00,2025-10-08 12:06:18,2025-10-08 11:00:06,2025-10-08 12:17:59,completed,regular,
T2510001228,R001,0,2025-10-08,WKDY_AUT25,SCH000003,V0001,,2025-10-08 11:00:00,2025-10-08 12:10:18,,,cancelled,regular,driver_shortage
T2510001229,R002,0,2025-10-08,WKDY_AUT25,SCH000013,V0029,,2025-10-08 11:07:00,2025-10-08 12:05:12,2025-10-08 11:07:00,2025-10-08 12:16:00,completed,regular,
T2510001230,R001,1,2025-10-08,WKDY_AUT25,SCH000008,V0001,,2025-10-08 11:11:00,2025-10-08 12:21:18,,,cancelled,regular,driver_shortage
T2510001231,R003,0,2025-10-08,WKDY_AUT25,SCH000023,V0042,,2025-10-08 11:14:00,2025-10-08 11:56:00,2025-10-08 11:14:00,2025-10-08 12:19:42,completed,regular,
T2510001232,R001,0,2025-10-08,WKDY_AUT25,SCH000003,V0001,,2025-10-08 11:15:00,2025-10-08 12:25:18,2025-10-08 11:15:55,2025-10-08 12:37:26,completed,regular,
T2510001233,R002,1,2025-10-08,WKDY_AUT25,SCH000018,V0028,,2025-10-08 11:18:00,2025-10-08 12:16:12,2025-10-08 11:22:42,2025-10-08 12:25:38,completed,regular,
T2510001234,R004,0,2025-10-08,WKDY_AUT25,SCH000033,V0046,,2025-10-08 11:21:00,2025-10-08 11:47:06,2025-10-08 11:22:34,2025-10-08 11:45:55,completed,regular,
T2510001235,R003,1,2025-10-08,WKDY_AUT25,SCH000028,V0037,,2025-10-08 11:25:00,2025-10-08 12:07:00,,,cancelled,regular,road_closure
T2510001236,R001,1,2025-10-08,WKDY_AUT25,SCH000008,V0005,,2025-10-08 11:26:00,2025-10-08 12:36:18,2025-10-08 11:26:07,2025-10-08 12:56:26,completed,regular,
T2510001237,R005,0,2025-10-08,WKDY_AUT25,SCH000043,V0051,,2025-10-08 11:28:00,2025-10-08 12:09:48,2025-10-08 11:33:29,2025-10-08 12:22:55,completed,regular,
T2510001237,R005,0,2025-10-08,WKDY_AUT25,SCH000043,V0051,,2025-10-08 11:28:00,2025-10-08 12:09:48,2025-10-08 11:33:29,2025-10-08 12:22:55,completed,regular,
T2510001238,R001,0,2025-10-08,WKDY_AUT25,SCH000003,V0024,,2025-10-08 11:30:00,2025-10-08 12:40:18,2025-10-08 11:31:08,2025-10-08 12:45:32,completed,regular,
T2510001239,R008,1,2025-10-08,WKDY_AUT25,SCH000078,V0062,,2025-10-08 11:30:00,2025-10-08 11:44:30,2025-10-08 11:30:40,2025-10-08 11:45:58,completed,regular,
T2510001240,R004,1,2025-10-08,WKDY_AUT25,SCH000038,V0047,,2025-10-08 11:32:00,2025-10-08 11:58:06,2025-10-08 11:32:02,2025-10-08 11:55:28,completed,regular,
T2510001241,R006,0,2025-10-08,WKDY_AUT25,SCH000053,V0056,,2025-10-08 11:35:00,2025-10-08 12:16:00,2025-10-08 11:35:54,2025-10-08 12:13:39,completed,regular,
T2510001242,R002,0,2025-10-08,WKDY_AUT25,SCH000013,V0030,,2025-10-08 11:37:00,2025-10-08 12:35:12,2025-10-08 11:38:07,2025-10-08 12:43:01,completed,regular,
T2510001243,R005,1,2025-10-08,WKDY_AUT25,SCH000048,V0052,,2025-10-08 11:39:00,2025-10-08 12:20:48,2025-10-08 11:39:42,2025-10-08 12:29:40,completed,regular,
T2510001244,R001,1,2025-10-08,WKDY_AUT25,SCH000008,,,2025-10-08 11:41:00,2025-10-08 12:51:18,2025-10-08 11:41:14,2025-10-08 12:49:08,completed,regular,
T2510001245,R003,0,2025-10-08,WKDY_AUT25,SCH000023,V0037,,2025-10-08 11:44:00,2025-10-08 12:26:00,2025-10-08 11:48:24,2025-10-08 12:53:54,completed,regular,
T2510001245,R003,0,2025-10-08,WKDY_AUT25,SCH000023,V0037,,2025-10-08 11:44:00,2025-10-08 12:26:00,2025-10-08 11:48:24,2025-10-08 12:53:54,completed,regular,
T2510001246,R001,0,2025-10-08,WKDY_AUT25,SCH000003,V0007,,2025-10-08 11:45:00,2025-10-08 12:55:18,2025-10-08 11:45:00,2025-10-08 12:56:23,completed,regular,
T2510001247,R006,1,2025-10-08,WKDY_AUT25,SCH000058,V0057,,2025-10-08 11:46:00,2025-10-08 12:27:00,2025-10-08 11:46:21,2025-10-08 12:28:01,completed,regular,
T2510001248,R002,1,2025-10-08,WKDY_AUT25,SCH000018,V0031,,2025-10-08 11:48:00,2025-10-08 12:46:12,2025-10-08 11:48:21,2025-10-08 12:43:33,completed,regular,
T2510001249,R003,1,2025-10-08,WKDY_AUT25,SCH000028,V0044,,2025-10-08 11:55:00,2025-10-08 12:37:00,2025-10-08 11:55:00,2025-10-08 13:05:54,completed,regular,
T2510001250,R001,1,2025-10-08,WKDY_AUT25,SCH000008,V0004,,2025-10-08 11:56:00,2025-10-08 13:06:18,2025-10-08 12:00:40,2025-10-08 13:16:45,completed,regular,
T2510001251,R001,0,2025-10-08,WKDY_AUT25,SCH000003,V0006,,2025-10-08 12:00:00,2025-10-08 13:10:18,2025-10-08 12:00:58,2025-10-08 13:11:20,completed,regular,
T2510001252,R002,0,2025-10-08,WKDY_AUT25,SCH000013,V0032,,2025-10-08 12:07:00,2025-10-08 13:05:12,2025-10-08 12:12:12,2025-10-08 13:15:40,completed,regular,
T2510001253,R001,1,2025-10-08,WKDY_AUT25,SCH000008,V0008,,2025-10-08 12:11:00,2025-10-08 13:21:18,2025-10-08 12:11:00,2025-10-08 13:22:02,completed,regular,
T2510001254,R007,0,2025-10-08,WKDY_AUT25,SCH000063,V0060,,2025-10-08 12:12:00,2025-10-08 12:34:30,2025-10-08 12:12:00,2025-10-08 12:33:05,completed,regular,
T2510001255,R003,0,2025-10-08,WKDY_AUT25,SCH000023,V0036,,2025-10-08 12:14:00,2025-10-08 12:56:00,2025-10-08 12:14:20,2025-10-08 13:31:06,completed,regular,
T2510001256,R001,0,2025-10-08,WKDY_AUT25,SCH000003,V0010,,2025-10-08 12:15:00,2025-10-08 13:25:18,2025-10-08 12:16:48,2025-10-08 13:40:22,completed,regular,
T2510001257,R002,1,2025-10-08,WKDY_AUT25,SCH000018,V0033,,2025-10-08 12:18:00,2025-10-08 13:16:12,2025-10-08 12:18:23,2025-10-08 13:20:30,completed,regular,
T2510001259,R004,0,2025-10-08,WKDY_AUT25,SCH000033,V0048,,2025-10-08 12:21:00,2025-10-08 12:47:06,2025-10-08 12:21:33,2025-10-08 12:47:02,completed,regular,
T2510001260,R007,1,2025-10-08,WKDY_AUT25,SCH000068,V0061,,2025-10-08 12:23:00,2025-10-08 12:45:30,2025-10-08 12:23:09,2025-10-08 12:46:02,completed,regular,
T2510001261,R003,1,2025-10-08,WKDY_AUT25,SCH000028,V0038,,2025-10-08 12:25:00,2025-10-08 13:07:00,,,cancelled,regular,road_closure
T2510001262,,1,2025-10-08,WKDY_AUT25,SCH000008,V0013,,2025-10-08 12:26:00,2025-10-08 13:36:18,2025-10-08 12:31:53,2025-10-08 13:50:38,completed,regular,
T2510001263,R005,0,2025-10-08,WKDY_AUT25,SCH000043,V0053,,2025-10-08 12:28:00,2025-10-08 13:09:48,2025-10-08 12:31:03,2025-10-08 13:20:30,completed,regular,
T2510001264,R001,0,2025-10-08,WKDY_AUT25,SCH000003,V0012,,2025-10-08 12:30:00,2025-10-08 13:40:18,2025-10-08 12:30:00,2025-10-08 13:36:36,completed,regular,
T2510001265,R004,1,2025-10-08,WKDY_AUT25,SCH000038,V0045,,2025-10-08 12:32:00,2025-10-08 12:58:06,2025-10-08 12:36:11,2025-10-08 12:59:25,completed,regular,
T2510001266,R006,0,2025-10-08,WKDY_AUT25,SCH000053,V0058,,2025-10-08 12:35:00,2025-10-08 13:16:00,2025-10-08 12:36:19,2025-10-08 13:16:51,completed,regular,
T2510001267,R002,0,2025-10-08,WKDY_AUT25,SCH000013,V0034,,2025-10-08 12:37:00,2025-10-08 13:35:12,2025-10-08 12:38:18,2025-10-08 13:36:13,completed,regular,
T2510001268,R005,1,2025-10-08,WKDY_AUT25,SCH000048,V0049,,2025-10-08 12:39:00,2025-10-08 13:20:48,2025-10-08 12:40:39,2025-10-08 13:25:12,completed,regular,
T2510001269,R001,1,2025-10-08,WKDY_AUT25,SCH000008,V0009,,2025-10-08 12:41:00,2025-10-08 13:51:18,2025-10-08 12:41:00,2025-10-08 13:56:11,completed,regular,
T2510001270,R003,0,2025-10-08,WKDY_AUT25,SCH000023,V0038,,2025-10-08 12:44:00,2025-10-08 13:26:00,2025-10-08 12:44:13,2025-10-08 14:06:05,completed,regular,
T2510001271,R001,0,2025-10-08,WKDY_AUT25,SCH000003,V0019,,2025-10-08 12:45:00,2025-10-08 13:55:18,2025-10-08 12:45:00,2025-10-08 13:59:41,completed,regular,
T2510001272,R006,1,2025-10-08,WKDY_AUT25,SCH000058,V0054,,2025-10-08 12:46:00,2025-10-08 13:27:00,,,cancelled,regular,driver_shortage
T2510001273,R002,1,2025-10-08,WKDY_AUT25,SCH000018,V0025,,2025-10-08 12:48:00,2025-10-08 13:46:12,,,cancelled,regular,driver_shortage
T2510001274,R003,1,2025-10-08,WKDY_AUT25,SCH000028,V0039,,2025-10-08 12:55:00,2025-10-08 13:37:00,2025-10-08 12:55:04,2025-10-08 14:02:56,completed,regular,
T2510001275,R001,1,2025-10-08,WKDY_AUT25,SCH000008,V0011,,2025-10-08 12:56:00,2025-10-08 14:06:18,2025-10-08 12:56:00,2025-10-08 14:11:02,completed,regular,
T2510001276,R001,0,2025-10-08,WKDY_AUT25,SCH000003,V0014,,2025-10-08 13:00:00,2025-10-08 14:10:18,2025-10-08 13:00:23,2025-10-08 14:06:26,completed,regular,
T2510001277,R008,1,2025-10-08,WKDY_AUT25,SCH000078,V0064,,2025-10-08 13:00:00,2025-10-08 13:14:30,2025-10-08 13:01:10,2025-10-08 13:17:39,completed,regular,
T2510001278,R002,0,2025-10-08,WKDY_AUT25,SCH000013,V0025,,2025-10-08 13:07:00,2025-10-08 14:05:12,2025-10-08 13:07:18,2025-10-08 14:10:00,completed,regular,
T2510001279,R001,1,2025-10-08,WKDY_AUT25,SCH000008,V0017,,2025-10-08 13:11:00,2025-10-08 14:21:18,2025-10-08 13:11:46,2025-10-08 14:21:11,completed,regular,
T2510001280,R003,0,2025-10-08,WKDY_AUT25,SCH000023,V0040,,2025-10-08 13:14:00,2025-10-08 13:56:00,2025-10-08 13:14:00,2025-10-08 14:19:32,completed,regular,
T2510001281,R001,0,2025-10-08,WKDY_AUT25,SCH000003,V0015,,2025-10-08 13:15:00,2025-10-08 14:25:18,2025-10-08 13:15:12,2025-10-08 14:28:49,completed,regular,
T2510001283,R004,0,2025-10-08,WKDY_AUT25,SCH000033,V0046,,2025-10-08 13:21:00,2025-10-08 13:47:06,2025-10-08 13:21:00,2025-10-08 13:46:49,completed,regular,
T2510001284,R003,1,2025-10-08,WKDY_AUT25,SCH000028,V0041,,2025-10-08 13:25:00,2025-10-08 14:07:00,2025-10-08 13:25:00,2025-10-08 14:28:23,completed,regular,
T2510001285,R001,1,2025-10-08,WKDY_AUT25,SCH000008,V0018,,2025-10-08 13:26:00,2025-10-08 14:36:18,2025-10-08 13:27:45,2025-10-08 14:47:39,completed,regular,
T2510001286,R005,0,2025-10-08,WKDY_AUT25,SCH000043,V0050,,2025-10-08 13:28:00,2025-10-08 14:09:48,2025-10-08 13:28:48,2025-10-08 14:17:16,completed,regular,
T2510001287,R001,0,2025-10-08,WKDY_AUT25,SCH000003,V0016,,2025-10-08 13:30:00,2025-10-08 14:40:18,2025-10-08 13:31:42,2025-10-08 14:44:27,completed,regular,
T2510001288,R004,1,2025-10-08,WKDY_AUT25,SCH000038,V0047,,2025-10-08 13:32:00,2025-10-08 13:58:06,2025-10-08 13:32:27,2025-10-08 13:59:06,completed,regular,
T2510001289,R006,0,2025-10-08,WKDY_AUT25,SCH000053,V0054,,2025-10-08 13:35:00,2025-10-08 14:16:00,2025-10-08 13:36:07,2025-10-08 14:11:42,completed,regular,
T2510001290,R002,0,2025-10-08,WKDY_AUT25,SCH000013,V0065,V0026,2025-10-08 13:37:00,2025-10-08 14:35:12,2025-10-08 13:37:06,2025-10-08 15:17:44,completed,regular,
T2510001291,R005,1,2025-10-08,WKDY_AUT25,SCH000048,V0051,,2025-10-08 13:39:00,2025-10-08 14:20:48,2025-10-08 13:40:15,2025-10-08 14:32:05,completed,regular,
T2510001292,R001,1,2025-10-08,WKDY_AUT25,SCH000008,V0022,,2025-10-08 13:41:00,2025-10-08 14:51:18,2025-10-08 13:41:17,2025-10-08 14:52:04,completed,regular,
T2510001293,R007,0,2025-10-08,WKDY_AUT25,SCH000063,V0059,,2025-10-08 13:42:00,2025-10-08 14:04:30,,,cancelled,regular,driver_shortage
T2510001294,R003,0,2025-10-08,WKDY_AUT25,SCH000023,V0042,,2025-10-08 13:44:00,2025-10-08 14:26:00,2025-10-08 13:44:00,2025-10-08 14:49:16,completed,regular,
T2510001295,R001,0,2025-10-08,WKDY_AUT25,SCH000003,V0020,,2025-10-08 13:45:00,2025-10-08 14:55:18,2025-10-08 13:45:13,2025-10-08 14:58:00,completed,regular,
T2510001296,R006,1,2025-10-08,WKDY_AUT25,SCH000058,V0055,,2025-10-08 13:46:00,2025-10-08 14:27:00,2025-10-08 13:46:00,2025-10-08 14:28:03,completed,regular,
T2510001297,R002,1,2025-10-08,WKDY_AUT25,SCH000018,V0027,,2025-10-08 13:48:00,2025-10-08 14:46:12,2025-10-08 13:50:06,2025-10-08 14:47:51,completed,regular,
T2510001298,R008,0,2025-10-08,WKDY_AUT25,SCH000073,V0062,,2025-10-08 13:49:00,2025-10-08 14:03:30,2025-10-08 13:49:51,2025-10-08 14:06:29,completed,regular,
T2510001299,R007,1,2025-10-08,WKDY_AUT25,SCH000068,V0059,,2025-10-08 13:53:00,2025-10-08 14:15:30,2025-10-08 13:54:48,2025-10-08 14:15:20,completed,regular,
T2510001300,R003,1,2025-10-08,WKDY_AUT25,SCH000028,V0043,,2025-10-08 13:55:00,2025-10-08 14:37:00,,,cancelled,regular,road_closure
T2510001301,R001,1,2025-10-08,WKDY_AUT25,SCH000008,V0021,,2025-10-08 13:56:00,2025-10-08 15:06:18,2025-10-08 13:57:21,2025-10-08 15:01:11,completed,regular,
T2510001302,R001,0,2025-10-08,WKDY_AUT25,SCH000003,V0023,,2025-10-08 14:00:00,2025-10-08 15:10:18,2025-10-08 14:00:36,2025-10-08 15:18:09,completed,regular,
T2510001303,R002,0,2025-10-08,WKDY_AUT25,SCH000013,V0029,,2025-10-08 14:07:00,2025-10-08 15:05:12,2025-10-08 14:07:00,2025-10-08 15:03:57,completed,regular,
T2510001304,R001,1,2025-10-08,WKDY_AUT25,SCH000008,V0002,,2025-10-08 14:11:00,2025-10-08 15:21:18,2025-10-08 14:14:50,2025-10-08 15:25:53,completed,regular,
T2510001305,R003,0,2025-10-08,WKDY_AUT25,SCH000023,V0043,,2025-10-08 14:14:00,2025-10-08 14:56:00,2025-10-08 14:14:24,2025-10-08 15:33:34,completed,regular,
T2510001306,R001,0,2025-10-08,WKDY_AUT25,SCH000003,V0001,,2025-10-08 14:15:00,2025-10-08 15:25:18,2025-10-08 14:15:00,2025-10-08 15:34:01,completed,regular,
T2510001307,R002,1,2025-10-08,WKDY_AUT25,SCH000018,V0028,,2025-10-08 14:18:00,2025-10-08 15:16:12,2025-10-08 14:18:00,2025-10-08 15:23:38,completed,regular,
T2510001308,R004,0,2025-10-08,WKDY_AUT25,SCH000033,V0048,,2025-10-08 14:21:00,2025-10-08 14:47:06,2025-10-08 14:21:00,2025-10-08 14:46:38,completed,regular,
T2510001309,R003,1,2025-10-08,WKDY_AUT25,SCH000028,V0037,,2025-10-08 14:25:00,2025-10-08 15:07:00,2025-10-08 14:27:16,2025-10-08 15:44:44,completed,regular,
T2510001310,R001,1,2025-10-08,WKDY_AUT25,SCH000008,V0024,,2025-10-08 14:26:00,2025-10-08 15:36:18,2025-10-08 14:28:36,2025-10-08 15:45:05,completed,regular,
T2510001311,R005,0,2025-10-08,WKDY_AUT25,SCH000043,V0052,,2025-10-08 14:28:00,2025-10-08 15:09:48,2025-10-08 14:29:10,2025-10-08 15:18:03,completed,regular,
T2510001312,R001,0,2025-10-08,WKDY_AUT25,SCH000003,V0003,,2025-10-08 14:30:00,2025-10-08 15:40:18,2025-10-08 14:30:50,2025-10-08 15:55:33,completed,regular,
T2510001313,R008,1,2025-10-08,WKDY_AUT25,SCH000078,V0063,,2025-10-08 14:30:00,2025-10-08 14:44:30,2025-10-08 14:30:00,2025-10-08 14:47:57,completed,regular,
T2510001314,R004,1,2025-10-08,WKDY_AUT25,SCH000038,V0045,,2025-10-08 14:32:00,2025-10-08 14:58:06,2025-10-08 14:32:00,2025-10-08 14:56:19,completed,regular,
T2510001315,R006,0,2025-10-08,WKDY_AUT25,SCH000053,V0056,,2025-10-08 14:35:00,2025-10-08 15:16:00,2025-10-08 14:35:00,2025-10-08 15:13:26,completed,regular,
T2510001316,R002,0,2025-10-08,WKDY_AUT25,SCH000013,V0030,,2025-10-08 14:37:00,2025-10-08 15:35:12,2025-10-08 14:37:05,2025-10-08 15:34:53,completed,regular,
T2510001317,R005,1,2025-10-08,WKDY_AUT25,SCH000048,V0053,,2025-10-08 14:39:00,2025-10-08 15:20:48,2025-10-08 14:41:02,2025-10-08 15:30:51,completed,regular,
T2510001318,R001,1,2025-10-08,WKDY_AUT25,SCH000008,V0007,,2025-10-08 14:41:00,2025-10-08 15:51:18,2025-10-08 14:42:22,2025-10-08 15:59:34,completed,regular,
T2510001319,R003,0,2025-10-08,WKDY_AUT25,SCH000023,V0044,,2025-10-08 14:44:00,2025-10-08 15:26:00,2025-10-08 14:44:00,2025-10-08 15:42:10,completed,regular,
T2510001320,R001,0,2025-10-08,WKDY_AUT25,SCH000003,V0005,,2025-10-08 14:45:00,2025-10-08 15:55:18,2025-10-08 14:45:57,2025-10-08 15:54:46,completed,regular,
T2510001321,R006,1,2025-10-08,WKDY_AUT25,SCH000058,V0057,,2025-10-08 14:46:00,2025-10-08 15:27:00,2025-10-08 14:50:32,2025-10-08 15:28:48,completed,regular,
T2510001322,R002,1,2025-10-08,WKDY_AUT25,SCH000018,V0031,,2025-10-08 14:48:00,2025-10-08 15:46:12,2025-10-08 14:48:42,2025-10-08 15:53:00,completed,regular,
T2510001323,R003,1,2025-10-08,WKDY_AUT25,SCH000028,V0036,,2025-10-08 14:55:00,2025-10-08 15:37:00,2025-10-08 14:59:29,2025-10-08 16:04:48,completed,regular,
T2510001324,R001,1,2025-10-08,WKDY_AUT25,SCH000008,V0006,,2025-10-08 14:56:00,2025-10-08 16:06:18,2025-10-08 14:57:41,2025-10-08 16:10:24,completed,regular,
T2510001325,R001,0,2025-10-08,WKDY_AUT25,SCH000003,V0004,,2025-10-08 15:00:00,2025-10-08 16:10:18,2025-10-08 15:00:07,2025-10-08 16:20:46,completed,regular,
T2510001326,R002,0,2025-10-08,WKDY_AUT25,SCH000013,V0032,,2025-10-08 15:07:00,2025-10-08 16:05:12,2025-10-08 15:07:18,2025-10-08 16:07:46,completed,regular,
T2510001327,R001,1,2025-10-08,WKDY_AUT25,SCH000008,V0008,,2025-10-08 15:11:00,2025-10-08 16:21:18,2025-10-08 15:11:03,2025-10-08 16:30:14,completed,regular,
T2510001328,R007,0,2025-10-08,WKDY_AUT25,SCH000063,V0060,,2025-10-08 15:12:00,2025-10-08 15:34:30,2025-10-08 15:12:00,2025-10-08 15:40:06,completed,regular,
T2510001329,R003,0,2025-10-08,WKDY_AUT25,SCH000023,V0039,,2025-10-08 15:14:00,2025-10-08 15:56:00,2025-10-08 15:14:00,2025-10-08 16:19:48,completed,regular,
T2510001330,R001,0,2025-10-08,WKDY_AUT25,SCH000003,V0012,,2025-10-08 15:15:00,2025-10-08 16:25:18,2025-10-08 15:15:06,2025-10-08 16:36:23,completed,regular,
T2510001330,R001,0,2025-10-08,WKDY_AUT25,SCH000003,V0012,,2025-10-08 15:15:00,2025-10-08 16:25:18,2025-10-08 15:15:06,2025-10-08 16:36:23,completed,regular,
T2510001331,R002,1,2025-10-08,WKDY_AUT25,SCH000018,V0033,,2025-10-08 15:18:00,2025-10-08 16:16:12,2025-10-08 15:18:46,2025-10-08 16:19:47,completed,regular,
T2510001332,R008,0,2025-10-08,WKDY_AUT25,SCH000073,V0064,,2025-10-08 15:19:00,2025-10-08 15:33:30,2025-10-08 15:19:00,2025-10-08 15:34:10,completed,regular,
T2510001333,R004,0,2025-10-08,WKDY_AUT25,SCH000033,V0046,,2025-10-08 15:21:00,2025-10-08 15:47:06,2025-10-08 15:21:00,2025-10-08 15:42:24,completed,regular,
T2510001334,R007,1,2025-10-08,WKDY_AUT25,SCH000068,V0061,,2025-10-08 15:23:00,2025-10-08 15:45:30,2025-10-08 15:28:08,2025-10-08 15:52:46,completed,regular,
T2510001335,R003,1,2025-10-08,WKDY_AUT25,SCH000028,V0038,,2025-10-08 15:25:00,2025-10-08 16:07:00,2025-10-08 15:25:15,2025-10-08 16:31:38,completed,regular,
T2510001336,R001,1,2025-10-08,WKDY_AUT25,SCH000008,V0010,,2025-10-08 15:26:00,2025-10-08 16:36:18,2025-10-08 15:26:00,2025-10-08 16:44:36,completed,regular,
T2510001337,R005,0,2025-10-08,WKDY_AUT25,SCH000043,V0049,,2025-10-08 15:28:00,2025-10-08 16:09:48,2025-10-08 15:28:00,2025-10-08 16:13:14,completed,regular,
T2510001338,R001,0,2025-10-08,WKDY_AUT25,SCH000003,V0013,,2025-10-08 15:30:00,2025-10-08 16:40:18,2025-10-08 15:30:54,2025-10-08 16:55:34,completed,regular,
T2510001339,R004,1,2025-10-08,WKDY_AUT25,SCH000038,V0047,,2025-10-08 15:32:00,2025-10-08 15:58:06,2025-10-08 15:32:00,2025-10-08 15:53:24,completed,regular,
T2510001340,R006,0,2025-10-08,WKDY_AUT25,SCH000053,V0058,,2025-10-08 15:35:00,2025-10-08 16:16:00,2025-10-08 15:35:00,2025-10-08 16:13:51,completed,regular,
T2510001341,R002,0,2025-10-08,WKDY_AUT25,SCH000013,V0034,,2025-10-08 15:37:00,2025-10-08 16:35:12,2025-10-08 15:37:57,2025-10-08 16:38:01,completed,regular,
T2510001342,R005,1,2025-10-08,WKDY_AUT25,SCH000048,V0050,,2025-10-08 15:39:00,2025-10-08 16:20:48,2025-10-08 15:39:21,2025-10-08 16:26:05,completed,regular,
T2510001343,R001,1,2025-10-08,WKDY_AUT25,SCH000008,V0009,,2025-10-08 15:41:00,2025-10-08 16:51:18,2025-10-08 15:41:00,2025-10-08 16:50:22,completed,regular,
T2510001344,R003,0,2025-10-08,WKDY_AUT25,SCH000023,V0040,,2025-10-08 15:44:00,2025-10-08 16:26:00,2025-10-08 15:45:25,2025-10-08 16:47:54,completed,regular,
T2510001345,R001,0,2025-10-08,WKDY_AUT25,SCH000003,V0019,,2025-10-08 15:45:00,2025-10-08 16:55:18,2025-10-08 15:46:20,2025-10-08 16:54:40,completed,regular,
T2510001346,R006,1,2025-10-08,WKDY_AUT25,SCH000058,V0054,,2025-10-08 15:46:00,2025-10-08 16:27:00,2025-10-08 15:49:21,2025-10-08 16:25:58,completed,regular,
T2510001347,R002,1,2025-10-08,WKDY_AUT25,SCH000018,V0025,,2025-10-08 15:48:00,2025-10-08 16:46:12,2025-10-08 15:48:00,2025-10-08 16:47:47,completed,regular,
T2510001348,R003,1,2025-10-08,WKDY_AUT25,SCH000028,V0041,,2025-10-08 15:55:00,2025-10-08 16:37:00,2025-10-08 15:55:00,2025-10-08 16:52:01,completed,regular,
T2510001349,R001,1,2025-10-08,WKDY_AUT25,SCH000008,V0014,,2025-10-08 15:56:00,2025-10-08 17:06:18,2025-10-08 15:57:35,2025-10-08 17:03:46,completed,regular,
T2510001350,R001,0,2025-10-08,WKDY_AUT25,SCH000004,V0011,,2025-10-08 16:00:00,2025-10-08 17:25:00,2025-10-08 16:00:23,2025-10-08 17:50:42,completed,regular,
T2510001351,R008,1,2025-10-08,WKDY_AUT25,SCH000079,V0062,,2025-10-08 16:00:00,2025-10-08 16:16:42,2025-10-08 16:04:44,2025-10-08 16:27:59,completed,regular,
T2510001352,R001,1,2025-10-08,WKDY_AUT25,SCH000009,V0017,,2025-10-08 16:01:00,2025-10-08 17:26:00,2025-10-08 16:01:00,2025-10-08 17:26:26,completed,regular,
T2510001353,R004,1,2025-10-08,WKDY_AUT25,SCH000039,V0048,,2025-10-08 16:02:00,2025-10-08 16:33:42,2025-10-08 16:02:00,2025-10-08 16:32:59,completed,regular,
T2510001354,R008,0,2025-10-08,WKDY_AUT25,SCH000074,V0063,,2025-10-08 16:04:00,2025-10-08 16:20:42,2025-10-08 16:05:28,2025-10-08 16:23:42,completed,regular,
T2510001355,R003,1,2025-10-08,WKDY_AUT25,SCH000029,V0042,,2025-10-08 16:05:00,2025-10-08 16:57:54,2025-10-08 16:07:06,2025-10-08 17:51:40,completed,regular,
T2510001356,R006,0,2025-10-08,WKDY_AUT25,SCH000054,V0055,,2025-10-08 16:05:00,2025-10-08 16:54:48,2025-10-08 16:09:27,2025-10-08 17:01:14,completed,regular,
T2510001357,R002,0,2025-10-08,WKDY_AUT25,SCH000014,V0035,,2025-10-08 16:07:00,2025-10-08 17:20:18,2025-10-08 16:07:19,2025-10-08 17:35:47,completed,regular,
T2510001358,R007,1,2025-10-08,WKDY_AUT25,SCH000069,V0059,,2025-10-08 16:08:00,2025-10-08 16:33:54,2025-10-08 16:12:13,2025-10-08 16:40:26,completed,regular,
T2510001359,R005,1,2025-10-08,WKDY_AUT25,SCH000049,V0051,,2025-10-08 16:09:00,2025-10-08 16:59:48,2025-10-08 16:09:29,2025-10-08 17:03:05,completed,regular,
T2510001360,R001,0,2025-10-08,WKDY_AUT25,SCH000004,V0015,,2025-10-08 16:10:00,2025-10-08 17:35:00,2025-10-08 16:10:38,2025-10-08 17:51:40,completed,regular,
T2510001362,R003,0,2025-10-08,WKDY_AUT25,SCH000024,V0043,,2025-10-08 16:14:00,2025-10-08 17:06:54,2025-10-08 16:14:00,2025-10-08 17:47:36,completed,regular,
T2510001363,R006,1,2025-10-08,WKDY_AUT25,SCH000059,V0056,,2025-10-08 16:16:00,2025-10-08 17:05:48,2025-10-08 16:16:00,2025-10-08 17:07:26,completed,regular,
T2510001364,R002,1,2025-10-08,WKDY_AUT25,SCH000019,V0027,,2025-10-08 16:18:00,2025-10-08 17:31:18,2025-10-08 16:18:00,2025-10-08 17:38:16,completed,regular,
T2510001365,R001,0,2025-10-08,WKDY_AUT25,SCH000004,V0018,,2025-10-08 16:20:00,2025-10-08 17:45:00,2025-10-08 16:21:15,2025-10-08 17:55:29,completed,regular,
T2510001366,R001,1,2025-10-08,WKDY_AUT25,SCH000009,V0022,,2025-10-08 16:21:00,2025-10-08 17:46:00,2025-10-08 16:23:04,2025-10-08 18:07:51,completed,regular,
T2510001367,R004,0,2025-10-08,WKDY_AUT25,SCH000034,V0045,,2025-10-08 16:21:00,2025-10-08 16:52:42,2025-10-08 16:21:00,2025-10-08 16:57:36,completed,regular,
T2510001368,R003,1,2025-10-08,WKDY_AUT25,SCH000029,V0044,,2025-10-08 16:25:00,2025-10-08 17:17:54,2025-10-08 16:25:00,2025-10-08 17:33:16,completed,regular,
T2510001369,R002,0,2025-10-08,WKDY_AUT25,SCH000014,V0029,,2025-10-08 16:27:00,2025-10-08 17:40:18,2025-10-08 16:27:00,2025-10-08 17:46:14,completed,regular,
T2510001370,R005,0,2025-10-08,WKDY_AUT25,SCH000044,V0052,,2025-10-08 16:28:00,2025-10-08 17:18:48,2025-10-08 16:32:23,2025-10-08 17:47:13,completed,regular,
T2510001371,R001,0,2025-10-08,WKDY_AUT25,SCH000004,V0020,,2025-10-08 16:30:00,2025-10-08 17:55:00,2025-10-08 16:31:53,2025-10-08 18:08:06,completed,regular,
T2510001372,R001,1,2025-10-08,WKDY_AUT25,SCH000009,V0021,,2025-10-08 16:31:00,2025-10-08 17:56:00,2025-10-08 16:33:09,2025-10-08 18:10:41,completed,regular,
T2510001373,R004,1,2025-10-08,WKDY_AUT25,SCH000039,V0046,,2025-10-08 16:32:00,2025-10-08 17:03:42,2025-10-08 16:33:15,2025-10-08 17:05:25,completed,regular,
T2510001374,R003,0,2025-10-08,WKDY_AUT25,SCH000024,V0037,,2025-10-08 16:34:00,2025-10-08 17:26:54,2025-10-08 16:38:17,2025-10-08 18:09:02,completed,regular,
T2510001375,R006,0,2025-10-08,WKDY_AUT25,SCH000054,V0057,,2025-10-08 16:35:00,2025-10-08 17:24:48,2025-10-08 16:36:54,2025-10-08 17:30:06,completed,regular,
T2510001376,R002,1,2025-10-08,WKDY_AUT25,SCH000019,V0028,,2025-10-08 16:38:00,2025-10-08 17:51:18,2025-10-08 16:38:00,2025-10-08 17:59:19,completed,regular,
T2510001377,R005,1,2025-10-08,WKDY_AUT25,SCH000049,V0053,,2025-10-08 16:39:00,2025-10-08 17:29:48,,,cancelled,regular,driver_shortage
T2510001378,R001,0,2025-10-08,WKDY_AUT25,SCH000004,V0023,,2025-10-08 16:40:00,2025-10-08 18:05:00,2025-10-08 16:40:00,2025-10-08 18:13:14,completed,regular,
T2510001379,R001,1,2025-10-08,WKDY_AUT25,SCH000009,V0002,,2025-10-08 16:41:00,2025-10-08 18:06:00,2025-10-08 16:41:25,2025-10-08 18:02:23,completed,regular,
T2510001380,R007,0,2025-10-08,WKDY_AUT25,SCH000064,V0060,,2025-10-08 16:42:00,2025-10-08 17:07:54,2025-10-08 16:42:00,2025-10-08 17:13:16,completed,regular,
T2510001381,R003,1,2025-10-08,WKDY_AUT25,SCH000029,V0036,,2025-10-08 16:45:00,2025-10-08 17:37:54,,,cancelled,regular,road_closure
T2510001382,R008,1,2025-10-08,WKDY_AUT25,SCH000079,V0064,,2025-10-08 16:45:00,2025-10-08 17:01:42,,,cancelled,regular,driver_shortage
T2510001383,R006,1,2025-10-08,WKDY_AUT25,SCH000059,V0058,,2025-10-08 16:46:00,2025-10-08 17:35:48,2025-10-08 16:46:00,2025-10-08 17:40:26,completed,regular,
T2510001384,R002,0,2025-10-08,WKDY_AUT25,SCH000014,V0030,,2025-10-08 16:47:00,2025-10-08 18:00:18,2025-10-08 16:48:40,2025-10-08 18:11:22,completed,regular,
T2510001384,R002,0,2025-10-08,WKDY_AUT25,SCH000014,V0030,,2025-10-08 16:47:00,2025-10-08 18:00:18,2025-10-08 16:48:40,2025-10-08 18:11:22,completed,regular,
T2510001385,R008,0,2025-10-08,WKDY_AUT25,SCH000074,V0064,,2025-10-08 16:49:00,2025-10-08 17:05:42,2025-10-08 16:53:45,2025-10-08 17:13:29,completed,regular,
T2510001386,R001,0,2025-10-08,WKDY_AUT25,SCH000004,V0001,,2025-10-08 16:50:00,2025-10-08 18:15:00,2025-10-08 16:52:13,2025-10-08 18:25:20,completed,regular,
T2510001387,R001,1,2025-10-08,WKDY_AUT25,SCH000009,V0024,,2025-10-08 16:51:00,2025-10-08 18:16:00,2025-10-08 16:51:00,2025-10-08 18:18:19,completed,regular,
T2510001388,R004,0,2025-10-08,WKDY_AUT25,SCH000034,V0047,,2025-10-08 16:51:00,2025-10-08 17:22:42,2025-10-08 16:52:01,2025-10-08 17:29:11,completed,regular,
T2510001389,R007,1,2025-10-08,WKDY_AUT25,SCH000069,V0061,,2025-10-08 16:53:00,2025-10-08 17:18:54,2025-10-08 16:53:16,2025-10-08 17:19:23,completed,regular,
T2510001390,R003,0,2025-10-08,WKDY_AUT25,SCH000024,V0036,,2025-10-08 16:54:00,2025-10-08 17:46:54,2025-10-08 16:54:17,2025-10-08 18:38:48,completed,regular,
T2510001391,R002,1,2025-10-08,WKDY_AUT25,SCH000019,V0031,,2025-10-08 16:58:00,2025-10-08 18:11:18,2025-10-08 16:58:00,2025-10-08 18:22:24,completed,regular,
T2510001392,R005,0,2025-10-08,WKDY_AUT25,SCH000044,V0053,,2025-10-08 16:58:00,2025-10-08 17:48:48,2025-10-08 16:59:28,2025-10-08 17:59:35,completed,regular,
T2510001393,R001,0,2025-10-08,WKDY_AUT25,SCH000004,V0005,,2025-10-08 17:00:00,2025-10-08 18:25:00,2025-10-08 17:03:12,2025-10-08 18:40:45,completed,regular,
T2510001394,,1,2025-10-08,WKDY_AUT25,SCH000009,V0003,,2025-10-08 17:01:00,2025-10-08 18:26:00,2025-10-08 17:02:03,2025-10-08 18:39:25,completed,regular,
T2510001395,R004,1,2025-10-08,WKDY_AUT25,SCH000039,V0048,,2025-10-08 17:02:00,2025-10-08 17:33:42,2025-10-08 17:03:24,2025-10-08 17:36:41,completed,regular,
T2510001396,R003,1,2025-10-08,WKDY_AUT25,SCH000029,V0039,,2025-10-08 17:05:00,2025-10-08 17:57:54,,,cancelled,regular,road_closure
T2510001397,R006,0,2025-10-08,WKDY_AUT25,SCH000054,V0054,,2025-10-08 17:05:00,2025-10-08 17:54:48,2025-10-08 17:05:00,2025-10-08 17:51:23,completed,regular,
T2510001398,,0,2025-10-08,WKDY_AUT25,SCH000014,V0032,,2025-10-08 17:07:00,2025-10-08 18:20:18,2025-10-08 17:08:07,2025-10-08 18:34:24,completed,regular,
T2510001399,R005,1,2025-10-08,WKDY_AUT25,SCH000049,V0049,,2025-10-08 17:09:00,2025-10-08 17:59:48,2025-10-08 17:09:03,2025-10-08 18:12:34,completed,regular,
T2510001401,R001,1,2025-10-08,WKDY_AUT25,SCH000009,V0006,,2025-10-08 17:11:00,2025-10-08 18:36:00,2025-10-08 17:13:13,2025-10-08 18:46:21,completed,regular,
T2510001402,R003,0,2025-10-08,WKDY_AUT25,SCH000024,V0039,,2025-10-08 17:14:00,2025-10-08 18:06:54,2025-10-08 17:14:52,2025-10-08 18:39:06,completed,regular,
T2510001402,R003,0,2025-10-08,WKDY_AUT25,SCH000024,V0039,,2025-10-08 17:14:00,2025-10-08 18:06:54,2025-10-08 17:14:52,2025-10-08 18:39:06,completed,regular,
T2510001403,R006,1,2025-10-08,WKDY_AUT25,SCH000059,V0055,,2025-10-08 17:16:00,2025-10-08 18:05:48,,,cancelled,regular,driver_shortage
T2510001404,R002,1,2025-10-08,WKDY_AUT25,SCH000019,V0033,,2025-10-08 17:18:00,2025-10-08 18:31:18,2025-10-08 17:19:09,2025-10-08 18:40:42,completed,regular,
T2510001405,R001,0,2025-10-08,WKDY_AUT25,SCH000004,V0004,,2025-10-08 17:20:00,2025-10-08 18:45:00,2025-10-08 17:20:39,2025-10-08 19:03:19,completed,regular,
T2510001406,R001,1,2025-10-08,WKDY_AUT25,SCH000009,V0008,,2025-10-08 17:21:00,2025-10-08 18:46:00,2025-10-08 17:21:00,2025-10-08 18:47:19,completed,regular,
T2510001407,R004,0,2025-10-08,WKDY_AUT25,SCH000034,V0045,,2025-10-08 17:21:00,2025-10-08 17:52:42,2025-10-08 17:25:25,2025-10-08 18:01:29,completed,regular,
T2510001408,R003,1,2025-10-08,WKDY_AUT25,SCH000029,V0038,,2025-10-08 17:25:00,2025-10-08 18:17:54,2025-10-08 17:25:00,2025-10-08 19:14:46,completed,regular,
T2510001409,R002,0,2025-10-08,WKDY_AUT25,SCH000014,V0034,,2025-10-08 17:27:00,2025-10-08 18:40:18,2025-10-08 17:31:53,2025-10-08 18:54:32,completed,regular,
T2510001410,R007,0,2025-10-08,WKDY_AUT25,SCH000064,V0059,,2025-10-08 17:27:00,2025-10-08 17:52:54,2025-10-08 17:27:00,2025-10-08 17:53:56,completed,regular,
T2510001411,R005,0,2025-10-08,WKDY_AUT25,SCH000044,V0050,,2025-10-08 17:28:00,2025-10-08 18:18:48,,,cancelled,regular,driver_shortage
T2510001412,R001,0,2025-10-08,WKDY_AUT25,SCH000004,V0012,,2025-10-08 17:30:00,2025-10-08 18:55:00,2025-10-08 17:30:00,2025-10-08 19:12:29,completed,regular,
T2510001413,R008,1,2025-10-08,WKDY_AUT25,SCH000079,V0063,,2025-10-08 17:30:00,2025-10-08 17:46:42,2025-10-08 17:30:00,2025-10-08 17:52:13,completed,regular,
T2510001414,R001,1,2025-10-08,WKDY_AUT25,SCH000009,V0010,,2025-10-08 17:31:00,2025-10-08 18:56:00,2025-10-08 17:35:57,2025-10-08 19:18:45,completed,regular,
T2510001415,R004,1,2025-10-08,WKDY_AUT25,SCH000039,V0046,,2025-10-08 17:32:00,2025-10-08 18:03:42,,,cancelled,regular,driver_shortage
T2510001416,R003,0,2025-10-08,WKDY_AUT25,SCH000024,V0040,,2025-10-08 17:34:00,2025-10-08 18:26:54,2025-10-08 17:34:15,2025-10-08 18:54:45,completed,regular,
T2510001417,R008,0,2025-10-08,WKDY_AUT25,SCH000074,V0062,,2025-10-08 17:34:00,2025-10-08 17:50:42,2025-10-08 17:35:20,2025-10-08 17:53:35,completed,regular,
T2510001418,R006,0,2025-10-08,WKDY_AUT25,SCH000054,V0055,,2025-10-08 17:35:00,2025-10-08 18:24:48,2025-10-08 17:35:00,2025-10-08 18:24:49,completed,regular,
T2510001419,R002,1,2025-10-08,WKDY_AUT25,SCH000019,V0025,,2025-10-08 17:38:00,2025-10-08 18:51:18,2025-10-08 17:38:09,2025-10-08 19:08:43,completed,regular,
T2510001420,R007,1,2025-10-08,WKDY_AUT25,SCH000069,V0060,,2025-10-08 17:38:00,2025-10-08 18:03:54,2025-10-08 17:38:00,2025-10-08 18:10:13,completed,regular,
T2510001422,R001,0,2025-10-08,WKDY_AUT25,SCH000004,V0009,,2025-10-08 17:40:00,2025-10-08 19:05:00,2025-10-08 17:41:37,2025-10-08 19:24:47,completed,regular,
T2510001423,R001,1,2025-10-08,WKDY_AUT25,SCH000009,V0019,,2025-10-08 17:41:00,2025-10-08 19:06:00,2025-10-08 17:42:03,2025-10-08 19:08:35,completed,regular,
T2510001424,R003,1,2025-10-08,WKDY_AUT25,SCH000029,V0041,,2025-10-08 17:45:00,2025-10-08 18:37:54,2025-10-08 17:47:17,2025-10-08 19:06:47,completed,regular,
T2510001425,R006,1,2025-10-08,WKDY_AUT25,SCH000059,V0056,,2025-10-08 17:46:00,2025-10-08 18:35:48,2025-10-08 17:51:08,2025-10-08 18:49:18,completed,regular,
T2510001426,R002,0,2025-10-08,WKDY_AUT25,SCH000014,V0035,,2025-10-08 17:47:00,2025-10-08 19:00:18,2025-10-08 17:47:03,2025-10-08 19:07:01,completed,regular,
T2510001427,R001,0,2025-10-08,WKDY_AUT25,SCH000004,V0013,,2025-10-08 17:50:00,2025-10-08 19:15:00,2025-10-08 17:52:23,2025-10-08 19:36:56,completed,regular,
T2510001428,R001,1,2025-10-08,WKDY_AUT25,SCH000009,V0014,,2025-10-08 17:51:00,2025-10-08 19:16:00,,,cancelled,regular,driver_shortage
T2510001429,R004,0,2025-10-08,WKDY_AUT25,SCH000034,V0046,,2025-10-08 17:51:00,2025-10-08 18:22:42,2025-10-08 17:51:31,2025-10-08 18:26:12,completed,regular,
T2510001430,R003,0,2025-10-08,WKDY_AUT25,SCH000024,V0044,,2025-10-08 17:54:00,2025-10-08 18:46:54,2025-10-08 17:54:38,2025-10-08 19:22:19,completed,regular,
T2510001431,R002,1,2025-10-08,WKDY_AUT25,SCH000019,V0027,,2025-10-08 17:58:00,2025-10-08 19:11:18,2025-10-08 17:58:58,2025-10-08 19:20:57,completed,regular,
T2510001432,R005,0,2025-10-08,WKDY_AUT25,SCH000044,V0051,,2025-10-08 17:58:00,2025-10-08 18:48:48,2025-10-08 18:00:50,2025-10-08 19:22:21,completed,regular,
T2510001433,R001,0,2025-10-08,WKDY_AUT25,SCH000004,V0014,,2025-10-08 18:00:00,2025-10-08 19:25:00,2025-10-08 18:02:15,2025-10-08 19:36:34,completed,regular,
T2510001434,R001,1,2025-10-08,WKDY_AUT25,SCH000009,V0017,,2025-10-08 18:01:00,2025-10-08 19:26:00,2025-10-08 18:01:00,2025-10-08 19:42:36,completed,regular,
T2510001435,R004,1,2025-10-08,WKDY_AUT25,SCH000039,V0047,,2025-10-08 18:02:00,2025-10-08 18:33:42,2025-10-08 18:02:00,2025-10-08 18:35:33,completed,regular,
T2510001436,R003,1,2025-10-08,WKDY_AUT25,SCH000029,V0043,,2025-10-08 18:05:00,2025-10-08 18:57:54,2025-10-08 18:05:35,2025-10-08 19:27:53,completed,regular,
T2510001437,R006,0,2025-10-08,WKDY_AUT25,SCH000054,V0057,,2025-10-08 18:05:00,2025-10-08 18:54:48,2025-10-08 18:05:00,2025-10-08 18:55:19,completed,regular,
T2510001438,R002,0,2025-10-08,WKDY_AUT25,SCH000014,V0029,,2025-10-08 18:07:00,2025-10-08 19:20:18,2025-10-08 18:08:09,2025-10-08 19:27:17,completed,regular,
T2510001439,R005,1,2025-10-08,WKDY_AUT25,SCH000049,V0052,,2025-10-08 18:09:00,2025-10-08 18:59:48,2025-10-08 18:09:00,2025-10-08 19:08:34,completed,regular,
T2510001440,R001,0,2025-10-08,WKDY_AUT25,SCH000004,V0016,,2025-10-08 18:10:00,2025-10-08 19:35:00,2025-10-08 18:11:51,2025-10-08 19:59:48,completed,regular,
T2510001441,R001,1,2025-10-08,WKDY_AUT25,SCH000009,V0011,,2025-10-08 18:11:00,2025-10-08 19:36:00,2025-10-08 18:11:00,2025-10-08 19:45:25,completed,regular,
T2510001442,R007,0,2025-10-08,WKDY_AUT25,SCH000064,V0061,,2025-10-08 18:12:00,2025-10-08 18:37:54,2025-10-08 18:13:11,2025-10-08 18:41:17,completed,regular,
T2510001443,R003,0,2025-10-08,WKDY_AUT25,SCH000024,V0042,,2025-10-08 18:14:00,2025-10-08 19:06:54,2025-10-08 18:17:34,2025-10-08 20:06:14,completed,regular,
T2510001444,R008,1,2025-10-08,WKDY_AUT25,SCH000079,V0064,,2025-10-08 18:15:00,2025-10-08 18:31:42,2025-10-08 18:15:00,2025-10-08 18:30:16,completed,regular,
T2510001445,R006,1,2025-10-08,WKDY_AUT25,SCH000059,V0058,,2025-10-08 18:16:00,2025-10-08 19:05:48,2025-10-08 18:16:35,2025-10-08 19:07:55,completed,regular,
T2510001446,R002,1,2025-10-08,WKDY_AUT25,SCH000019,V0028,,2025-10-08 18:18:00,2025-10-08 19:31:18,2025-10-08 18:21:44,2025-10-08 19:49:22,completed,regular,
T2510001447,R008,0,2025-10-08,WKDY_AUT25,SCH000074,V0063,,2025-10-08 18:19:00,2025-10-08 18:35:42,2025-10-08 18:20:00,2025-10-08 18:36:09,completed,regular,
T2510001448,R001,0,2025-10-08,WKDY_AUT25,SCH000004,V0015,,2025-10-08 18:20:00,2025-10-08 19:45:00,2025-10-08 18:20:08,2025-10-08 19:56:51,completed,regular,
T2510001449,R001,1,2025-10-08,WKDY_AUT25,SCH000009,V0018,,2025-10-08 18:21:00,2025-10-08 19:46:00,2025-10-08 18:21:00,2025-10-08 19:54:21,completed,regular,
T2510001450,R004,0,2025-10-08,WKDY_AUT25,SCH000034,V0048,,2025-10-08 18:21:00,2025-10-08 18:52:42,2025-10-08 18:21:00,2025-10-08 18:54:16,completed,regular,
T2510001451,R007,1,2025-10-08,WKDY_AUT25,SCH000069,V0059,,2025-10-08 18:23:00,2025-10-08 18:48:54,2025-10-08 18:23:21,2025-10-08 18:50:07,completed,regular,
T2510001452,R003,1,2025-10-08,WKDY_AUT25,SCH000029,V0037,,2025-10-08 18:25:00,2025-10-08 19:17:54,2025-10-08 18:25:00,2025-10-08 19:41:58,completed,regular,
T2510001453,R002,0,2025-10-08,WKDY_AUT25,SCH000014,V0030,,2025-10-08 18:27:00,2025-10-08 19:40:18,2025-10-08 18:27:10,2025-10-08 19:52:55,completed,regular,
T2510001454,R005,0,2025-10-08,WKDY_AUT25,SCH000044,V0053,,2025-10-08 18:28:00,2025-10-08 19:18:48,2025-10-08 18:31:17,2025-10-08 19:40:04,completed,regular,
T2510001455,R001,0,2025-10-08,WKDY_AUT25,SCH000004,V0002,,2025-10-08 18:30:00,2025-10-08 19:55:00,2025-10-08 18:32:14,2025-10-08 20:14:43,completed,regular,
T2510001456,R001,1,2025-10-08,WKDY_AUT25,SCH000009,V0022,,2025-10-08 18:31:00,2025-10-08 19:56:00,,,cancelled,regular,driver_shortage
T2510001457,R004,1,2025-10-08,WKDY_AUT25,SCH000039,V0045,,2025-10-08 18:32:00,2025-10-08 19:03:42,2025-10-08 18:32:57,2025-10-08 19:03:42,completed,regular,
T2510001458,R003,0,2025-10-08,WKDY_AUT25,SCH000024,V0036,,2025-10-08 18:34:00,2025-10-08 19:26:54,2025-10-08 18:44:48,2025-10-08 20:07:53,completed,regular,
T2510001459,R006,0,2025-10-08,WKDY_AUT25,SCH000054,V0054,,2025-10-08 18:35:00,2025-10-08 19:24:48,2025-10-08 18:38:16,2025-10-08 19:29:47,completed,regular,
T2510001460,R002,1,2025-10-08,WKDY_AUT25,SCH000019,V0031,,2025-10-08 18:38:00,2025-10-08 19:51:18,2025-10-08 18:38:58,2025-10-08 19:58:47,completed,regular,
T2510001461,R005,1,2025-10-08,WKDY_AUT25,SCH000049,V0049,,2025-10-08 18:39:00,2025-10-08 19:29:48,2025-10-08 18:40:37,2025-10-08 19:42:58,completed,regular,
T2510001462,R001,0,2025-10-08,WKDY_AUT25,SCH000004,V0022,,2025-10-08 18:40:00,2025-10-08 20:05:00,2025-10-08 18:40:17,2025-10-08 20:17:47,completed,regular,
T2510001463,R001,1,2025-10-08,WKDY_AUT25,SCH000009,V0020,,2025-10-08 18:41:00,2025-10-08 20:06:00,2025-10-08 18:41:15,2025-10-08 20:20:51,completed,regular,
T2510001464,R003,1,2025-10-08,WKDY_AUT25,SCH000029,V0039,,2025-10-08 18:45:00,2025-10-08 19:37:54,2025-10-08 18:47:20,2025-10-08 20:27:09,completed,regular,
T2510001465,R006,1,2025-10-08,WKDY_AUT25,SCH000059,V0055,,2025-10-08 18:46:00,2025-10-08 19:35:48,2025-10-08 18:46:38,2025-10-08 19:39:48,completed,regular,
T2510001466,R002,0,2025-10-08,WKDY_AUT25,SCH000014,V0032,,2025-10-08 18:47:00,2025-10-08 20:00:18,2025-10-08 18:50:31,2025-10-08 20:08:02,completed,regular,
T2510001467,R001,0,2025-10-08,WKDY_AUT25,SCH000004,V0021,,2025-10-08 18:50:00,2025-10-08 20:15:00,2025-10-08 18:51:09,2025-10-08 20:27:58,completed,regular,
T2510001468,R001,1,2025-10-08,WKDY_AUT25,SCH000009,V0023,,2025-10-08 18:51:00,2025-10-08 20:16:00,2025-10-08 18:51:00,2025-10-08 20:31:00,completed,regular,
T2510001469,R004,0,2025-10-08,WKDY_AUT25,SCH000034,V0046,,2025-10-08 18:51:00,2025-10-08 19:22:42,2025-10-08 18:53:59,2025-10-08 19:25:58,completed,regular,
T2510001470,R003,0,2025-10-08,WKDY_AUT25,SCH000024,V0040,,2025-10-08 18:54:00,2025-10-08 19:46:54,2025-10-08 19:00:45,2025-10-08 20:28:40,completed,regular,
T2510001471,R007,0,2025-10-08,WKDY_AUT25,SCH000064,V0060,,2025-10-08 18:57:00,2025-10-08 19:22:54,2025-10-08 18:59:18,2025-10-08 19:26:11,completed,regular,
T2510001472,R002,1,2025-10-08,WKDY_AUT25,SCH000019,V0033,,2025-10-08 18:58:00,2025-10-08 20:11:18,2025-10-08 19:00:17,2025-10-08 20:22:03,completed,regular,
T2510001473,R005,0,2025-10-08,WKDY_AUT25,SCH000044,V0050,,2025-10-08 18:58:00,2025-10-08 19:48:48,2025-10-08 18:58:00,2025-10-08 19:56:49,completed,regular,
T2510001474,R001,0,2025-10-08,WKDY_AUT25,SCH000004,V0024,,2025-10-08 19:00:00,2025-10-08 20:25:00,2025-10-08 19:00:00,2025-10-08 20:35:39,completed,regular,
T2510001475,R008,1,2025-10-08,WKDY_AUT25,SCH000079,V0062,,2025-10-08 19:00:00,2025-10-08 19:16:42,2025-10-08 19:00:26,2025-10-08 19:15:54,completed,regular,
T2510001476,R001,1,2025-10-08,WKDY_AUT25,SCH000009,V0001,,2025-10-08 19:01:00,2025-10-08 20:26:00,2025-10-08 19:01:19,2025-10-08 20:35:32,completed,regular,
T2510001477,R004,1,2025-10-08,WKDY_AUT25,SCH000039,V0047,,2025-10-08 19:02:00,2025-10-08 19:33:42,2025-10-08 19:02:31,2025-10-08 19:33:52,completed,regular,
T2510001478,R008,0,2025-10-08,WKDY_AUT25,SCH000074,V0064,,2025-10-08 19:04:00,2025-10-08 19:20:42,2025-10-08 19:04:11,2025-10-08 19:18:58,completed,regular,
T2510001479,R003,1,2025-10-08,WKDY_AUT25,SCH000029,V0041,,2025-10-08 19:05:00,2025-10-08 19:57:54,2025-10-08 19:12:47,2025-10-08 20:17:18,completed,regular,
T2510001480,R006,0,2025-10-08,WKDY_AUT25,SCH000054,V0056,,2025-10-08 19:05:00,2025-10-08 19:54:48,2025-10-08 19:10:29,2025-10-08 20:03:58,completed,regular,
T2510001481,R002,0,2025-10-08,WKDY_AUT25,SCH000014,V0034,,2025-10-08 19:07:00,2025-10-08 20:20:18,2025-10-08 19:08:10,2025-10-08 20:29:12,completed,regular,
T2510001482,R007,1,2025-10-08,WKDY_AUT25,SCH000069,V0061,,2025-10-08 19:08:00,2025-10-08 19:33:54,2025-10-08 19:11:58,2025-10-08 19:37:37,completed,regular,
T2510001483,R005,1,2025-10-08,WKDY_AUT25,SCH000049,V0052,,2025-10-08 19:09:00,2025-10-08 19:59:48,2025-10-08 19:14:34,2025-10-08 20:18:29,completed,regular,
T2510001484,R001,0,2025-10-08,WKDY_AUT25,SCH000004,V0003,,2025-10-08 19:10:00,2025-10-08 20:35:00,2025-10-08 19:14:58,2025-10-08 20:53:20,completed,regular,
T2510001485,R001,1,2025-10-08,WKDY_AUT25,SCH000009,V0005,,2025-10-08 19:11:00,2025-10-08 20:36:00,2025-10-08 19:11:15,2025-10-08 20:42:53,completed,regular,
T2510001486,R003,0,2025-10-08,WKDY_AUT25,SCH000024,V0038,,2025-10-08 19:14:00,2025-10-08 20:06:54,2025-10-08 19:20:46,2025-10-08 20:26:53,completed,regular,
T2510001487,R006,1,2025-10-08,WKDY_AUT25,SCH000059,V0057,,2025-10-08 19:16:00,2025-10-08 20:05:48,,,cancelled,regular,driver_shortage
T2510001488,R002,1,2025-10-08,WKDY_AUT25,SCH000019,V0035,,2025-10-08 19:18:00,2025-10-08 20:31:18,2025-10-08 19:18:05,2025-10-08 20:34:52,completed,regular,
T2510001489,R001,0,2025-10-08,WKDY_AUT25,SCH000004,V0007,,2025-10-08 19:20:00,2025-10-08 20:45:00,2025-10-08 19:20:13,2025-10-08 20:44:06,completed,regular,
T2510001490,R001,1,2025-10-08,WKDY_AUT25,SCH000009,V0006,,2025-10-08 19:21:00,2025-10-08 20:46:00,2025-10-08 19:23:37,2025-10-08 21:06:49,completed,regular,
T2510001491,R004,0,2025-10-08,WKDY_AUT25,SCH000034,V0048,,2025-10-08 19:21:00,2025-10-08 19:52:42,,,cancelled,regular,driver_shortage
T2510001492,R003,1,2025-10-08,WKDY_AUT25,SCH000029,V0044,,2025-10-08 19:25:00,2025-10-08 20:17:54,2025-10-08 19:28:19,2025-10-08 20:31:26,completed,regular,
T2510001493,R002,0,2025-10-08,WKDY_AUT25,SCH000014,V0025,,2025-10-08 19:27:00,2025-10-08 20:40:18,2025-10-08 19:27:59,2025-10-08 20:44:21,completed,regular,
T2510001494,R005,0,2025-10-08,WKDY_AUT25,SCH000044,V0051,,2025-10-08 19:28:00,2025-10-08 20:18:48,2025-10-08 19:28:33,2025-10-08 20:43:42,completed,regular,
T2510001495,R001,0,2025-10-08,WKDY_AUT25,SCH000005,V0008,,2025-10-08 19:30:00,2025-10-08 20:37:18,2025-10-08 19:30:00,2025-10-08 20:30:34,completed,regular,
T2510001496,R008,1,2025-10-08,WKDY_AUT25,SCH000080,V0063,,2025-10-08 19:30:00,2025-10-08 19:43:06,2025-10-08 19:30:00,2025-10-08 19:40:45,completed,regular,
T2510001497,R002,0,2025-10-08,WKDY_AUT25,SCH000015,,,2025-10-08 19:37:00,2025-10-08 20:29:06,2025-10-08 19:37:24,2025-10-08 20:24:35,completed,regular,
T2510001498,R001,1,2025-10-08,WKDY_AUT25,SCH000010,V0004,,2025-10-08 19:41:00,2025-10-08 20:48:18,2025-10-08 19:41:44,2025-10-08 20:52:04,completed,regular,
T2510001499,R003,0,2025-10-08,WKDY_AUT25,SCH000025,V0043,,2025-10-08 19:44:00,2025-10-08 20:21:36,,,cancelled,regular,driver_shortage
T2510001500,R002,1,2025-10-08,WKDY_AUT25,SCH000020,V0029,,2025-10-08 19:48:00,2025-10-08 20:40:06,2025-10-08 19:51:31,2025-10-08 20:40:48,completed,regular,
T2510001501,R001,0,2025-10-08,WKDY_AUT25,SCH000005,V0019,,2025-10-08 19:50:00,2025-10-08 20:57:18,2025-10-08 19:50:05,2025-10-08 21:04:14,completed,regular,
T2510001502,,0,2025-10-08,WKDY_AUT25,SCH000035,V0048,,2025-10-08 19:51:00,2025-10-08 20:14:18,2025-10-08 19:51:00,2025-10-08 20:10:06,completed,regular,
T2510001503,R003,1,2025-10-08,WKDY_AUT25,SCH000030,V0043,,2025-10-08 19:55:00,2025-10-08 20:32:36,2025-10-08 19:55:00,2025-10-08 20:31:36,completed,regular,
T2510001504,R005,0,2025-10-08,WKDY_AUT25,SCH000045,V0053,,2025-10-08 19:58:00,2025-10-08 20:35:24,2025-10-08 19:59:12,2025-10-08 20:40:15,completed,regular,
T2510001505,R001,1,2025-10-08,WKDY_AUT25,SCH000010,V0012,,2025-10-08 20:01:00,2025-10-08 21:08:18,2025-10-08 20:02:01,2025-10-08 21:09:06,completed,regular,
T2510001506,R004,1,2025-10-08,WKDY_AUT25,SCH000040,V0045,,2025-10-08 20:02:00,2025-10-08 20:25:18,2025-10-08 20:02:00,2025-10-08 20:23:37,completed,regular,
T2510001507,R006,0,2025-10-08,WKDY_AUT25,SCH000055,V0057,,2025-10-08 20:05:00,2025-10-08 20:41:42,2025-10-08 20:06:02,2025-10-08 20:42:01,completed,regular,
T2510001508,R005,1,2025-10-08,WKDY_AUT25,SCH000050,V0049,,2025-10-08 20:09:00,2025-10-08 20:46:24,2025-10-08 20:11:21,2025-10-08 20:51:25,completed,regular,
T2510001509,R001,0,2025-10-08,WKDY_AUT25,SCH000005,V0010,,2025-10-08 20:10:00,2025-10-08 21:17:18,,,cancelled,regular,driver_shortage
T2510001510,R007,0,2025-10-08,WKDY_AUT25,SCH000065,V0059,,2025-10-08 20:12:00,2025-10-08 20:32:18,2025-10-08 20:14:07,2025-10-08 20:31:56,completed,regular,
T2510001511,R006,1,2025-10-08,WKDY_AUT25,SCH000060,V0058,,2025-10-08 20:16:00,2025-10-08 20:52:42,2025-10-08 20:16:00,2025-10-08 20:53:34,completed,regular,
T2510001512,R008,0,2025-10-08,WKDY_AUT25,SCH000075,V0062,,2025-10-08 20:19:00,2025-10-08 20:32:06,2025-10-08 20:21:05,2025-10-08 20:32:32,completed,regular,
T2510001513,R001,1,2025-10-08,WKDY_AUT25,SCH000010,V0010,,2025-10-08 20:21:00,2025-10-08 21:28:18,2025-10-08 20:21:00,2025-10-08 21:30:12,completed,regular,
T2510001514,R002,0,2025-10-08,WKDY_AUT25,SCH000015,V0028,,2025-10-08 20:22:00,2025-10-08 21:14:06,2025-10-08 20:22:01,2025-10-08 21:14:51,completed,regular,
T2510001515,R007,1,2025-10-08,WKDY_AUT25,SCH000070,V0067,V0060,2025-10-08 20:23:00,2025-10-08 20:43:18,2025-10-08 20:26:22,2025-10-08 21:03:17,completed,regular,
T2510001516,R003,0,2025-10-08,WKDY_AUT25,SCH000025,V0037,,2025-10-08 20:29:00,2025-10-08 21:06:36,2025-10-08 20:29:49,2025-10-08 21:12:47,completed,regular,
T2510001517,R001,0,2025-10-08,WKDY_AUT25,SCH000005,V0009,,2025-10-08 20:30:00,2025-10-08 21:37:18,2025-10-08 20:35:19,2025-10-08 22:07:17,completed,regular,
T2510001518,R002,1,2025-10-08,WKDY_AUT25,SCH000020,V0030,,2025-10-08 20:33:00,2025-10-08 21:25:06,2025-10-08 20:33:09,2025-10-08 21:25:21,completed,regular,
T2510001519,R003,1,2025-10-08,WKDY_AUT25,SCH000030,V0042,,2025-10-08 20:40:00,2025-10-08 21:17:36,2025-10-08 20:42:39,2025-10-08 21:26:11,completed,regular,
T2510001520,R001,1,2025-10-08,WKDY_AUT25,SCH000010,V0014,,2025-10-08 20:41:00,2025-10-08 21:48:18,2025-10-08 20:46:10,2025-10-08 21:56:31,completed,regular,
T2510001521,R001,0,2025-10-08,WKDY_AUT25,SCH000005,V0013,,2025-10-08 20:50:00,2025-10-08 21:57:18,2025-10-08 20:51:27,2025-10-08 21:53:18,completed,regular,
T2510001522,R004,0,2025-10-08,WKDY_AUT25,SCH000035,V0046,,2025-10-08 20:51:00,2025-10-08 21:14:18,2025-10-08 20:51:29,2025-10-08 21:13:43,completed,regular,
T2510001523,R005,0,2025-10-08,WKDY_AUT25,SCH000045,V0050,,2025-10-08 20:58:00,2025-10-08 21:35:24,2025-10-08 20:58:00,2025-10-08 21:36:32,completed,regular,
T2510001524,R008,1,2025-10-08,WKDY_AUT25,SCH000080,V0064,,2025-10-08 21:00:00,2025-10-08 21:13:06,2025-10-08 21:00:18,2025-10-08 21:13:55,completed,regular,
T2510001525,R001,1,2025-10-08,WKDY_AUT25,SCH000010,V0017,,2025-10-08 21:01:00,2025-10-08 22:08:18,2025-10-08 21:01:35,2025-10-08 22:06:42,completed,regular,
T2510001526,R004,1,2025-10-08,WKDY_AUT25,SCH000040,V0047,,2025-10-08 21:02:00,2025-10-08 21:25:18,2025-10-08 21:05:37,2025-10-08 21:25:29,completed,regular,
T2510001527,,0,2025-10-08,WKDY_AUT25,SCH000055,V0054,,2025-10-08 21:05:00,2025-10-08 21:41:42,2025-10-08 21:10:53,2025-10-08 21:45:25,completed,regular,
T2510001528,,0,2025-10-08,WKDY_AUT25,SCH000015,V0031,,2025-10-08 21:07:00,2025-10-08 21:59:06,2025-10-08 21:07:00,2025-10-08 22:02:19,completed,regular,
T2510001529,R005,1,2025-10-08,WKDY_AUT25,SCH000050,V0052,,2025-10-08 21:09:00,2025-10-08 21:46:24,2025-10-08 21:13:54,2025-10-08 22:02:11,completed,regular,
T2510001530,R001,0,2025-10-08,WKDY_AUT25,SCH000005,V0011,,2025-10-08 21:10:00,2025-10-08 22:17:18,2025-10-08 21:12:59,2025-10-08 22:23:10,completed,regular,
T2510001531,R003,0,2025-10-08,WKDY_AUT25,SCH000025,V0036,,2025-10-08 21:14:00,2025-10-08 21:51:36,2025-10-08 21:14:00,2025-10-08 21:57:11,completed,regular,
T2510001532,R006,1,2025-10-08,WKDY_AUT25,SCH000060,V0055,,2025-10-08 21:16:00,2025-10-08 21:52:42,2025-10-08 21:19:38,2025-10-08 21:56:43,completed,regular,
T2510001533,R002,1,2025-10-08,WKDY_AUT25,SCH000020,V0032,,2025-10-08 21:18:00,2025-10-08 22:10:06,2025-10-08 21:18:33,2025-10-08 22:12:56,completed,regular,
T2510001534,R001,1,2025-10-08,WKDY_AUT25,SCH000010,V0018,,2025-10-08 21:21:00,2025-10-08 22:28:18,2025-10-08 21:21:13,2025-10-08 22:31:53,completed,regular,
T2510001535,R003,1,2025-10-08,WKDY_AUT25,SCH000030,V0041,,2025-10-08 21:25:00,2025-10-08 22:02:36,2025-10-08 21:25:40,2025-10-08 22:07:53,completed,regular,
T2510001536,R001,0,2025-10-08,WKDY_AUT25,SCH000005,V0015,,2025-10-08 21:30:00,2025-10-08 22:37:18,2025-10-08 21:30:00,2025-10-08 22:38:12,completed,regular,
T2510001537,R001,1,2025-10-08,WKDY_AUT25,SCH000010,V0016,,2025-10-08 21:41:00,2025-10-08 22:48:18,2025-10-08 21:44:50,2025-10-08 23:03:10,completed,regular,
T2510001538,R007,0,2025-10-08,WKDY_AUT25,SCH000065,V0061,,2025-10-08 21:42:00,2025-10-08 22:02:18,2025-10-08 21:45:57,2025-10-08 22:05:06,completed,regular,
T2510001539,R008,0,2025-10-08,WKDY_AUT25,SCH000075,V0063,,2025-10-08 21:49:00,2025-10-08 22:02:06,2025-10-08 21:49:00,2025-10-08 22:01:41,completed,regular,
T2510001540,R001,0,2025-10-08,WKDY_AUT25,SCH000005,V0002,,2025-10-08 21:50:00,2025-10-08 22:57:18,,,cancelled,regular,driver_shortage
T2510001541,R004,0,2025-10-08,WKDY_AUT25,SCH000035,V0048,,2025-10-08 21:51:00,2025-10-08 22:14:18,2025-10-08 21:53:43,2025-10-08 22:14:18,completed,regular,
T2510001542,,0,2025-10-08,WKDY_AUT25,SCH000015,V0033,,2025-10-08 21:52:00,2025-10-08 22:44:06,2025-10-08 21:53:12,2025-10-08 22:52:50,completed,regular,
T2510001543,R007,1,2025-10-08,WKDY_AUT25,SCH000070,V0059,,2025-10-08 21:53:00,2025-10-08 22:13:18,2025-10-08 21:53:32,2025-10-08 22:12:03,completed,regular,
T2510001544,R005,0,2025-10-08,WKDY_AUT25,SCH000045,V0053,,2025-10-08 21:58:00,2025-10-08 22:35:24,2025-10-08 21:59:08,2025-10-08 22:41:29,completed,regular,
T2510001545,R003,0,2025-10-08,WKDY_AUT25,SCH000025,V0038,,2025-10-08 21:59:00,2025-10-08 22:36:36,2025-10-08 21:59:00,2025-10-08 22:44:57,completed,regular,
T2510001546,R001,1,2025-10-08,WKDY_AUT25,SCH000010,V0002,,2025-10-08 22:01:00,2025-10-08 23:08:18,2025-10-08 22:01:52,2025-10-08 23:15:02,completed,regular,
T2510001547,R004,1,2025-10-08,WKDY_AUT25,SCH000040,V0045,,2025-10-08 22:02:00,2025-10-08 22:25:18,2025-10-08 22:07:52,2025-10-08 22:27:11,completed,regular,
T2510001548,R002,1,2025-10-08,WKDY_AUT25,SCH000020,V0027,,2025-10-08 22:03:00,2025-10-08 22:55:06,2025-10-08 22:03:00,2025-10-08 23:01:30,completed,regular,
T2510001549,R006,0,2025-10-08,WKDY_AUT25,SCH000055,V0056,,2025-10-08 22:05:00,2025-10-08 22:41:42,,,cancelled,regular,driver_shortage
T2510001550,R005,1,2025-10-08,WKDY_AUT25,SCH000050,V0051,,2025-10-08 22:09:00,2025-10-08 22:46:24,2025-10-08 22:09:59,2025-10-08 22:55:36,completed,regular,
T2510001551,R001,0,2025-10-08,WKDY_AUT25,SCH000005,V0022,,2025-10-08 22:10:00,2025-10-08 23:17:18,2025-10-08 22:15:46,2025-10-08 23:33:52,completed,regular,
T2510001552,R003,1,2025-10-08,WKDY_AUT25,SCH000030,V0039,,2025-10-08 22:10:00,2025-10-08 22:47:36,2025-10-08 22:10:08,2025-10-08 23:00:09,completed,regular,
T2510001553,R006,1,2025-10-08,WKDY_AUT25,SCH000060,V0056,,2025-10-08 22:16:00,2025-10-08 22:52:42,2025-10-08 22:16:42,2025-10-08 22:51:24,completed,regular,
T2510001554,R001,1,2025-10-08,WKDY_AUT25,SCH000010,V0020,,2025-10-08 22:21:00,2025-10-08 23:28:18,2025-10-08 22:21:04,2025-10-08 23:24:03,completed,regular,
T2510001555,R001,0,2025-10-09,WKDY_AUT25,SCH000001,V0001,,2025-10-09 05:30:00,2025-10-09 06:32:06,2025-10-09 05:30:07,2025-10-09 06:35:41,completed,regular,
T2510001556,R008,1,2025-10-09,WKDY_AUT25,SCH000076,V0062,,2025-10-09 05:30:00,2025-10-09 05:41:54,2025-10-09 05:30:51,2025-10-09 05:41:54,completed,regular,
T2510001557,R006,1,2025-10-09,WKDY_AUT25,SCH000056,V0054,,2025-10-09 05:31:00,2025-10-09 06:04:12,2025-10-09 05:31:29,2025-10-09 06:00:37,completed,regular,
T2510001558,R002,0,2025-10-09,WKDY_AUT25,SCH000011,V0025,,2025-10-09 05:37:00,2025-10-09 06:22:00,2025-10-09 05:41:40,2025-10-09 06:26:53,completed,regular,
T2510001558,R002,0,2025-10-09,WKDY_AUT25,SCH000011,V0025,,2025-10-09 05:37:00,2025-10-09 06:22:00,2025-10-09 05:41:40,2025-10-09 06:26:53,completed,regular,
T2510001559,R001,1,2025-10-09,WKDY_AUT25,SCH000006,V0002,,2025-10-09 05:41:00,2025-10-09 06:43:06,2025-10-09 05:42:45,2025-10-09 06:43:22,completed,regular,
T2510001560,R003,0,2025-10-09,WKDY_AUT25,SCH000021,V0036,,2025-10-09 05:44:00,2025-10-09 06:16:30,2025-10-09 05:45:08,2025-10-09 06:23:36,completed,regular,
T2510001561,R001,0,2025-10-09,WKDY_AUT25,SCH000001,V0003,,2025-10-09 05:45:00,2025-10-09 06:47:06,2025-10-09 05:47:02,2025-10-09 06:54:20,completed,regular,
T2510001562,R002,1,2025-10-09,WKDY_AUT25,SCH000016,V0026,,2025-10-09 05:48:00,2025-10-09 06:33:00,2025-10-09 05:49:03,2025-10-09 06:34:42,completed,regular,
T2510001563,R004,0,2025-10-09,WKDY_AUT25,SCH000031,V0045,,2025-10-09 05:51:00,2025-10-09 06:12:06,2025-10-09 05:51:00,2025-10-09 06:12:43,completed,regular,
T2510001564,R003,1,2025-10-09,WKDY_AUT25,SCH000026,V0037,,2025-10-09 05:55:00,2025-10-09 06:27:30,2025-10-09 05:55:00,2025-10-09 06:29:17,completed,regular,
T2510001565,R001,1,2025-10-09,WKDY_AUT25,SCH000006,V0004,,2025-10-09 05:56:00,2025-10-09 06:58:06,2025-10-09 05:56:41,2025-10-09 07:04:51,completed,regular,
T2510001566,R005,0,2025-10-09,WKDY_AUT25,SCH000041,V0049,,2025-10-09 05:58:00,2025-10-09 06:31:54,2025-10-09 05:58:04,2025-10-09 06:35:56,completed,regular,
T2510001567,R001,0,2025-10-09,WKDY_AUT25,SCH000001,V0005,,2025-10-09 06:00:00,2025-10-09 07:02:06,2025-10-09 06:00:01,2025-10-09 07:08:02,completed,regular,
T2510001568,R004,1,2025-10-09,WKDY_AUT25,SCH000036,V0046,,2025-10-09 06:02:00,2025-10-09 06:23:06,2025-10-09 06:03:53,2025-10-09 06:23:59,completed,regular,
T2510001569,R006,0,2025-10-09,WKDY_AUT25,SCH000051,V0055,,2025-10-09 06:05:00,2025-10-09 06:38:12,2025-10-09 06:05:09,2025-10-09 06:33:06,completed,regular,
T2510001570,R002,0,2025-10-09,WKDY_AUT25,SCH000011,V0027,,2025-10-09 06:07:00,2025-10-09 06:52:00,2025-10-09 06:07:25,2025-10-09 06:54:23,completed,regular,
T2510001571,R005,1,2025-10-09,WKDY_AUT25,SCH000046,V0050,,2025-10-09 06:09:00,2025-10-09 06:42:54,2025-10-09 06:09:29,2025-10-09 06:48:13,completed,regular,
T2510001572,R001,1,2025-10-09,WKDY_AUT25,SCH000006,V0006,,2025-10-09 06:11:00,2025-10-09 07:13:06,2025-10-09 06:12:32,2025-10-09 07:18:03,completed,regular,
T2510001574,R003,0,2025-10-09,WKDY_AUT25,SCH000021,V0038,,2025-10-09 06:14:00,2025-10-09 06:46:30,2025-10-09 06:16:00,2025-10-09 06:51:37,completed,regular,
T2510001575,R001,0,2025-10-09,WKDY_AUT25,SCH000001,V0007,,2025-10-09 06:15:00,2025-10-09 07:17:06,,,cancelled,regular,driver_shortage
T2510001576,R006,1,2025-10-09,WKDY_AUT25,SCH000056,V0056,,2025-10-09 06:16:00,2025-10-09 06:49:12,,,cancelled,regular,driver_shortage
T2510001577,R002,1,2025-10-09,WKDY_AUT25,SCH000016,V0028,,2025-10-09 06:18:00,2025-10-09 07:03:00,2025-10-09 06:18:07,2025-10-09 07:03:50,completed,regular,
T2510001578,R008,0,2025-10-09,WKDY_AUT25,SCH000071,V0063,,2025-10-09 06:19:00,2025-10-09 06:30:54,2025-10-09 06:20:29,2025-10-09 06:30:15,completed,regular,
T2510001579,R007,1,2025-10-09,WKDY_AUT25,SCH000066,V0060,,2025-10-09 06:23:00,2025-10-09 06:41:30,2025-10-09 06:23:00,2025-10-09 06:39:42,completed,regular,
T2510001580,R003,1,2025-10-09,WKDY_AUT25,SCH000026,V0039,,2025-10-09 06:25:00,2025-10-09 06:57:30,,,cancelled,regular,driver_shortage
T2510001581,R001,1,2025-10-09,WKDY_AUT25,SCH000006,V0007,,2025-10-09 06:26:00,2025-10-09 07:28:06,2025-10-09 06:28:19,2025-10-09 07:29:15,completed,regular,
T2510001582,,0,2025-10-09,WKDY_AUT25,SCH000001,V0008,,2025-10-09 06:30:00,2025-10-09 07:32:06,2025-10-09 06:30:41,2025-10-09 07:43:09,completed,regular,
T2510001583,R008,1,2025-10-09,WKDY_AUT25,SCH000076,V0064,,2025-10-09 06:30:00,2025-10-09 06:41:54,2025-10-09 06:34:16,2025-10-09 06:47:58,completed,regular,
T2510001584,R004,0,2025-10-09,WKDY_AUT25,SCH000031,V0047,,2025-10-09 06:36:00,2025-10-09 06:57:06,2025-10-09 06:36:58,2025-10-09 06:56:25,completed,regular,
T2510001585,R002,0,2025-10-09,WKDY_AUT25,SCH000011,V0029,,2025-10-09 06:37:00,2025-10-09 07:22:00,2025-10-09 06:40:40,2025-10-09 07:31:04,completed,regular,
T2510001586,R001,1,2025-10-09,WKDY_AUT25,SCH000006,V0009,,2025-10-09 06:41:00,2025-10-09 07:43:06,2025-10-09 06:42:24,2025-10-09 07:45:37,completed,regular,
T2510001587,R005,0,2025-10-09,WKDY_AUT25,SCH000041,V0051,,2025-10-09 06:43:00,2025-10-09 07:16:54,2025-10-09 06:44:23,2025-10-09 07:25:10,completed,regular,
T2510001588,R003,0,2025-10-09,WKDY_AUT25,SCH000021,V0039,,2025-10-09 06:44:00,2025-10-09 07:16:30,2025-10-09 06:49:47,2025-10-09 07:28:13,completed,regular,
T2510001589,R001,0,2025-10-09,WKDY_AUT25,SCH000001,V0010,,2025-10-09 06:45:00,2025-10-09 07:47:06,2025-10-09 06:45:20,2025-10-09 07:53:49,completed,regular,
T2510001590,R004,1,2025-10-09,WKDY_AUT25,SCH000036,V0048,,2025-10-09 06:47:00,2025-10-09 07:08:06,2025-10-09 06:47:14,2025-10-09 07:09:30,completed,regular,
T2510001591,R002,1,2025-10-09,WKDY_AUT25,SCH000016,V0030,,2025-10-09 06:48:00,2025-10-09 07:33:00,2025-10-09 06:49:41,2025-10-09 07:34:26,completed,regular,
T2510001592,R006,0,2025-10-09,WKDY_AUT25,SCH000051,V0056,,2025-10-09 06:50:00,2025-10-09 07:23:12,2025-10-09 06:50:00,2025-10-09 07:18:07,completed,regular,
T2510001593,R005,1,2025-10-09,WKDY_AUT25,SCH000046,V0052,,2025-10-09 06:54:00,2025-10-09 07:27:54,2025-10-09 06:56:32,2025-10-09 07:41:38,completed,regular,
T2510001594,R003,1,2025-10-09,WKDY_AUT25,SCH000026,V0040,,2025-10-09 06:55:00,2025-10-09 07:27:30,2025-10-09 06:56:35,2025-10-09 07:35:43,completed,regular,
T2510001595,R001,1,2025-10-09,WKDY_AUT25,SCH000006,V0011,,2025-10-09 06:56:00,2025-10-09 07:58:06,2025-10-09 06:57:21,2025-10-09 08:13:41,completed,regular,
T2510001596,R001,0,2025-10-09,WKDY_AUT25,SCH000002,V0012,,2025-10-09 07:00:00,2025-10-09 08:20:48,2025-10-09 07:00:19,2025-10-09 08:29:05,completed,regular,
T2510001597,R008,1,2025-10-09,WKDY_AUT25,SCH000077,V0062,,2025-10-09 07:00:00,2025-10-09 07:16:12,2025-10-09 07:00:33,2025-10-09 07:13:50,completed,regular,
T2510001598,R001,1,2025-10-09,WKDY_AUT25,SCH000007,V0013,,2025-10-09 07:01:00,2025-10-09 08:21:48,2025-10-09 07:03:04,2025-10-09 08:18:41,completed,regular,
T2510001599,R004,1,2025-10-09,WKDY_AUT25,SCH000037,V0045,,2025-10-09 07:02:00,2025-10-09 07:32:36,2025-10-09 07:03:26,2025-10-09 07:33:57,completed,regular,
T2510001600,R008,0,2025-10-09,WKDY_AUT25,SCH000072,V0063,,2025-10-09 07:04:00,2025-10-09 07:20:12,2025-10-09 07:04:15,2025-10-09 07:18:46,completed,regular,
T2510001601,R003,1,2025-10-09,WKDY_AUT25,SCH000027,V0041,,2025-10-09 07:05:00,2025-10-09 07:56:00,2025-10-09 07:09:47,2025-10-09 08:07:24,completed,regular,
T2510001602,R006,0,2025-10-09,WKDY_AUT25,SCH000052,V0057,,2025-10-09 07:05:00,2025-10-09 07:53:00,2025-10-09 07:06:55,2025-10-09 07:58:59,completed,regular,
T2510001603,R002,0,2025-10-09,WKDY_AUT25,SCH000012,V0031,,2025-10-09 07:07:00,2025-10-09 08:17:42,2025-10-09 07:08:09,2025-10-09 08:24:16,completed,regular,
T2510001604,R007,1,2025-10-09,WKDY_AUT25,SCH000067,V0061,,2025-10-09 07:08:00,2025-10-09 07:33:06,2025-10-09 07:12:11,2025-10-09 07:41:55,completed,regular,
T2510001605,R005,1,2025-10-09,WKDY_AUT25,SCH000047,V0053,,2025-10-09 07:09:00,2025-10-09 07:58:00,2025-10-09 07:11:52,2025-10-09 08:09:08,completed,regular,
T2510001606,R001,0,2025-10-09,WKDY_AUT25,SCH000002,V0014,,2025-10-09 07:10:00,2025-10-09 08:30:48,2025-10-09 07:10:00,2025-10-09 08:31:34,completed,regular,
T2510001607,R001,1,2025-10-09,WKDY_AUT25,SCH000007,V0015,,2025-10-09 07:11:00,2025-10-09 08:31:48,2025-10-09 07:11:30,2025-10-09 08:38:45,completed,regular,
T2510001608,R003,0,2025-10-09,WKDY_AUT25,SCH000022,V0042,,2025-10-09 07:14:00,2025-10-09 08:05:00,2025-10-09 07:15:11,2025-10-09 08:18:55,completed,regular,
T2510001609,R006,1,2025-10-09,WKDY_AUT25,SCH000057,V0058,,2025-10-09 07:16:00,2025-10-09 08:04:00,2025-10-09 07:16:00,2025-10-09 08:17:00,completed,regular,
T2510001610,R002,1,2025-10-09,WKDY_AUT25,SCH000017,V0032,,2025-10-09 07:18:00,2025-10-09 08:28:42,2025-10-09 07:19:35,2025-10-09 08:42:38,completed,regular,
T2510001611,R001,0,2025-10-09,WKDY_AUT25,SCH000002,V0016,,2025-10-09 07:20:00,2025-10-09 08:40:48,2025-10-09 07:20:08,2025-10-09 08:48:37,completed,regular,
T2510001612,R001,1,2025-10-09,WKDY_AUT25,SCH000007,V0017,,2025-10-09 07:21:00,2025-10-09 08:41:48,2025-10-09 07:21:27,2025-10-09 08:42:55,completed,regular,
T2510001613,R004,0,2025-10-09,WKDY_AUT25,SCH000032,V0046,,2025-10-09 07:21:00,2025-10-09 07:51:36,2025-10-09 07:21:27,2025-10-09 07:58:14,completed,regular,
T2510001614,R003,1,2025-10-09,WKDY_AUT25,SCH000027,V0043,,2025-10-09 07:25:00,2025-10-09 08:16:00,2025-10-09 07:25:22,2025-10-09 08:22:27,completed,regular,
T2510001615,R002,0,2025-10-09,WKDY_AUT25,SCH000012,V0033,,2025-10-09 07:27:00,2025-10-09 08:37:42,2025-10-09 07:27:17,2025-10-09 08:45:14,completed,regular,
T2510001616,R005,0,2025-10-09,WKDY_AUT25,SCH000042,V0049,,2025-10-09 07:28:00,2025-10-09 08:17:00,2025-10-09 07:31:14,2025-10-09 08:40:27,completed,regular,
T2510001617,R001,0,2025-10-09,WKDY_AUT25,SCH000002,V0018,,2025-10-09 07:30:00,2025-10-09 08:50:48,,,cancelled,regular,driver_shortage
T2510001618,R001,1,2025-10-09,WKDY_AUT25,SCH000007,V0018,,2025-10-09 07:31:00,2025-10-09 08:51:48,2025-10-09 07:31:07,2025-10-09 09:10:06,completed,regular,
T2510001619,R004,1,2025-10-09,WKDY_AUT25,SCH000037,V0047,,2025-10-09 07:32:00,2025-10-09 08:02:36,2025-10-09 07:33:39,2025-10-09 08:07:48,completed,regular,
T2510001620,R003,0,2025-10-09,WKDY_AUT25,SCH000022,V0044,,2025-10-09 07:34:00,2025-10-09 08:25:00,2025-10-09 07:35:20,2025-10-09 08:38:38,completed,regular,
T2510001621,R006,0,2025-10-09,WKDY_AUT25,SCH000052,V0054,,2025-10-09 07:35:00,2025-10-09 08:23:00,2025-10-09 07:37:34,2025-10-09 08:23:00,completed,regular,
T2510001622,R002,1,2025-10-09,WKDY_AUT25,SCH000017,V0034,,2025-10-09 07:38:00,2025-10-09 08:48:42,2025-10-09 07:38:00,2025-10-09 08:57:07,completed,regular,
T2510001623,R005,1,2025-10-09,WKDY_AUT25,SCH000047,V0050,,2025-10-09 07:39:00,2025-10-09 08:28:00,2025-10-09 07:39:17,2025-10-09 08:38:39,completed,regular,
T2510001624,R001,0,2025-10-09,WKDY_AUT25,SCH000002,V0019,,2025-10-09 07:40:00,2025-10-09 09:00:48,2025-10-09 07:45:03,2025-10-09 09:30:37,completed,regular,
T2510001625,R001,1,2025-10-09,WKDY_AUT25,SCH000007,V0020,,2025-10-09 07:41:00,2025-10-09 09:01:48,2025-10-09 07:41:10,2025-10-09 09:09:32,completed,regular,
T2510001626,R007,0,2025-10-09,WKDY_AUT25,SCH000062,V0059,,2025-10-09 07:42:00,2025-10-09 08:07:06,2025-10-09 07:44:41,2025-10-09 08:17:40,completed,regular,
T2510001627,R003,1,2025-10-09,WKDY_AUT25,SCH000027,V0036,,2025-10-09 07:45:00,2025-10-09 08:36:00,2025-10-09 07:45:23,2025-10-09 08:42:17,completed,regular,
T2510001628,R008,1,2025-10-09,WKDY_AUT25,SCH000077,V0064,,2025-10-09 07:45:00,2025-10-09 08:01:12,2025-10-09 07:47:31,2025-10-09 08:06:39,completed,regular,
T2510001629,R006,1,2025-10-09,WKDY_AUT25,SCH000057,V0055,,2025-10-09 07:46:00,2025-10-09 08:34:00,2025-10-09 07:51:48,2025-10-09 08:38:02,completed,regular,
T2510001630,R002,0,2025-10-09,WKDY_AUT25,SCH000012,V0035,,2025-10-09 07:47:00,2025-10-09 08:57:42,2025-10-09 07:47:31,2025-10-09 09:09:40,completed,regular,
T2510001631,R008,0,2025-10-09,WKDY_AUT25,SCH000072,V0062,,2025-10-09 07:49:00,2025-10-09 08:05:12,2025-10-09 07:49:33,2025-10-09 08:06:37,completed,regular,
T2510001632,R001,0,2025-10-09,WKDY_AUT25,SCH000002,V0021,,2025-10-09 07:50:00,2025-10-09 09:10:48,2025-10-09 07:50:00,2025-10-09 09:16:49,completed,regular,
T2510001633,R001,1,2025-10-09,WKDY_AUT25,SCH000007,V0022,,2025-10-09 07:51:00,2025-10-09 09:11:48,2025-10-09 07:53:12,2025-10-09 09:25:58,completed,regular,
T2510001634,R004,0,2025-10-09,WKDY_AUT25,SCH000032,V0048,,2025-10-09 07:51:00,2025-10-09 08:21:36,2025-10-09 07:51:00,2025-10-09 08:18:22,completed,regular,
T2510001635,R007,1,2025-10-09,WKDY_AUT25,SCH000067,V0060,,2025-10-09 07:53:00,2025-10-09 08:18:06,2025-10-09 07:53:00,2025-10-09 08:17:18,completed,regular,
T2510001636,R003,0,2025-10-09,WKDY_AUT25,SCH000022,V0037,,2025-10-09 07:54:00,2025-10-09 08:45:00,2025-10-09 07:56:04,2025-10-09 09:01:40,completed,regular,
T2510001637,R002,1,2025-10-09,WKDY_AUT25,SCH000017,V0025,,2025-10-09 07:58:00,2025-10-09 09:08:42,,,cancelled,regular,driver_shortage
T2510001638,R005,0,2025-10-09,WKDY_AUT25,SCH000042,V0051,,2025-10-09 07:58:00,2025-10-09 08:47:00,2025-10-09 07:58:33,2025-10-09 09:01:04,completed,regular,
T2510001639,R001,0,2025-10-09,WKDY_AUT25,SCH000002,V0023,,2025-10-09 08:00:00,2025-10-09 09:20:48,2025-10-09 08:05:46,2025-10-09 09:40:58,completed,regular,
T2510001640,R001,1,2025-10-09,WKDY_AUT25,SCH000007,V0024,,2025-10-09 08:01:00,2025-10-09 09:21:48,2025-10-09 08:01:00,2025-10-09 09:13:21,completed,regular,
T2510001641,R004,1,2025-10-09,WKDY_AUT25,SCH000037,V0045,,2025-10-09 08:02:00,2025-10-09 08:32:36,2025-10-09 08:03:41,2025-10-09 08:36:17,completed,regular,
T2510001642,R003,1,2025-10-09,WKDY_AUT25,SCH000027,V0038,,2025-10-09 08:05:00,2025-10-09 08:56:00,2025-10-09 08:06:07,2025-10-09 09:10:01,completed,regular,
T2510001643,R006,0,2025-10-09,WKDY_AUT25,SCH000052,V0056,,2025-10-09 08:05:00,2025-10-09 08:53:00,2025-10-09 08:05:32,2025-10-09 08:53:44,completed,regular,
T2510001644,R002,0,2025-10-09,WKDY_AUT25,SCH000012,V0025,,2025-10-09 08:07:00,2025-10-09 09:17:42,2025-10-09 08:07:00,2025-10-09 09:22:40,completed,regular,
T2510001645,R005,1,2025-10-09,WKDY_AUT25,SCH000047,V0052,,2025-10-09 08:09:00,2025-10-09 08:58:00,2025-10-09 08:09:17,2025-10-09 09:04:33,completed,regular,
T2510001646,R001,0,2025-10-09,WKDY_AUT25,SCH000002,V0001,,2025-10-09 08:10:00,2025-10-09 09:30:48,2025-10-09 08:15:30,2025-10-09 09:44:33,completed,regular,
T2510001647,R001,1,2025-10-09,WKDY_AUT25,SCH000007,V0002,,2025-10-09 08:11:00,2025-10-09 09:31:48,2025-10-09 08:12:11,2025-10-09 09:42:37,completed,regular,
T2510001648,R003,0,2025-10-09,WKDY_AUT25,SCH000022,V0039,,2025-10-09 08:14:00,2025-10-09 09:05:00,2025-10-09 08:14:00,2025-10-09 09:15:49,completed,regular,
T2510001649,R006,1,2025-10-09,WKDY_AUT25,SCH000057,V0057,,2025-10-09 08:16:00,2025-10-09 09:04:00,2025-10-09 08:16:00,2025-10-09 09:04:18,completed,regular,
T2510001650,R002,1,2025-10-09,WKDY_AUT25,SCH000017,V0026,,2025-10-09 08:18:00,2025-10-09 09:28:42,2025-10-09 08:18:41,2025-10-09 09:41:14,completed,regular,
T2510001651,R001,0,2025-10-09,WKDY_AUT25,SCH000002,V0003,,2025-10-09 08:20:00,2025-10-09 09:40:48,,,cancelled,regular,driver_shortage
T2510001652,R001,1,2025-10-09,WKDY_AUT25,SCH000007,V0003,,2025-10-09 08:21:00,2025-10-09 09:41:48,2025-10-09 08:23:26,2025-10-09 09:55:15,completed,regular,
T2510001653,R004,0,2025-10-09,WKDY_AUT25,SCH000032,V0046,,2025-10-09 08:21:00,2025-10-09 08:51:36,2025-10-09 08:24:23,2025-10-09 08:53:17,completed,regular,
T2510001654,R003,1,2025-10-09,WKDY_AUT25,SCH000027,V0040,,2025-10-09 08:25:00,2025-10-09 09:16:00,2025-10-09 08:25:03,2025-10-09 09:25:47,completed,regular,
T2510001655,R002,0,2025-10-09,WKDY_AUT25,SCH000012,V0027,,2025-10-09 08:27:00,2025-10-09 09:37:42,2025-10-09 08:27:10,2025-10-09 09:43:27,completed,regular,
T2510001656,R007,0,2025-10-09,WKDY_AUT25,SCH000062,V0061,,2025-10-09 08:27:00,2025-10-09 08:52:06,2025-10-09 08:28:22,2025-10-09 08:54:22,completed,regular,
T2510001657,R005,0,2025-10-09,WKDY_AUT25,SCH000042,V0053,,2025-10-09 08:28:00,2025-10-09 09:17:00,2025-10-09 08:28:29,2025-10-09 09:29:05,completed,regular,
T2510001658,R001,0,2025-10-09,WKDY_AUT25,SCH000002,V0004,,2025-10-09 08:30:00,2025-10-09 09:50:48,2025-10-09 08:30:00,2025-10-09 09:56:46,completed,regular,
T2510001659,R008,1,2025-10-09,WKDY_AUT25,SCH000077,V0063,,2025-10-09 08:30:00,2025-10-09 08:46:12,2025-10-09 08:30:01,2025-10-09 08:47:00,completed,regular,
T2510001660,R001,1,2025-10-09,WKDY_AUT25,SCH000007,V0005,,2025-10-09 08:31:00,2025-10-09 09:51:48,2025-10-09 08:31:14,2025-10-09 10:02:49,completed,regular,
T2510001661,R004,1,2025-10-09,WKDY_AUT25,SCH000037,V0047,,2025-10-09 08:32:00,2025-10-09 09:02:36,,,cancelled,regular,driver_shortage
T2510001662,R003,0,2025-10-09,WKDY_AUT25,SCH000022,V0041,,2025-10-09 08:34:00,2025-10-09 09:25:00,,,cancelled,regular,driver_shortage
T2510001662,R003,0,2025-10-09,WKDY_AUT25,SCH000022,V0041,,2025-10-09 08:34:00,2025-10-09 09:25:00,,,cancelled,regular,driver_shortage
T2510001663,R008,0,2025-10-09,WKDY_AUT25,SCH000072,V0062,,2025-10-09 08:34:00,2025-10-09 08:50:12,2025-10-09 08:34:00,2025-10-09 08:51:01,completed,regular,
T2510001664,R006,0,2025-10-09,WKDY_AUT25,SCH000052,V0058,,2025-10-09 08:35:00,2025-10-09 09:23:00,2025-10-09 08:35:17,2025-10-09 09:26:56,completed,regular,
T2510001665,R002,1,2025-10-09,WKDY_AUT25,SCH000017,V0028,,2025-10-09 08:38:00,2025-10-09 09:48:42,2025-10-09 08:38:00,2025-10-09 09:53:29,completed,regular,
T2510001666,R007,1,2025-10-09,WKDY_AUT25,SCH000067,V0060,,2025-10-09 08:38:00,2025-10-09 09:03:06,2025-10-09 08:39:47,2025-10-09 09:05:42,completed,regular,
T2510001667,R005,1,2025-10-09,WKDY_AUT25,SCH000047,V0050,,2025-10-09 08:39:00,2025-10-09 09:28:00,2025-10-09 08:44:39,2025-10-09 09:47:20,completed,regular,
T2510001668,R001,0,2025-10-09,WKDY_AUT25,SCH000002,V0006,,2025-10-09 08:40:00,2025-10-09 10:00:48,,,cancelled,regular,driver_shortage
T2510001669,R001,1,2025-10-09,WKDY_AUT25,SCH000007,V0006,,2025-10-09 08:41:00,2025-10-09 10:01:48,2025-10-09 08:43:02,2025-10-09 10:17:55,completed,regular,
T2510001670,R003,1,2025-10-09,WKDY_AUT25,SCH000027,V0041,,2025-10-09 08:45:00,2025-10-09 09:36:00,2025-10-09 08:48:45,2025-10-09 09:45:18,completed,regular,
T2510001671,R006,1,2025-10-09,WKDY_AUT25,SCH000057,V0054,,2025-10-09 08:46:00,2025-10-09 09:34:00,2025-10-09 08:46:56,2025-10-09 09:38:39,completed,regular,
T2510001672,R002,0,2025-10-09,WKDY_AUT25,SCH000012,V0029,,2025-10-09 08:47:00,2025-10-09 09:57:42,2025-10-09 08:47:45,2025-10-09 10:04:51,completed,regular,
T2510001673,R001,0,2025-10-09,WKDY_AUT25,SCH000002,V0007,,2025-10-09 08:50:00,2025-10-09 10:10:48,2025-10-09 08:50:24,2025-10-09 10:25:21,completed,regular,
T2510001674,R001,1,2025-10-09,WKDY_AUT25,SCH000007,V0008,,2025-10-09 08:51:00,2025-10-09 10:11:48,2025-10-09 08:53:53,2025-10-09 10:27:57,completed,regular,
T2510001675,R004,0,2025-10-09,WKDY_AUT25,SCH000032,V0047,,2025-10-09 08:51:00,2025-10-09 09:21:36,2025-10-09 08:52:06,2025-10-09 09:25:29,completed,regular,
T2510001676,R003,0,2025-10-09,WKDY_AUT25,SCH000022,V0042,,2025-10-09 08:54:00,2025-10-09 09:45:00,2025-10-09 08:55:06,2025-10-09 10:04:19,completed,regular,
T2510001677,R002,1,2025-10-09,WKDY_AUT25,SCH000017,V0030,,2025-10-09 08:58:00,2025-10-09 10:08:42,2025-10-09 08:58:48,2025-10-09 10:14:16,completed,regular,
T2510001678,R005,0,2025-10-09,WKDY_AUT25,SCH000042,V0049,,2025-10-09 08:58:00,2025-10-09 09:47:00,2025-10-09 08:58:46,2025-10-09 10:08:03,completed,regular,
T2510001679,R001,0,2025-10-09,WKDY_AUT25,SCH000002,V0009,,2025-10-09 09:00:00,2025-10-09 10:20:48,2025-10-09 09:00:11,2025-10-09 10:36:53,completed,regular,
T2510001680,R001,1,2025-10-09,WKDY_AUT25,SCH000007,V0010,,2025-10-09 09:01:00,2025-10-09 10:21:48,2025-10-09 09:06:37,2025-10-09 10:33:27,completed,regular,
T2510001681,R004,1,2025-10-09,WKDY_AUT25,SCH000037,V0048,,2025-10-09 09:02:00,2025-10-09 09:32:36,2025-10-09 09:02:38,2025-10-09 09:36:52,completed,regular,
T2510001682,R003,1,2025-10-09,WKDY_AUT25,SCH000027,V0043,,2025-10-09 09:05:00,2025-10-09 09:56:00,2025-10-09 09:09:48,2025-10-09 10:09:25,completed,regular,
T2510001683,R006,0,2025-10-09,WKDY_AUT25,SCH000052,V0055,,2025-10-09 09:05:00,2025-10-09 09:53:00,2025-10-09 09:06:02,2025-10-09 09:49:15,completed,regular,
T2510001684,R002,0,2025-10-09,WKDY_AUT25,SCH000012,V0031,,2025-10-09 09:07:00,2025-10-09 10:17:42,2025-10-09 09:11:55,2025-10-09 10:27:55,completed,regular,
T2510001685,R005,1,2025-10-09,WKDY_AUT25,SCH000047,V0051,,2025-10-09 09:09:00,2025-10-09 09:58:00,2025-10-09 09:14:04,2025-10-09 10:13:16,completed,regular,
T2510001686,R001,0,2025-10-09,WKDY_AUT25,SCH000002,V0011,,2025-10-09 09:10:00,2025-10-09 10:30:48,2025-10-09 09:11:01,2025-10-09 10:36:38,completed,regular,
T2510001687,R001,1,2025-10-09,WKDY_AUT25,SCH000007,V0013,,2025-10-09 09:11:00,2025-10-09 10:31:48,2025-10-09 09:13:12,2025-10-09 10:36:32,completed,regular,
T2510001688,R007,0,2025-10-09,WKDY_AUT25,SCH000062,,,2025-10-09 09:12:00,2025-10-09 09:37:06,2025-10-09 09:14:54,2025-10-09 09:41:42,completed,regular,
T2510001689,R003,0,2025-10-09,WKDY_AUT25,SCH000022,V0044,,2025-10-09 09:14:00,2025-10-09 10:05:00,2025-10-09 09:14:00,2025-10-09 10:10:37,completed,regular,
T2510001690,R008,1,2025-10-09,WKDY_AUT25,SCH000077,V0064,,2025-10-09 09:15:00,2025-10-09 09:31:12,2025-10-09 09:15:59,2025-10-09 09:31:32,completed,regular,
T2510001691,R006,1,2025-10-09,WKDY_AUT25,SCH000057,,,2025-10-09 09:16:00,2025-10-09 10:04:00,2025-10-09 09:16:00,2025-10-09 09:59:51,completed,regular,
T2510001692,R002,1,2025-10-09,WKDY_AUT25,SCH000017,V0032,,2025-10-09 09:18:00,2025-10-09 10:28:42,2025-10-09 09:19:29,2025-10-09 10:41:32,completed,regular,
T2510001693,R008,0,2025-10-09,WKDY_AUT25,SCH000072,V0063,,2025-10-09 09:19:00,2025-10-09 09:35:12,2025-10-09 09:19:00,2025-10-09 09:33:50,completed,regular,
T2510001694,R001,0,2025-10-09,WKDY_AUT25,SCH000002,V0012,,2025-10-09 09:20:00,2025-10-09 10:40:48,2025-10-09 09:21:17,2025-10-09 10:51:06,completed,regular,
T2510001695,R001,1,2025-10-09,WKDY_AUT25,SCH000007,V0014,,2025-10-09 09:21:00,2025-10-09 10:41:48,2025-10-09 09:21:01,2025-10-09 10:48:21,completed,regular,
T2510001696,R004,0,2025-10-09,WKDY_AUT25,SCH000032,V0045,,2025-10-09 09:21:00,2025-10-09 09:51:36,2025-10-09 09:24:21,2025-10-09 09:56:01,completed,regular,
T2510001697,R007,1,2025-10-09,WKDY_AUT25,SCH000067,V0061,,2025-10-09 09:23:00,2025-10-09 09:48:06,2025-10-09 09:26:48,2025-10-09 09:54:46,completed,regular,
T2510001698,R003,1,2025-10-09,WKDY_AUT25,SCH000027,V0036,,2025-10-09 09:25:00,2025-10-09 10:16:00,2025-10-09 09:29:58,2025-10-09 10:27:43,completed,regular,
T2510001699,R002,0,2025-10-09,WKDY_AUT25,SCH000012,V0033,,2025-10-09 09:27:00,2025-10-09 10:37:42,2025-10-09 09:27:57,2025-10-09 10:41:03,completed,regular,
T2510001700,R005,0,2025-10-09,WKDY_AUT25,SCH000042,V0052,,2025-10-09 09:28:00,2025-10-09 10:17:00,2025-10-09 09:28:00,2025-10-09 10:28:09,completed,regular,
T2510001701,R001,0,2025-10-09,WKDY_AUT25,SCH000002,V0015,,2025-10-09 09:30:00,2025-10-09 10:50:48,2025-10-09 09:30:00,2025-10-09 10:59:55,completed,regular,
T2510001702,R001,1,2025-10-09,WKDY_AUT25,SCH000007,V0017,,2025-10-09 09:31:00,2025-10-09 10:51:48,2025-10-09 09:31:00,2025-10-09 10:58:19,completed,regular,
T2510001703,R004,1,2025-10-09,WKDY_AUT25,SCH000037,V0046,,2025-10-09 09:32:00,2025-10-09 10:02:36,2025-10-09 09:36:19,2025-10-09 10:06:45,completed,regular,
T2510001704,R003,0,2025-10-09,WKDY_AUT25,SCH000022,V0037,,2025-10-09 09:34:00,2025-10-09 10:25:00,2025-10-09 09:34:13,2025-10-09 10:36:56,completed,regular,
T2510001705,R006,0,2025-10-09,WKDY_AUT25,SCH000052,V0057,,2025-10-09 09:35:00,2025-10-09 10:23:00,2025-10-09 09:40:38,2025-10-09 10:22:17,completed,regular,
T2510001706,R002,1,2025-10-09,WKDY_AUT25,SCH000017,V0034,,2025-10-09 09:38:00,2025-10-09 10:48:42,2025-10-09 09:38:20,2025-10-09 10:53:23,completed,regular,
T2510001707,R005,1,2025-10-09,WKDY_AUT25,SCH000047,V0053,,2025-10-09 09:39:00,2025-10-09 10:28:00,2025-10-09 09:39:22,2025-10-09 10:31:24,completed,regular,
T2510001708,R001,0,2025-10-09,WKDY_AUT25,SCH000002,V0016,,2025-10-09 09:40:00,2025-10-09 11:00:48,,,cancelled,regular,driver_shortage
T2510001709,R001,1,2025-10-09,WKDY_AUT25,SCH000007,V0016,,2025-10-09 09:41:00,2025-10-09 11:01:48,2025-10-09 09:41:00,2025-10-09 11:02:38,completed,regular,
T2510001710,R003,1,2025-10-09,WKDY_AUT25,SCH000027,V0038,,2025-10-09 09:45:00,2025-10-09 10:36:00,,,cancelled,regular,driver_shortage
T2510001711,R006,1,2025-10-09,WKDY_AUT25,SCH000057,V0058,,2025-10-09 09:46:00,2025-10-09 10:34:00,2025-10-09 09:46:00,2025-10-09 10:30:49,completed,regular,
T2510001712,R002,0,2025-10-09,WKDY_AUT25,SCH000012,V0035,,2025-10-09 09:47:00,2025-10-09 10:57:42,2025-10-09 09:47:20,2025-10-09 11:07:56,completed,regular,
T2510001713,R001,0,2025-10-09,WKDY_AUT25,SCH000002,V0020,,2025-10-09 09:50:00,2025-10-09 11:10:48,2025-10-09 09:51:50,2025-10-09 11:35:57,completed,regular,
T2510001714,R001,1,2025-10-09,WKDY_AUT25,SCH000007,V0018,,2025-10-09 09:51:00,2025-10-09 11:11:48,2025-10-09 09:51:49,2025-10-09 11:10:55,completed,regular,
T2510001715,R004,0,2025-10-09,WKDY_AUT25,SCH000032,V0047,,2025-10-09 09:51:00,2025-10-09 10:21:36,2025-10-09 09:54:39,2025-10-09 10:27:58,completed,regular,
T2510001716,R003,0,2025-10-09,WKDY_AUT25,SCH000022,V0038,,2025-10-09 09:54:00,2025-10-09 10:45:00,2025-10-09 09:55:43,2025-10-09 10:58:11,completed,regular,
T2510001717,R007,0,2025-10-09,WKDY_AUT25,SCH000062,V0060,,2025-10-09 09:57:00,2025-10-09 10:22:06,2025-10-09 09:57:44,2025-10-09 10:24:24,completed,regular,
T2510001718,R002,1,2025-10-09,WKDY_AUT25,SCH000017,V0025,,2025-10-09 09:58:00,2025-10-09 11:08:42,2025-10-09 09:58:48,2025-10-09 11:14:17,completed,regular,
T2510001719,R005,0,2025-10-09,WKDY_AUT25,SCH000042,V0050,,2025-10-09 09:58:00,2025-10-09 10:47:00,2025-10-09 10:02:36,2025-10-09 11:14:37,completed,regular,
T2510001720,R001,0,2025-10-09,WKDY_AUT25,SCH000003,V0024,,2025-10-09 10:00:00,2025-10-09 11:10:18,2025-10-09 10:04:33,2025-10-09 11:33:24,completed,regular,
T2510001721,R008,1,2025-10-09,WKDY_AUT25,SCH000078,V0062,,2025-10-09 10:00:00,2025-10-09 10:14:30,2025-10-09 10:00:00,2025-10-09 10:48:44,completed,regular,
T2510001722,R002,0,2025-10-09,WKDY_AUT25,SCH000013,V0026,,2025-10-09 10:07:00,2025-10-09 11:05:12,2025-10-09 10:09:44,2025-10-09 11:14:05,completed,regular,
T2510001724,R003,0,2025-10-09,WKDY_AUT25,SCH000023,V0039,,2025-10-09 10:14:00,2025-10-09 10:56:00,2025-10-09 10:15:21,2025-10-09 11:04:18,completed,regular,
T2510001725,R001,0,2025-10-09,WKDY_AUT25,SCH000003,V0022,,2025-10-09 10:15:00,2025-10-09 11:25:18,2025-10-09 10:15:00,2025-10-09 12:02:42,completed,regular,
T2510001726,R002,1,2025-10-09,WKDY_AUT25,SCH000018,V0027,,2025-10-09 10:18:00,2025-10-09 11:16:12,2025-10-09 10:21:00,2025-10-09 11:24:43,completed,regular,
T2510001727,R004,0,2025-10-09,WKDY_AUT25,SCH000033,V0048,,2025-10-09 10:21:00,2025-10-09 10:47:06,2025-10-09 10:22:27,2025-10-09 10:45:12,completed,regular,
T2510001728,R003,1,2025-10-09,WKDY_AUT25,SCH000028,V0040,,2025-10-09 10:25:00,2025-10-09 11:07:00,2025-10-09 10:26:07,2025-10-09 11:18:54,completed,regular,
T2510001729,R001,1,2025-10-09,WKDY_AUT25,SCH000008,V0019,,2025-10-09 10:26:00,2025-10-09 11:36:18,2025-10-09 10:26:19,2025-10-09 12:13:24,completed,regular,
T2510001730,R005,0,2025-10-09,WKDY_AUT25,SCH000043,V0049,,2025-10-09 10:28:00,2025-10-09 11:09:48,2025-10-09 10:28:59,2025-10-09 11:08:05,completed,regular,
T2510001731,R001,0,2025-10-09,WKDY_AUT25,SCH000003,V0023,,2025-10-09 10:30:00,2025-10-09 11:40:18,2025-10-09 10:32:49,2025-10-09 11:56:51,completed,regular,
T2510001732,R004,1,2025-10-09,WKDY_AUT25,SCH000038,V0045,,2025-10-09 10:32:00,2025-10-09 10:58:06,2025-10-09 10:32:58,2025-10-09 11:00:19,completed,regular,
T2510001733,R006,0,2025-10-09,WKDY_AUT25,SCH000053,V0054,,2025-10-09 10:35:00,2025-10-09 11:16:00,2025-10-09 10:35:00,2025-10-09 11:09:00,completed,regular,
T2510001734,R002,0,2025-10-09,WKDY_AUT25,SCH000013,V0028,,2025-10-09 10:37:00,2025-10-09 11:35:12,2025-10-09 10:37:00,2025-10-09 11:34:05,completed,regular,
T2510001735,R005,1,2025-10-09,WKDY_AUT25,SCH000048,V0051,,2025-10-09 10:39:00,2025-10-09 11:20:48,2025-10-09 10:44:30,2025-10-09 11:33:00,completed,regular,
T2510001736,R001,1,2025-10-09,WKDY_AUT25,SCH000008,V0002,,2025-10-09 10:41:00,2025-10-09 11:51:18,2025-10-09 10:43:49,2025-10-09 12:31:16,completed,regular,
T2510001737,R007,0,2025-10-09,WKDY_AUT25,SCH000063,V0059,,2025-10-09 10:42:00,2025-10-09 11:04:30,2025-10-09 10:43:11,2025-10-09 11:32:25,completed,regular,
T2510001738,R003,0,2025-10-09,WKDY_AUT25,SCH000023,V0041,,2025-10-09 10:44:00,2025-10-09 11:26:00,2025-10-09 10:44:17,2025-10-09 11:30:05,completed,regular,
T2510001739,R001,0,2025-10-09,WKDY_AUT25,SCH000003,V0001,,2025-10-09 10:45:00,2025-10-09 11:55:18,,,cancelled,regular,road_closure
T2510001740,R006,1,2025-10-09,WKDY_AUT25,SCH000058,V0055,,2025-10-09 10:46:00,2025-10-09 11:27:00,2025-10-09 10:51:13,2025-10-09 11:36:39,completed,regular,
T2510001741,R002,1,2025-10-09,WKDY_AUT25,SCH000018,V0029,,2025-10-09 10:48:00,2025-10-09 11:46:12,2025-10-09 10:48:36,2025-10-09 11:51:29,completed,regular,
T2510001742,R008,0,2025-10-09,WKDY_AUT25,SCH000073,V0064,,2025-10-09 10:49:00,2025-10-09 11:03:30,2025-10-09 10:49:34,2025-10-09 11:39:47,completed,regular,
T2510001743,R007,1,2025-10-09,WKDY_AUT25,SCH000068,V0061,,2025-10-09 10:53:00,2025-10-09 11:15:30,2025-10-09 10:53:00,2025-10-09 11:52:26,completed,regular,
T2510001744,R003,1,2025-10-09,WKDY_AUT25,SCH000028,V0042,,2025-10-09 10:55:00,2025-10-09 11:37:00,,,cancelled,regular,driver_shortage
T2510001745,R001,1,2025-10-09,WKDY_AUT25,SCH000008,V0001,,2025-10-09 10:56:00,2025-10-09 12:06:18,2025-10-09 10:56:50,2025-10-09 12:34:20,completed,regular,
T2510001746,R001,0,2025-10-09,WKDY_AUT25,SCH000003,V0003,,2025-10-09 11:00:00,2025-10-09 12:10:18,2025-10-09 11:00:05,2025-10-09 12:49:36,completed,regular,
T2510001747,R002,0,2025-10-09,WKDY_AUT25,SCH000013,V0030,,2025-10-09 11:07:00,2025-10-09 12:05:12,2025-10-09 11:07:00,2025-10-09 12:11:01,completed,regular,
T2510001748,R001,1,2025-10-09,WKDY_AUT25,SCH000008,V0004,,2025-10-09 11:11:00,2025-10-09 12:21:18,,,cancelled,regular,road_closure
T2510001749,R003,0,2025-10-09,WKDY_AUT25,SCH000023,V0042,,2025-10-09 11:14:00,2025-10-09 11:56:00,2025-10-09 11:14:00,2025-10-09 12:07:50,completed,regular,
T2510001750,R001,0,2025-10-09,WKDY_AUT25,SCH000003,V0004,,2025-10-09 11:15:00,2025-10-09 12:25:18,,,cancelled,regular,road_closure
T2510001751,R002,1,2025-10-09,WKDY_AUT25,SCH000018,V0031,,2025-10-09 11:18:00,2025-10-09 12:16:12,2025-10-09 11:21:58,2025-10-09 12:29:53,completed,regular,
T2510001752,R004,0,2025-10-09,WKDY_AUT25,SCH000033,V0046,,2025-10-09 11:21:00,2025-10-09 11:47:06,2025-10-09 11:24:24,2025-10-09 11:48:20,completed,regular,
T2510001753,R003,1,2025-10-09,WKDY_AUT25,SCH000028,V0043,,2025-10-09 11:25:00,2025-10-09 12:07:00,,,cancelled,regular,driver_shortage
T2510001754,R001,1,2025-10-09,WKDY_AUT25,SCH000008,V0004,,2025-10-09 11:26:00,2025-10-09 12:36:18,2025-10-09 11:26:13,2025-10-09 13:07:37,completed,regular,
T2510001755,R005,0,2025-10-09,WKDY_AUT25,SCH000043,V0052,,2025-10-09 11:28:00,2025-10-09 12:09:48,2025-10-09 11:28:27,2025-10-09 12:19:02,completed,regular,
T2510001756,R001,0,2025-10-09,WKDY_AUT25,SCH000003,V0005,,2025-10-09 11:30:00,2025-10-09 12:40:18,2025-10-09 11:30:00,2025-10-09 13:41:11,completed,regular,
T2510001757,R008,1,2025-10-09,WKDY_AUT25,SCH000078,V0063,,2025-10-09 11:30:00,2025-10-09 11:44:30,2025-10-09 11:30:00,2025-10-09 12:03:01,completed,regular,
T2510001758,R004,1,2025-10-09,WKDY_AUT25,SCH000038,V0047,,2025-10-09 11:32:00,2025-10-09 11:58:06,2025-10-09 11:35:37,2025-10-09 11:58:52,completed,regular,
T2510001759,R006,0,2025-10-09,WKDY_AUT25,SCH000053,V0056,,2025-10-09 11:35:00,2025-10-09 12:16:00,2025-10-09 11:37:05,2025-10-09 12:16:01,completed,regular,
T2510001760,R002,0,2025-10-09,WKDY_AUT25,SCH000013,V0033,,2025-10-09 11:37:00,2025-10-09 12:35:12,2025-10-09 11:37:00,2025-10-09 12:37:21,completed,regular,
T2510001761,R005,1,2025-10-09,WKDY_AUT25,SCH000048,V0053,,2025-10-09 11:39:00,2025-10-09 12:20:48,2025-10-09 11:39:53,2025-10-09 12:28:04,completed,regular,
T2510001762,R001,1,2025-10-09,WKDY_AUT25,SCH000008,V0006,,2025-10-09 11:41:00,2025-10-09 12:51:18,2025-10-09 11:41:38,2025-10-09 13:24:42,completed,regular,
T2510001763,R003,0,2025-10-09,WKDY_AUT25,SCH000023,V0043,,2025-10-09 11:44:00,2025-10-09 12:26:00,2025-10-09 11:45:06,2025-10-09 12:28:43,completed,regular,
T2510001764,R001,0,2025-10-09,WKDY_AUT25,SCH000003,V0007,,2025-10-09 11:45:00,2025-10-09 12:55:18,2025-10-09 11:46:04,2025-10-09 13:34:57,completed,regular,
T2510001765,R006,1,2025-10-09,WKDY_AUT25,SCH000058,V0057,,2025-10-09 11:46:00,2025-10-09 12:27:00,2025-10-09 11:46:28,2025-10-09 12:23:33,completed,regular,
T2510001766,R002,1,2025-10-09,WKDY_AUT25,SCH000018,V0032,,2025-10-09 11:48:00,2025-10-09 12:46:12,2025-10-09 11:48:59,2025-10-09 12:48:29,completed,regular,
T2510001767,R003,1,2025-10-09,WKDY_AUT25,SCH000028,V0044,,2025-10-09 11:55:00,2025-10-09 12:37:00,2025-10-09 11:55:22,2025-10-09 12:50:06,completed,regular,
T2510001768,R001,1,2025-10-09,WKDY_AUT25,SCH000008,V0008,,2025-10-09 11:56:00,2025-10-09 13:06:18,2025-10-09 11:56:41,2025-10-09 13:25:46,completed,regular,
T2510001769,R001,0,2025-10-09,WKDY_AUT25,SCH000003,V0010,,2025-10-09 12:00:00,2025-10-09 13:10:18,2025-10-09 12:00:00,2025-10-09 13:27:31,completed,regular,
T2510001770,R002,0,2025-10-09,WKDY_AUT25,SCH000013,V0034,,2025-10-09 12:07:00,2025-10-09 13:05:12,2025-10-09 12:07:00,2025-10-09 13:10:37,completed,regular,
T2510001771,R001,1,2025-10-09,WKDY_AUT25,SCH000008,V0013,,2025-10-09 12:11:00,2025-10-09 13:21:18,2025-10-09 12:11:00,2025-10-09 13:54:44,completed,regular,
T2510001772,R007,0,2025-10-09,WKDY_AUT25,SCH000063,V0060,,2025-10-09 12:12:00,2025-10-09 12:34:30,2025-10-09 12:12:55,2025-10-09 13:12:49,completed,regular,
T2510001773,R003,0,2025-10-09,WKDY_AUT25,SCH000023,V0036,,2025-10-09 12:14:00,2025-10-09 12:56:00,2025-10-09 12:19:13,2025-10-09 13:08:58,completed,regular,
T2510001774,R001,0,2025-10-09,WKDY_AUT25,SCH000003,V0011,,2025-10-09 12:15:00,2025-10-09 13:25:18,2025-10-09 12:20:04,2025-10-09 13:56:42,completed,regular,
T2510001775,R002,1,2025-10-09,WKDY_AUT25,SCH000018,V0035,,2025-10-09 12:18:00,2025-10-09 13:16:12,2025-10-09 12:22:37,2025-10-09 13:22:16,completed,regular,
T2510001776,R008,0,2025-10-09,WKDY_AUT25,SCH000073,V0062,,2025-10-09 12:19:00,2025-10-09 12:33:30,2025-10-09 12:19:00,2025-10-09 13:00:21,completed,regular,
T2510001777,R004,0,2025-10-09,WKDY_AUT25,SCH000033,V0048,,2025-10-09 12:21:00,2025-10-09 12:47:06,2025-10-09 12:24:56,2025-10-09 12:51:26,completed,regular,
T2510001778,R007,1,2025-10-09,WKDY_AUT25,SCH000068,V0059,,2025-10-09 12:23:00,2025-10-09 12:45:30,2025-10-09 12:24:01,2025-10-09 13:05:08,completed,regular,
T2510001779,R003,1,2025-10-09,WKDY_AUT25,SCH000028,V0037,,2025-10-09 12:25:00,2025-10-09 13:07:00,2025-10-09 12:30:30,2025-10-09 13:22:50,completed,regular,
T2510001780,R001,1,2025-10-09,WKDY_AUT25,SCH000008,V0009,,2025-10-09 12:26:00,2025-10-09 13:36:18,,,cancelled,regular,road_closure
T2510001781,R005,0,2025-10-09,WKDY_AUT25,SCH000043,V0049,,2025-10-09 12:28:00,2025-10-09 13:09:48,2025-10-09 12:30:59,2025-10-09 13:22:22,completed,regular,
T2510001782,R001,0,2025-10-09,WKDY_AUT25,SCH000003,V0009,,2025-10-09 12:30:00,2025-10-09 13:40:18,2025-10-09 12:33:41,2025-10-09 14:27:39,completed,regular,
T2510001783,R004,1,2025-10-09,WKDY_AUT25,SCH000038,V0045,,2025-10-09 12:32:00,2025-10-09 12:58:06,2025-10-09 12:32:51,2025-10-09 12:56:00,completed,regular,
T2510001784,R006,0,2025-10-09,WKDY_AUT25,SCH000053,V0058,,2025-10-09 12:35:00,2025-10-09 13:16:00,2025-10-09 12:35:00,2025-10-09 13:13:08,completed,regular,
T2510001785,R002,0,2025-10-09,WKDY_AUT25,SCH000013,V0026,,2025-10-09 12:37:00,2025-10-09 13:35:12,2025-10-09 12:38:57,2025-10-09 13:37:06,completed,regular,
T2510001786,R005,1,2025-10-09,WKDY_AUT25,SCH000048,V0050,,2025-10-09 12:39:00,2025-10-09 13:20:48,2025-10-09 12:39:20,2025-10-09 13:30:46,completed,regular,
T2510001787,R001,1,2025-10-09,WKDY_AUT25,SCH000008,V0014,,2025-10-09 12:41:00,2025-10-09 13:51:18,2025-10-09 12:41:00,2025-10-09 14:49:31,completed,regular,
T2510001788,R003,0,2025-10-09,WKDY_AUT25,SCH000023,V0038,,2025-10-09 12:44:00,2025-10-09 13:26:00,2025-10-09 12:45:19,2025-10-09 13:33:13,completed,regular,
T2510001789,R001,0,2025-10-09,WKDY_AUT25,SCH000003,V0012,,2025-10-09 12:45:00,2025-10-09 13:55:18,2025-10-09 12:45:15,2025-10-09 14:17:54,completed,regular,
T2510001790,R006,1,2025-10-09,WKDY_AUT25,SCH000058,V0054,,2025-10-09 12:46:00,2025-10-09 13:27:00,2025-10-09 12:46:00,2025-10-09 13:23:11,completed,regular,
T2510001791,R002,1,2025-10-09,WKDY_AUT25,SCH000018,V0025,,2025-10-09 12:48:00,2025-10-09 13:46:12,2025-10-09 12:48:00,2025-10-09 13:53:28,completed,regular,
T2510001792,R003,1,2025-10-09,WKDY_AUT25,SCH000028,V0039,,2025-10-09 12:55:00,2025-10-09 13:37:00,2025-10-09 12:55:28,2025-10-09 13:42:25,completed,regular,
T2510001793,R001,1,2025-10-09,WKDY_AUT25,SCH000008,V0017,,2025-10-09 12:56:00,2025-10-09 14:06:18,2025-10-09 12:58:56,2025-10-09 14:38:37,completed,regular,
T2510001794,R001,0,2025-10-09,WKDY_AUT25,SCH000003,V0015,,2025-10-09 13:00:00,2025-10-09 14:10:18,2025-10-09 13:00:56,2025-10-09 14:43:39,completed,regular,
T2510001795,R008,1,2025-10-09,WKDY_AUT25,SCH000078,V0064,,2025-10-09 13:00:00,2025-10-09 13:14:30,2025-10-09 13:00:20,2025-10-09 13:25:31,completed,regular,
T2510001796,R002,0,2025-10-09,WKDY_AUT25,SCH000013,V0027,,2025-10-09 13:07:00,2025-10-09 14:05:12,2025-10-09 13:08:26,2025-10-09 14:12:57,completed,regular,
T2510001797,R001,1,2025-10-09,WKDY_AUT25,SCH000008,V0016,,2025-10-09 13:11:00,2025-10-09 14:21:18,2025-10-09 13:11:00,2025-10-09 14:57:00,completed,regular,
T2510001798,R003,0,2025-10-09,WKDY_AUT25,SCH000023,V0040,,2025-10-09 13:14:00,2025-10-09 13:56:00,2025-10-09 13:17:02,2025-10-09 14:01:43,completed,regular,
T2510001799,R001,0,2025-10-09,WKDY_AUT25,SCH000003,V0018,,2025-10-09 13:15:00,2025-10-09 14:25:18,2025-10-09 13:15:00,2025-10-09 15:14:43,completed,regular,
T2510001800,R002,1,2025-10-09,WKDY_AUT25,SCH000018,V0028,,2025-10-09 13:18:00,2025-10-09 14:16:12,2025-10-09 13:18:45,2025-10-09 14:23:18,completed,regular,
T2510001801,R004,0,2025-10-09,WKDY_AUT25,SCH000033,V0046,,2025-10-09 13:21:00,2025-10-09 13:47:06,2025-10-09 13:21:56,2025-10-09 13:45:57,completed,regular,
T2510001802,R003,1,2025-10-09,WKDY_AUT25,SCH000028,V0041,,2025-10-09 13:25:00,2025-10-09 14:07:00,2025-10-09 13:25:23,2025-10-09 14:10:53,completed,regular,
T2510001803,R001,1,2025-10-09,WKDY_AUT25,SCH000008,V0024,,2025-10-09 13:26:00,2025-10-09 14:36:18,2025-10-09 13:27:02,2025-10-09 15:15:27,completed,regular,
T2510001804,R005,0,2025-10-09,WKDY_AUT25,SCH000043,V0051,,2025-10-09 13:28:00,2025-10-09 14:09:48,2025-10-09 13:28:00,2025-10-09 14:13:44,completed,regular,
T2510001805,R001,0,2025-10-09,WKDY_AUT25,SCH000003,V0020,,2025-10-09 13:30:00,2025-10-09 14:40:18,2025-10-09 13:30:02,2025-10-09 14:59:00,completed,regular,
T2510001806,R004,1,2025-10-09,WKDY_AUT25,SCH000038,V0047,,2025-10-09 13:32:00,2025-10-09 13:58:06,2025-10-09 13:37:26,2025-10-09 13:58:51,completed,regular,
T2510001807,R006,0,2025-10-09,WKDY_AUT25,SCH000053,V0055,,2025-10-09 13:35:00,2025-10-09 14:16:00,2025-10-09 13:36:04,2025-10-09 14:10:15,completed,regular,
T2510001808,R002,0,2025-10-09,WKDY_AUT25,SCH000013,V0029,,2025-10-09 13:37:00,2025-10-09 14:35:12,2025-10-09 13:37:00,2025-10-09 14:41:06,completed,regular,
T2510001809,R005,1,2025-10-09,WKDY_AUT25,SCH000048,V0052,,2025-10-09 13:39:00,2025-10-09 14:20:48,2025-10-09 13:39:37,2025-10-09 14:29:37,completed,regular,
T2510001810,R001,1,2025-10-09,WKDY_AUT25,SCH000008,V0023,,2025-10-09 13:41:00,2025-10-09 14:51:18,2025-10-09 13:44:29,2025-10-09 15:46:41,completed,regular,
T2510001811,R007,0,2025-10-09,WKDY_AUT25,SCH000063,V0061,,2025-10-09 13:42:00,2025-10-09 14:04:30,,,cancelled,regular,road_closure
T2510001812,R003,0,2025-10-09,WKDY_AUT25,SCH000023,V0042,,2025-10-09 13:44:00,2025-10-09 14:26:00,2025-10-09 13:47:20,2025-10-09 14:38:21,completed,regular,
T2510001813,R001,0,2025-10-09,WKDY_AUT25,SCH000003,V0022,,2025-10-09 13:45:00,2025-10-09 14:55:18,2025-10-09 13:46:27,2025-10-09 15:31:35,completed,regular,
T2510001814,R006,1,2025-10-09,WKDY_AUT25,SCH000058,V0056,,2025-10-09 13:46:00,2025-10-09 14:27:00,2025-10-09 13:46:00,2025-10-09 14:21:49,completed,regular,
T2510001815,R002,1,2025-10-09,WKDY_AUT25,SCH000018,,,2025-10-09 13:48:00,2025-10-09 14:46:12,2025-10-09 13:48:35,2025-10-09 14:54:54,completed,regular,
T2510001816,R008,0,2025-10-09,WKDY_AUT25,SCH000073,V0063,,2025-10-09 13:49:00,2025-10-09 14:03:30,2025-10-09 13:49:43,2025-10-09 14:40:12,completed,regular,
T2510001817,R007,1,2025-10-09,WKDY_AUT25,SCH000068,V0061,,2025-10-09 13:53:00,2025-10-09 14:15:30,,,cancelled,regular,road_closure
T2510001818,R003,1,2025-10-09,WKDY_AUT25,SCH000028,V0043,,2025-10-09 13:55:00,2025-10-09 14:37:00,2025-10-09 13:55:00,2025-10-09 14:44:03,completed,regular,
T2510001819,R001,1,2025-10-09,WKDY_AUT25,SCH000008,V0021,,2025-10-09 13:56:00,2025-10-09 15:06:18,2025-10-09 13:56:16,2025-10-09 15:47:26,completed,regular,
T2510001820,R001,0,2025-10-09,WKDY_AUT25,SCH000003,V0019,,2025-10-09 14:00:00,2025-10-09 15:10:18,2025-10-09 14:00:53,2025-10-09 15:32:00,completed,regular,
T2510001821,R002,0,2025-10-09,WKDY_AUT25,SCH000013,V0031,,2025-10-09 14:07:00,2025-10-09 15:05:12,2025-10-09 14:09:01,2025-10-09 15:05:56,completed,regular,
T2510001822,R001,1,2025-10-09,WKDY_AUT25,SCH000008,V0002,,2025-10-09 14:11:00,2025-10-09 15:21:18,2025-10-09 14:14:21,2025-10-09 16:00:43,completed,regular,
T2510001823,R003,0,2025-10-09,WKDY_AUT25,SCH000023,V0044,,2025-10-09 14:14:00,2025-10-09 14:56:00,2025-10-09 14:14:27,2025-10-09 15:03:07,completed,regular,
T2510001824,R001,0,2025-10-09,WKDY_AUT25,SCH000003,V0001,,2025-10-09 14:15:00,2025-10-09 15:25:18,2025-10-09 14:16:19,2025-10-09 15:51:46,completed,regular,
T2510001825,R002,1,2025-10-09,WKDY_AUT25,SCH000018,V0033,,2025-10-09 14:18:00,2025-10-09 15:16:12,2025-10-09 14:18:13,2025-10-09 15:15:49,completed,regular,
T2510001826,R004,0,2025-10-09,WKDY_AUT25,SCH000033,V0048,,2025-10-09 14:21:00,2025-10-09 14:47:06,2025-10-09 14:21:00,2025-10-09 14:50:24,completed,regular,
T2510001827,R003,1,2025-10-09,WKDY_AUT25,SCH000028,V0036,,2025-10-09 14:25:00,2025-10-09 15:07:00,2025-10-09 14:25:39,2025-10-09 15:13:54,completed,regular,
T2510001828,R001,1,2025-10-09,WKDY_AUT25,SCH000008,V0003,,2025-10-09 14:26:00,2025-10-09 15:36:18,2025-10-09 14:27:09,2025-10-09 16:11:04,completed,regular,
T2510001829,R005,0,2025-10-09,WKDY_AUT25,SCH000043,V0053,,2025-10-09 14:28:00,2025-10-09 15:09:48,2025-10-09 14:29:07,2025-10-09 15:17:38,completed,regular,
T2510001830,R001,0,2025-10-09,WKDY_AUT25,SCH000003,V0004,,2025-10-09 14:30:00,2025-10-09 15:40:18,2025-10-09 14:31:05,2025-10-09 16:09:05,completed,regular,
T2510001831,R008,1,2025-10-09,WKDY_AUT25,SCH000078,V0062,,2025-10-09 14:30:00,2025-10-09 14:44:30,2025-10-09 14:32:29,2025-10-09 15:06:13,completed,regular,
T2510001832,R004,1,2025-10-09,WKDY_AUT25,SCH000038,V0045,,2025-10-09 14:32:00,2025-10-09 14:58:06,2025-10-09 14:32:34,2025-10-09 14:55:53,completed,regular,
T2510001833,R006,0,2025-10-09,WKDY_AUT25,SCH000053,V0057,,2025-10-09 14:35:00,2025-10-09 15:16:00,2025-10-09 14:35:00,2025-10-09 15:13:42,completed,regular,
T2510001834,R002,0,2025-10-09,WKDY_AUT25,SCH000013,V0032,,2025-10-09 14:37:00,2025-10-09 15:35:12,2025-10-09 14:37:00,2025-10-09 15:32:20,completed,regular,
T2510001835,R005,1,2025-10-09,WKDY_AUT25,SCH000048,V0049,,2025-10-09 14:39:00,2025-10-09 15:20:48,2025-10-09 14:40:20,2025-10-09 15:34:00,completed,regular,
T2510001836,R001,1,2025-10-09,WKDY_AUT25,SCH000008,V0006,,2025-10-09 14:41:00,2025-10-09 15:51:18,2025-10-09 14:41:58,2025-10-09 16:24:23,completed,regular,
T2510001837,R003,0,2025-10-09,WKDY_AUT25,SCH000023,V0037,,2025-10-09 14:44:00,2025-10-09 15:26:00,2025-10-09 14:44:41,2025-10-09 15:33:14,completed,regular,
T2510001838,R001,0,2025-10-09,WKDY_AUT25,SCH000003,V0008,,2025-10-09 14:45:00,2025-10-09 15:55:18,2025-10-09 14:45:29,2025-10-09 16:43:34,completed,regular,
T2510001839,R006,1,2025-10-09,WKDY_AUT25,SCH000058,V0058,,2025-10-09 14:46:00,2025-10-09 15:27:00,2025-10-09 14:50:55,2025-10-09 15:31:55,completed,regular,
T2510001840,R002,1,2025-10-09,WKDY_AUT25,SCH000018,V0034,,2025-10-09 14:48:00,2025-10-09 15:46:12,2025-10-09 14:48:00,2025-10-09 15:49:44,completed,regular,
T2510001841,R003,1,2025-10-09,WKDY_AUT25,SCH000028,V0038,,2025-10-09 14:55:00,2025-10-09 15:37:00,2025-10-09 14:55:00,2025-10-09 15:45:04,completed,regular,
T2510001842,R001,1,2025-10-09,WKDY_AUT25,SCH000008,V0010,,2025-10-09 14:56:00,2025-10-09 16:06:18,2025-10-09 14:58:18,2025-10-09 16:49:52,completed,regular,
T2510001843,R001,0,2025-10-09,WKDY_AUT25,SCH000003,V0007,,2025-10-09 15:00:00,2025-10-09 16:10:18,2025-10-09 15:00:29,2025-10-09 16:46:52,completed,regular,
T2510001844,R002,0,2025-10-09,WKDY_AUT25,SCH000013,V0035,,2025-10-09 15:07:00,2025-10-09 16:05:12,2025-10-09 15:07:00,2025-10-09 16:07:59,completed,regular,
T2510001845,R001,1,2025-10-09,WKDY_AUT25,SCH000008,V0005,,2025-10-09 15:11:00,2025-10-09 16:21:18,,,cancelled,regular,road_closure
T2510001846,R007,0,2025-10-09,WKDY_AUT25,SCH000063,V0061,,2025-10-09 15:12:00,2025-10-09 15:34:30,,,cancelled,regular,road_closure
T2510001847,R003,0,2025-10-09,WKDY_AUT25,SCH000023,V0039,,2025-10-09 15:14:00,2025-10-09 15:56:00,2025-10-09 15:14:00,2025-10-09 15:58:11,completed,regular,
T2510001848,R001,0,2025-10-09,WKDY_AUT25,SCH000003,V0005,,2025-10-09 15:15:00,2025-10-09 16:25:18,2025-10-09 15:20:31,2025-10-09 17:17:47,completed,regular,
T2510001849,R002,1,2025-10-09,WKDY_AUT25,SCH000018,V0026,,2025-10-09 15:18:00,2025-10-09 16:16:12,2025-10-09 15:18:00,2025-10-09 16:18:02,completed,regular,
T2510001850,R008,0,2025-10-09,WKDY_AUT25,SCH000073,V0064,,2025-10-09 15:19:00,2025-10-09 15:33:30,,,cancelled,regular,road_closure
T2510001851,R004,0,2025-10-09,WKDY_AUT25,SCH000033,V0046,,2025-10-09 15:21:00,2025-10-09 15:47:06,2025-10-09 15:22:51,2025-10-09 15:50:51,completed,regular,
T2510001852,R007,1,2025-10-09,WKDY_AUT25,SCH000068,V0061,,2025-10-09 15:23:00,2025-10-09 15:45:30,2025-10-09 15:25:45,2025-10-09 16:31:42,completed,regular,
T2510001853,R003,1,2025-10-09,WKDY_AUT25,SCH000028,V0040,,2025-10-09 15:25:00,2025-10-09 16:07:00,2025-10-09 15:27:02,2025-10-09 16:15:28,completed,regular,
T2510001853,R003,1,2025-10-09,WKDY_AUT25,SCH000028,V0040,,2025-10-09 15:25:00,2025-10-09 16:07:00,2025-10-09 15:27:02,2025-10-09 16:15:28,completed,regular,
T2510001854,R001,1,2025-10-09,WKDY_AUT25,SCH000008,,,2025-10-09 15:26:00,2025-10-09 16:36:18,2025-10-09 15:31:45,2025-10-09 17:44:57,completed,regular,
T2510001855,R005,0,2025-10-09,WKDY_AUT25,SCH000043,V0050,,2025-10-09 15:28:00,2025-10-09 16:09:48,2025-10-09 15:28:00,2025-10-09 16:11:17,completed,regular,
T2510001856,R001,0,2025-10-09,WKDY_AUT25,SCH000003,V0011,,2025-10-09 15:30:00,2025-10-09 16:40:18,2025-10-09 15:33:28,2025-10-09 17:14:21,completed,regular,
T2510001857,R004,1,2025-10-09,WKDY_AUT25,SCH000038,V0047,,2025-10-09 15:32:00,2025-10-09 15:58:06,2025-10-09 15:32:00,2025-10-09 15:58:11,completed,regular,
T2510001858,R006,0,2025-10-09,WKDY_AUT25,SCH000053,V0054,,2025-10-09 15:35:00,2025-10-09 16:16:00,2025-10-09 15:35:00,2025-10-09 16:15:00,completed,regular,
T2510001859,R002,0,2025-10-09,WKDY_AUT25,SCH000013,V0025,,2025-10-09 15:37:00,2025-10-09 16:35:12,2025-10-09 15:37:00,2025-10-09 16:40:48,completed,regular,
T2510001860,R005,1,2025-10-09,WKDY_AUT25,SCH000048,V0051,,2025-10-09 15:39:00,2025-10-09 16:20:48,2025-10-09 15:41:03,2025-10-09 16:31:23,completed,regular,
T2510001861,R001,1,2025-10-09,WKDY_AUT25,SCH000008,V0012,,2025-10-09 15:41:00,2025-10-09 16:51:18,2025-10-09 15:41:00,2025-10-09 17:13:25,completed,regular,
T2510001862,R003,0,2025-10-09,WKDY_AUT25,SCH000023,V0041,,2025-10-09 15:44:00,2025-10-09 16:26:00,2025-10-09 15:44:43,2025-10-09 16:31:06,completed,regular,
T2510001863,R001,0,2025-10-09,WKDY_AUT25,SCH000003,V0009,,2025-10-09 15:45:00,2025-10-09 16:55:18,2025-10-09 15:46:39,2025-10-09 17:16:37,completed,regular,
T2510001864,R006,1,2025-10-09,WKDY_AUT25,SCH000058,V0055,,2025-10-09 15:46:00,2025-10-09 16:27:00,2025-10-09 15:48:01,2025-10-09 16:31:08,completed,regular,
T2510001865,R002,1,2025-10-09,WKDY_AUT25,SCH000018,V0027,,2025-10-09 15:48:00,2025-10-09 16:46:12,2025-10-09 15:48:52,2025-10-09 16:54:51,completed,regular,
T2510001866,R003,1,2025-10-09,WKDY_AUT25,SCH000028,V0042,,2025-10-09 15:55:00,2025-10-09 16:37:00,2025-10-09 15:55:00,2025-10-09 16:38:50,completed,regular,
T2510001867,R001,1,2025-10-09,WKDY_AUT25,SCH000008,V0017,,2025-10-09 15:56:00,2025-10-09 17:06:18,2025-10-09 16:01:39,2025-10-09 17:33:31,completed,regular,
T2510001868,R001,0,2025-10-09,WKDY_AUT25,SCH000004,V0015,,2025-10-09 16:00:00,2025-10-09 17:25:00,2025-10-09 16:03:55,2025-10-09 18:06:07,completed,regular,
T2510001869,R008,1,2025-10-09,WKDY_AUT25,SCH000079,V0064,,2025-10-09 16:00:00,2025-10-09 16:16:42,2025-10-09 16:02:27,2025-10-09 16:58:59,completed,regular,
T2510001870,R001,1,2025-10-09,WKDY_AUT25,SCH000009,V0014,,2025-10-09 16:01:00,2025-10-09 17:26:00,,,cancelled,regular,road_closure
T2510001871,R004,1,2025-10-09,WKDY_AUT25,SCH000039,V0048,,2025-10-09 16:02:00,2025-10-09 16:33:42,2025-10-09 16:02:25,2025-10-09 16:33:08,completed,regular,
T2510001872,R008,0,2025-10-09,WKDY_AUT25,SCH000074,V0063,,2025-10-09 16:04:00,2025-10-09 16:20:42,2025-10-09 16:05:24,2025-10-09 16:53:31,completed,regular,
T2510001873,R003,1,2025-10-09,WKDY_AUT25,SCH000029,V0043,,2025-10-09 16:05:00,2025-10-09 16:57:54,2025-10-09 16:05:00,2025-10-09 17:03:56,completed,regular,
T2510001874,R006,0,2025-10-09,WKDY_AUT25,SCH000054,V0056,,2025-10-09 16:05:00,2025-10-09 16:54:48,2025-10-09 16:10:22,2025-10-09 16:58:47,completed,regular,
T2510001875,R002,0,2025-10-09,WKDY_AUT25,SCH000014,V0028,,2025-10-09 16:07:00,2025-10-09 17:20:18,2025-10-09 16:08:26,2025-10-09 17:36:18,completed,regular,
T2510001876,R007,1,2025-10-09,WKDY_AUT25,SCH000069,V0059,,2025-10-09 16:08:00,2025-10-09 16:33:54,2025-10-09 16:11:54,2025-10-09 17:05:43,completed,regular,
T2510001877,R005,1,2025-10-09,WKDY_AUT25,SCH000049,V0052,,2025-10-09 16:09:00,2025-10-09 16:59:48,2025-10-09 16:09:16,2025-10-09 17:08:10,completed,regular,
T2510001878,R001,0,2025-10-09,WKDY_AUT25,SCH000004,V0014,,2025-10-09 16:10:00,2025-10-09 17:35:00,2025-10-09 16:11:09,2025-10-09 17:52:55,completed,regular,
T2510001879,R001,1,2025-10-09,WKDY_AUT25,SCH000009,V0016,,2025-10-09 16:11:00,2025-10-09 17:36:00,2025-10-09 16:11:36,2025-10-09 18:17:50,completed,regular,
T2510001880,R003,0,2025-10-09,WKDY_AUT25,SCH000024,V0044,,2025-10-09 16:14:00,2025-10-09 17:06:54,2025-10-09 16:14:30,2025-10-09 17:23:02,completed,regular,
T2510001881,R006,1,2025-10-09,WKDY_AUT25,SCH000059,V0057,,2025-10-09 16:16:00,2025-10-09 17:05:48,2025-10-09 16:18:26,2025-10-09 17:07:58,completed,regular,
T2510001882,R002,1,2025-10-09,WKDY_AUT25,SCH000019,V0029,,2025-10-09 16:18:00,2025-10-09 17:31:18,2025-10-09 16:18:37,2025-10-09 17:45:30,completed,regular,
T2510001883,R001,0,2025-10-09,WKDY_AUT25,SCH000004,V0020,,2025-10-09 16:20:00,2025-10-09 17:45:00,2025-10-09 16:20:00,2025-10-09 18:10:40,completed,regular,
T2510001884,R001,1,2025-10-09,WKDY_AUT25,SCH000009,V0018,,2025-10-09 16:21:00,2025-10-09 17:46:00,2025-10-09 16:24:59,2025-10-09 18:12:07,completed,regular,
T2510001885,R004,0,2025-10-09,WKDY_AUT25,SCH000034,V0045,,2025-10-09 16:21:00,2025-10-09 16:52:42,2025-10-09 16:23:18,2025-10-09 17:05:30,completed,regular,
T2510001886,R003,1,2025-10-09,WKDY_AUT25,SCH000029,V0036,,2025-10-09 16:25:00,2025-10-09 17:17:54,2025-10-09 16:28:02,2025-10-09 17:31:02,completed,regular,
T2510001887,R002,0,2025-10-09,WKDY_AUT25,SCH000014,V0030,,2025-10-09 16:27:00,2025-10-09 17:40:18,2025-10-09 16:32:41,2025-10-09 17:59:47,completed,regular,
T2510001888,R005,0,2025-10-09,WKDY_AUT25,SCH000044,V0053,,2025-10-09 16:28:00,2025-10-09 17:18:48,,,cancelled,regular,driver_shortage
T2510001889,R001,0,2025-10-09,WKDY_AUT25,SCH000004,V0024,,2025-10-09 16:30:00,2025-10-09 17:55:00,2025-10-09 16:32:47,2025-10-09 18:29:50,completed,regular,
T2510001890,R001,1,2025-10-09,WKDY_AUT25,SCH000009,V0022,,2025-10-09 16:31:00,2025-10-09 17:56:00,2025-10-09 16:31:59,2025-10-09 18:32:15,completed,regular,
T2510001891,R004,1,2025-10-09,WKDY_AUT25,SCH000039,V0046,,2025-10-09 16:32:00,2025-10-09 17:03:42,2025-10-09 16:32:00,2025-10-09 17:03:08,completed,regular,
T2510001892,R003,0,2025-10-09,WKDY_AUT25,SCH000024,V0037,,2025-10-09 16:34:00,2025-10-09 17:26:54,2025-10-09 16:36:24,2025-10-09 17:44:17,completed,regular,
T2510001893,R006,0,2025-10-09,WKDY_AUT25,SCH000054,V0058,,2025-10-09 16:35:00,2025-10-09 17:24:48,2025-10-09 16:35:00,2025-10-09 17:25:27,completed,regular,
T2510001894,R002,1,2025-10-09,WKDY_AUT25,SCH000019,V0031,,2025-10-09 16:38:00,2025-10-09 17:51:18,2025-10-09 16:38:43,2025-10-09 17:50:33,completed,regular,
T2510001895,R005,1,2025-10-09,WKDY_AUT25,SCH000049,V0053,,2025-10-09 16:39:00,2025-10-09 17:29:48,2025-10-09 16:40:27,2025-10-09 17:40:56,completed,regular,
T2510001896,R001,0,2025-10-09,WKDY_AUT25,SCH000004,V0019,,2025-10-09 16:40:00,2025-10-09 18:05:00,2025-10-09 16:40:00,2025-10-09 18:27:31,completed,regular,
T2510001897,R001,1,2025-10-09,WKDY_AUT25,SCH000009,V0023,,2025-10-09 16:41:00,2025-10-09 18:06:00,2025-10-09 16:41:42,2025-10-09 18:25:19,completed,regular,
T2510001898,R007,0,2025-10-09,WKDY_AUT25,SCH000064,V0060,,2025-10-09 16:42:00,2025-10-09 17:07:54,2025-10-09 16:43:28,2025-10-09 17:55:04,completed,regular,
T2510001899,R003,1,2025-10-09,WKDY_AUT25,SCH000029,V0038,,2025-10-09 16:45:00,2025-10-09 17:37:54,2025-10-09 16:45:12,2025-10-09 17:41:44,completed,regular,
T2510001900,R008,1,2025-10-09,WKDY_AUT25,SCH000079,V0062,,2025-10-09 16:45:00,2025-10-09 17:01:42,,,cancelled,regular,road_closure
T2510001901,R006,1,2025-10-09,WKDY_AUT25,SCH000059,V0054,,2025-10-09 16:46:00,2025-10-09 17:35:48,2025-10-09 16:46:00,2025-10-09 17:33:21,completed,regular,
T2510001902,R002,0,2025-10-09,WKDY_AUT25,SCH000014,V0033,,2025-10-09 16:47:00,2025-10-09 18:00:18,2025-10-09 16:47:23,2025-10-09 18:00:38,completed,regular,
T2510001903,R008,0,2025-10-09,WKDY_AUT25,SCH000074,V0062,,2025-10-09 16:49:00,2025-10-09 17:05:42,2025-10-09 16:53:41,2025-10-09 17:37:46,completed,regular,
T2510001904,R001,0,2025-10-09,WKDY_AUT25,SCH000004,V0021,,2025-10-09 16:50:00,2025-10-09 18:15:00,2025-10-09 16:55:18,2025-10-09 18:57:29,completed,regular,
T2510001905,R001,1,2025-10-09,WKDY_AUT25,SCH000009,V0001,,2025-10-09 16:51:00,2025-10-09 18:16:00,2025-10-09 16:51:45,2025-10-09 18:58:23,completed,regular,
T2510001906,R004,0,2025-10-09,WKDY_AUT25,SCH000034,V0047,,2025-10-09 16:51:00,2025-10-09 17:22:42,2025-10-09 16:51:14,2025-10-09 17:23:58,completed,regular,
T2510001907,R007,1,2025-10-09,WKDY_AUT25,SCH000069,V0061,,2025-10-09 16:53:00,2025-10-09 17:18:54,2025-10-09 16:53:10,2025-10-09 17:48:39,completed,regular,
T2510001908,R003,0,2025-10-09,WKDY_AUT25,SCH000024,V0039,,2025-10-09 16:54:00,2025-10-09 17:46:54,2025-10-09 16:54:00,2025-10-09 17:58:47,completed,regular,
T2510001909,R002,1,2025-10-09,WKDY_AUT25,SCH000019,V0032,,2025-10-09 16:58:00,2025-10-09 18:11:18,2025-10-09 16:58:00,2025-10-09 18:17:36,completed,regular,
T2510001910,R005,0,2025-10-09,WKDY_AUT25,SCH000044,V0049,,2025-10-09 16:58:00,2025-10-09 17:48:48,2025-10-09 17:02:08,2025-10-09 18:26:15,completed,regular,
T2510001911,R001,0,2025-10-09,WKDY_AUT25,SCH000004,V0002,,2025-10-09 17:00:00,2025-10-09 18:25:00,2025-10-09 17:00:00,2025-10-09 18:37:27,completed,regular,
T2510001912,R001,1,2025-10-09,WKDY_AUT25,SCH000009,V0004,,2025-10-09 17:01:00,2025-10-09 18:26:00,2025-10-09 17:01:00,2025-10-09 18:50:34,completed,regular,
T2510001913,R004,1,2025-10-09,WKDY_AUT25,SCH000039,V0048,,2025-10-09 17:02:00,2025-10-09 17:33:42,2025-10-09 17:07:47,2025-10-09 17:41:50,completed,regular,
T2510001914,R003,1,2025-10-09,WKDY_AUT25,SCH000029,V0040,,2025-10-09 17:05:00,2025-10-09 17:57:54,,,cancelled,regular,driver_shortage
T2510001915,R006,0,2025-10-09,WKDY_AUT25,SCH000054,V0055,,2025-10-09 17:05:00,2025-10-09 17:54:48,2025-10-09 17:05:50,2025-10-09 17:53:16,completed,regular,
T2510001916,R002,0,2025-10-09,WKDY_AUT25,SCH000014,V0034,,2025-10-09 17:07:00,2025-10-09 18:20:18,2025-10-09 17:07:14,2025-10-09 18:20:36,completed,regular,
T2510001917,R005,1,2025-10-09,WKDY_AUT25,SCH000049,V0050,,2025-10-09 17:09:00,2025-10-09 17:59:48,2025-10-09 17:09:01,2025-10-09 18:09:30,completed,regular,
T2510001918,R001,0,2025-10-09,WKDY_AUT25,SCH000004,V0003,,2025-10-09 17:10:00,2025-10-09 18:35:00,2025-10-09 17:10:00,2025-10-09 19:07:25,completed,regular,
T2510001919,R001,1,2025-10-09,WKDY_AUT25,SCH000009,V0006,,2025-10-09 17:11:00,2025-10-09 18:36:00,2025-10-09 17:12:13,2025-10-09 19:17:27,completed,regular,
T2510001920,R003,0,2025-10-09,WKDY_AUT25,SCH000024,V0040,,2025-10-09 17:14:00,2025-10-09 18:06:54,2025-10-09 17:14:00,2025-10-09 18:25:03,completed,regular,
T2510001921,R006,1,2025-10-09,WKDY_AUT25,SCH000059,V0056,,2025-10-09 17:16:00,2025-10-09 18:05:48,2025-10-09 17:16:00,2025-10-09 18:09:22,completed,regular,
T2510001922,R002,1,2025-10-09,WKDY_AUT25,SCH000019,V0035,,2025-10-09 17:18:00,2025-10-09 18:31:18,2025-10-09 17:19:29,2025-10-09 18:31:16,completed,regular,
T2510001923,R001,0,2025-10-09,WKDY_AUT25,SCH000004,V0008,,2025-10-09 17:20:00,2025-10-09 18:45:00,2025-10-09 17:20:00,2025-10-09 19:02:53,completed,regular,
T2510001924,R001,1,2025-10-09,WKDY_AUT25,SCH000009,V0007,,2025-10-09 17:21:00,2025-10-09 18:46:00,2025-10-09 17:21:18,2025-10-09 19:20:55,completed,regular,
T2510001925,R004,0,2025-10-09,WKDY_AUT25,SCH000034,V0046,,2025-10-09 17:21:00,2025-10-09 17:52:42,2025-10-09 17:21:00,2025-10-09 17:55:26,completed,regular,
T2510001926,R003,1,2025-10-09,WKDY_AUT25,SCH000029,V0041,,2025-10-09 17:25:00,2025-10-09 18:17:54,2025-10-09 17:25:00,2025-10-09 18:29:43,completed,regular,
T2510001927,R002,0,2025-10-09,WKDY_AUT25,SCH000014,V0026,,2025-10-09 17:27:00,2025-10-09 18:40:18,2025-10-09 17:27:00,2025-10-09 18:44:41,completed,regular,
T2510001928,R007,0,2025-10-09,WKDY_AUT25,SCH000064,V0059,,2025-10-09 17:27:00,2025-10-09 17:52:54,2025-10-09 17:27:33,2025-10-09 18:13:25,completed,regular,
T2510001929,R005,0,2025-10-09,WKDY_AUT25,SCH000044,V0051,,2025-10-09 17:28:00,2025-10-09 18:18:48,2025-10-09 17:28:00,2025-10-09 18:34:51,completed,regular,
T2510001930,R001,0,2025-10-09,WKDY_AUT25,SCH000004,V0010,,2025-10-09 17:30:00,2025-10-09 18:55:00,2025-10-09 17:30:36,2025-10-09 19:41:27,completed,regular,
T2510001931,R008,1,2025-10-09,WKDY_AUT25,SCH000079,V0063,,2025-10-09 17:30:00,2025-10-09 17:46:42,2025-10-09 17:30:00,2025-10-09 18:30:22,completed,regular,
T2510001933,R004,1,2025-10-09,WKDY_AUT25,SCH000039,V0045,,2025-10-09 17:32:00,2025-10-09 18:03:42,2025-10-09 17:33:01,2025-10-09 18:05:08,completed,regular,
T2510001934,R003,0,2025-10-09,WKDY_AUT25,SCH000024,V0042,,2025-10-09 17:34:00,2025-10-09 18:26:54,2025-10-09 17:34:00,2025-10-09 18:35:54,completed,regular,
T2510001935,R008,0,2025-10-09,WKDY_AUT25,SCH000074,V0064,,2025-10-09 17:34:00,2025-10-09 17:50:42,,,cancelled,regular,road_closure
T2510001936,R006,0,2025-10-09,WKDY_AUT25,SCH000054,V0057,,2025-10-09 17:35:00,2025-10-09 18:24:48,2025-10-09 17:35:00,2025-10-09 18:21:55,completed,regular,
T2510001937,R002,1,2025-10-09,WKDY_AUT25,SCH000019,V0025,,2025-10-09 17:38:00,2025-10-09 18:51:18,2025-10-09 17:38:00,2025-10-09 18:55:41,completed,regular,
T2510001938,R007,1,2025-10-09,WKDY_AUT25,SCH000069,V0061,,2025-10-09 17:38:00,2025-10-09 18:03:54,2025-10-09 17:54:39,2025-10-09 18:57:05,completed,regular,
T2510001939,R005,1,2025-10-09,WKDY_AUT25,SCH000049,V0052,,2025-10-09 17:39:00,2025-10-09 18:29:48,2025-10-09 17:39:46,2025-10-09 18:42:09,completed,regular,
T2510001940,R001,0,2025-10-09,WKDY_AUT25,SCH000004,V0011,,2025-10-09 17:40:00,2025-10-09 19:05:00,2025-10-09 17:41:41,2025-10-09 19:50:46,completed,regular,
T2510001941,R001,1,2025-10-09,WKDY_AUT25,SCH000009,V0009,,2025-10-09 17:41:00,2025-10-09 19:06:00,2025-10-09 17:41:04,2025-10-09 19:44:25,completed,regular,
T2510001942,R003,1,2025-10-09,WKDY_AUT25,SCH000029,V0043,,2025-10-09 17:45:00,2025-10-09 18:37:54,2025-10-09 17:48:12,2025-10-09 18:58:35,completed,regular,
T2510001942,R003,1,2025-10-09,WKDY_AUT25,SCH000029,V0043,,2025-10-09 17:45:00,2025-10-09 18:37:54,2025-10-09 17:48:12,2025-10-09 18:58:35,completed,regular,
T2510001943,R006,1,2025-10-09,WKDY_AUT25,SCH000059,V0058,,2025-10-09 17:46:00,2025-10-09 18:35:48,2025-10-09 17:50:15,2025-10-09 18:40:05,completed,regular,
T2510001944,R002,0,2025-10-09,WKDY_AUT25,SCH000014,V0027,,2025-10-09 17:47:00,2025-10-09 19:00:18,2025-10-09 17:47:00,2025-10-09 19:02:54,completed,regular,
T2510001945,R001,0,2025-10-09,WKDY_AUT25,SCH000004,V0005,,2025-10-09 17:50:00,2025-10-09 19:15:00,2025-10-09 17:50:40,2025-10-09 19:36:35,completed,regular,
T2510001946,R001,1,2025-10-09,WKDY_AUT25,SCH000009,V0017,,2025-10-09 17:51:00,2025-10-09 19:16:00,2025-10-09 17:51:02,2025-10-09 19:54:13,completed,regular,
T2510001947,R004,0,2025-10-09,WKDY_AUT25,SCH000034,,,2025-10-09 17:51:00,2025-10-09 18:22:42,2025-10-09 17:55:48,2025-10-09 18:29:33,completed,regular,
T2510001948,R003,0,2025-10-09,WKDY_AUT25,SCH000024,V0044,,2025-10-09 17:54:00,2025-10-09 18:46:54,2025-10-09 17:54:00,2025-10-09 18:58:50,completed,regular,
T2510001949,R002,1,2025-10-09,WKDY_AUT25,SCH000019,V0028,,2025-10-09 17:58:00,2025-10-09 19:11:18,2025-10-09 17:58:00,2025-10-09 19:12:29,completed,regular,
T2510001950,R005,0,2025-10-09,WKDY_AUT25,SCH000044,V0053,,2025-10-09 17:58:00,2025-10-09 18:48:48,,,cancelled,regular,driver_shortage
T2510001951,R001,0,2025-10-09,WKDY_AUT25,SCH000004,V0013,,2025-10-09 18:00:00,2025-10-09 19:25:00,2025-10-09 18:05:32,2025-10-09 20:11:33,completed,regular,
T2510001952,R001,1,2025-10-09,WKDY_AUT25,SCH000009,V0014,,2025-10-09 18:01:00,2025-10-09 19:26:00,,,cancelled,regular,road_closure
T2510001953,R004,1,2025-10-09,WKDY_AUT25,SCH000039,V0048,,2025-10-09 18:02:00,2025-10-09 18:33:42,2025-10-09 18:02:00,2025-10-09 18:34:35,completed,regular,
T2510001954,R003,1,2025-10-09,WKDY_AUT25,SCH000029,V0036,,2025-10-09 18:05:00,2025-10-09 18:57:54,2025-10-09 18:05:53,2025-10-09 19:11:05,completed,regular,
T2510001955,R006,0,2025-10-09,WKDY_AUT25,SCH000054,V0054,,2025-10-09 18:05:00,2025-10-09 18:54:48,2025-10-09 18:05:00,2025-10-09 18:58:58,completed,regular,
T2510001956,R002,0,2025-10-09,WKDY_AUT25,SCH000014,V0029,,2025-10-09 18:07:00,2025-10-09 19:20:18,2025-10-09 18:10:17,2025-10-09 19:23:08,completed,regular,
T2510001957,R005,1,2025-10-09,WKDY_AUT25,SCH000049,V0053,,2025-10-09 18:09:00,2025-10-09 18:59:48,2025-10-09 18:12:16,2025-10-09 19:15:52,completed,regular,
T2510001958,R001,0,2025-10-09,WKDY_AUT25,SCH000004,V0014,,2025-10-09 18:10:00,2025-10-09 19:35:00,2025-10-09 18:12:22,2025-10-09 20:19:48,completed,regular,
T2510001959,R001,1,2025-10-09,WKDY_AUT25,SCH000009,V0015,,2025-10-09 18:11:00,2025-10-09 19:36:00,,,cancelled,regular,road_closure
T2510001960,R007,0,2025-10-09,WKDY_AUT25,SCH000064,V0060,,2025-10-09 18:12:00,2025-10-09 18:37:54,2025-10-09 18:13:28,2025-10-09 18:53:34,completed,regular,
T2510001961,R003,0,2025-10-09,WKDY_AUT25,SCH000024,V0038,,2025-10-09 18:14:00,2025-10-09 19:06:54,2025-10-09 18:15:13,2025-10-09 19:23:12,completed,regular,
T2510001962,R008,1,2025-10-09,WKDY_AUT25,SCH000079,V0064,,2025-10-09 18:15:00,2025-10-09 18:31:42,2025-10-09 18:15:04,2025-10-09 18:53:02,completed,regular,
T2510001963,R006,1,2025-10-09,WKDY_AUT25,SCH000059,V0055,,2025-10-09 18:16:00,2025-10-09 19:05:48,2025-10-09 18:16:00,2025-10-09 19:03:19,completed,regular,
T2510001964,R002,1,2025-10-09,WKDY_AUT25,SCH000019,V0031,,2025-10-09 18:18:00,2025-10-09 19:31:18,2025-10-09 18:18:40,2025-10-09 19:38:30,completed,regular,
T2510001965,R008,0,2025-10-09,WKDY_AUT25,SCH000074,V0062,,2025-10-09 18:19:00,2025-10-09 18:35:42,2025-10-09 18:19:10,2025-10-09 18:57:56,completed,regular,
T2510001966,R001,0,2025-10-09,WKDY_AUT25,SCH000004,V0015,,2025-10-09 18:20:00,2025-10-09 19:45:00,,,cancelled,regular,road_closure
T2510001967,R001,1,2025-10-09,WKDY_AUT25,SCH000009,V0015,,2025-10-09 18:21:00,2025-10-09 19:46:00,2025-10-09 18:21:36,2025-10-09 21:00:17,completed,regular,
T2510001968,R004,0,2025-10-09,WKDY_AUT25,SCH000034,V0046,,2025-10-09 18:21:00,2025-10-09 18:52:42,2025-10-09 18:21:47,2025-10-09 18:55:48,completed,regular,
T2510001969,R007,1,2025-10-09,WKDY_AUT25,SCH000069,V0059,,2025-10-09 18:23:00,2025-10-09 18:48:54,2025-10-09 18:23:28,2025-10-09 19:18:03,completed,regular,
T2510001970,R003,1,2025-10-09,WKDY_AUT25,SCH000029,V0037,,2025-10-09 18:25:00,2025-10-09 19:17:54,2025-10-09 18:25:15,2025-10-09 19:29:24,completed,regular,
T2510001971,R002,0,2025-10-09,WKDY_AUT25,SCH000014,V0030,,2025-10-09 18:27:00,2025-10-09 19:40:18,2025-10-09 18:27:19,2025-10-09 19:49:23,completed,regular,
T2510001972,R005,0,2025-10-09,WKDY_AUT25,SCH000044,V0050,,2025-10-09 18:28:00,2025-10-09 19:18:48,2025-10-09 18:31:34,2025-10-09 19:45:43,completed,regular,
T2510001973,R001,0,2025-10-09,WKDY_AUT25,SCH000004,V0020,,2025-10-09 18:30:00,2025-10-09 19:55:00,2025-10-09 18:30:02,2025-10-09 20:21:03,completed,regular,
T2510001974,R001,1,2025-10-09,WKDY_AUT25,SCH000009,V0018,,2025-10-09 18:31:00,2025-10-09 19:56:00,2025-10-09 18:31:48,2025-10-09 20:29:20,completed,regular,
T2510001975,R004,1,2025-10-09,WKDY_AUT25,SCH000039,V0045,,2025-10-09 18:32:00,2025-10-09 19:03:42,2025-10-09 18:32:00,2025-10-09 19:06:46,completed,regular,
T2510001976,R003,0,2025-10-09,WKDY_AUT25,SCH000024,V0039,,2025-10-09 18:34:00,2025-10-09 19:26:54,2025-10-09 18:34:00,2025-10-09 19:35:09,completed,regular,
T2510001977,R006,0,2025-10-09,WKDY_AUT25,SCH000054,V0056,,2025-10-09 18:35:00,2025-10-09 19:24:48,2025-10-09 18:36:19,2025-10-09 19:26:52,completed,regular,
T2510001978,R002,1,2025-10-09,WKDY_AUT25,SCH000019,V0033,,2025-10-09 18:38:00,2025-10-09 19:51:18,,,cancelled,regular,driver_shortage
T2510001979,R005,1,2025-10-09,WKDY_AUT25,SCH000049,V0049,,2025-10-09 18:39:00,2025-10-09 19:29:48,2025-10-09 18:40:01,2025-10-09 19:41:31,completed,regular,
T2510001980,R001,0,2025-10-09,WKDY_AUT25,SCH000004,V0016,,2025-10-09 18:40:00,2025-10-09 20:05:00,2025-10-09 18:40:00,2025-10-09 20:36:05,completed,regular,
T2510001981,R001,1,2025-10-09,WKDY_AUT25,SCH000009,V0023,,2025-10-09 18:41:00,2025-10-09 20:06:00,2025-10-09 18:46:31,2025-10-09 20:56:47,completed,regular,
T2510001982,R003,1,2025-10-09,WKDY_AUT25,SCH000029,V0040,,2025-10-09 18:45:00,2025-10-09 19:37:54,2025-10-09 18:45:00,2025-10-09 19:47:25,completed,regular,
T2510001983,R006,1,2025-10-09,WKDY_AUT25,SCH000059,V0057,,2025-10-09 18:46:00,2025-10-09 19:35:48,,,cancelled,regular,driver_shortage
T2510001984,R002,0,2025-10-09,WKDY_AUT25,SCH000014,V0033,,2025-10-09 18:47:00,2025-10-09 20:00:18,2025-10-09 18:47:00,2025-10-09 20:07:11,completed,regular,
T2510001985,R001,0,2025-10-09,WKDY_AUT25,SCH000004,V0019,,2025-10-09 18:50:00,2025-10-09 20:15:00,,,cancelled,regular,road_closure
T2510001986,R001,1,2025-10-09,WKDY_AUT25,SCH000009,V0019,,2025-10-09 18:51:00,2025-10-09 20:16:00,2025-10-09 18:52:28,2025-10-09 20:45:23,completed,regular,
T2510001987,R004,0,2025-10-09,WKDY_AUT25,SCH000034,V0047,,2025-10-09 18:51:00,2025-10-09 19:22:42,2025-10-09 18:51:00,2025-10-09 19:24:52,completed,regular,
T2510001988,R003,0,2025-10-09,WKDY_AUT25,SCH000024,V0041,,2025-10-09 18:54:00,2025-10-09 19:46:54,2025-10-09 18:54:00,2025-10-09 19:53:06,completed,regular,
T2510001989,R007,0,2025-10-09,WKDY_AUT25,SCH000064,V0060,,2025-10-09 18:57:00,2025-10-09 19:22:54,2025-10-09 18:59:34,2025-10-09 19:41:32,completed,regular,
T2510001990,R002,1,2025-10-09,WKDY_AUT25,SCH000019,V0032,,2025-10-09 18:58:00,2025-10-09 20:11:18,2025-10-09 19:01:29,2025-10-09 20:29:03,completed,regular,
T2510001991,R005,0,2025-10-09,WKDY_AUT25,SCH000044,V0051,,2025-10-09 18:58:00,2025-10-09 19:48:48,2025-10-09 18:59:55,2025-10-09 20:06:52,completed,regular,
T2510001992,R001,0,2025-10-09,WKDY_AUT25,SCH000004,V0024,,2025-10-09 19:00:00,2025-10-09 20:25:00,2025-10-09 19:00:12,2025-10-09 20:47:37,completed,regular,
T2510001993,R008,1,2025-10-09,WKDY_AUT25,SCH000079,V0063,,2025-10-09 19:00:00,2025-10-09 19:16:42,2025-10-09 19:00:14,2025-10-09 19:19:08,completed,regular,
T2510001994,R001,1,2025-10-09,WKDY_AUT25,SCH000009,V0022,,2025-10-09 19:01:00,2025-10-09 20:26:00,2025-10-09 19:03:02,2025-10-09 20:42:40,completed,regular,
T2510001995,R004,1,2025-10-09,WKDY_AUT25,SCH000039,V0048,,2025-10-09 19:02:00,2025-10-09 19:33:42,2025-10-09 19:03:11,2025-10-09 19:35:08,completed,regular,
T2510001996,R008,0,2025-10-09,WKDY_AUT25,SCH000074,V0064,,2025-10-09 19:04:00,2025-10-09 19:20:42,2025-10-09 19:04:42,2025-10-09 19:22:06,completed,regular,
T2510001997,R003,1,2025-10-09,WKDY_AUT25,SCH000029,V0042,,2025-10-09 19:05:00,2025-10-09 19:57:54,2025-10-09 19:05:07,2025-10-09 20:11:28,completed,regular,
T2510001998,R006,0,2025-10-09,WKDY_AUT25,SCH000054,V0057,,2025-10-09 19:05:00,2025-10-09 19:54:48,2025-10-09 19:05:00,2025-10-09 19:55:13,completed,regular,
T2510001999,R002,0,2025-10-09,WKDY_AUT25,SCH000014,V0034,,2025-10-09 19:07:00,2025-10-09 20:20:18,2025-10-09 19:08:20,2025-10-09 20:29:25,completed,regular,
T2510002000,R007,1,2025-10-09,WKDY_AUT25,SCH000069,V0061,,2025-10-09 19:08:00,2025-10-09 19:33:54,2025-10-09 19:13:24,2025-10-09 19:42:19,completed,regular,
T2510002001,R005,1,2025-10-09,WKDY_AUT25,SCH000049,V0052,,2025-10-09 19:09:00,2025-10-09 19:59:48,2025-10-09 19:09:51,2025-10-09 20:12:35,completed,regular,
T2510002002,R001,0,2025-10-09,WKDY_AUT25,SCH000004,V0002,,2025-10-09 19:10:00,2025-10-09 20:35:00,2025-10-09 19:10:00,2025-10-09 20:41:16,completed,regular,
T2510002003,R001,1,2025-10-09,WKDY_AUT25,SCH000009,V0004,,2025-10-09 19:11:00,2025-10-09 20:36:00,2025-10-09 19:12:44,2025-10-09 20:39:26,completed,regular,
T2510002004,R003,0,2025-10-09,WKDY_AUT25,SCH000024,V0043,,2025-10-09 19:14:00,2025-10-09 20:06:54,2025-10-09 19:14:17,2025-10-09 20:16:22,completed,regular,
T2510002005,R006,1,2025-10-09,WKDY_AUT25,SCH000059,V0058,,2025-10-09 19:16:00,2025-10-09 20:05:48,2025-10-09 19:16:00,2025-10-09 20:17:55,completed,regular,
T2510002006,R002,1,2025-10-09,WKDY_AUT25,SCH000019,V0035,,2025-10-09 19:18:00,2025-10-09 20:31:18,2025-10-09 19:19:08,2025-10-09 20:30:07,completed,regular,
T2510002007,R001,0,2025-10-09,WKDY_AUT25,SCH000004,V0021,,2025-10-09 19:20:00,2025-10-09 20:45:00,2025-10-09 19:24:21,2025-10-09 21:02:04,completed,regular,
T2510002008,R001,1,2025-10-09,WKDY_AUT25,SCH000009,V0001,,2025-10-09 19:21:00,2025-10-09 20:46:00,2025-10-09 19:21:18,2025-10-09 20:58:21,completed,regular,
T2510002009,R004,0,2025-10-09,WKDY_AUT25,SCH000034,V0046,,2025-10-09 19:21:00,2025-10-09 19:52:42,2025-10-09 19:21:16,2025-10-09 19:55:06,completed,regular,
T2510002010,R003,1,2025-10-09,WKDY_AUT25,SCH000029,V0044,,2025-10-09 19:25:00,2025-10-09 20:17:54,2025-10-09 19:29:21,2025-10-09 20:29:57,completed,regular,
T2510002011,R002,0,2025-10-09,WKDY_AUT25,SCH000014,V0026,,2025-10-09 19:27:00,2025-10-09 20:40:18,2025-10-09 19:27:11,2025-10-09 20:42:30,completed,regular,
T2510002012,R005,0,2025-10-09,WKDY_AUT25,SCH000044,V0053,,2025-10-09 19:28:00,2025-10-09 20:18:48,2025-10-09 19:29:14,2025-10-09 20:36:17,completed,regular,
T2510002013,R001,0,2025-10-09,WKDY_AUT25,SCH000005,V0008,,2025-10-09 19:30:00,2025-10-09 20:37:18,2025-10-09 19:31:22,2025-10-09 20:29:58,completed,regular,
T2510002014,R008,1,2025-10-09,WKDY_AUT25,SCH000080,V0062,,2025-10-09 19:30:00,2025-10-09 19:43:06,,,cancelled,regular,driver_shortage
T2510002015,R002,0,2025-10-09,WKDY_AUT25,SCH000015,V0025,,2025-10-09 19:37:00,2025-10-09 20:29:06,2025-10-09 19:42:31,2025-10-09 20:30:24,completed,regular,
T2510002016,R001,1,2025-10-09,WKDY_AUT25,SCH000010,V0003,,2025-10-09 19:41:00,2025-10-09 20:48:18,2025-10-09 19:45:11,2025-10-09 20:52:06,completed,regular,
T2510002017,R003,0,2025-10-09,WKDY_AUT25,SCH000025,V0036,,2025-10-09 19:44:00,2025-10-09 20:21:36,2025-10-09 19:47:42,2025-10-09 20:32:42,completed,regular,
T2510002019,R001,0,2025-10-09,WKDY_AUT25,SCH000005,V0006,,2025-10-09 19:50:00,2025-10-09 20:57:18,2025-10-09 19:50:00,2025-10-09 21:03:09,completed,regular,
T2510002020,R004,0,2025-10-09,WKDY_AUT25,SCH000035,V0045,,2025-10-09 19:51:00,2025-10-09 20:14:18,2025-10-09 19:53:19,2025-10-09 20:15:11,completed,regular,
T2510002021,R003,1,2025-10-09,WKDY_AUT25,SCH000030,V0038,,2025-10-09 19:55:00,2025-10-09 20:32:36,2025-10-09 19:55:03,2025-10-09 20:34:58,completed,regular,
T2510002022,R005,0,2025-10-09,WKDY_AUT25,SCH000045,V0049,,2025-10-09 19:58:00,2025-10-09 20:35:24,2025-10-09 20:02:43,2025-10-09 20:44:44,completed,regular,
T2510002023,R001,1,2025-10-09,WKDY_AUT25,SCH000010,V0007,,2025-10-09 20:01:00,2025-10-09 21:08:18,2025-10-09 20:06:25,2025-10-09 21:20:15,completed,regular,
T2510002024,R004,1,2025-10-09,WKDY_AUT25,SCH000040,V0047,,2025-10-09 20:02:00,2025-10-09 20:25:18,2025-10-09 20:02:00,2025-10-09 20:25:50,completed,regular,
T2510002025,R006,0,2025-10-09,WKDY_AUT25,SCH000055,V0054,,2025-10-09 20:05:00,2025-10-09 20:41:42,2025-10-09 20:10:17,2025-10-09 20:45:50,completed,regular,
T2510002026,R005,1,2025-10-09,WKDY_AUT25,SCH000050,V0050,,2025-10-09 20:09:00,2025-10-09 20:46:24,2025-10-09 20:14:50,2025-10-09 21:00:53,completed,regular,
T2510002027,R001,0,2025-10-09,WKDY_AUT25,SCH000005,V0012,,2025-10-09 20:10:00,2025-10-09 21:17:18,,,cancelled,regular,driver_shortage
T2510002028,R007,0,2025-10-09,WKDY_AUT25,SCH000065,V0059,,2025-10-09 20:12:00,2025-10-09 20:32:18,2025-10-09 20:12:00,2025-10-09 20:30:13,completed,regular,
T2510002029,R006,1,2025-10-09,WKDY_AUT25,SCH000060,V0055,,2025-10-09 20:16:00,2025-10-09 20:52:42,2025-10-09 20:20:27,2025-10-09 20:56:33,completed,regular,
T2510002030,R008,0,2025-10-09,WKDY_AUT25,SCH000075,V0062,,2025-10-09 20:19:00,2025-10-09 20:32:06,2025-10-09 20:19:00,2025-10-09 20:30:20,completed,regular,
T2510002031,R001,1,2025-10-09,WKDY_AUT25,SCH000010,V0012,,2025-10-09 20:21:00,2025-10-09 21:28:18,2025-10-09 20:21:46,2025-10-09 21:34:01,completed,regular,
T2510002032,R002,0,2025-10-09,WKDY_AUT25,SCH000015,V0028,,2025-10-09 20:22:00,2025-10-09 21:14:06,2025-10-09 20:22:31,2025-10-09 21:17:26,completed,regular,
T2510002033,R007,1,2025-10-09,WKDY_AUT25,SCH000070,V0060,,2025-10-09 20:23:00,2025-10-09 20:43:18,2025-10-09 20:27:44,2025-10-09 20:48:00,completed,regular,
T2510002034,R003,0,2025-10-09,WKDY_AUT25,SCH000025,V0037,,2025-10-09 20:29:00,2025-10-09 21:06:36,2025-10-09 20:29:35,2025-10-09 21:15:27,completed,regular,
T2510002035,R001,0,2025-10-09,WKDY_AUT25,SCH000005,V0005,,2025-10-09 20:30:00,2025-10-09 21:37:18,2025-10-09 20:32:48,2025-10-09 21:59:23,completed,regular,
T2510002036,R002,1,2025-10-09,WKDY_AUT25,SCH000020,V0029,,2025-10-09 20:33:00,2025-10-09 21:25:06,2025-10-09 20:36:20,2025-10-09 21:28:17,completed,regular,
T2510002037,R003,1,2025-10-09,WKDY_AUT25,SCH000030,V0039,,2025-10-09 20:40:00,2025-10-09 21:17:36,2025-10-09 20:40:06,2025-10-09 21:26:47,completed,regular,
T2510002038,R001,1,2025-10-09,WKDY_AUT25,SCH000010,V0010,,2025-10-09 20:41:00,2025-10-09 21:48:18,2025-10-09 20:43:57,2025-10-09 21:53:48,completed,regular,
T2510002039,R001,0,2025-10-09,WKDY_AUT25,SCH000005,V0009,,2025-10-09 20:50:00,2025-10-09 21:57:18,2025-10-09 20:51:30,2025-10-09 21:54:04,completed,regular,
T2510002040,R004,0,2025-10-09,WKDY_AUT25,SCH000035,V0048,,2025-10-09 20:51:00,2025-10-09 21:14:18,2025-10-09 20:51:00,2025-10-09 21:13:40,completed,regular,
T2510002041,R005,0,2025-10-09,WKDY_AUT25,SCH000045,V0051,,2025-10-09 20:58:00,2025-10-09 21:35:24,,,cancelled,regular,driver_shortage
T2510002042,R008,1,2025-10-09,WKDY_AUT25,SCH000080,V0063,,2025-10-09 21:00:00,2025-10-09 21:13:06,2025-10-09 21:01:39,2025-10-09 21:12:23,completed,regular,
T2510002043,R001,1,2025-10-09,WKDY_AUT25,SCH000010,V0011,,2025-10-09 21:01:00,2025-10-09 22:08:18,2025-10-09 21:01:04,2025-10-09 22:08:43,completed,regular,
T2510002044,R004,1,2025-10-09,WKDY_AUT25,SCH000040,V0046,,2025-10-09 21:02:00,2025-10-09 21:25:18,2025-10-09 21:05:00,2025-10-09 21:29:15,completed,regular,
T2510002045,R006,0,2025-10-09,WKDY_AUT25,SCH000055,V0056,,2025-10-09 21:05:00,2025-10-09 21:41:42,2025-10-09 21:05:31,2025-10-09 21:35:51,completed,regular,
T2510002046,R002,0,2025-10-09,WKDY_AUT25,SCH000015,V0031,,2025-10-09 21:07:00,2025-10-09 21:59:06,2025-10-09 21:07:37,2025-10-09 22:02:48,completed,regular,
T2510002047,R005,1,2025-10-09,WKDY_AUT25,SCH000050,V0051,,2025-10-09 21:09:00,2025-10-09 21:46:24,2025-10-09 21:09:16,2025-10-09 21:48:15,completed,regular,
T2510002049,R003,0,2025-10-09,WKDY_AUT25,SCH000025,,,2025-10-09 21:14:00,2025-10-09 21:51:36,2025-10-09 21:18:07,2025-10-09 22:00:18,completed,regular,
T2510002050,R006,1,2025-10-09,WKDY_AUT25,SCH000060,V0057,,2025-10-09 21:16:00,2025-10-09 21:52:42,2025-10-09 21:16:57,2025-10-09 21:50:19,completed,regular,
T2510002051,R002,1,2025-10-09,WKDY_AUT25,SCH000020,V0030,,2025-10-09 21:18:00,2025-10-09 22:10:06,2025-10-09 21:18:44,2025-10-09 22:10:35,completed,regular,
T2510002052,R001,1,2025-10-09,WKDY_AUT25,SCH000010,V0013,,2025-10-09 21:21:00,2025-10-09 22:28:18,2025-10-09 21:21:50,2025-10-09 22:29:47,completed,regular,
T2510002053,R003,1,2025-10-09,WKDY_AUT25,SCH000030,V0041,,2025-10-09 21:25:00,2025-10-09 22:02:36,,,cancelled,regular,driver_shortage
T2510002054,R001,0,2025-10-09,WKDY_AUT25,SCH000005,V0014,,2025-10-09 21:30:00,2025-10-09 22:37:18,2025-10-09 21:30:00,2025-10-09 22:36:45,completed,regular,
T2510002055,R001,1,2025-10-09,WKDY_AUT25,SCH000010,V0020,,2025-10-09 21:41:00,2025-10-09 22:48:18,2025-10-09 21:41:46,2025-10-09 22:53:47,completed,regular,
T2510002056,R007,0,2025-10-09,WKDY_AUT25,SCH000065,V0061,,2025-10-09 21:42:00,2025-10-09 22:02:18,2025-10-09 21:45:28,2025-10-09 22:03:07,completed,regular,
T2510002057,R008,0,2025-10-09,WKDY_AUT25,SCH000075,V0064,,2025-10-09 21:49:00,2025-10-09 22:02:06,2025-10-09 21:50:32,2025-10-09 22:01:17,completed,regular,
T2510002058,R001,0,2025-10-09,WKDY_AUT25,SCH000005,V0018,,2025-10-09 21:50:00,2025-10-09 22:57:18,2025-10-09 21:50:18,2025-10-09 22:58:56,completed,regular,
T2510002059,R004,0,2025-10-09,WKDY_AUT25,SCH000035,V0045,,2025-10-09 21:51:00,2025-10-09 22:14:18,2025-10-09 21:51:00,2025-10-09 22:12:01,completed,regular,
T2510002060,R002,0,2025-10-09,WKDY_AUT25,SCH000015,V0033,,2025-10-09 21:52:00,2025-10-09 22:44:06,2025-10-09 21:52:12,2025-10-09 22:43:44,completed,regular,
T2510002061,R007,1,2025-10-09,WKDY_AUT25,SCH000070,V0059,,2025-10-09 21:53:00,2025-10-09 22:13:18,2025-10-09 21:53:56,2025-10-09 22:12:40,completed,regular,
T2510002062,R005,0,2025-10-09,WKDY_AUT25,SCH000045,V0052,,2025-10-09 21:58:00,2025-10-09 22:35:24,2025-10-09 21:58:00,2025-10-09 22:44:36,completed,regular,
T2510002063,R003,0,2025-10-09,WKDY_AUT25,SCH000025,V0041,,2025-10-09 21:59:00,2025-10-09 22:36:36,,,cancelled,regular,driver_shortage
T2510002064,R001,1,2025-10-09,WKDY_AUT25,SCH000010,V0008,,2025-10-09 22:01:00,2025-10-09 23:08:18,2025-10-09 22:01:00,2025-10-09 23:16:28,completed,regular,
T2510002065,R004,1,2025-10-09,WKDY_AUT25,SCH000040,V0047,,2025-10-09 22:02:00,2025-10-09 22:25:18,2025-10-09 22:03:03,2025-10-09 22:23:11,completed,regular,
T2510002066,R002,1,2025-10-09,WKDY_AUT25,SCH000020,V0032,,2025-10-09 22:03:00,2025-10-09 22:55:06,2025-10-09 22:04:38,2025-10-09 22:54:10,completed,regular,
T2510002067,R006,0,2025-10-09,WKDY_AUT25,SCH000055,V0058,,2025-10-09 22:05:00,2025-10-09 22:41:42,2025-10-09 22:09:50,2025-10-09 22:42:28,completed,regular,
T2510002068,R005,1,2025-10-09,WKDY_AUT25,SCH000050,V0053,,2025-10-09 22:09:00,2025-10-09 22:46:24,2025-10-09 22:09:18,2025-10-09 22:50:57,completed,regular,
T2510002070,R003,1,2025-10-09,WKDY_AUT25,SCH000030,V0041,,2025-10-09 22:10:00,2025-10-09 22:47:36,2025-10-09 22:14:49,2025-10-09 23:00:46,completed,regular,
T2510002071,R006,1,2025-10-09,WKDY_AUT25,SCH000060,V0054,,2025-10-09 22:16:00,2025-10-09 22:52:42,2025-10-09 22:16:11,2025-10-09 22:48:07,completed,regular,
T2510002072,R001,1,2025-10-09,WKDY_AUT25,SCH000010,V0004,,2025-10-09 22:21:00,2025-10-09 23:28:18,2025-10-09 22:21:00,2025-10-09 23:35:03,completed,regular,
T2510002073,R001,0,2025-10-10,WKDY_AUT25,SCH000001,V0001,,2025-10-10 05:30:00,2025-10-10 06:32:06,2025-10-10 05:30:42,2025-10-10 06:32:32,completed,regular,
T2510002074,R008,1,2025-10-10,WKDY_AUT25,SCH000076,V0062,,2025-10-10 05:30:00,2025-10-10 05:41:54,2025-10-10 05:30:53,2025-10-10 05:42:49,completed,regular,
T2510002075,R006,1,2025-10-10,WKDY_AUT25,SCH000056,V0054,,2025-10-10 05:31:00,2025-10-10 06:04:12,2025-10-10 05:33:34,2025-10-10 06:04:42,completed,regular,
T2510002076,R002,0,2025-10-10,WKDY_AUT25,SCH000011,V0025,,2025-10-10 05:37:00,2025-10-10 06:22:00,2025-10-10 05:37:00,2025-10-10 06:21:09,completed,regular,
T2510002077,R001,1,2025-10-10,WKDY_AUT25,SCH000006,V0002,,2025-10-10 05:41:00,2025-10-10 06:43:06,2025-10-10 05:41:26,2025-10-10 06:40:55,completed,regular,
T2510002078,R003,0,2025-10-10,WKDY_AUT25,SCH000021,V0036,,2025-10-10 05:44:00,2025-10-10 06:16:30,2025-10-10 05:44:05,2025-10-10 06:24:03,completed,regular,
T2510002079,R001,0,2025-10-10,WKDY_AUT25,SCH000001,V0003,,2025-10-10 05:45:00,2025-10-10 06:47:06,2025-10-10 05:45:00,2025-10-10 06:50:40,completed,regular,
T2510002080,R002,1,2025-10-10,WKDY_AUT25,SCH000016,V0026,,2025-10-10 05:48:00,2025-10-10 06:33:00,2025-10-10 05:48:52,2025-10-10 06:34:24,completed,regular,
T2510002081,R004,0,2025-10-10,WKDY_AUT25,SCH000031,V0045,,2025-10-10 05:51:00,2025-10-10 06:12:06,2025-10-10 05:52:10,2025-10-10 06:13:14,completed,regular,
T2510002082,R003,1,2025-10-10,WKDY_AUT25,SCH000026,V0037,,2025-10-10 05:55:00,2025-10-10 06:27:30,2025-10-10 05:56:01,2025-10-10 06:33:19,completed,regular,
T2510002083,R001,1,2025-10-10,WKDY_AUT25,SCH000006,V0004,,2025-10-10 05:56:00,2025-10-10 06:58:06,2025-10-10 05:56:10,2025-10-10 06:59:18,completed,regular,
T2510002084,R005,0,2025-10-10,WKDY_AUT25,SCH000041,V0049,,2025-10-10 05:58:00,2025-10-10 06:31:54,2025-10-10 05:59:23,2025-10-10 06:36:43,completed,regular,
T2510002085,R001,0,2025-10-10,WKDY_AUT25,SCH000001,V0005,,2025-10-10 06:00:00,2025-10-10 07:02:06,2025-10-10 06:01:10,2025-10-10 07:00:54,completed,regular,
T2510002086,R004,1,2025-10-10,WKDY_AUT25,SCH000036,V0046,,2025-10-10 06:02:00,2025-10-10 06:23:06,2025-10-10 06:02:00,2025-10-10 06:21:11,completed,regular,
T2510002087,R006,0,2025-10-10,WKDY_AUT25,SCH000051,V0055,,2025-10-10 06:05:00,2025-10-10 06:38:12,2025-10-10 06:06:26,2025-10-10 06:37:29,completed,regular,
T2510002088,R002,0,2025-10-10,WKDY_AUT25,SCH000011,V0027,,2025-10-10 06:07:00,2025-10-10 06:52:00,2025-10-10 06:07:39,2025-10-10 06:56:32,completed,regular,
T2510002089,R005,1,2025-10-10,WKDY_AUT25,SCH000046,V0050,,2025-10-10 06:09:00,2025-10-10 06:42:54,2025-10-10 06:09:24,2025-10-10 06:52:34,completed,regular,
T2510002089,R005,1,2025-10-10,WKDY_AUT25,SCH000046,V0050,,2025-10-10 06:09:00,2025-10-10 06:42:54,2025-10-10 06:09:24,2025-10-10 06:52:34,completed,regular,
T2510002090,R001,1,2025-10-10,WKDY_AUT25,SCH000006,V0006,,2025-10-10 06:11:00,2025-10-10 07:13:06,2025-10-10 06:14:39,2025-10-10 07:17:02,completed,regular,
T2510002091,R007,0,2025-10-10,WKDY_AUT25,SCH000061,V0059,,2025-10-10 06:12:00,2025-10-10 06:30:30,2025-10-10 06:17:04,2025-10-10 06:35:02,completed,regular,
T2510002092,R003,0,2025-10-10,WKDY_AUT25,SCH000021,V0038,,2025-10-10 06:14:00,2025-10-10 06:46:30,2025-10-10 06:14:16,2025-10-10 06:50:46,completed,regular,
T2510002093,R001,0,2025-10-10,WKDY_AUT25,SCH000001,V0007,,2025-10-10 06:15:00,2025-10-10 07:17:06,,,cancelled,regular,driver_shortage
T2510002094,R006,1,2025-10-10,WKDY_AUT25,SCH000056,V0056,,2025-10-10 06:16:00,2025-10-10 06:49:12,2025-10-10 06:16:03,2025-10-10 06:48:53,completed,regular,
T2510002095,R002,1,2025-10-10,WKDY_AUT25,SCH000016,V0028,,2025-10-10 06:18:00,2025-10-10 07:03:00,2025-10-10 06:19:22,2025-10-10 07:05:01,completed,regular,
T2510002096,R008,0,2025-10-10,WKDY_AUT25,SCH000071,V0063,,2025-10-10 06:19:00,2025-10-10 06:30:54,2025-10-10 06:20:04,2025-10-10 06:30:01,completed,regular,
T2510002097,R007,1,2025-10-10,WKDY_AUT25,SCH000066,V0060,,2025-10-10 06:23:00,2025-10-10 06:41:30,2025-10-10 06:24:25,2025-10-10 06:43:34,completed,regular,
T2510002098,R003,1,2025-10-10,WKDY_AUT25,SCH000026,V0039,,2025-10-10 06:25:00,2025-10-10 06:57:30,2025-10-10 06:25:54,2025-10-10 07:08:37,completed,regular,
T2510002099,R001,1,2025-10-10,WKDY_AUT25,SCH000006,V0007,,2025-10-10 06:26:00,2025-10-10 07:28:06,2025-10-10 06:28:20,2025-10-10 07:24:00,completed,regular,
T2510002100,R001,0,2025-10-10,WKDY_AUT25,SCH000001,V0008,,2025-10-10 06:30:00,2025-10-10 07:32:06,2025-10-10 06:31:47,2025-10-10 07:53:10,completed,regular,
T2510002101,R008,1,2025-10-10,WKDY_AUT25,SCH000076,V0064,,2025-10-10 06:30:00,2025-10-10 06:41:54,2025-10-10 06:30:56,2025-10-10 06:40:58,completed,regular,
T2510002102,R004,0,2025-10-10,WKDY_AUT25,SCH000031,V0047,,2025-10-10 06:36:00,2025-10-10 06:57:06,2025-10-10 06:36:35,2025-10-10 06:56:49,completed,regular,
T2510002103,R002,0,2025-10-10,WKDY_AUT25,SCH000011,V0029,,2025-10-10 06:37:00,2025-10-10 07:22:00,2025-10-10 06:40:54,2025-10-10 07:26:39,completed,regular,
T2510002104,R001,1,2025-10-10,WKDY_AUT25,SCH000006,V0009,,2025-10-10 06:41:00,2025-10-10 07:43:06,2025-10-10 06:46:50,2025-10-10 07:48:55,completed,regular,
T2510002105,R005,0,2025-10-10,WKDY_AUT25,SCH000041,V0051,,2025-10-10 06:43:00,2025-10-10 07:16:54,2025-10-10 06:43:53,2025-10-10 07:28:44,completed,regular,
T2510002106,R003,0,2025-10-10,WKDY_AUT25,SCH000021,V0040,,2025-10-10 06:44:00,2025-10-10 07:16:30,2025-10-10 06:44:17,2025-10-10 07:19:58,completed,regular,
T2510002107,R001,0,2025-10-10,WKDY_AUT25,SCH000001,V0010,,2025-10-10 06:45:00,2025-10-10 07:47:06,2025-10-10 06:49:45,2025-10-10 07:52:21,completed,regular,
T2510002108,R004,1,2025-10-10,WKDY_AUT25,SCH000036,V0048,,2025-10-10 06:47:00,2025-10-10 07:08:06,2025-10-10 06:47:37,2025-10-10 07:05:33,completed,regular,
T2510002109,R002,1,2025-10-10,WKDY_AUT25,SCH000016,V0030,,2025-10-10 06:48:00,2025-10-10 07:33:00,2025-10-10 06:48:12,2025-10-10 07:32:51,completed,regular,
T2510002110,R006,0,2025-10-10,WKDY_AUT25,SCH000051,V0057,,2025-10-10 06:50:00,2025-10-10 07:23:12,2025-10-10 06:51:05,2025-10-10 07:20:51,completed,regular,
T2510002111,R005,1,2025-10-10,WKDY_AUT25,SCH000046,V0052,,2025-10-10 06:54:00,2025-10-10 07:27:54,2025-10-10 06:54:50,2025-10-10 07:29:59,completed,regular,
T2510002112,R003,1,2025-10-10,WKDY_AUT25,SCH000026,V0041,,2025-10-10 06:55:00,2025-10-10 07:27:30,,,cancelled,regular,driver_shortage
T2510002113,R001,1,2025-10-10,WKDY_AUT25,SCH000006,V0011,,2025-10-10 06:56:00,2025-10-10 07:58:06,2025-10-10 06:56:10,2025-10-10 07:50:34,completed,regular,
T2510002114,R001,0,2025-10-10,WKDY_AUT25,SCH000002,V0012,,2025-10-10 07:00:00,2025-10-10 08:20:48,2025-10-10 07:00:15,2025-10-10 08:20:23,completed,regular,
T2510002115,R008,1,2025-10-10,WKDY_AUT25,SCH000077,V0062,,2025-10-10 07:00:00,2025-10-10 07:16:12,2025-10-10 07:00:00,2025-10-10 07:15:40,completed,regular,
T2510002116,R001,1,2025-10-10,WKDY_AUT25,SCH000007,V0013,,2025-10-10 07:01:00,2025-10-10 08:21:48,2025-10-10 07:05:53,2025-10-10 08:39:01,completed,regular,
T2510002117,R004,1,2025-10-10,WKDY_AUT25,SCH000037,V0045,,2025-10-10 07:02:00,2025-10-10 07:32:36,2025-10-10 07:02:01,2025-10-10 07:28:42,completed,regular,
T2510002118,R008,0,2025-10-10,WKDY_AUT25,SCH000072,V0063,,2025-10-10 07:04:00,2025-10-10 07:20:12,2025-10-10 07:04:00,2025-10-10 07:17:17,completed,regular,
T2510002119,R003,1,2025-10-10,WKDY_AUT25,SCH000027,V0041,,2025-10-10 07:05:00,2025-10-10 07:56:00,2025-10-10 07:07:20,2025-10-10 08:15:51,completed,regular,
T2510002120,R006,0,2025-10-10,WKDY_AUT25,SCH000052,V0058,,2025-10-10 07:05:00,2025-10-10 07:53:00,2025-10-10 07:05:00,2025-10-10 07:50:01,completed,regular,
T2510002121,R002,0,2025-10-10,WKDY_AUT25,SCH000012,V0031,,2025-10-10 07:07:00,2025-10-10 08:17:42,2025-10-10 07:11:39,2025-10-10 08:35:23,completed,regular,
T2510002122,R007,1,2025-10-10,WKDY_AUT25,SCH000067,V0061,,2025-10-10 07:08:00,2025-10-10 07:33:06,2025-10-10 07:08:00,2025-10-10 07:33:53,completed,regular,
T2510002123,R005,1,2025-10-10,WKDY_AUT25,SCH000047,V0053,,2025-10-10 07:09:00,2025-10-10 07:58:00,2025-10-10 07:09:27,2025-10-10 08:05:42,completed,regular,
T2510002124,R001,0,2025-10-10,WKDY_AUT25,SCH000002,V0014,,2025-10-10 07:10:00,2025-10-10 08:30:48,2025-10-10 07:10:43,2025-10-10 08:42:27,completed,regular,
T2510002125,R001,1,2025-10-10,WKDY_AUT25,SCH000007,V0015,,2025-10-10 07:11:00,2025-10-10 08:31:48,2025-10-10 07:13:48,2025-10-10 08:40:21,completed,regular,
T2510002126,R003,0,2025-10-10,WKDY_AUT25,SCH000022,V0042,,2025-10-10 07:14:00,2025-10-10 08:05:00,2025-10-10 07:18:50,2025-10-10 08:26:19,completed,regular,
T2510002127,R006,1,2025-10-10,WKDY_AUT25,SCH000057,V0054,,2025-10-10 07:16:00,2025-10-10 08:04:00,2025-10-10 07:16:00,2025-10-10 08:11:14,completed,regular,
T2510002129,R001,0,2025-10-10,WKDY_AUT25,SCH000002,V0016,,2025-10-10 07:20:00,2025-10-10 08:40:48,2025-10-10 07:25:30,2025-10-10 08:57:03,completed,regular,
T2510002130,R001,1,2025-10-10,WKDY_AUT25,SCH000007,V0017,,2025-10-10 07:21:00,2025-10-10 08:41:48,2025-10-10 07:26:57,2025-10-10 08:57:42,completed,regular,
T2510002131,R004,0,2025-10-10,WKDY_AUT25,SCH000032,V0046,,2025-10-10 07:21:00,2025-10-10 07:51:36,2025-10-10 07:21:00,2025-10-10 07:52:17,completed,regular,
T2510002132,R003,1,2025-10-10,WKDY_AUT25,SCH000027,V0043,,2025-10-10 07:25:00,2025-10-10 08:16:00,2025-10-10 07:25:15,2025-10-10 08:26:11,completed,regular,
T2510002133,R002,0,2025-10-10,WKDY_AUT25,SCH000012,V0033,,2025-10-10 07:27:00,2025-10-10 08:37:42,2025-10-10 07:29:04,2025-10-10 08:45:03,completed,regular,
T2510002134,R005,0,2025-10-10,WKDY_AUT25,SCH000042,V0049,,2025-10-10 07:28:00,2025-10-10 08:17:00,2025-10-10 07:28:31,2025-10-10 08:37:59,completed,regular,
T2510002135,R001,0,2025-10-10,WKDY_AUT25,SCH000002,V0018,,2025-10-10 07:30:00,2025-10-10 08:50:48,2025-10-10 07:30:27,2025-10-10 08:43:03,completed,regular,
T2510002136,R001,1,2025-10-10,WKDY_AUT25,SCH000007,V0019,,2025-10-10 07:31:00,2025-10-10 08:51:48,2025-10-10 07:31:31,2025-10-10 08:52:56,completed,regular,
T2510002137,R004,1,2025-10-10,WKDY_AUT25,SCH000037,V0047,,2025-10-10 07:32:00,2025-10-10 08:02:36,2025-10-10 07:32:38,2025-10-10 08:07:02,completed,regular,
T2510002138,R003,0,2025-10-10,WKDY_AUT25,SCH000022,V0044,,2025-10-10 07:34:00,2025-10-10 08:25:00,2025-10-10 07:34:52,2025-10-10 08:31:40,completed,regular,
T2510002139,R006,0,2025-10-10,WKDY_AUT25,SCH000052,V0055,,2025-10-10 07:35:00,2025-10-10 08:23:00,2025-10-10 07:38:00,2025-10-10 08:27:51,completed,regular,
T2510002140,R002,1,2025-10-10,WKDY_AUT25,SCH000017,V0034,,2025-10-10 07:38:00,2025-10-10 08:48:42,2025-10-10 07:38:25,2025-10-10 08:57:46,completed,regular,
T2510002141,R005,1,2025-10-10,WKDY_AUT25,SCH000047,V0050,,2025-10-10 07:39:00,2025-10-10 08:28:00,2025-10-10 07:43:07,2025-10-10 08:42:40,completed,regular,
T2510002142,R001,0,2025-10-10,WKDY_AUT25,SCH000002,V0020,,2025-10-10 07:40:00,2025-10-10 09:00:48,,,cancelled,regular,driver_shortage
T2510002143,R001,1,2025-10-10,WKDY_AUT25,SCH000007,V0020,,2025-10-10 07:41:00,2025-10-10 09:01:48,2025-10-10 07:41:00,2025-10-10 09:12:21,completed,regular,
T2510002144,R007,0,2025-10-10,WKDY_AUT25,SCH000062,V0059,,2025-10-10 07:42:00,2025-10-10 08:07:06,2025-10-10 07:42:40,2025-10-10 08:12:35,completed,regular,
T2510002145,R003,1,2025-10-10,WKDY_AUT25,SCH000027,V0036,,2025-10-10 07:45:00,2025-10-10 08:36:00,2025-10-10 07:45:00,2025-10-10 08:47:16,completed,regular,
T2510002146,R008,1,2025-10-10,WKDY_AUT25,SCH000077,V0064,,2025-10-10 07:45:00,2025-10-10 08:01:12,2025-10-10 07:49:08,2025-10-10 08:03:50,completed,regular,
T2510002147,R006,1,2025-10-10,WKDY_AUT25,SCH000057,V0056,,2025-10-10 07:46:00,2025-10-10 08:34:00,2025-10-10 07:47:28,2025-10-10 08:37:32,completed,regular,
T2510002148,R002,0,2025-10-10,WKDY_AUT25,SCH000012,V0035,,2025-10-10 07:47:00,2025-10-10 08:57:42,2025-10-10 07:48:11,2025-10-10 08:59:03,completed,regular,
T2510002149,R008,0,2025-10-10,WKDY_AUT25,SCH000072,V0062,,2025-10-10 07:49:00,2025-10-10 08:05:12,2025-10-10 07:49:00,2025-10-10 08:05:05,completed,regular,
T2510002150,R001,0,2025-10-10,WKDY_AUT25,SCH000002,V0021,,2025-10-10 07:50:00,2025-10-10 09:10:48,2025-10-10 07:52:21,2025-10-10 09:33:59,completed,regular,
T2510002151,R001,1,2025-10-10,WKDY_AUT25,SCH000007,V0022,,2025-10-10 07:51:00,2025-10-10 09:11:48,2025-10-10 07:56:11,2025-10-10 09:33:35,completed,regular,
T2510002152,R004,0,2025-10-10,WKDY_AUT25,SCH000032,V0048,,2025-10-10 07:51:00,2025-10-10 08:21:36,,,cancelled,regular,driver_shortage
T2510002153,R007,1,2025-10-10,WKDY_AUT25,SCH000067,V0060,,2025-10-10 07:53:00,2025-10-10 08:18:06,2025-10-10 07:53:00,2025-10-10 08:18:07,completed,regular,
T2510002154,R003,0,2025-10-10,WKDY_AUT25,SCH000022,V0037,,2025-10-10 07:54:00,2025-10-10 08:45:00,2025-10-10 07:54:00,2025-10-10 08:59:19,completed,regular,
T2510002155,R002,1,2025-10-10,WKDY_AUT25,SCH000017,V0025,,2025-10-10 07:58:00,2025-10-10 09:08:42,2025-10-10 07:58:00,2025-10-10 09:09:28,completed,regular,
T2510002156,R005,0,2025-10-10,WKDY_AUT25,SCH000042,V0051,,2025-10-10 07:58:00,2025-10-10 08:47:00,2025-10-10 07:58:28,2025-10-10 09:03:18,completed,regular,
T2510002157,R001,0,2025-10-10,WKDY_AUT25,SCH000002,V0023,,2025-10-10 08:00:00,2025-10-10 09:20:48,2025-10-10 08:00:00,2025-10-10 09:30:21,completed,regular,
T2510002158,R001,1,2025-10-10,WKDY_AUT25,SCH000007,V0024,,2025-10-10 08:01:00,2025-10-10 09:21:48,2025-10-10 08:01:10,2025-10-10 09:23:44,completed,regular,
T2510002159,R004,1,2025-10-10,WKDY_AUT25,SCH000037,V0048,,2025-10-10 08:02:00,2025-10-10 08:32:36,2025-10-10 08:03:05,2025-10-10 08:35:47,completed,regular,
T2510002160,R003,1,2025-10-10,WKDY_AUT25,SCH000027,V0038,,2025-10-10 08:05:00,2025-10-10 08:56:00,2025-10-10 08:05:00,2025-10-10 09:06:43,completed,regular,
T2510002161,R006,0,2025-10-10,WKDY_AUT25,SCH000052,V0057,,2025-10-10 08:05:00,2025-10-10 08:53:00,2025-10-10 08:07:11,2025-10-10 09:02:29,completed,regular,
T2510002162,R002,0,2025-10-10,WKDY_AUT25,SCH000012,V0026,,2025-10-10 08:07:00,2025-10-10 09:17:42,2025-10-10 08:07:00,2025-10-10 09:22:49,completed,regular,
T2510002163,R005,1,2025-10-10,WKDY_AUT25,SCH000047,V0052,,2025-10-10 08:09:00,2025-10-10 08:58:00,2025-10-10 08:09:00,2025-10-10 09:10:07,completed,regular,
T2510002164,R001,0,2025-10-10,WKDY_AUT25,SCH000002,V0001,,2025-10-10 08:10:00,2025-10-10 09:30:48,2025-10-10 08:14:42,2025-10-10 09:48:23,completed,regular,
T2510002165,R001,1,2025-10-10,WKDY_AUT25,SCH000007,V0002,,2025-10-10 08:11:00,2025-10-10 09:31:48,2025-10-10 08:11:00,2025-10-10 09:37:57,completed,regular,
T2510002166,R003,0,2025-10-10,WKDY_AUT25,SCH000022,V0039,,2025-10-10 08:14:00,2025-10-10 09:05:00,2025-10-10 08:19:25,2025-10-10 09:20:12,completed,regular,
T2510002167,R006,1,2025-10-10,WKDY_AUT25,SCH000057,V0058,,2025-10-10 08:16:00,2025-10-10 09:04:00,2025-10-10 08:16:00,2025-10-10 09:03:16,completed,regular,
T2510002168,R002,1,2025-10-10,WKDY_AUT25,SCH000017,V0027,,2025-10-10 08:18:00,2025-10-10 09:28:42,2025-10-10 08:18:12,2025-10-10 09:35:16,completed,regular,
T2510002169,R001,0,2025-10-10,WKDY_AUT25,SCH000002,V0003,,2025-10-10 08:20:00,2025-10-10 09:40:48,,,cancelled,regular,driver_shortage
T2510002170,R001,1,2025-10-10,WKDY_AUT25,SCH000007,V0003,,2025-10-10 08:21:00,2025-10-10 09:41:48,2025-10-10 08:23:45,2025-10-10 10:00:55,completed,regular,
T2510002171,R004,0,2025-10-10,WKDY_AUT25,SCH000032,V0045,,2025-10-10 08:21:00,2025-10-10 08:51:36,2025-10-10 08:21:39,2025-10-10 08:56:36,completed,regular,
T2510002172,R003,1,2025-10-10,WKDY_AUT25,SCH000027,V0040,,2025-10-10 08:25:00,2025-10-10 09:16:00,2025-10-10 08:26:01,2025-10-10 09:32:22,completed,regular,
T2510002173,,0,2025-10-10,WKDY_AUT25,SCH000012,V0028,,2025-10-10 08:27:00,2025-10-10 09:37:42,2025-10-10 08:28:09,2025-10-10 09:46:49,completed,regular,
T2510002174,R007,0,2025-10-10,WKDY_AUT25,SCH000062,V0061,,2025-10-10 08:27:00,2025-10-10 08:52:06,2025-10-10 08:28:10,2025-10-10 08:55:52,completed,regular,
T2510002175,R005,0,2025-10-10,WKDY_AUT25,SCH000042,V0053,,2025-10-10 08:28:00,2025-10-10 09:17:00,2025-10-10 08:30:55,2025-10-10 09:30:07,completed,regular,
T2510002176,R001,0,2025-10-10,WKDY_AUT25,SCH000002,V0004,,2025-10-10 08:30:00,2025-10-10 09:50:48,2025-10-10 08:30:59,2025-10-10 10:08:18,completed,regular,
T2510002177,R008,1,2025-10-10,WKDY_AUT25,SCH000077,V0063,,2025-10-10 08:30:00,2025-10-10 08:46:12,2025-10-10 08:30:00,2025-10-10 08:45:16,completed,regular,
T2510002178,R001,1,2025-10-10,WKDY_AUT25,SCH000007,V0005,,2025-10-10 08:31:00,2025-10-10 09:51:48,2025-10-10 08:31:09,2025-10-10 09:48:17,completed,regular,
T2510002179,R004,1,2025-10-10,WKDY_AUT25,SCH000037,V0046,,2025-10-10 08:32:00,2025-10-10 09:02:36,2025-10-10 08:32:00,2025-10-10 09:04:57,completed,regular,
T2510002180,R003,0,2025-10-10,WKDY_AUT25,SCH000022,V0041,,2025-10-10 08:34:00,2025-10-10 09:25:00,2025-10-10 08:34:28,2025-10-10 09:30:16,completed,regular,
T2510002181,R008,0,2025-10-10,WKDY_AUT25,SCH000072,V0064,,2025-10-10 08:34:00,2025-10-10 08:50:12,2025-10-10 08:35:25,2025-10-10 08:50:53,completed,regular,
T2510002182,R006,0,2025-10-10,WKDY_AUT25,SCH000052,V0054,,2025-10-10 08:35:00,2025-10-10 09:23:00,2025-10-10 08:35:00,2025-10-10 09:26:26,completed,regular,
T2510002183,R002,1,2025-10-10,WKDY_AUT25,SCH000017,V0029,,2025-10-10 08:38:00,2025-10-10 09:48:42,2025-10-10 08:38:45,2025-10-10 09:48:12,completed,regular,
T2510002184,R007,1,2025-10-10,WKDY_AUT25,SCH000067,V0059,,2025-10-10 08:38:00,2025-10-10 09:03:06,2025-10-10 08:43:30,2025-10-10 09:08:34,completed,regular,
T2510002185,R005,1,2025-10-10,WKDY_AUT25,SCH000047,V0049,,2025-10-10 08:39:00,2025-10-10 09:28:00,2025-10-10 08:43:59,2025-10-10 09:46:02,completed,regular,
T2510002186,R001,0,2025-10-10,WKDY_AUT25,SCH000002,V0006,,2025-10-10 08:40:00,2025-10-10 10:00:48,2025-10-10 08:41:03,2025-10-10 09:59:29,completed,regular,
T2510002187,R001,1,2025-10-10,WKDY_AUT25,SCH000007,V0007,,2025-10-10 08:41:00,2025-10-10 10:01:48,2025-10-10 08:42:14,2025-10-10 10:02:01,completed,regular,
T2510002188,R003,1,2025-10-10,WKDY_AUT25,SCH000027,V0043,,2025-10-10 08:45:00,2025-10-10 09:36:00,2025-10-10 08:49:50,2025-10-10 10:00:14,completed,regular,
T2510002189,R006,1,2025-10-10,WKDY_AUT25,SCH000057,V0055,,2025-10-10 08:46:00,2025-10-10 09:34:00,2025-10-10 08:48:45,2025-10-10 09:37:39,completed,regular,
T2510002190,R002,0,2025-10-10,WKDY_AUT25,SCH000012,V0030,,2025-10-10 08:47:00,2025-10-10 09:57:42,2025-10-10 08:47:00,2025-10-10 10:11:37,completed,regular,
T2510002191,R001,0,2025-10-10,WKDY_AUT25,SCH000002,V0009,,2025-10-10 08:50:00,2025-10-10 10:10:48,2025-10-10 08:52:51,2025-10-10 10:25:44,completed,regular,
T2510002192,R001,1,2025-10-10,WKDY_AUT25,SCH000007,V0011,,2025-10-10 08:51:00,2025-10-10 10:11:48,2025-10-10 08:55:27,2025-10-10 10:30:43,completed,regular,
T2510002193,R004,0,2025-10-10,WKDY_AUT25,SCH000032,V0047,,2025-10-10 08:51:00,2025-10-10 09:21:36,2025-10-10 08:51:18,2025-10-10 09:24:44,completed,regular,
T2510002194,R003,0,2025-10-10,WKDY_AUT25,SCH000022,V0042,,2025-10-10 08:54:00,2025-10-10 09:45:00,2025-10-10 08:54:00,2025-10-10 09:58:24,completed,regular,
T2510002195,R002,1,2025-10-10,WKDY_AUT25,SCH000017,V0031,,2025-10-10 08:58:00,2025-10-10 10:08:42,2025-10-10 08:58:15,2025-10-10 10:12:18,completed,regular,
T2510002196,R005,0,2025-10-10,WKDY_AUT25,SCH000042,V0050,,2025-10-10 08:58:00,2025-10-10 09:47:00,2025-10-10 09:00:32,2025-10-10 10:00:34,completed,regular,
T2510002197,R001,0,2025-10-10,WKDY_AUT25,SCH000002,V0010,,2025-10-10 09:00:00,2025-10-10 10:20:48,2025-10-10 09:00:37,2025-10-10 10:26:05,completed,regular,
T2510002198,R001,1,2025-10-10,WKDY_AUT25,SCH000007,V0008,,2025-10-10 09:01:00,2025-10-10 10:21:48,2025-10-10 09:04:57,2025-10-10 10:41:04,completed,regular,
T2510002199,R004,1,2025-10-10,WKDY_AUT25,SCH000037,V0048,,2025-10-10 09:02:00,2025-10-10 09:32:36,2025-10-10 09:04:34,2025-10-10 09:38:01,completed,regular,
T2510002200,R003,1,2025-10-10,WKDY_AUT25,SCH000027,V0044,,2025-10-10 09:05:00,2025-10-10 09:56:00,2025-10-10 09:05:07,2025-10-10 10:01:08,completed,regular,
T2510002200,R003,1,2025-10-10,WKDY_AUT25,SCH000027,V0044,,2025-10-10 09:05:00,2025-10-10 09:56:00,2025-10-10 09:05:07,2025-10-10 10:01:08,completed,regular,
T2510002201,R006,0,2025-10-10,WKDY_AUT25,SCH000052,V0056,,2025-10-10 09:05:00,2025-10-10 09:53:00,2025-10-10 09:05:26,2025-10-10 09:52:04,completed,regular,
T2510002202,R002,0,2025-10-10,WKDY_AUT25,SCH000012,V0033,,2025-10-10 09:07:00,2025-10-10 10:17:42,2025-10-10 09:08:04,2025-10-10 10:20:40,completed,regular,
T2510002203,R005,1,2025-10-10,WKDY_AUT25,SCH000047,V0051,,2025-10-10 09:09:00,2025-10-10 09:58:00,2025-10-10 09:09:37,2025-10-10 10:14:30,completed,regular,
T2510002204,R001,0,2025-10-10,WKDY_AUT25,SCH000002,V0012,,2025-10-10 09:10:00,2025-10-10 10:30:48,2025-10-10 09:10:00,2025-10-10 10:44:06,completed,regular,
T2510002205,R001,1,2025-10-10,WKDY_AUT25,SCH000007,V0013,,2025-10-10 09:11:00,2025-10-10 10:31:48,2025-10-10 09:11:00,2025-10-10 10:36:36,completed,regular,
T2510002206,R007,0,2025-10-10,WKDY_AUT25,SCH000062,V0060,,2025-10-10 09:12:00,2025-10-10 09:37:06,2025-10-10 09:12:00,2025-10-10 09:37:45,completed,regular,
T2510002207,R003,0,2025-10-10,WKDY_AUT25,SCH000022,V0036,,2025-10-10 09:14:00,2025-10-10 10:05:00,2025-10-10 09:14:59,2025-10-10 10:17:55,completed,regular,
T2510002208,R008,1,2025-10-10,WKDY_AUT25,SCH000077,V0062,,2025-10-10 09:15:00,2025-10-10 09:31:12,2025-10-10 09:15:00,2025-10-10 09:35:03,completed,regular,
T2510002209,R006,1,2025-10-10,WKDY_AUT25,SCH000057,V0057,,2025-10-10 09:16:00,2025-10-10 10:04:00,2025-10-10 09:18:57,2025-10-10 10:03:37,completed,regular,
T2510002210,R002,1,2025-10-10,WKDY_AUT25,SCH000017,V0032,,2025-10-10 09:18:00,2025-10-10 10:28:42,2025-10-10 09:18:00,2025-10-10 10:33:14,completed,regular,
T2510002211,R008,0,2025-10-10,WKDY_AUT25,SCH000072,V0063,,2025-10-10 09:19:00,2025-10-10 09:35:12,2025-10-10 09:19:31,2025-10-10 09:34:40,completed,regular,
T2510002212,R001,0,2025-10-10,WKDY_AUT25,SCH000002,V0015,,2025-10-10 09:20:00,2025-10-10 10:40:48,2025-10-10 09:20:05,2025-10-10 10:49:11,completed,regular,
T2510002213,R001,1,2025-10-10,WKDY_AUT25,SCH000007,V0014,,2025-10-10 09:21:00,2025-10-10 10:41:48,2025-10-10 09:25:42,2025-10-10 11:06:18,completed,regular,
T2510002214,R004,0,2025-10-10,WKDY_AUT25,SCH000032,V0045,,2025-10-10 09:21:00,2025-10-10 09:51:36,2025-10-10 09:21:00,2025-10-10 09:51:15,completed,regular,
T2510002215,R007,1,2025-10-10,WKDY_AUT25,SCH000067,V0061,,2025-10-10 09:23:00,2025-10-10 09:48:06,2025-10-10 09:23:00,2025-10-10 09:49:19,completed,regular,
T2510002216,R003,1,2025-10-10,WKDY_AUT25,SCH000027,V0037,,2025-10-10 09:25:00,2025-10-10 10:16:00,2025-10-10 09:25:45,2025-10-10 10:26:04,completed,regular,
T2510002217,R002,0,2025-10-10,WKDY_AUT25,SCH000012,V0034,,2025-10-10 09:27:00,2025-10-10 10:37:42,2025-10-10 09:30:42,2025-10-10 10:52:19,completed,regular,
T2510002218,R005,0,2025-10-10,WKDY_AUT25,SCH000042,V0052,,2025-10-10 09:28:00,2025-10-10 10:17:00,2025-10-10 09:28:17,2025-10-10 10:24:03,completed,regular,
T2510002219,R001,0,2025-10-10,WKDY_AUT25,SCH000002,V0018,,2025-10-10 09:30:00,2025-10-10 10:50:48,2025-10-10 09:30:59,2025-10-10 10:55:52,completed,regular,
T2510002220,R001,1,2025-10-10,WKDY_AUT25,SCH000007,V0019,,2025-10-10 09:31:00,2025-10-10 10:51:48,2025-10-10 09:34:23,2025-10-10 11:00:47,completed,regular,
T2510002221,R004,1,2025-10-10,WKDY_AUT25,SCH000037,V0046,,2025-10-10 09:32:00,2025-10-10 10:02:36,2025-10-10 09:34:30,2025-10-10 10:05:19,completed,regular,
T2510002222,R003,0,2025-10-10,WKDY_AUT25,SCH000022,V0038,,2025-10-10 09:34:00,2025-10-10 10:25:00,2025-10-10 09:34:23,2025-10-10 10:37:31,completed,regular,
T2510002223,R006,0,2025-10-10,WKDY_AUT25,SCH000052,V0058,,2025-10-10 09:35:00,2025-10-10 10:23:00,2025-10-10 09:37:05,2025-10-10 10:23:47,completed,regular,
T2510002224,R002,1,2025-10-10,WKDY_AUT25,SCH000017,V0035,,2025-10-10 09:38:00,2025-10-10 10:48:42,2025-10-10 09:39:20,2025-10-10 10:57:56,completed,regular,
T2510002225,R005,1,2025-10-10,WKDY_AUT25,SCH000047,V0053,,2025-10-10 09:39:00,2025-10-10 10:28:00,2025-10-10 09:40:16,2025-10-10 10:49:49,completed,regular,
T2510002225,R005,1,2025-10-10,WKDY_AUT25,SCH000047,V0053,,2025-10-10 09:39:00,2025-10-10 10:28:00,2025-10-10 09:40:16,2025-10-10 10:49:49,completed,regular,
T2510002226,R001,0,2025-10-10,WKDY_AUT25,SCH000002,V0016,,2025-10-10 09:40:00,2025-10-10 11:00:48,2025-10-10 09:40:16,2025-10-10 11:12:58,completed,regular,
T2510002227,R001,1,2025-10-10,WKDY_AUT25,SCH000007,V0017,,2025-10-10 09:41:00,2025-10-10 11:01:48,2025-10-10 09:41:00,2025-10-10 11:02:33,completed,regular,
T2510002228,R003,1,2025-10-10,WKDY_AUT25,SCH000027,V0039,,2025-10-10 09:45:00,2025-10-10 10:36:00,2025-10-10 09:45:16,2025-10-10 10:51:46,completed,regular,
T2510002229,R006,1,2025-10-10,WKDY_AUT25,SCH000057,V0054,,2025-10-10 09:46:00,2025-10-10 10:34:00,2025-10-10 09:47:38,2025-10-10 10:36:42,completed,regular,
T2510002230,R002,0,2025-10-10,WKDY_AUT25,SCH000012,V0025,,2025-10-10 09:47:00,2025-10-10 10:57:42,2025-10-10 09:47:48,2025-10-10 11:00:32,completed,regular,
T2510002231,R001,0,2025-10-10,WKDY_AUT25,SCH000002,V0020,,2025-10-10 09:50:00,2025-10-10 11:10:48,2025-10-10 09:51:47,2025-10-10 11:28:13,completed,regular,
T2510002232,R001,1,2025-10-10,WKDY_AUT25,SCH000007,V0024,,2025-10-10 09:51:00,2025-10-10 11:11:48,2025-10-10 09:53:44,2025-10-10 11:23:11,completed,regular,
T2510002233,R004,0,2025-10-10,WKDY_AUT25,SCH000032,V0047,,2025-10-10 09:51:00,2025-10-10 10:21:36,2025-10-10 09:55:36,2025-10-10 10:28:57,completed,regular,
T2510002234,R003,0,2025-10-10,WKDY_AUT25,SCH000022,V0041,,2025-10-10 09:54:00,2025-10-10 10:45:00,2025-10-10 09:54:00,2025-10-10 10:57:06,completed,regular,
T2510002235,R007,0,2025-10-10,WKDY_AUT25,SCH000062,V0059,,2025-10-10 09:57:00,2025-10-10 10:22:06,2025-10-10 09:57:00,2025-10-10 10:20:59,completed,regular,
T2510002236,R002,1,2025-10-10,WKDY_AUT25,SCH000017,V0026,,2025-10-10 09:58:00,2025-10-10 11:08:42,2025-10-10 09:58:00,2025-10-10 11:18:39,completed,regular,
T2510002237,R005,0,2025-10-10,WKDY_AUT25,SCH000042,V0049,,2025-10-10 09:58:00,2025-10-10 10:47:00,2025-10-10 09:58:00,2025-10-10 10:55:43,completed,regular,
T2510002238,R001,0,2025-10-10,WKDY_AUT25,SCH000003,V0023,,2025-10-10 10:00:00,2025-10-10 11:10:18,,,cancelled,regular,driver_shortage
T2510002239,R008,1,2025-10-10,WKDY_AUT25,SCH000078,V0064,,2025-10-10 10:00:00,2025-10-10 10:14:30,2025-10-10 10:00:14,2025-10-10 10:12:07,completed,regular,
T2510002240,R002,0,2025-10-10,WKDY_AUT25,SCH000013,V0027,,2025-10-10 10:07:00,2025-10-10 11:05:12,2025-10-10 10:08:19,2025-10-10 11:07:35,completed,regular,
T2510002241,R001,1,2025-10-10,WKDY_AUT25,SCH000008,V0023,,2025-10-10 10:11:00,2025-10-10 11:21:18,2025-10-10 10:11:29,2025-10-10 11:29:56,completed,regular,
T2510002242,R003,0,2025-10-10,WKDY_AUT25,SCH000023,,,2025-10-10 10:14:00,2025-10-10 10:56:00,2025-10-10 10:15:13,2025-10-10 11:04:24,completed,regular,
T2510002243,R001,0,2025-10-10,WKDY_AUT25,SCH000003,V0022,,2025-10-10 10:15:00,2025-10-10 11:25:18,2025-10-10 10:15:00,2025-10-10 11:35:19,completed,regular,
T2510002245,R004,0,2025-10-10,WKDY_AUT25,SCH000033,V0048,,2025-10-10 10:21:00,2025-10-10 10:47:06,2025-10-10 10:22:35,2025-10-10 10:45:10,completed,regular,
T2510002246,R003,1,2025-10-10,WKDY_AUT25,SCH000028,V0042,,2025-10-10 10:25:00,2025-10-10 11:07:00,2025-10-10 10:27:11,2025-10-10 11:15:32,completed,regular,
T2510002247,R001,1,2025-10-10,WKDY_AUT25,SCH000008,V0021,,2025-10-10 10:26:00,2025-10-10 11:36:18,2025-10-10 10:26:21,2025-10-10 11:45:58,completed,regular,
T2510002248,R005,0,2025-10-10,WKDY_AUT25,SCH000043,V0050,,2025-10-10 10:28:00,2025-10-10 11:09:48,2025-10-10 10:29:01,2025-10-10 11:13:06,completed,regular,
T2510002249,R001,0,2025-10-10,WKDY_AUT25,SCH000003,V0002,,2025-10-10 10:30:00,2025-10-10 11:40:18,2025-10-10 10:35:41,2025-10-10 11:59:57,completed,regular,
T2510002250,R004,1,2025-10-10,WKDY_AUT25,SCH000038,V0045,,2025-10-10 10:32:00,2025-10-10 10:58:06,2025-10-10 10:33:07,2025-10-10 11:01:32,completed,regular,
T2510002251,R006,0,2025-10-10,WKDY_AUT25,SCH000053,,,2025-10-10 10:35:00,2025-10-10 11:16:00,2025-10-10 10:35:56,2025-10-10 11:14:26,completed,regular,
T2510002252,R002,0,2025-10-10,WKDY_AUT25,SCH000013,V0029,,2025-10-10 10:37:00,2025-10-10 11:35:12,2025-10-10 10:37:00,2025-10-10 11:36:52,completed,regular,
T2510002253,R005,1,2025-10-10,WKDY_AUT25,SCH000048,V0051,,2025-10-10 10:39:00,2025-10-10 11:20:48,2025-10-10 10:43:41,2025-10-10 11:36:13,completed,regular,
T2510002254,R001,1,2025-10-10,WKDY_AUT25,SCH000008,V0005,,2025-10-10 10:41:00,2025-10-10 11:51:18,2025-10-10 10:42:04,2025-10-10 11:52:28,completed,regular,
T2510002255,R007,0,2025-10-10,WKDY_AUT25,SCH000063,V0060,,2025-10-10 10:42:00,2025-10-10 11:04:30,2025-10-10 10:43:59,2025-10-10 11:04:34,completed,regular,
T2510002256,R003,0,2025-10-10,WKDY_AUT25,SCH000023,,,2025-10-10 10:44:00,2025-10-10 11:26:00,,,cancelled,regular,driver_shortage
T2510002257,R001,0,2025-10-10,WKDY_AUT25,SCH000003,V0001,,2025-10-10 10:45:00,2025-10-10 11:55:18,2025-10-10 10:45:00,2025-10-10 11:53:40,completed,regular,
T2510002258,R006,1,2025-10-10,WKDY_AUT25,SCH000058,V0056,,2025-10-10 10:46:00,2025-10-10 11:27:00,2025-10-10 10:46:41,2025-10-10 11:29:38,completed,regular,
T2510002259,R002,1,2025-10-10,WKDY_AUT25,SCH000018,V0030,,2025-10-10 10:48:00,2025-10-10 11:46:12,2025-10-10 10:48:00,2025-10-10 11:49:38,completed,regular,
T2510002260,R008,0,2025-10-10,WKDY_AUT25,SCH000073,V0063,,2025-10-10 10:49:00,2025-10-10 11:03:30,2025-10-10 10:49:00,2025-10-10 11:01:59,completed,regular,
T2510002261,R007,1,2025-10-10,WKDY_AUT25,SCH000068,V0061,,2025-10-10 10:53:00,2025-10-10 11:15:30,2025-10-10 10:53:00,2025-10-10 11:13:15,completed,regular,
T2510002262,R003,1,2025-10-10,WKDY_AUT25,SCH000028,V0043,,2025-10-10 10:55:00,2025-10-10 11:37:00,2025-10-10 10:55:00,2025-10-10 11:43:00,completed,regular,
T2510002263,R001,1,2025-10-10,WKDY_AUT25,SCH000008,V0006,,2025-10-10 10:56:00,2025-10-10 12:06:18,2025-10-10 10:57:35,2025-10-10 12:08:08,completed,regular,
T2510002264,R001,0,2025-10-10,WKDY_AUT25,SCH000003,V0003,,2025-10-10 11:00:00,2025-10-10 12:10:18,2025-10-10 11:01:16,2025-10-10 12:17:31,completed,regular,
T2510002265,R002,0,2025-10-10,WKDY_AUT25,SCH000013,V0031,,2025-10-10 11:07:00,2025-10-10 12:05:12,2025-10-10 11:08:07,2025-10-10 12:04:24,completed,regular,
T2510002266,R001,1,2025-10-10,WKDY_AUT25,SCH000008,V0007,,2025-10-10 11:11:00,2025-10-10 12:21:18,2025-10-10 11:12:34,2025-10-10 12:30:29,completed,regular,
T2510002267,R003,0,2025-10-10,WKDY_AUT25,SCH000023,V0044,,2025-10-10 11:14:00,2025-10-10 11:56:00,2025-10-10 11:14:00,2025-10-10 12:03:10,completed,regular,
T2510002268,R001,0,2025-10-10,WKDY_AUT25,SCH000003,V0004,,2025-10-10 11:15:00,2025-10-10 12:25:18,2025-10-10 11:15:21,2025-10-10 12:25:56,completed,regular,
T2510002269,R002,1,2025-10-10,WKDY_AUT25,SCH000018,V0033,,2025-10-10 11:18:00,2025-10-10 12:16:12,2025-10-10 11:19:08,2025-10-10 12:27:40,completed,regular,
T2510002270,R004,0,2025-10-10,WKDY_AUT25,SCH000033,V0046,,2025-10-10 11:21:00,2025-10-10 11:47:06,2025-10-10 11:21:04,2025-10-10 11:46:48,completed,regular,
T2510002271,R003,1,2025-10-10,WKDY_AUT25,SCH000028,V0036,,2025-10-10 11:25:00,2025-10-10 12:07:00,2025-10-10 11:25:07,2025-10-10 12:13:15,completed,regular,
T2510002272,R001,1,2025-10-10,WKDY_AUT25,SCH000008,V0009,,2025-10-10 11:26:00,2025-10-10 12:36:18,2025-10-10 11:27:38,2025-10-10 12:43:31,completed,regular,
T2510002273,R005,0,2025-10-10,WKDY_AUT25,SCH000043,V0052,,2025-10-10 11:28:00,2025-10-10 12:09:48,2025-10-10 11:28:00,2025-10-10 12:19:36,completed,regular,
T2510002274,R001,0,2025-10-10,WKDY_AUT25,SCH000003,V0010,,2025-10-10 11:30:00,2025-10-10 12:40:18,2025-10-10 11:30:00,2025-10-10 12:55:00,completed,regular,
T2510002275,R008,1,2025-10-10,WKDY_AUT25,SCH000078,V0062,,2025-10-10 11:30:00,2025-10-10 11:44:30,,,cancelled,regular,driver_shortage
T2510002276,R004,1,2025-10-10,WKDY_AUT25,SCH000038,V0047,,2025-10-10 11:32:00,2025-10-10 11:58:06,2025-10-10 11:35:39,2025-10-10 11:57:09,completed,regular,
T2510002277,R006,0,2025-10-10,WKDY_AUT25,SCH000053,V0057,,2025-10-10 11:35:00,2025-10-10 12:16:00,2025-10-10 11:40:14,2025-10-10 12:19:23,completed,regular,
T2510002278,R002,0,2025-10-10,WKDY_AUT25,SCH000013,V0032,,2025-10-10 11:37:00,2025-10-10 12:35:12,2025-10-10 11:37:52,2025-10-10 12:46:12,completed,regular,
T2510002279,R005,1,2025-10-10,WKDY_AUT25,SCH000048,V0053,,2025-10-10 11:39:00,2025-10-10 12:20:48,,,cancelled,regular,driver_shortage
T2510002280,R001,1,2025-10-10,WKDY_AUT25,SCH000008,V0011,,2025-10-10 11:41:00,2025-10-10 12:51:18,2025-10-10 11:41:34,2025-10-10 12:54:57,completed,regular,
T2510002281,R003,0,2025-10-10,WKDY_AUT25,SCH000023,V0037,,2025-10-10 11:44:00,2025-10-10 12:26:00,2025-10-10 11:45:11,2025-10-10 12:37:25,completed,regular,
T2510002282,R001,0,2025-10-10,WKDY_AUT25,SCH000003,V0013,,2025-10-10 11:45:00,2025-10-10 12:55:18,2025-10-10 11:45:32,2025-10-10 12:58:40,completed,regular,
T2510002283,R006,1,2025-10-10,WKDY_AUT25,SCH000058,V0058,,2025-10-10 11:46:00,2025-10-10 12:27:00,,,cancelled,regular,driver_shortage
T2510002284,R002,1,2025-10-10,WKDY_AUT25,SCH000018,V0034,,2025-10-10 11:48:00,2025-10-10 12:46:12,2025-10-10 11:48:16,2025-10-10 12:51:15,completed,regular,
T2510002285,R003,1,2025-10-10,WKDY_AUT25,SCH000028,V0038,,2025-10-10 11:55:00,2025-10-10 12:37:00,2025-10-10 11:56:30,2025-10-10 12:50:57,completed,regular,
T2510002286,R001,1,2025-10-10,WKDY_AUT25,SCH000008,V0008,,2025-10-10 11:56:00,2025-10-10 13:06:18,2025-10-10 11:56:56,2025-10-10 13:06:48,completed,regular,
T2510002287,R001,0,2025-10-10,WKDY_AUT25,SCH000003,V0012,,2025-10-10 12:00:00,2025-10-10 13:10:18,2025-10-10 12:00:00,2025-10-10 13:21:27,completed,regular,
T2510002288,R002,0,2025-10-10,WKDY_AUT25,SCH000013,V0035,,2025-10-10 12:07:00,2025-10-10 13:05:12,2025-10-10 12:09:43,2025-10-10 13:14:57,completed,regular,
T2510002289,R001,1,2025-10-10,WKDY_AUT25,SCH000008,V0015,,2025-10-10 12:11:00,2025-10-10 13:21:18,2025-10-10 12:12:54,2025-10-10 13:29:18,completed,regular,
T2510002290,,0,2025-10-10,WKDY_AUT25,SCH000063,V0059,,2025-10-10 12:12:00,2025-10-10 12:34:30,2025-10-10 12:12:18,2025-10-10 12:34:09,completed,regular,
T2510002291,R003,0,2025-10-10,WKDY_AUT25,SCH000023,V0039,,2025-10-10 12:14:00,2025-10-10 12:56:00,2025-10-10 12:16:23,2025-10-10 13:03:50,completed,regular,
T2510002292,R001,0,2025-10-10,WKDY_AUT25,SCH000003,V0018,,2025-10-10 12:15:00,2025-10-10 13:25:18,2025-10-10 12:16:29,2025-10-10 13:26:47,completed,regular,
T2510002293,R002,1,2025-10-10,WKDY_AUT25,SCH000018,V0025,,2025-10-10 12:18:00,2025-10-10 13:16:12,2025-10-10 12:18:00,2025-10-10 13:24:02,completed,regular,
T2510002294,R008,0,2025-10-10,WKDY_AUT25,SCH000073,V0062,,2025-10-10 12:19:00,2025-10-10 12:33:30,2025-10-10 12:19:00,2025-10-10 12:32:08,completed,regular,
T2510002295,R004,0,2025-10-10,WKDY_AUT25,SCH000033,V0048,,2025-10-10 12:21:00,2025-10-10 12:47:06,2025-10-10 12:22:50,2025-10-10 12:48:15,completed,regular,
T2510002296,R007,1,2025-10-10,WKDY_AUT25,SCH000068,V0060,,2025-10-10 12:23:00,2025-10-10 12:45:30,2025-10-10 12:23:57,2025-10-10 12:47:01,completed,regular,
T2510002297,R003,1,2025-10-10,WKDY_AUT25,SCH000028,V0041,,2025-10-10 12:25:00,2025-10-10 13:07:00,2025-10-10 12:25:00,2025-10-10 13:13:09,completed,regular,
T2510002298,R001,1,2025-10-10,WKDY_AUT25,SCH000008,V0019,,2025-10-10 12:26:00,2025-10-10 13:36:18,2025-10-10 12:28:54,2025-10-10 13:44:17,completed,regular,
T2510002299,R005,0,2025-10-10,WKDY_AUT25,SCH000043,V0053,,2025-10-10 12:28:00,2025-10-10 13:09:48,2025-10-10 12:28:22,2025-10-10 13:13:04,completed,regular,
T2510002300,R001,0,2025-10-10,WKDY_AUT25,SCH000003,V0017,,2025-10-10 12:30:00,2025-10-10 13:40:18,2025-10-10 12:32:12,2025-10-10 13:44:56,completed,regular,
T2510002301,R004,1,2025-10-10,WKDY_AUT25,SCH000038,V0045,,2025-10-10 12:32:00,2025-10-10 12:58:06,2025-10-10 12:33:16,2025-10-10 12:57:14,completed,regular,
T2510002302,R006,0,2025-10-10,WKDY_AUT25,SCH000053,V0058,,2025-10-10 12:35:00,2025-10-10 13:16:00,2025-10-10 12:40:38,2025-10-10 13:17:51,completed,regular,
T2510002303,R002,0,2025-10-10,WKDY_AUT25,SCH000013,V0027,,2025-10-10 12:37:00,2025-10-10 13:35:12,,,cancelled,regular,driver_shortage
T2510002304,R005,1,2025-10-10,WKDY_AUT25,SCH000048,V0049,,2025-10-10 12:39:00,2025-10-10 13:20:48,2025-10-10 12:40:02,2025-10-10 13:30:46,completed,regular,
T2510002305,R001,1,2025-10-10,WKDY_AUT25,SCH000008,V0014,,2025-10-10 12:41:00,2025-10-10 13:51:18,2025-10-10 12:46:07,2025-10-10 14:00:01,completed,regular,
T2510002306,R003,0,2025-10-10,WKDY_AUT25,SCH000023,V0040,,2025-10-10 12:44:00,2025-10-10 13:26:00,2025-10-10 12:44:16,2025-10-10 13:34:30,completed,regular,
T2510002307,R001,0,2025-10-10,WKDY_AUT25,SCH000003,V0016,,2025-10-10 12:45:00,2025-10-10 13:55:18,2025-10-10 12:45:42,2025-10-10 13:56:42,completed,regular,
T2510002308,R006,1,2025-10-10,WKDY_AUT25,SCH000058,V0054,,2025-10-10 12:46:00,2025-10-10 13:27:00,2025-10-10 12:46:31,2025-10-10 13:30:01,completed,regular,
T2510002309,R002,1,2025-10-10,WKDY_AUT25,SCH000018,V0027,,2025-10-10 12:48:00,2025-10-10 13:46:12,2025-10-10 12:48:00,2025-10-10 13:47:49,completed,regular,
T2510002310,R003,1,2025-10-10,WKDY_AUT25,SCH000028,V0042,,2025-10-10 12:55:00,2025-10-10 13:37:00,2025-10-10 12:59:03,2025-10-10 13:44:47,completed,regular,
T2510002311,R001,1,2025-10-10,WKDY_AUT25,SCH000008,V0024,,2025-10-10 12:56:00,2025-10-10 14:06:18,2025-10-10 12:56:04,2025-10-10 14:07:32,completed,regular,
T2510002312,R001,0,2025-10-10,WKDY_AUT25,SCH000003,V0020,,2025-10-10 13:00:00,2025-10-10 14:10:18,2025-10-10 13:03:08,2025-10-10 14:12:58,completed,regular,
T2510002313,R008,1,2025-10-10,WKDY_AUT25,SCH000078,V0064,,2025-10-10 13:00:00,2025-10-10 13:14:30,2025-10-10 13:05:41,2025-10-10 13:25:49,completed,regular,
T2510002314,R002,0,2025-10-10,WKDY_AUT25,SCH000013,V0026,,2025-10-10 13:07:00,2025-10-10 14:05:12,2025-10-10 13:09:57,2025-10-10 14:18:26,completed,regular,
T2510002315,R001,1,2025-10-10,WKDY_AUT25,SCH000008,V0023,,2025-10-10 13:11:00,2025-10-10 14:21:18,2025-10-10 13:11:22,2025-10-10 14:17:24,completed,regular,
T2510002316,R003,0,2025-10-10,WKDY_AUT25,SCH000023,V0043,,2025-10-10 13:14:00,2025-10-10 13:56:00,2025-10-10 13:14:00,2025-10-10 14:00:03,completed,regular,
T2510002317,R001,0,2025-10-10,WKDY_AUT25,SCH000003,,,2025-10-10 13:15:00,2025-10-10 14:25:18,2025-10-10 13:19:44,2025-10-10 14:37:07,completed,regular,
T2510002318,R002,1,2025-10-10,WKDY_AUT25,SCH000018,V0028,,2025-10-10 13:18:00,2025-10-10 14:16:12,2025-10-10 13:21:26,2025-10-10 14:25:23,completed,regular,
T2510002319,R004,0,2025-10-10,WKDY_AUT25,SCH000033,V0046,,2025-10-10 13:21:00,2025-10-10 13:47:06,2025-10-10 13:23:04,2025-10-10 13:45:41,completed,regular,
T2510002320,R003,1,2025-10-10,WKDY_AUT25,SCH000028,V0044,,2025-10-10 13:25:00,2025-10-10 14:07:00,2025-10-10 13:25:26,2025-10-10 14:12:21,completed,regular,
T2510002321,R001,1,2025-10-10,WKDY_AUT25,SCH000008,V0021,,2025-10-10 13:26:00,2025-10-10 14:36:18,2025-10-10 13:26:00,2025-10-10 14:35:02,completed,regular,
T2510002322,R005,0,2025-10-10,WKDY_AUT25,SCH000043,V0050,,2025-10-10 13:28:00,2025-10-10 14:09:48,2025-10-10 13:28:04,2025-10-10 14:18:19,completed,regular,
T2510002323,R001,0,2025-10-10,WKDY_AUT25,SCH000003,V0005,,2025-10-10 13:30:00,2025-10-10 14:40:18,2025-10-10 13:33:45,2025-10-10 14:42:59,completed,regular,
T2510002324,R004,1,2025-10-10,WKDY_AUT25,SCH000038,V0047,,2025-10-10 13:32:00,2025-10-10 13:58:06,2025-10-10 13:32:00,2025-10-10 13:58:08,completed,regular,
T2510002325,R006,0,2025-10-10,WKDY_AUT25,SCH000053,V0055,,2025-10-10 13:35:00,2025-10-10 14:16:00,2025-10-10 13:35:00,2025-10-10 14:20:09,completed,regular,
T2510002326,,0,2025-10-10,WKDY_AUT25,SCH000013,V0029,,2025-10-10 13:37:00,2025-10-10 14:35:12,2025-10-10 13:38:30,2025-10-10 14:39:10,completed,regular,
T2510002327,R005,1,2025-10-10,WKDY_AUT25,SCH000048,V0051,,2025-10-10 13:39:00,2025-10-10 14:20:48,2025-10-10 13:44:56,2025-10-10 14:33:03,completed,regular,
T2510002328,R001,1,2025-10-10,WKDY_AUT25,SCH000008,V0001,,2025-10-10 13:41:00,2025-10-10 14:51:18,2025-10-10 13:41:15,2025-10-10 14:57:24,completed,regular,
T2510002329,R007,0,2025-10-10,WKDY_AUT25,SCH000063,V0061,,2025-10-10 13:42:00,2025-10-10 14:04:30,2025-10-10 13:42:45,2025-10-10 14:06:49,completed,regular,
T2510002330,R003,0,2025-10-10,WKDY_AUT25,SCH000023,V0036,,2025-10-10 13:44:00,2025-10-10 14:26:00,2025-10-10 13:44:44,2025-10-10 14:33:20,completed,regular,
T2510002331,R001,0,2025-10-10,WKDY_AUT25,SCH000003,V0002,,2025-10-10 13:45:00,2025-10-10 14:55:18,2025-10-10 13:45:57,2025-10-10 14:53:23,completed,regular,
T2510002332,R006,1,2025-10-10,WKDY_AUT25,SCH000058,V0056,,2025-10-10 13:46:00,2025-10-10 14:27:00,2025-10-10 13:50:34,2025-10-10 14:29:58,completed,regular,
T2510002333,R002,1,2025-10-10,WKDY_AUT25,SCH000018,V0030,,2025-10-10 13:48:00,2025-10-10 14:46:12,2025-10-10 13:48:26,2025-10-10 14:52:50,completed,regular,
T2510002334,R008,0,2025-10-10,WKDY_AUT25,SCH000073,V0063,,2025-10-10 13:49:00,2025-10-10 14:03:30,2025-10-10 13:53:10,2025-10-10 14:05:04,completed,regular,
T2510002335,R007,1,2025-10-10,WKDY_AUT25,SCH000068,V0059,,2025-10-10 13:53:00,2025-10-10 14:15:30,2025-10-10 13:54:04,2025-10-10 14:17:25,completed,regular,
T2510002336,R003,1,2025-10-10,WKDY_AUT25,SCH000028,V0037,,2025-10-10 13:55:00,2025-10-10 14:37:00,2025-10-10 13:55:00,2025-10-10 14:39:17,completed,regular,
T2510002337,R001,1,2025-10-10,WKDY_AUT25,SCH000008,V0006,,2025-10-10 13:56:00,2025-10-10 15:06:18,2025-10-10 13:56:54,2025-10-10 15:08:01,completed,regular,
T2510002338,R001,0,2025-10-10,WKDY_AUT25,SCH000003,V0003,,2025-10-10 14:00:00,2025-10-10 15:10:18,2025-10-10 14:00:00,2025-10-10 15:12:19,completed,regular,
T2510002339,R002,0,2025-10-10,WKDY_AUT25,SCH000013,V0031,,2025-10-10 14:07:00,2025-10-10 15:05:12,2025-10-10 14:11:29,2025-10-10 15:19:49,completed,regular,
T2510002340,R001,1,2025-10-10,WKDY_AUT25,SCH000008,V0004,,2025-10-10 14:11:00,2025-10-10 15:21:18,2025-10-10 14:12:58,2025-10-10 15:27:45,completed,regular,
T2510002341,R003,0,2025-10-10,WKDY_AUT25,SCH000023,V0038,,2025-10-10 14:14:00,2025-10-10 14:56:00,,,cancelled,regular,driver_shortage
T2510002342,R001,0,2025-10-10,WKDY_AUT25,SCH000003,V0007,,2025-10-10 14:15:00,2025-10-10 15:25:18,2025-10-10 14:16:03,2025-10-10 15:33:01,completed,regular,
T2510002343,R002,1,2025-10-10,WKDY_AUT25,SCH000018,V0033,,2025-10-10 14:18:00,2025-10-10 15:16:12,2025-10-10 14:18:00,2025-10-10 15:16:21,completed,regular,
T2510002344,R004,0,2025-10-10,WKDY_AUT25,SCH000033,V0048,,2025-10-10 14:21:00,2025-10-10 14:47:06,2025-10-10 14:21:54,2025-10-10 14:46:57,completed,regular,
T2510002345,R003,1,2025-10-10,WKDY_AUT25,SCH000028,V0038,,2025-10-10 14:25:00,2025-10-10 15:07:00,2025-10-10 14:25:27,2025-10-10 15:12:55,completed,regular,
T2510002346,R001,1,2025-10-10,WKDY_AUT25,SCH000008,V0009,,2025-10-10 14:26:00,2025-10-10 15:36:18,2025-10-10 14:26:42,2025-10-10 15:40:35,completed,regular,
T2510002347,R005,0,2025-10-10,WKDY_AUT25,SCH000043,V0052,,2025-10-10 14:28:00,2025-10-10 15:09:48,2025-10-10 14:29:28,2025-10-10 15:18:05,completed,regular,
T2510002348,R001,0,2025-10-10,WKDY_AUT25,SCH000003,V0011,,2025-10-10 14:30:00,2025-10-10 15:40:18,2025-10-10 14:30:08,2025-10-10 15:53:13,completed,regular,
T2510002349,R008,1,2025-10-10,WKDY_AUT25,SCH000078,V0062,,2025-10-10 14:30:00,2025-10-10 14:44:30,2025-10-10 14:30:00,2025-10-10 14:43:02,completed,regular,
T2510002350,R004,1,2025-10-10,WKDY_AUT25,SCH000038,V0045,,2025-10-10 14:32:00,2025-10-10 14:58:06,2025-10-10 14:36:04,2025-10-10 15:04:37,completed,regular,
T2510002351,R006,0,2025-10-10,WKDY_AUT25,SCH000053,V0057,,2025-10-10 14:35:00,2025-10-10 15:16:00,2025-10-10 14:35:00,2025-10-10 15:13:30,completed,regular,
T2510002352,R002,0,2025-10-10,WKDY_AUT25,SCH000013,V0032,,2025-10-10 14:37:00,2025-10-10 15:35:12,2025-10-10 14:37:00,2025-10-10 15:38:56,completed,regular,
T2510002353,R005,1,2025-10-10,WKDY_AUT25,SCH000048,V0053,,2025-10-10 14:39:00,2025-10-10 15:20:48,2025-10-10 14:39:03,2025-10-10 15:26:13,completed,regular,
T2510002354,R001,1,2025-10-10,WKDY_AUT25,SCH000008,V0010,,2025-10-10 14:41:00,2025-10-10 15:51:18,2025-10-10 14:41:42,2025-10-10 15:53:19,completed,regular,
T2510002355,R003,0,2025-10-10,WKDY_AUT25,SCH000023,V0039,,2025-10-10 14:44:00,2025-10-10 15:26:00,2025-10-10 14:49:35,2025-10-10 15:41:27,completed,regular,
T2510002356,R001,0,2025-10-10,WKDY_AUT25,SCH000003,V0013,,2025-10-10 14:45:00,2025-10-10 15:55:18,2025-10-10 14:45:00,2025-10-10 15:54:10,completed,regular,
T2510002357,R006,1,2025-10-10,WKDY_AUT25,SCH000058,V0058,,2025-10-10 14:46:00,2025-10-10 15:27:00,2025-10-10 14:46:25,2025-10-10 15:28:21,completed,regular,
T2510002358,R002,1,2025-10-10,WKDY_AUT25,SCH000018,V0034,,2025-10-10 14:48:00,2025-10-10 15:46:12,2025-10-10 14:48:00,2025-10-10 15:52:07,completed,regular,
T2510002359,R003,1,2025-10-10,WKDY_AUT25,SCH000028,V0041,,2025-10-10 14:55:00,2025-10-10 15:37:00,2025-10-10 15:00:44,2025-10-10 15:49:33,completed,regular,
T2510002360,R001,1,2025-10-10,WKDY_AUT25,SCH000008,V0008,,2025-10-10 14:56:00,2025-10-10 16:06:18,2025-10-10 14:57:06,2025-10-10 16:08:01,completed,regular,
T2510002361,R001,0,2025-10-10,WKDY_AUT25,SCH000003,V0012,,2025-10-10 15:00:00,2025-10-10 16:10:18,2025-10-10 15:00:51,2025-10-10 16:21:56,completed,regular,
T2510002362,R002,0,2025-10-10,WKDY_AUT25,SCH000013,V0035,,2025-10-10 15:07:00,2025-10-10 16:05:12,2025-10-10 15:07:50,2025-10-10 16:16:47,completed,regular,
T2510002363,R001,1,2025-10-10,WKDY_AUT25,SCH000008,V0018,,2025-10-10 15:11:00,2025-10-10 16:21:18,2025-10-10 15:11:09,2025-10-10 16:22:22,completed,regular,
T2510002364,R007,0,2025-10-10,WKDY_AUT25,SCH000063,V0060,,2025-10-10 15:12:00,2025-10-10 15:34:30,,,cancelled,regular,driver_shortage
T2510002365,R003,0,2025-10-10,WKDY_AUT25,SCH000023,V0040,,2025-10-10 15:14:00,2025-10-10 15:56:00,2025-10-10 15:14:25,2025-10-10 16:02:33,completed,regular,
T2510002366,R001,0,2025-10-10,WKDY_AUT25,SCH000003,V0015,,2025-10-10 15:15:00,2025-10-10 16:25:18,2025-10-10 15:15:00,2025-10-10 16:35:21,completed,regular,
T2510002367,R002,1,2025-10-10,WKDY_AUT25,SCH000018,V0025,,2025-10-10 15:18:00,2025-10-10 16:16:12,2025-10-10 15:19:00,2025-10-10 16:17:52,completed,regular,
T2510002368,R008,0,2025-10-10,WKDY_AUT25,SCH000073,V0064,,2025-10-10 15:19:00,2025-10-10 15:33:30,2025-10-10 15:19:40,2025-10-10 15:35:09,completed,regular,
T2510002369,R004,0,2025-10-10,WKDY_AUT25,SCH000033,V0046,,2025-10-10 15:21:00,2025-10-10 15:47:06,2025-10-10 15:21:00,2025-10-10 15:46:27,completed,regular,
T2510002370,R007,1,2025-10-10,WKDY_AUT25,SCH000068,V0060,,2025-10-10 15:23:00,2025-10-10 15:45:30,2025-10-10 15:23:48,2025-10-10 15:43:45,completed,regular,
T2510002371,R003,1,2025-10-10,WKDY_AUT25,SCH000028,V0042,,2025-10-10 15:25:00,2025-10-10 16:07:00,2025-10-10 15:25:35,2025-10-10 16:10:05,completed,regular,
T2510002372,R001,1,2025-10-10,WKDY_AUT25,SCH000008,V0019,,2025-10-10 15:26:00,2025-10-10 16:36:18,2025-10-10 15:26:27,2025-10-10 16:33:18,completed,regular,
T2510002373,R005,0,2025-10-10,WKDY_AUT25,SCH000043,V0049,,2025-10-10 15:28:00,2025-10-10 16:09:48,2025-10-10 15:28:00,2025-10-10 16:12:51,completed,regular,
T2510002374,R001,0,2025-10-10,WKDY_AUT25,SCH000003,V0017,,2025-10-10 15:30:00,2025-10-10 16:40:18,2025-10-10 15:30:34,2025-10-10 16:43:35,completed,regular,
T2510002375,R004,1,2025-10-10,WKDY_AUT25,SCH000038,V0047,,2025-10-10 15:32:00,2025-10-10 15:58:06,2025-10-10 15:32:00,2025-10-10 15:59:26,completed,regular,
T2510002376,R006,0,2025-10-10,WKDY_AUT25,SCH000053,V0054,,2025-10-10 15:35:00,2025-10-10 16:16:00,2025-10-10 15:36:44,2025-10-10 16:19:23,completed,regular,
T2510002377,R002,0,2025-10-10,WKDY_AUT25,SCH000013,V0027,,2025-10-10 15:37:00,2025-10-10 16:35:12,2025-10-10 15:37:45,2025-10-10 16:41:58,completed,regular,
T2510002379,R001,1,2025-10-10,WKDY_AUT25,SCH000008,V0016,,2025-10-10 15:41:00,2025-10-10 16:51:18,2025-10-10 15:41:10,2025-10-10 16:51:17,completed,regular,
T2510002380,R003,0,2025-10-10,WKDY_AUT25,SCH000023,V0043,,2025-10-10 15:44:00,2025-10-10 16:26:00,2025-10-10 15:44:10,2025-10-10 16:29:10,completed,regular,
T2510002381,R001,0,2025-10-10,WKDY_AUT25,SCH000003,V0014,,2025-10-10 15:45:00,2025-10-10 16:55:18,,,cancelled,regular,driver_shortage
T2510002382,R006,1,2025-10-10,WKDY_AUT25,SCH000058,V0055,,2025-10-10 15:46:00,2025-10-10 16:27:00,2025-10-10 15:46:28,2025-10-10 16:26:27,completed,regular,
T2510002383,R002,1,2025-10-10,WKDY_AUT25,SCH000018,V0026,,2025-10-10 15:48:00,2025-10-10 16:46:12,2025-10-10 15:49:09,2025-10-10 16:53:16,completed,regular,
T2510002384,R003,1,2025-10-10,WKDY_AUT25,SCH000028,V0044,,2025-10-10 15:55:00,2025-10-10 16:37:00,2025-10-10 15:55:02,2025-10-10 16:45:01,completed,regular,
T2510002385,R001,1,2025-10-10,WKDY_AUT25,SCH000008,V0014,,2025-10-10 15:56:00,2025-10-10 17:06:18,2025-10-10 16:00:06,2025-10-10 17:22:46,completed,regular,
T2510002386,R001,0,2025-10-10,WKDY_AUT25,SCH000004,V0024,,2025-10-10 16:00:00,2025-10-10 17:25:00,2025-10-10 16:00:00,2025-10-10 17:56:02,completed,regular,
T2510002387,R008,1,2025-10-10,WKDY_AUT25,SCH000079,V0063,,2025-10-10 16:00:00,2025-10-10 16:16:42,2025-10-10 16:00:51,2025-10-10 16:20:37,completed,regular,
T2510002388,R001,1,2025-10-10,WKDY_AUT25,SCH000009,V0020,,2025-10-10 16:01:00,2025-10-10 17:26:00,2025-10-10 16:01:49,2025-10-10 17:23:50,completed,regular,
T2510002389,R004,1,2025-10-10,WKDY_AUT25,SCH000039,V0048,,2025-10-10 16:02:00,2025-10-10 16:33:42,,,cancelled,regular,driver_shortage
T2510002390,R008,0,2025-10-10,WKDY_AUT25,SCH000074,V0062,,2025-10-10 16:04:00,2025-10-10 16:20:42,2025-10-10 16:07:24,2025-10-10 16:22:26,completed,regular,
T2510002391,R003,1,2025-10-10,WKDY_AUT25,SCH000029,V0036,,2025-10-10 16:05:00,2025-10-10 16:57:54,2025-10-10 16:05:07,2025-10-10 17:06:36,completed,regular,
T2510002392,R006,0,2025-10-10,WKDY_AUT25,SCH000054,V0056,,2025-10-10 16:05:00,2025-10-10 16:54:48,2025-10-10 16:05:43,2025-10-10 16:55:12,completed,regular,
T2510002393,R002,0,2025-10-10,WKDY_AUT25,SCH000014,V0028,,2025-10-10 16:07:00,2025-10-10 17:20:18,2025-10-10 16:08:10,2025-10-10 17:35:08,completed,regular,
T2510002394,R007,1,2025-10-10,WKDY_AUT25,SCH000069,V0061,,2025-10-10 16:08:00,2025-10-10 16:33:54,2025-10-10 16:08:00,2025-10-10 16:37:19,completed,regular,
T2510002395,R005,1,2025-10-10,WKDY_AUT25,SCH000049,V0051,,2025-10-10 16:09:00,2025-10-10 16:59:48,2025-10-10 16:09:09,2025-10-10 17:13:10,completed,regular,
T2510002396,R001,0,2025-10-10,WKDY_AUT25,SCH000004,V0023,,2025-10-10 16:10:00,2025-10-10 17:35:00,2025-10-10 16:10:19,2025-10-10 17:45:36,completed,regular,
T2510002397,R001,1,2025-10-10,WKDY_AUT25,SCH000009,V0021,,2025-10-10 16:11:00,2025-10-10 17:36:00,2025-10-10 16:11:00,2025-10-10 17:44:10,completed,regular,
T2510002398,R003,0,2025-10-10,WKDY_AUT25,SCH000024,V0037,,2025-10-10 16:14:00,2025-10-10 17:06:54,2025-10-10 16:19:20,2025-10-10 17:26:19,completed,regular,
T2510002399,R006,1,2025-10-10,WKDY_AUT25,SCH000059,V0057,,2025-10-10 16:16:00,2025-10-10 17:05:48,,,cancelled,regular,driver_shortage
T2510002400,R002,1,2025-10-10,WKDY_AUT25,SCH000019,V0029,,2025-10-10 16:18:00,2025-10-10 17:31:18,2025-10-10 16:20:10,2025-10-10 17:51:26,completed,regular,
T2510002401,R001,0,2025-10-10,WKDY_AUT25,SCH000004,V0022,,2025-10-10 16:20:00,2025-10-10 17:45:00,,,cancelled,regular,driver_shortage
T2510002402,R001,1,2025-10-10,WKDY_AUT25,SCH000009,V0022,,2025-10-10 16:21:00,2025-10-10 17:46:00,2025-10-10 16:21:00,2025-10-10 18:01:22,completed,regular,
T2510002403,R004,0,2025-10-10,WKDY_AUT25,SCH000034,V0048,,2025-10-10 16:21:00,2025-10-10 16:52:42,2025-10-10 16:25:22,2025-10-10 17:04:42,completed,regular,
T2510002404,R003,1,2025-10-10,WKDY_AUT25,SCH000029,,,2025-10-10 16:25:00,2025-10-10 17:17:54,,,cancelled,regular,driver_shortage
T2510002405,R002,0,2025-10-10,WKDY_AUT25,SCH000014,V0030,,2025-10-10 16:27:00,2025-10-10 17:40:18,2025-10-10 16:27:29,2025-10-10 17:40:23,completed,regular,
T2510002406,R005,0,2025-10-10,WKDY_AUT25,SCH000044,V0052,,2025-10-10 16:28:00,2025-10-10 17:18:48,,,cancelled,regular,driver_shortage
T2510002407,R001,0,2025-10-10,WKDY_AUT25,SCH000004,V0005,,2025-10-10 16:30:00,2025-10-10 17:55:00,2025-10-10 16:30:53,2025-10-10 18:14:22,completed,regular,
T2510002408,R001,1,2025-10-10,WKDY_AUT25,SCH000009,V0002,,2025-10-10 16:31:00,2025-10-10 17:56:00,2025-10-10 16:32:16,2025-10-10 18:14:12,completed,regular,
T2510002409,R004,1,2025-10-10,WKDY_AUT25,SCH000039,V0045,,2025-10-10 16:32:00,2025-10-10 17:03:42,2025-10-10 16:34:14,2025-10-10 17:11:05,completed,regular,
T2510002410,R003,0,2025-10-10,WKDY_AUT25,SCH000024,V0038,,2025-10-10 16:34:00,2025-10-10 17:26:54,2025-10-10 16:34:09,2025-10-10 17:38:15,completed,regular,
T2510002411,R006,0,2025-10-10,WKDY_AUT25,SCH000054,V0057,,2025-10-10 16:35:00,2025-10-10 17:24:48,2025-10-10 16:35:00,2025-10-10 17:26:26,completed,regular,
T2510002412,R002,1,2025-10-10,WKDY_AUT25,SCH000019,V0033,,2025-10-10 16:38:00,2025-10-10 17:51:18,2025-10-10 16:38:00,2025-10-10 18:02:57,completed,regular,
T2510002413,R005,1,2025-10-10,WKDY_AUT25,SCH000049,V0052,,2025-10-10 16:39:00,2025-10-10 17:29:48,,,cancelled,regular,driver_shortage
T2510002414,R001,0,2025-10-10,WKDY_AUT25,SCH000004,V0001,,2025-10-10 16:40:00,2025-10-10 18:05:00,2025-10-10 16:40:00,2025-10-10 18:16:41,completed,regular,
T2510002415,R001,1,2025-10-10,WKDY_AUT25,SCH000009,V0006,,2025-10-10 16:41:00,2025-10-10 18:06:00,2025-10-10 16:43:44,2025-10-10 18:17:23,completed,regular,
T2510002416,R007,0,2025-10-10,WKDY_AUT25,SCH000064,V0059,,2025-10-10 16:42:00,2025-10-10 17:07:54,2025-10-10 16:42:30,2025-10-10 17:23:22,completed,regular,
T2510002417,R003,1,2025-10-10,WKDY_AUT25,SCH000029,V0039,,2025-10-10 16:45:00,2025-10-10 17:37:54,2025-10-10 16:45:00,2025-10-10 17:55:58,completed,regular,
T2510002418,R008,1,2025-10-10,WKDY_AUT25,SCH000079,V0064,,2025-10-10 16:45:00,2025-10-10 17:01:42,2025-10-10 16:45:00,2025-10-10 17:04:28,completed,regular,
T2510002419,R006,1,2025-10-10,WKDY_AUT25,SCH000059,V0058,,2025-10-10 16:46:00,2025-10-10 17:35:48,2025-10-10 16:46:07,2025-10-10 17:50:46,completed,regular,
T2510002420,R002,0,2025-10-10,WKDY_AUT25,SCH000014,V0031,,2025-10-10 16:47:00,2025-10-10 18:00:18,2025-10-10 16:47:13,2025-10-10 18:05:43,completed,regular,
T2510002421,R008,0,2025-10-10,WKDY_AUT25,SCH000074,V0063,,2025-10-10 16:49:00,2025-10-10 17:05:42,2025-10-10 16:49:00,2025-10-10 17:05:56,completed,regular,
T2510002422,R001,0,2025-10-10,WKDY_AUT25,SCH000004,V0003,,2025-10-10 16:50:00,2025-10-10 18:15:00,2025-10-10 16:50:30,2025-10-10 18:30:40,completed,regular,
T2510002423,R001,1,2025-10-10,WKDY_AUT25,SCH000009,V0004,,2025-10-10 16:51:00,2025-10-10 18:16:00,2025-10-10 16:51:03,2025-10-10 18:24:55,completed,regular,
T2510002424,R004,0,2025-10-10,WKDY_AUT25,SCH000034,V0046,,2025-10-10 16:51:00,2025-10-10 17:22:42,2025-10-10 16:51:15,2025-10-10 17:24:42,completed,regular,
T2510002425,R007,1,2025-10-10,WKDY_AUT25,SCH000069,V0060,,2025-10-10 16:53:00,2025-10-10 17:18:54,2025-10-10 16:53:00,2025-10-10 17:19:02,completed,regular,
T2510002426,R003,0,2025-10-10,WKDY_AUT25,SCH000024,V0041,,2025-10-10 16:54:00,2025-10-10 17:46:54,2025-10-10 16:54:19,2025-10-10 17:58:45,completed,regular,
T2510002427,R002,1,2025-10-10,WKDY_AUT25,SCH000019,V0032,,2025-10-10 16:58:00,2025-10-10 18:11:18,2025-10-10 16:58:43,2025-10-10 18:17:53,completed,regular,
T2510002428,R005,0,2025-10-10,WKDY_AUT25,SCH000044,V0052,,2025-10-10 16:58:00,2025-10-10 17:48:48,2025-10-10 16:58:23,2025-10-10 18:18:34,completed,regular,
T2510002429,R001,0,2025-10-10,WKDY_AUT25,SCH000004,V0007,,2025-10-10 17:00:00,2025-10-10 18:25:00,,,cancelled,regular,driver_shortage
T2510002430,R001,1,2025-10-10,WKDY_AUT25,SCH000009,V0007,,2025-10-10 17:01:00,2025-10-10 18:26:00,2025-10-10 17:01:41,2025-10-10 18:41:43,completed,regular,
T2510002431,R004,1,2025-10-10,WKDY_AUT25,SCH000039,V0047,,2025-10-10 17:02:00,2025-10-10 17:33:42,2025-10-10 17:07:06,2025-10-10 17:40:46,completed,regular,
T2510002432,R003,1,2025-10-10,WKDY_AUT25,SCH000029,V0040,,2025-10-10 17:05:00,2025-10-10 17:57:54,2025-10-10 17:05:17,2025-10-10 18:08:43,completed,regular,
T2510002432,R003,1,2025-10-10,WKDY_AUT25,SCH000029,V0040,,2025-10-10 17:05:00,2025-10-10 17:57:54,2025-10-10 17:05:17,2025-10-10 18:08:43,completed,regular,
T2510002433,R006,0,2025-10-10,WKDY_AUT25,SCH000054,V0054,,2025-10-10 17:05:00,2025-10-10 17:54:48,,,cancelled,regular,driver_shortage
T2510002434,R002,0,2025-10-10,WKDY_AUT25,SCH000014,V0034,,2025-10-10 17:07:00,2025-10-10 18:20:18,2025-10-10 17:12:48,2025-10-10 18:36:12,completed,regular,
T2510002435,R005,1,2025-10-10,WKDY_AUT25,SCH000049,V0053,,2025-10-10 17:09:00,2025-10-10 17:59:48,2025-10-10 17:12:58,2025-10-10 18:32:02,completed,regular,
T2510002436,R001,0,2025-10-10,WKDY_AUT25,SCH000004,V0009,,2025-10-10 17:10:00,2025-10-10 18:35:00,2025-10-10 17:10:37,2025-10-10 18:57:30,completed,regular,
T2510002437,R001,1,2025-10-10,WKDY_AUT25,SCH000009,V0011,,2025-10-10 17:11:00,2025-10-10 18:36:00,2025-10-10 17:12:29,2025-10-10 18:51:49,completed,regular,
T2510002438,R003,0,2025-10-10,WKDY_AUT25,SCH000024,V0042,,2025-10-10 17:14:00,2025-10-10 18:06:54,2025-10-10 17:15:09,2025-10-10 18:21:33,completed,regular,
T2510002439,R006,1,2025-10-10,WKDY_AUT25,SCH000059,V0054,,2025-10-10 17:16:00,2025-10-10 18:05:48,2025-10-10 17:16:00,2025-10-10 18:04:51,completed,regular,
T2510002439,R006,1,2025-10-10,WKDY_AUT25,SCH000059,V0054,,2025-10-10 17:16:00,2025-10-10 18:05:48,2025-10-10 17:16:00,2025-10-10 18:04:51,completed,regular,
T2510002440,R002,1,2025-10-10,WKDY_AUT25,SCH000019,V0035,,2025-10-10 17:18:00,2025-10-10 18:31:18,2025-10-10 17:18:27,2025-10-10 18:34:21,completed,regular,
T2510002441,R001,0,2025-10-10,WKDY_AUT25,SCH000004,V0010,,2025-10-10 17:20:00,2025-10-10 18:45:00,2025-10-10 17:20:00,2025-10-10 18:56:27,completed,regular,
T2510002442,R001,1,2025-10-10,WKDY_AUT25,SCH000009,V0013,,2025-10-10 17:21:00,2025-10-10 18:46:00,2025-10-10 17:22:15,2025-10-10 18:51:23,completed,regular,
T2510002443,R004,0,2025-10-10,WKDY_AUT25,SCH000034,V0048,,2025-10-10 17:21:00,2025-10-10 17:52:42,2025-10-10 17:21:00,2025-10-10 17:55:23,completed,regular,
T2510002444,R003,1,2025-10-10,WKDY_AUT25,SCH000029,V0043,,2025-10-10 17:25:00,2025-10-10 18:17:54,2025-10-10 17:25:33,2025-10-10 18:25:18,completed,regular,
T2510002445,R002,0,2025-10-10,WKDY_AUT25,SCH000014,V0025,,2025-10-10 17:27:00,2025-10-10 18:40:18,2025-10-10 17:27:14,2025-10-10 18:44:45,completed,regular,
T2510002446,R007,0,2025-10-10,WKDY_AUT25,SCH000064,V0061,,2025-10-10 17:27:00,2025-10-10 17:52:54,2025-10-10 17:27:00,2025-10-10 17:53:28,completed,regular,
T2510002447,R005,0,2025-10-10,WKDY_AUT25,SCH000044,V0049,,2025-10-10 17:28:00,2025-10-10 18:18:48,2025-10-10 17:29:30,2025-10-10 18:41:16,completed,regular,
T2510002448,R001,0,2025-10-10,WKDY_AUT25,SCH000004,V0008,,2025-10-10 17:30:00,2025-10-10 18:55:00,2025-10-10 17:30:28,2025-10-10 19:08:22,completed,regular,
T2510002449,R008,1,2025-10-10,WKDY_AUT25,SCH000079,V0062,,2025-10-10 17:30:00,2025-10-10 17:46:42,2025-10-10 17:30:25,2025-10-10 17:46:25,completed,regular,
T2510002450,R001,1,2025-10-10,WKDY_AUT25,SCH000009,V0012,,2025-10-10 17:31:00,2025-10-10 18:56:00,2025-10-10 17:31:59,2025-10-10 19:08:32,completed,regular,
T2510002451,R004,1,2025-10-10,WKDY_AUT25,SCH000039,V0045,,2025-10-10 17:32:00,2025-10-10 18:03:42,2025-10-10 17:32:00,2025-10-10 18:05:33,completed,regular,
T2510002452,R003,0,2025-10-10,WKDY_AUT25,SCH000024,V0044,,2025-10-10 17:34:00,2025-10-10 18:26:54,2025-10-10 17:35:09,2025-10-10 18:34:02,completed,regular,
T2510002453,R008,0,2025-10-10,WKDY_AUT25,SCH000074,V0064,,2025-10-10 17:34:00,2025-10-10 17:50:42,2025-10-10 17:34:00,2025-10-10 17:53:09,completed,regular,
T2510002454,R006,0,2025-10-10,WKDY_AUT25,SCH000054,V0055,,2025-10-10 17:35:00,2025-10-10 18:24:48,2025-10-10 17:36:28,2025-10-10 18:34:27,completed,regular,
T2510002455,R002,1,2025-10-10,WKDY_AUT25,SCH000019,V0027,,2025-10-10 17:38:00,2025-10-10 18:51:18,2025-10-10 17:38:06,2025-10-10 18:56:20,completed,regular,
T2510002456,R007,1,2025-10-10,WKDY_AUT25,SCH000069,V0060,,2025-10-10 17:38:00,2025-10-10 18:03:54,2025-10-10 17:42:34,2025-10-10 18:08:11,completed,regular,
T2510002457,R005,1,2025-10-10,WKDY_AUT25,SCH000049,V0050,,2025-10-10 17:39:00,2025-10-10 18:29:48,2025-10-10 17:39:40,2025-10-10 18:46:06,completed,regular,
T2510002458,R001,0,2025-10-10,WKDY_AUT25,SCH000004,V0018,,2025-10-10 17:40:00,2025-10-10 19:05:00,2025-10-10 17:40:15,2025-10-10 19:13:57,completed,regular,
T2510002459,R001,1,2025-10-10,WKDY_AUT25,SCH000009,V0019,,2025-10-10 17:41:00,2025-10-10 19:06:00,2025-10-10 17:41:00,2025-10-10 19:18:26,completed,regular,
T2510002460,R003,1,2025-10-10,WKDY_AUT25,SCH000029,V0036,,2025-10-10 17:45:00,2025-10-10 18:37:54,2025-10-10 17:48:27,2025-10-10 18:55:06,completed,regular,
T2510002461,R006,1,2025-10-10,WKDY_AUT25,SCH000059,V0056,,2025-10-10 17:46:00,2025-10-10 18:35:48,2025-10-10 17:46:00,2025-10-10 18:32:59,completed,regular,
T2510002462,,0,2025-10-10,WKDY_AUT25,SCH000014,V0026,,2025-10-10 17:47:00,2025-10-10 19:00:18,2025-10-10 17:47:48,2025-10-10 19:09:57,completed,regular,
T2510002463,R001,0,2025-10-10,WKDY_AUT25,SCH000004,V0015,,2025-10-10 17:50:00,2025-10-10 19:15:00,2025-10-10 17:50:25,2025-10-10 19:25:07,completed,regular,
T2510002464,R001,1,2025-10-10,WKDY_AUT25,SCH000009,V0017,,2025-10-10 17:51:00,2025-10-10 19:16:00,,,cancelled,regular,driver_shortage
T2510002465,R004,0,2025-10-10,WKDY_AUT25,SCH000034,V0046,,2025-10-10 17:51:00,2025-10-10 18:22:42,2025-10-10 17:52:19,2025-10-10 18:23:04,completed,regular,
T2510002466,R003,0,2025-10-10,WKDY_AUT25,SCH000024,V0037,,2025-10-10 17:54:00,2025-10-10 18:46:54,2025-10-10 17:54:21,2025-10-10 19:05:49,completed,regular,
T2510002467,R002,1,2025-10-10,WKDY_AUT25,SCH000019,V0028,,2025-10-10 17:58:00,2025-10-10 19:11:18,2025-10-10 18:02:39,2025-10-10 19:25:48,completed,regular,
T2510002468,R005,0,2025-10-10,WKDY_AUT25,SCH000044,V0051,,2025-10-10 17:58:00,2025-10-10 18:48:48,2025-10-10 17:58:00,2025-10-10 18:59:10,completed,regular,
T2510002469,R001,0,2025-10-10,WKDY_AUT25,SCH000004,V0017,,2025-10-10 18:00:00,2025-10-10 19:25:00,2025-10-10 18:00:15,2025-10-10 19:32:56,completed,regular,
T2510002470,R001,1,2025-10-10,WKDY_AUT25,SCH000009,V0016,,2025-10-10 18:01:00,2025-10-10 19:26:00,2025-10-10 18:05:52,2025-10-10 19:55:29,completed,regular,
T2510002471,R004,1,2025-10-10,WKDY_AUT25,SCH000039,V0047,,2025-10-10 18:02:00,2025-10-10 18:33:42,2025-10-10 18:02:54,2025-10-10 18:34:10,completed,regular,
T2510002472,R003,1,2025-10-10,WKDY_AUT25,SCH000029,V0038,,2025-10-10 18:05:00,2025-10-10 18:57:54,2025-10-10 18:07:32,2025-10-10 19:11:25,completed,regular,
T2510002473,R006,0,2025-10-10,WKDY_AUT25,SCH000054,V0057,,2025-10-10 18:05:00,2025-10-10 18:54:48,2025-10-10 18:05:34,2025-10-10 18:54:54,completed,regular,
T2510002474,R002,0,2025-10-10,WKDY_AUT25,SCH000014,V0030,,2025-10-10 18:07:00,2025-10-10 19:20:18,,,cancelled,regular,driver_shortage
T2510002475,R005,1,2025-10-10,WKDY_AUT25,SCH000049,,,2025-10-10 18:09:00,2025-10-10 18:59:48,2025-10-10 18:24:34,2025-10-10 19:34:20,completed,regular,
T2510002476,R001,0,2025-10-10,WKDY_AUT25,SCH000004,V0014,,2025-10-10 18:10:00,2025-10-10 19:35:00,2025-10-10 18:10:09,2025-10-10 19:50:56,completed,regular,
T2510002477,R001,1,2025-10-10,WKDY_AUT25,SCH000009,V0020,,2025-10-10 18:11:00,2025-10-10 19:36:00,2025-10-10 18:13:21,2025-10-10 19:44:57,completed,regular,
T2510002478,R007,0,2025-10-10,WKDY_AUT25,SCH000064,V0059,,2025-10-10 18:12:00,2025-10-10 18:37:54,2025-10-10 18:15:39,2025-10-10 18:42:17,completed,regular,
T2510002479,R003,0,2025-10-10,WKDY_AUT25,SCH000024,V0039,,2025-10-10 18:14:00,2025-10-10 19:06:54,2025-10-10 18:18:41,2025-10-10 19:24:09,completed,regular,
T2510002480,R008,1,2025-10-10,WKDY_AUT25,SCH000079,V0063,,2025-10-10 18:15:00,2025-10-10 18:31:42,2025-10-10 18:15:00,2025-10-10 18:30:39,completed,regular,
T2510002481,R006,1,2025-10-10,WKDY_AUT25,SCH000059,V0058,,2025-10-10 18:16:00,2025-10-10 19:05:48,2025-10-10 18:19:10,2025-10-10 19:09:20,completed,regular,
T2510002482,R002,1,2025-10-10,WKDY_AUT25,SCH000019,V0030,,2025-10-10 18:18:00,2025-10-10 19:31:18,2025-10-10 18:18:29,2025-10-10 19:35:54,completed,regular,
T2510002483,R008,0,2025-10-10,WKDY_AUT25,SCH000074,V0062,,2025-10-10 18:19:00,2025-10-10 18:35:42,2025-10-10 18:22:38,2025-10-10 18:36:20,completed,regular,
T2510002484,R001,0,2025-10-10,WKDY_AUT25,SCH000004,V0021,,2025-10-10 18:20:00,2025-10-10 19:45:00,2025-10-10 18:20:26,2025-10-10 20:00:10,completed,regular,
T2510002485,R001,1,2025-10-10,WKDY_AUT25,SCH000009,V0023,,2025-10-10 18:21:00,2025-10-10 19:46:00,2025-10-10 18:21:00,2025-10-10 19:57:28,completed,regular,
T2510002486,R004,0,2025-10-10,WKDY_AUT25,SCH000034,V0048,,2025-10-10 18:21:00,2025-10-10 18:52:42,2025-10-10 18:21:00,2025-10-10 18:55:02,completed,regular,
T2510002487,R007,1,2025-10-10,WKDY_AUT25,SCH000069,V0061,,2025-10-10 18:23:00,2025-10-10 18:48:54,2025-10-10 18:24:35,2025-10-10 18:53:33,completed,regular,
T2510002488,R003,1,2025-10-10,WKDY_AUT25,SCH000029,V0041,,2025-10-10 18:25:00,2025-10-10 19:17:54,2025-10-10 18:25:49,2025-10-10 19:31:24,completed,regular,
T2510002489,R002,0,2025-10-10,WKDY_AUT25,SCH000014,V0029,,2025-10-10 18:27:00,2025-10-10 19:40:18,2025-10-10 18:27:19,2025-10-10 19:56:54,completed,regular,
T2510002490,R005,0,2025-10-10,WKDY_AUT25,SCH000044,V0053,,2025-10-10 18:28:00,2025-10-10 19:18:48,2025-10-10 18:38:02,2025-10-10 19:46:55,completed,regular,
T2510002491,R001,0,2025-10-10,WKDY_AUT25,SCH000004,V0024,,2025-10-10 18:30:00,2025-10-10 19:55:00,2025-10-10 18:30:00,2025-10-10 20:17:57,completed,regular,
T2510002492,R001,1,2025-10-10,WKDY_AUT25,SCH000009,V0022,,2025-10-10 18:31:00,2025-10-10 19:56:00,2025-10-10 18:31:00,2025-10-10 20:10:38,completed,regular,
T2510002493,R004,1,2025-10-10,WKDY_AUT25,SCH000039,V0045,,2025-10-10 18:32:00,2025-10-10 19:03:42,2025-10-10 18:32:07,2025-10-10 19:03:19,completed,regular,
T2510002494,R003,0,2025-10-10,WKDY_AUT25,SCH000024,V0040,,2025-10-10 18:34:00,2025-10-10 19:26:54,,,cancelled,regular,driver_shortage
T2510002495,R006,0,2025-10-10,WKDY_AUT25,SCH000054,V0054,,2025-10-10 18:35:00,2025-10-10 19:24:48,2025-10-10 18:35:00,2025-10-10 19:20:36,completed,regular,
T2510002496,,1,2025-10-10,WKDY_AUT25,SCH000019,V0033,,2025-10-10 18:38:00,2025-10-10 19:51:18,2025-10-10 18:40:59,2025-10-10 20:06:16,completed,regular,
T2510002497,R005,1,2025-10-10,WKDY_AUT25,SCH000049,V0049,,2025-10-10 18:39:00,2025-10-10 19:29:48,2025-10-10 18:47:16,2025-10-10 19:55:50,completed,regular,
T2510002498,R001,0,2025-10-10,WKDY_AUT25,SCH000004,V0002,,2025-10-10 18:40:00,2025-10-10 20:05:00,,,cancelled,regular,driver_shortage
T2510002499,R001,1,2025-10-10,WKDY_AUT25,SCH000009,V0002,,2025-10-10 18:41:00,2025-10-10 20:06:00,2025-10-10 18:41:22,2025-10-10 20:27:49,completed,regular,
T2510002500,R003,1,2025-10-10,WKDY_AUT25,SCH000029,V0040,,2025-10-10 18:45:00,2025-10-10 19:37:54,2025-10-10 18:50:03,2025-10-10 19:47:30,completed,regular,
T2510002501,R006,1,2025-10-10,WKDY_AUT25,SCH000059,V0056,,2025-10-10 18:46:00,2025-10-10 19:35:48,2025-10-10 18:46:00,2025-10-10 19:39:19,completed,regular,
T2510002502,R002,0,2025-10-10,WKDY_AUT25,SCH000014,V0031,,2025-10-10 18:47:00,2025-10-10 20:00:18,2025-10-10 18:47:00,2025-10-10 20:07:50,completed,regular,
T2510002503,R001,0,2025-10-10,WKDY_AUT25,SCH000004,V0005,,2025-10-10 18:50:00,2025-10-10 20:15:00,2025-10-10 18:50:00,2025-10-10 20:29:25,completed,regular,
T2510002504,R001,1,2025-10-10,WKDY_AUT25,SCH000009,V0001,,2025-10-10 18:51:00,2025-10-10 20:16:00,2025-10-10 18:51:39,2025-10-10 20:23:35,completed,regular,
T2510002505,R004,0,2025-10-10,WKDY_AUT25,SCH000034,V0046,,2025-10-10 18:51:00,2025-10-10 19:22:42,,,cancelled,regular,driver_shortage
T2510002506,R003,0,2025-10-10,WKDY_AUT25,SCH000024,V0042,,2025-10-10 18:54:00,2025-10-10 19:46:54,2025-10-10 18:54:29,2025-10-10 20:00:37,completed,regular,
T2510002507,R007,0,2025-10-10,WKDY_AUT25,SCH000064,V0060,,2025-10-10 18:57:00,2025-10-10 19:22:54,2025-10-10 18:58:08,2025-10-10 19:26:43,completed,regular,
T2510002508,R002,1,2025-10-10,WKDY_AUT25,SCH000019,V0032,,2025-10-10 18:58:00,2025-10-10 20:11:18,2025-10-10 18:58:28,2025-10-10 20:21:51,completed,regular,
T2510002509,R005,0,2025-10-10,WKDY_AUT25,SCH000044,V0050,,2025-10-10 18:58:00,2025-10-10 19:48:48,2025-10-10 18:58:00,2025-10-10 19:56:03,completed,regular,
T2510002510,R001,0,2025-10-10,WKDY_AUT25,SCH000004,V0006,,2025-10-10 19:00:00,2025-10-10 20:25:00,2025-10-10 19:01:10,2025-10-10 20:34:55,completed,regular,
T2510002511,R008,1,2025-10-10,WKDY_AUT25,SCH000079,V0064,,2025-10-10 19:00:00,2025-10-10 19:16:42,2025-10-10 19:00:00,2025-10-10 19:15:05,completed,regular,
T2510002512,R001,1,2025-10-10,WKDY_AUT25,SCH000009,V0004,,2025-10-10 19:01:00,2025-10-10 20:26:00,,,cancelled,regular,driver_shortage
T2510002513,R004,1,2025-10-10,WKDY_AUT25,SCH000039,V0046,,2025-10-10 19:02:00,2025-10-10 19:33:42,2025-10-10 19:03:12,2025-10-10 19:35:24,completed,regular,
T2510002514,R008,0,2025-10-10,WKDY_AUT25,SCH000074,V0063,,2025-10-10 19:04:00,2025-10-10 19:20:42,2025-10-10 19:05:08,2025-10-10 19:22:48,completed,regular,
T2510002515,R003,1,2025-10-10,WKDY_AUT25,SCH000029,V0043,,2025-10-10 19:05:00,2025-10-10 19:57:54,2025-10-10 19:05:44,2025-10-10 20:09:02,completed,regular,
T2510002516,R006,0,2025-10-10,WKDY_AUT25,SCH000054,V0055,,2025-10-10 19:05:00,2025-10-10 19:54:48,2025-10-10 19:05:00,2025-10-10 19:56:42,completed,regular,
T2510002517,R002,0,2025-10-10,WKDY_AUT25,SCH000014,V0035,,2025-10-10 19:07:00,2025-10-10 20:20:18,,,cancelled,regular,driver_shortage
T2510002518,R007,1,2025-10-10,WKDY_AUT25,SCH000069,V0059,,2025-10-10 19:08:00,2025-10-10 19:33:54,2025-10-10 19:08:57,2025-10-10 19:36:09,completed,regular,
T2510002519,R005,1,2025-10-10,WKDY_AUT25,SCH000049,V0051,,2025-10-10 19:09:00,2025-10-10 19:59:48,2025-10-10 19:13:02,2025-10-10 20:14:02,completed,regular,
T2510002520,R001,0,2025-10-10,WKDY_AUT25,SCH000004,V0004,,2025-10-10 19:10:00,2025-10-10 20:35:00,2025-10-10 19:10:56,2025-10-10 20:47:11,completed,regular,
T2510002521,R001,1,2025-10-10,WKDY_AUT25,SCH000009,V0003,,2025-10-10 19:11:00,2025-10-10 20:36:00,2025-10-10 19:11:11,2025-10-10 20:55:14,completed,regular,
T2510002522,R003,0,2025-10-10,WKDY_AUT25,SCH000024,V0044,,2025-10-10 19:14:00,2025-10-10 20:06:54,2025-10-10 19:15:21,2025-10-10 20:20:29,completed,regular,
T2510002523,R006,1,2025-10-10,WKDY_AUT25,SCH000059,V0057,,2025-10-10 19:16:00,2025-10-10 20:05:48,2025-10-10 19:18:35,2025-10-10 20:10:44,completed,regular,
T2510002524,R002,1,2025-10-10,WKDY_AUT25,SCH000019,,,2025-10-10 19:18:00,2025-10-10 20:31:18,2025-10-10 19:18:00,2025-10-10 20:35:46,completed,regular,
T2510002525,R001,0,2025-10-10,WKDY_AUT25,SCH000004,V0007,,2025-10-10 19:20:00,2025-10-10 20:45:00,2025-10-10 19:21:22,2025-10-10 20:58:26,completed,regular,
T2510002526,R001,1,2025-10-10,WKDY_AUT25,SCH000009,V0013,,2025-10-10 19:21:00,2025-10-10 20:46:00,2025-10-10 19:21:00,2025-10-10 20:58:23,completed,regular,
T2510002527,R004,0,2025-10-10,WKDY_AUT25,SCH000034,V0047,,2025-10-10 19:21:00,2025-10-10 19:52:42,2025-10-10 19:21:00,2025-10-10 19:57:05,completed,regular,
T2510002527,R004,0,2025-10-10,WKDY_AUT25,SCH000034,V0047,,2025-10-10 19:21:00,2025-10-10 19:52:42,2025-10-10 19:21:00,2025-10-10 19:57:05,completed,regular,
T2510002528,R003,1,2025-10-10,WKDY_AUT25,SCH000029,V0036,,2025-10-10 19:25:00,2025-10-10 20:17:54,2025-10-10 19:25:00,2025-10-10 20:29:44,completed,regular,
T2510002529,R002,0,2025-10-10,WKDY_AUT25,SCH000014,V0034,,2025-10-10 19:27:00,2025-10-10 20:40:18,2025-10-10 19:28:02,2025-10-10 20:57:42,completed,regular,
T2510002530,R005,0,2025-10-10,WKDY_AUT25,SCH000044,V0052,,2025-10-10 19:28:00,2025-10-10 20:18:48,2025-10-10 19:40:20,2025-10-10 20:51:13,completed,regular,
T2510002531,R001,0,2025-10-10,WKDY_AUT25,SCH000005,V0011,,2025-10-10 19:30:00,2025-10-10 20:37:18,2025-10-10 19:30:00,2025-10-10 20:30:56,completed,regular,
T2510002532,R008,1,2025-10-10,WKDY_AUT25,SCH000080,V0062,,2025-10-10 19:30:00,2025-10-10 19:43:06,2025-10-10 19:30:00,2025-10-10 19:41:12,completed,regular,
T2510002533,R002,0,2025-10-10,WKDY_AUT25,SCH000015,V0025,,2025-10-10 19:37:00,2025-10-10 20:29:06,2025-10-10 19:40:39,2025-10-10 20:28:59,completed,regular,
T2510002534,R001,1,2025-10-10,WKDY_AUT25,SCH000010,V0010,,2025-10-10 19:41:00,2025-10-10 20:48:18,2025-10-10 19:41:27,2025-10-10 20:56:51,completed,regular,
T2510002535,R003,0,2025-10-10,WKDY_AUT25,SCH000025,V0037,,2025-10-10 19:44:00,2025-10-10 20:21:36,2025-10-10 19:44:40,2025-10-10 20:22:57,completed,regular,
T2510002536,R002,1,2025-10-10,WKDY_AUT25,SCH000020,V0027,,2025-10-10 19:48:00,2025-10-10 20:40:06,2025-10-10 19:49:41,2025-10-10 20:39:20,completed,regular,
T2510002537,R001,0,2025-10-10,WKDY_AUT25,SCH000005,V0009,,2025-10-10 19:50:00,2025-10-10 20:57:18,,,cancelled,regular,driver_shortage
T2510002538,R004,0,2025-10-10,WKDY_AUT25,SCH000035,V0048,,2025-10-10 19:51:00,2025-10-10 20:14:18,2025-10-10 19:52:11,2025-10-10 20:11:17,completed,regular,
T2510002539,R003,1,2025-10-10,WKDY_AUT25,SCH000030,V0038,,2025-10-10 19:55:00,2025-10-10 20:32:36,2025-10-10 19:56:05,2025-10-10 20:39:36,completed,regular,
T2510002540,R005,0,2025-10-10,WKDY_AUT25,SCH000045,V0053,,2025-10-10 19:58:00,2025-10-10 20:35:24,2025-10-10 20:01:57,2025-10-10 20:39:45,completed,regular,
T2510002541,R001,1,2025-10-10,WKDY_AUT25,SCH000010,V0009,,2025-10-10 20:01:00,2025-10-10 21:08:18,2025-10-10 20:02:27,2025-10-10 21:12:59,completed,regular,
T2510002542,R004,1,2025-10-10,WKDY_AUT25,SCH000040,V0045,,2025-10-10 20:02:00,2025-10-10 20:25:18,2025-10-10 20:02:00,2025-10-10 20:23:53,completed,regular,
T2510002543,R006,0,2025-10-10,WKDY_AUT25,SCH000055,V0058,,2025-10-10 20:05:00,2025-10-10 20:41:42,2025-10-10 20:06:23,2025-10-10 20:42:11,completed,regular,
T2510002544,R005,1,2025-10-10,WKDY_AUT25,SCH000050,V0049,,2025-10-10 20:09:00,2025-10-10 20:46:24,2025-10-10 20:14:57,2025-10-10 21:00:19,completed,regular,
T2510002545,R001,0,2025-10-10,WKDY_AUT25,SCH000005,V0008,,2025-10-10 20:10:00,2025-10-10 21:17:18,2025-10-10 20:10:00,2025-10-10 21:33:39,completed,regular,
T2510002546,R007,0,2025-10-10,WKDY_AUT25,SCH000065,V0061,,2025-10-10 20:12:00,2025-10-10 20:32:18,2025-10-10 20:13:19,2025-10-10 20:32:55,completed,regular,
T2510002547,R006,1,2025-10-10,WKDY_AUT25,SCH000060,V0054,,2025-10-10 20:16:00,2025-10-10 20:52:42,2025-10-10 20:16:00,2025-10-10 20:52:07,completed,regular,
T2510002548,R008,0,2025-10-10,WKDY_AUT25,SCH000075,V0064,,2025-10-10 20:19:00,2025-10-10 20:32:06,2025-10-10 20:20:27,2025-10-10 20:31:11,completed,regular,
T2510002549,R001,1,2025-10-10,WKDY_AUT25,SCH000010,V0012,,2025-10-10 20:21:00,2025-10-10 21:28:18,2025-10-10 20:21:35,2025-10-10 21:33:40,completed,regular,
T2510002550,R002,0,2025-10-10,WKDY_AUT25,SCH000015,V0026,,2025-10-10 20:22:00,2025-10-10 21:14:06,,,cancelled,regular,driver_shortage
T2510002551,R007,1,2025-10-10,WKDY_AUT25,SCH000070,V0060,,2025-10-10 20:23:00,2025-10-10 20:43:18,2025-10-10 20:25:03,2025-10-10 20:44:29,completed,regular,
T2510002552,R003,0,2025-10-10,WKDY_AUT25,SCH000025,V0039,,2025-10-10 20:29:00,2025-10-10 21:06:36,2025-10-10 20:29:02,2025-10-10 21:11:44,completed,regular,
T2510002553,R001,0,2025-10-10,WKDY_AUT25,SCH000005,V0018,,2025-10-10 20:30:00,2025-10-10 21:37:18,2025-10-10 20:30:46,2025-10-10 21:45:07,completed,regular,
T2510002554,R002,1,2025-10-10,WKDY_AUT25,SCH000020,V0026,,2025-10-10 20:33:00,2025-10-10 21:25:06,2025-10-10 20:34:20,2025-10-10 21:29:05,completed,regular,
T2510002555,R003,1,2025-10-10,WKDY_AUT25,SCH000030,V0041,,2025-10-10 20:40:00,2025-10-10 21:17:36,2025-10-10 20:40:13,2025-10-10 21:19:09,completed,regular,
T2510002556,R001,1,2025-10-10,WKDY_AUT25,SCH000010,V0019,,2025-10-10 20:41:00,2025-10-10 21:48:18,2025-10-10 20:42:43,2025-10-10 21:47:31,completed,regular,
T2510002557,R001,0,2025-10-10,WKDY_AUT25,SCH000005,V0015,,2025-10-10 20:50:00,2025-10-10 21:57:18,2025-10-10 20:52:54,2025-10-10 22:09:15,completed,regular,
T2510002558,R004,0,2025-10-10,WKDY_AUT25,SCH000035,V0046,,2025-10-10 20:51:00,2025-10-10 21:14:18,2025-10-10 20:51:07,2025-10-10 21:13:24,completed,regular,
T2510002559,R005,0,2025-10-10,WKDY_AUT25,SCH000045,V0050,,2025-10-10 20:58:00,2025-10-10 21:35:24,2025-10-10 21:00:03,2025-10-10 21:38:53,completed,regular,
T2510002560,R008,1,2025-10-10,WKDY_AUT25,SCH000080,V0063,,2025-10-10 21:00:00,2025-10-10 21:13:06,2025-10-10 21:00:51,2025-10-10 21:14:45,completed,regular,
T2510002561,R001,1,2025-10-10,WKDY_AUT25,SCH000010,V0017,,2025-10-10 21:01:00,2025-10-10 22:08:18,2025-10-10 21:01:00,2025-10-10 22:03:14,completed,regular,
T2510002562,R004,1,2025-10-10,WKDY_AUT25,SCH000040,V0047,,2025-10-10 21:02:00,2025-10-10 21:25:18,2025-10-10 21:02:00,2025-10-10 21:23:33,completed,regular,
T2510002563,R006,0,2025-10-10,WKDY_AUT25,SCH000055,V0056,,2025-10-10 21:05:00,2025-10-10 21:41:42,2025-10-10 21:09:29,2025-10-10 21:47:09,completed,regular,
T2510002564,R002,0,2025-10-10,WKDY_AUT25,SCH000015,V0028,,2025-10-10 21:07:00,2025-10-10 21:59:06,2025-10-10 21:07:43,2025-10-10 22:07:13,completed,regular,
T2510002565,R005,1,2025-10-10,WKDY_AUT25,SCH000050,V0051,,2025-10-10 21:09:00,2025-10-10 21:46:24,2025-10-10 21:09:00,2025-10-10 21:54:35,completed,regular,
T2510002566,R001,0,2025-10-10,WKDY_AUT25,SCH000005,V0020,,2025-10-10 21:10:00,2025-10-10 22:17:18,2025-10-10 21:15:47,2025-10-10 22:40:27,completed,regular,
T2510002567,R003,0,2025-10-10,WKDY_AUT25,SCH000025,V0040,,2025-10-10 21:14:00,2025-10-10 21:51:36,2025-10-10 21:15:00,2025-10-10 21:56:29,completed,regular,
T2510002568,R006,1,2025-10-10,WKDY_AUT25,SCH000060,V0055,,2025-10-10 21:16:00,2025-10-10 21:52:42,2025-10-10 21:20:38,2025-10-10 21:53:56,completed,regular,
T2510002569,R002,1,2025-10-10,WKDY_AUT25,SCH000020,V0030,,2025-10-10 21:18:00,2025-10-10 22:10:06,2025-10-10 21:23:09,2025-10-10 22:20:34,completed,regular,
T2510002570,R001,1,2025-10-10,WKDY_AUT25,SCH000010,V0014,,2025-10-10 21:21:00,2025-10-10 22:28:18,2025-10-10 21:21:00,2025-10-10 22:26:56,completed,regular,
T2510002571,R003,1,2025-10-10,WKDY_AUT25,SCH000030,V0042,,2025-10-10 21:25:00,2025-10-10 22:02:36,2025-10-10 21:26:15,2025-10-10 22:13:52,completed,regular,
T2510002572,R001,0,2025-10-10,WKDY_AUT25,SCH000005,V0016,,2025-10-10 21:30:00,2025-10-10 22:37:18,,,cancelled,regular,driver_shortage
T2510002573,R001,1,2025-10-10,WKDY_AUT25,SCH000010,V0016,,2025-10-10 21:41:00,2025-10-10 22:48:18,2025-10-10 21:41:52,2025-10-10 22:49:22,completed,regular,
T2510002574,R007,0,2025-10-10,WKDY_AUT25,SCH000065,V0059,,2025-10-10 21:42:00,2025-10-10 22:02:18,2025-10-10 21:42:00,2025-10-10 22:00:58,completed,regular,
T2510002575,R008,0,2025-10-10,WKDY_AUT25,SCH000075,V0062,,2025-10-10 21:49:00,2025-10-10 22:02:06,2025-10-10 21:50:36,2025-10-10 22:01:43,completed,regular,
T2510002576,R001,0,2025-10-10,WKDY_AUT25,SCH000005,V0023,,2025-10-10 21:50:00,2025-10-10 22:57:18,2025-10-10 21:50:22,2025-10-10 23:05:36,completed,regular,
T2510002577,R004,0,2025-10-10,WKDY_AUT25,SCH000035,V0048,,2025-10-10 21:51:00,2025-10-10 22:14:18,2025-10-10 21:52:06,2025-10-10 22:14:32,completed,regular,
T2510002578,R002,0,2025-10-10,WKDY_AUT25,SCH000015,V0029,,2025-10-10 21:52:00,2025-10-10 22:44:06,,,cancelled,regular,driver_shortage
T2510002579,R007,1,2025-10-10,WKDY_AUT25,SCH000070,V0061,,2025-10-10 21:53:00,2025-10-10 22:13:18,2025-10-10 21:55:24,2025-10-10 22:14:49,completed,regular,
T2510002580,R005,0,2025-10-10,WKDY_AUT25,SCH000045,V0053,,2025-10-10 21:58:00,2025-10-10 22:35:24,2025-10-10 21:58:23,2025-10-10 22:45:44,completed,regular,
T2510002581,R003,0,2025-10-10,WKDY_AUT25,SCH000025,V0043,,2025-10-10 21:59:00,2025-10-10 22:36:36,2025-10-10 22:00:19,2025-10-10 22:38:32,completed,regular,
T2510002582,,1,2025-10-10,WKDY_AUT25,SCH000010,V0021,,2025-10-10 22:01:00,2025-10-10 23:08:18,2025-10-10 22:03:49,2025-10-10 23:09:46,completed,regular,
T2510002583,R004,1,2025-10-10,WKDY_AUT25,SCH000040,V0045,,2025-10-10 22:02:00,2025-10-10 22:25:18,2025-10-10 22:05:01,2025-10-10 22:25:02,completed,regular,
T2510002584,R002,1,2025-10-10,WKDY_AUT25,SCH000020,V0029,,2025-10-10 22:03:00,2025-10-10 22:55:06,2025-10-10 22:06:00,2025-10-10 22:58:22,completed,regular,
T2510002585,R006,0,2025-10-10,WKDY_AUT25,SCH000055,V0057,,2025-10-10 22:05:00,2025-10-10 22:41:42,2025-10-10 22:09:38,2025-10-10 22:45:24,completed,regular,
T2510002586,R005,1,2025-10-10,WKDY_AUT25,SCH000050,V0052,,2025-10-10 22:09:00,2025-10-10 22:46:24,2025-10-10 22:09:00,2025-10-10 22:51:58,completed,regular,
T2510002587,R001,0,2025-10-10,WKDY_AUT25,SCH000005,V0022,,2025-10-10 22:10:00,2025-10-10 23:17:18,2025-10-10 22:11:30,2025-10-10 23:27:46,completed,regular,
T2510002588,R003,1,2025-10-10,WKDY_AUT25,SCH000030,V0044,,2025-10-10 22:10:00,2025-10-10 22:47:36,2025-10-10 22:12:03,2025-10-10 22:54:49,completed,regular,
T2510002589,R006,1,2025-10-10,WKDY_AUT25,SCH000060,V0058,,2025-10-10 22:16:00,2025-10-10 22:52:42,2025-10-10 22:16:00,2025-10-10 22:46:06,completed,regular,
T2510002590,R001,1,2025-10-10,WKDY_AUT25,SCH000010,V0024,,2025-10-10 22:21:00,2025-10-10 23:28:18,2025-10-10 22:21:00,2025-10-10 23:32:05,completed,regular,
T2510002591,R001,0,2025-10-11,SAT_AUT25,SCH000081,V0001,,2025-10-11 05:30:00,2025-10-11 06:26:30,2025-10-11 05:30:30,2025-10-11 06:25:53,completed,regular,
T2510002592,R008,1,2025-10-11,SAT_AUT25,SCH000156,V0062,,2025-10-11 05:30:00,2025-10-11 05:40:54,2025-10-11 05:34:45,2025-10-11 05:46:09,completed,regular,
T2510002593,R002,0,2025-10-11,SAT_AUT25,SCH000091,V0025,,2025-10-11 05:37:00,2025-10-11 06:17:54,2025-10-11 05:37:00,2025-10-11 06:15:54,completed,regular,
T2510002594,R001,1,2025-10-11,SAT_AUT25,SCH000086,V0002,,2025-10-11 05:41:00,2025-10-11 06:37:30,2025-10-11 05:41:00,2025-10-11 06:31:39,completed,regular,
T2510002595,R003,0,2025-10-11,SAT_AUT25,SCH000101,V0036,,2025-10-11 05:44:00,2025-10-11 06:13:30,2025-10-11 05:44:00,2025-10-11 06:18:30,completed,regular,
T2510002596,R002,1,2025-10-11,SAT_AUT25,SCH000096,V0026,,2025-10-11 05:48:00,2025-10-11 06:28:54,2025-10-11 05:49:24,2025-10-11 06:28:34,completed,regular,
T2510002597,R001,0,2025-10-11,SAT_AUT25,SCH000081,V0003,,2025-10-11 05:49:00,2025-10-11 06:45:30,2025-10-11 05:49:18,2025-10-11 06:40:32,completed,regular,
T2510002598,R004,0,2025-10-11,SAT_AUT25,SCH000111,V0045,,2025-10-11 05:51:00,2025-10-11 06:10:12,2025-10-11 05:51:29,2025-10-11 06:07:40,completed,regular,
T2510002599,R003,1,2025-10-11,SAT_AUT25,SCH000106,V0037,,2025-10-11 05:55:00,2025-10-11 06:24:30,2025-10-11 05:55:56,2025-10-11 06:33:45,completed,regular,
T2510002600,R005,0,2025-10-11,SAT_AUT25,SCH000121,V0049,,2025-10-11 05:58:00,2025-10-11 06:28:48,2025-10-11 06:03:25,2025-10-11 06:37:41,completed,regular,
T2510002601,R001,1,2025-10-11,SAT_AUT25,SCH000086,V0004,,2025-10-11 06:00:00,2025-10-11 06:56:30,2025-10-11 06:00:46,2025-10-11 06:58:34,completed,regular,
T2510002602,R004,1,2025-10-11,SAT_AUT25,SCH000116,V0046,,2025-10-11 06:02:00,2025-10-11 06:21:12,2025-10-11 06:02:01,2025-10-11 06:20:02,completed,regular,
T2510002603,R006,0,2025-10-11,SAT_AUT25,SCH000131,,,2025-10-11 06:05:00,2025-10-11 06:35:12,2025-10-11 06:05:00,2025-10-11 06:30:36,completed,regular,
T2510002604,R001,0,2025-10-11,SAT_AUT25,SCH000081,V0005,,2025-10-11 06:08:00,2025-10-11 07:04:30,2025-10-11 06:08:15,2025-10-11 07:04:16,completed,regular,
T2510002605,R005,1,2025-10-11,SAT_AUT25,SCH000126,V0050,,2025-10-11 06:09:00,2025-10-11 06:39:48,2025-10-11 06:09:00,2025-10-11 06:44:00,completed,regular,
T2510002606,R007,0,2025-10-11,SAT_AUT25,SCH000141,V0059,,2025-10-11 06:12:00,2025-10-11 06:28:54,2025-10-11 06:12:00,2025-10-11 06:27:56,completed,regular,
T2510002606,R007,0,2025-10-11,SAT_AUT25,SCH000141,V0059,,2025-10-11 06:12:00,2025-10-11 06:28:54,2025-10-11 06:12:00,2025-10-11 06:27:56,completed,regular,
T2510002607,R002,0,2025-10-11,SAT_AUT25,SCH000091,V0027,,2025-10-11 06:15:00,2025-10-11 06:55:54,2025-10-11 06:15:21,2025-10-11 06:56:41,completed,regular,
T2510002608,R006,1,2025-10-11,SAT_AUT25,SCH000136,V0055,,2025-10-11 06:16:00,2025-10-11 06:46:12,,,cancelled,regular,driver_shortage
T2510002609,R001,1,2025-10-11,SAT_AUT25,SCH000086,V0006,,2025-10-11 06:19:00,2025-10-11 07:15:30,2025-10-11 06:19:00,2025-10-11 07:12:26,completed,regular,
T2510002610,R008,0,2025-10-11,SAT_AUT25,SCH000151,V0063,,2025-10-11 06:19:00,2025-10-11 06:29:54,2025-10-11 06:19:58,2025-10-11 06:28:54,completed,regular,
T2510002611,R003,0,2025-10-11,SAT_AUT25,SCH000101,V0038,,2025-10-11 06:22:00,2025-10-11 06:51:30,,,cancelled,regular,driver_shortage
T2510002612,R007,1,2025-10-11,SAT_AUT25,SCH000146,V0060,,2025-10-11 06:23:00,2025-10-11 06:39:54,2025-10-11 06:23:44,2025-10-11 06:38:26,completed,regular,
T2510002613,R002,1,2025-10-11,SAT_AUT25,SCH000096,V0028,,2025-10-11 06:26:00,2025-10-11 07:06:54,,,cancelled,regular,driver_shortage
T2510002614,R001,0,2025-10-11,SAT_AUT25,SCH000081,V0007,,2025-10-11 06:27:00,2025-10-11 07:23:30,2025-10-11 06:27:05,2025-10-11 07:27:00,completed,regular,
T2510002615,R003,1,2025-10-11,SAT_AUT25,SCH000106,V0038,,2025-10-11 06:33:00,2025-10-11 07:02:30,2025-10-11 06:33:38,2025-10-11 07:07:28,completed,regular,
T2510002616,R001,1,2025-10-11,SAT_AUT25,SCH000086,V0008,,2025-10-11 06:38:00,2025-10-11 07:34:30,2025-10-11 06:38:00,2025-10-11 07:34:52,completed,regular,
T2510002617,R008,1,2025-10-11,SAT_AUT25,SCH000156,V0064,,2025-10-11 06:45:00,2025-10-11 06:55:54,2025-10-11 06:45:10,2025-10-11 06:54:06,completed,regular,
T2510002618,R001,0,2025-10-11,SAT_AUT25,SCH000081,V0009,,2025-10-11 06:46:00,2025-10-11 07:42:30,2025-10-11 06:46:00,2025-10-11 07:41:09,completed,regular,
T2510002619,R004,0,2025-10-11,SAT_AUT25,SCH000111,V0047,,2025-10-11 06:47:00,2025-10-11 07:06:12,2025-10-11 06:47:57,2025-10-11 07:05:31,completed,regular,
T2510002620,R002,0,2025-10-11,SAT_AUT25,SCH000091,V0028,,2025-10-11 06:53:00,2025-10-11 07:33:54,2025-10-11 06:53:03,2025-10-11 07:33:31,completed,regular,
T2510002621,R005,0,2025-10-11,SAT_AUT25,SCH000121,V0051,,2025-10-11 06:54:00,2025-10-11 07:24:48,2025-10-11 06:54:20,2025-10-11 07:32:31,completed,regular,
T2510002622,R001,1,2025-10-11,SAT_AUT25,SCH000086,V0010,,2025-10-11 06:57:00,2025-10-11 07:53:30,2025-10-11 07:00:56,2025-10-11 07:53:14,completed,regular,
T2510002623,R004,1,2025-10-11,SAT_AUT25,SCH000116,V0048,,2025-10-11 06:58:00,2025-10-11 07:17:12,2025-10-11 06:59:18,2025-10-11 07:15:55,completed,regular,
T2510002624,R001,0,2025-10-11,SAT_AUT25,SCH000082,V0011,,2025-10-11 07:00:00,2025-10-11 08:13:24,2025-10-11 07:00:00,2025-10-11 08:19:27,completed,regular,
T2510002625,R003,1,2025-10-11,SAT_AUT25,SCH000107,V0039,,2025-10-11 07:00:00,2025-10-11 07:46:24,2025-10-11 07:00:00,2025-10-11 07:53:02,completed,regular,
T2510002626,R008,1,2025-10-11,SAT_AUT25,SCH000157,V0062,,2025-10-11 07:00:00,2025-10-11 07:14:42,2025-10-11 07:00:00,2025-10-11 07:12:03,completed,regular,
T2510002627,R005,1,2025-10-11,SAT_AUT25,SCH000127,V0052,,2025-10-11 07:01:00,2025-10-11 07:45:36,2025-10-11 07:02:14,2025-10-11 07:56:37,completed,regular,
T2510002628,R002,0,2025-10-11,SAT_AUT25,SCH000092,V0029,,2025-10-11 07:07:00,2025-10-11 08:11:18,2025-10-11 07:07:45,2025-10-11 08:15:36,completed,regular,
T2510002629,R006,1,2025-10-11,SAT_AUT25,SCH000137,V0055,,2025-10-11 07:08:00,2025-10-11 07:51:42,2025-10-11 07:09:15,2025-10-11 07:51:52,completed,regular,
T2510002630,R001,1,2025-10-11,SAT_AUT25,SCH000087,V0012,,2025-10-11 07:11:00,2025-10-11 08:24:24,2025-10-11 07:11:00,2025-10-11 08:22:42,completed,regular,
T2510002631,R001,0,2025-10-11,SAT_AUT25,SCH000082,V0013,,2025-10-11 07:12:00,2025-10-11 08:25:24,2025-10-11 07:12:59,2025-10-11 08:31:04,completed,regular,
T2510002632,,0,2025-10-11,SAT_AUT25,SCH000102,V0040,,2025-10-11 07:14:00,2025-10-11 08:00:24,2025-10-11 07:15:20,2025-10-11 08:21:28,completed,regular,
T2510002633,R002,1,2025-10-11,SAT_AUT25,SCH000097,V0030,,2025-10-11 07:18:00,2025-10-11 08:22:18,2025-10-11 07:18:28,2025-10-11 08:37:41,completed,regular,
T2510002634,R004,0,2025-10-11,SAT_AUT25,SCH000112,V0045,,2025-10-11 07:21:00,2025-10-11 07:48:48,2025-10-11 07:21:21,2025-10-11 07:44:49,completed,regular,
T2510002635,R001,1,2025-10-11,SAT_AUT25,SCH000087,V0014,,2025-10-11 07:23:00,2025-10-11 08:36:24,2025-10-11 07:24:08,2025-10-11 08:41:28,completed,regular,
T2510002636,R001,0,2025-10-11,SAT_AUT25,SCH000082,V0015,,2025-10-11 07:24:00,2025-10-11 08:37:24,2025-10-11 07:26:12,2025-10-11 08:45:05,completed,regular,
T2510002637,,1,2025-10-11,SAT_AUT25,SCH000107,V0041,,2025-10-11 07:25:00,2025-10-11 08:11:24,2025-10-11 07:25:26,2025-10-11 08:11:32,completed,regular,
T2510002638,R005,0,2025-10-11,SAT_AUT25,SCH000122,V0053,,2025-10-11 07:28:00,2025-10-11 08:12:36,2025-10-11 07:28:29,2025-10-11 08:16:39,completed,regular,
T2510002639,R002,0,2025-10-11,SAT_AUT25,SCH000092,V0031,,2025-10-11 07:32:00,2025-10-11 08:36:18,2025-10-11 07:34:15,2025-10-11 08:31:17,completed,regular,
T2510002640,R004,1,2025-10-11,SAT_AUT25,SCH000117,V0046,,2025-10-11 07:32:00,2025-10-11 07:59:48,2025-10-11 07:32:00,2025-10-11 07:58:14,completed,regular,
T2510002641,R001,1,2025-10-11,SAT_AUT25,SCH000087,V0016,,2025-10-11 07:35:00,2025-10-11 08:48:24,2025-10-11 07:35:19,2025-10-11 08:52:37,completed,regular,
T2510002642,R006,0,2025-10-11,SAT_AUT25,SCH000132,V0056,,2025-10-11 07:35:00,2025-10-11 08:18:42,2025-10-11 07:35:00,2025-10-11 08:24:29,completed,regular,
T2510002643,R001,0,2025-10-11,SAT_AUT25,SCH000082,V0017,,2025-10-11 07:36:00,2025-10-11 08:49:24,2025-10-11 07:37:07,2025-10-11 08:45:08,completed,regular,
T2510002644,R003,0,2025-10-11,SAT_AUT25,SCH000102,V0042,,2025-10-11 07:39:00,2025-10-11 08:25:24,2025-10-11 07:39:41,2025-10-11 08:34:21,completed,regular,
T2510002645,R005,1,2025-10-11,SAT_AUT25,SCH000127,V0049,,2025-10-11 07:39:00,2025-10-11 08:23:36,2025-10-11 07:39:00,2025-10-11 08:34:38,completed,regular,
T2510002646,R007,0,2025-10-11,SAT_AUT25,SCH000142,V0061,,2025-10-11 07:42:00,2025-10-11 08:04:48,2025-10-11 07:42:28,2025-10-11 08:07:10,completed,regular,
T2510002647,R002,1,2025-10-11,SAT_AUT25,SCH000097,V0032,,2025-10-11 07:43:00,2025-10-11 08:47:18,2025-10-11 07:44:28,2025-10-11 08:47:53,completed,regular,
T2510002648,R006,1,2025-10-11,SAT_AUT25,SCH000137,V0057,,2025-10-11 07:46:00,2025-10-11 08:29:42,,,cancelled,regular,driver_shortage
T2510002649,R001,1,2025-10-11,SAT_AUT25,SCH000087,V0018,,2025-10-11 07:47:00,2025-10-11 09:00:24,2025-10-11 07:48:05,2025-10-11 09:09:44,completed,regular,
T2510002650,R001,0,2025-10-11,SAT_AUT25,SCH000082,V0019,,2025-10-11 07:48:00,2025-10-11 09:01:24,2025-10-11 07:49:24,2025-10-11 09:07:38,completed,regular,
T2510002651,R008,0,2025-10-11,SAT_AUT25,SCH000152,V0063,,2025-10-11 07:49:00,2025-10-11 08:03:42,2025-10-11 07:51:57,2025-10-11 08:06:46,completed,regular,
T2510002652,R003,1,2025-10-11,SAT_AUT25,SCH000107,V0043,,2025-10-11 07:50:00,2025-10-11 08:36:24,2025-10-11 07:50:42,2025-10-11 08:40:45,completed,regular,
T2510002653,R007,1,2025-10-11,SAT_AUT25,SCH000147,V0059,,2025-10-11 07:53:00,2025-10-11 08:15:48,2025-10-11 07:57:05,2025-10-11 08:20:00,completed,regular,
T2510002654,R008,1,2025-10-11,SAT_AUT25,SCH000157,V0064,,2025-10-11 07:56:00,2025-10-11 08:10:42,2025-10-11 07:58:18,2025-10-11 08:12:27,completed,regular,
T2510002655,R002,0,2025-10-11,SAT_AUT25,SCH000092,V0033,,2025-10-11 07:57:00,2025-10-11 09:01:18,,,cancelled,regular,driver_shortage
T2510002656,R001,1,2025-10-11,SAT_AUT25,SCH000087,V0020,,2025-10-11 07:59:00,2025-10-11 09:12:24,,,cancelled,regular,driver_shortage
T2510002657,R004,0,2025-10-11,SAT_AUT25,SCH000112,V0047,,2025-10-11 07:59:00,2025-10-11 08:26:48,2025-10-11 07:59:00,2025-10-11 08:26:29,completed,regular,
T2510002658,R001,0,2025-10-11,SAT_AUT25,SCH000082,V0020,,2025-10-11 08:00:00,2025-10-11 09:13:24,2025-10-11 08:00:04,2025-10-11 09:08:35,completed,regular,
T2510002659,R003,0,2025-10-11,SAT_AUT25,SCH000102,V0044,,2025-10-11 08:04:00,2025-10-11 08:50:24,2025-10-11 08:04:09,2025-10-11 08:53:19,completed,regular,
T2510002660,R005,0,2025-10-11,SAT_AUT25,SCH000122,V0050,,2025-10-11 08:06:00,2025-10-11 08:50:36,2025-10-11 08:06:00,2025-10-11 08:51:00,completed,regular,
T2510002661,R002,1,2025-10-11,SAT_AUT25,SCH000097,V0033,,2025-10-11 08:08:00,2025-10-11 09:12:18,2025-10-11 08:09:23,2025-10-11 09:10:59,completed,regular,
T2510002662,R004,1,2025-10-11,SAT_AUT25,SCH000117,V0048,,2025-10-11 08:10:00,2025-10-11 08:37:48,2025-10-11 08:14:41,2025-10-11 08:41:45,completed,regular,
T2510002663,R001,1,2025-10-11,SAT_AUT25,SCH000087,V0021,,2025-10-11 08:11:00,2025-10-11 09:24:24,2025-10-11 08:11:08,2025-10-11 09:29:38,completed,regular,
T2510002664,R001,0,2025-10-11,SAT_AUT25,SCH000082,V0022,,2025-10-11 08:12:00,2025-10-11 09:25:24,2025-10-11 08:13:29,2025-10-11 09:31:47,completed,regular,
T2510002665,R006,0,2025-10-11,SAT_AUT25,SCH000132,V0057,,2025-10-11 08:13:00,2025-10-11 08:56:42,2025-10-11 08:14:22,2025-10-11 08:55:43,completed,regular,
T2510002666,R003,1,2025-10-11,SAT_AUT25,SCH000107,V0036,,2025-10-11 08:15:00,2025-10-11 09:01:24,2025-10-11 08:17:35,2025-10-11 09:05:06,completed,regular,
T2510002667,R005,1,2025-10-11,SAT_AUT25,SCH000127,V0051,,2025-10-11 08:17:00,2025-10-11 09:01:36,2025-10-11 08:17:00,2025-10-11 09:07:12,completed,regular,
T2510002668,R002,0,2025-10-11,SAT_AUT25,SCH000092,V0034,,2025-10-11 08:22:00,2025-10-11 09:26:18,2025-10-11 08:22:12,2025-10-11 09:31:58,completed,regular,
T2510002669,R001,1,2025-10-11,SAT_AUT25,SCH000087,V0023,,2025-10-11 08:23:00,2025-10-11 09:36:24,2025-10-11 08:23:34,2025-10-11 09:40:26,completed,regular,
T2510002670,R001,0,2025-10-11,SAT_AUT25,SCH000082,V0024,,2025-10-11 08:24:00,2025-10-11 09:37:24,2025-10-11 08:24:19,2025-10-11 09:34:33,completed,regular,
T2510002671,R006,1,2025-10-11,SAT_AUT25,SCH000137,V0058,,2025-10-11 08:24:00,2025-10-11 09:07:42,2025-10-11 08:25:00,2025-10-11 09:11:09,completed,regular,
T2510002672,R003,0,2025-10-11,SAT_AUT25,SCH000102,V0037,,2025-10-11 08:29:00,2025-10-11 09:15:24,2025-10-11 08:29:00,2025-10-11 09:16:59,completed,regular,
T2510002673,R002,1,2025-10-11,SAT_AUT25,SCH000097,V0035,,2025-10-11 08:33:00,2025-10-11 09:37:18,2025-10-11 08:33:00,2025-10-11 09:43:25,completed,regular,
T2510002674,R001,1,2025-10-11,SAT_AUT25,SCH000087,V0001,,2025-10-11 08:35:00,2025-10-11 09:48:24,2025-10-11 08:38:12,2025-10-11 09:58:11,completed,regular,
T2510002675,R001,0,2025-10-11,SAT_AUT25,SCH000082,V0002,,2025-10-11 08:36:00,2025-10-11 09:49:24,2025-10-11 08:36:29,2025-10-11 09:48:28,completed,regular,
T2510002676,R004,0,2025-10-11,SAT_AUT25,SCH000112,V0045,,2025-10-11 08:37:00,2025-10-11 09:04:48,2025-10-11 08:37:28,2025-10-11 09:02:28,completed,regular,
T2510002677,R007,0,2025-10-11,SAT_AUT25,SCH000142,V0060,,2025-10-11 08:38:00,2025-10-11 09:00:48,2025-10-11 08:38:33,2025-10-11 09:00:19,completed,regular,
T2510002678,R003,1,2025-10-11,SAT_AUT25,SCH000107,V0038,,2025-10-11 08:40:00,2025-10-11 09:26:24,2025-10-11 08:40:03,2025-10-11 09:29:34,completed,regular,
T2510002679,R005,0,2025-10-11,SAT_AUT25,SCH000122,V0052,,2025-10-11 08:44:00,2025-10-11 09:28:36,2025-10-11 08:48:11,2025-10-11 09:38:22,completed,regular,
T2510002680,R008,0,2025-10-11,SAT_AUT25,SCH000152,V0062,,2025-10-11 08:45:00,2025-10-11 08:59:42,2025-10-11 08:46:05,2025-10-11 08:59:17,completed,regular,
T2510002681,R001,1,2025-10-11,SAT_AUT25,SCH000087,V0003,,2025-10-11 08:47:00,2025-10-11 10:00:24,2025-10-11 08:47:11,2025-10-11 09:58:24,completed,regular,
T2510002682,R002,0,2025-10-11,SAT_AUT25,SCH000092,V0025,,2025-10-11 08:47:00,2025-10-11 09:51:18,2025-10-11 08:47:00,2025-10-11 09:49:29,completed,regular,
T2510002683,R001,0,2025-10-11,SAT_AUT25,SCH000082,V0004,,2025-10-11 08:48:00,2025-10-11 10:01:24,2025-10-11 08:48:00,2025-10-11 10:00:16,completed,regular,
T2510002684,R004,1,2025-10-11,SAT_AUT25,SCH000117,V0046,,2025-10-11 08:48:00,2025-10-11 09:15:48,2025-10-11 08:48:03,2025-10-11 09:15:08,completed,regular,
T2510002685,R007,1,2025-10-11,SAT_AUT25,SCH000147,V0061,,2025-10-11 08:49:00,2025-10-11 09:11:48,2025-10-11 08:49:09,2025-10-11 09:12:38,completed,regular,
T2510002686,R006,0,2025-10-11,SAT_AUT25,SCH000132,V0054,,2025-10-11 08:51:00,2025-10-11 09:34:42,2025-10-11 08:55:01,2025-10-11 09:33:39,completed,regular,
T2510002687,R008,1,2025-10-11,SAT_AUT25,SCH000157,V0063,,2025-10-11 08:52:00,2025-10-11 09:06:42,2025-10-11 08:52:42,2025-10-11 09:05:53,completed,regular,
T2510002688,R003,0,2025-10-11,SAT_AUT25,SCH000102,V0039,,2025-10-11 08:54:00,2025-10-11 09:40:24,2025-10-11 08:54:29,2025-10-11 09:47:48,completed,regular,
T2510002689,R005,1,2025-10-11,SAT_AUT25,SCH000127,V0053,,2025-10-11 08:55:00,2025-10-11 09:39:36,2025-10-11 09:00:37,2025-10-11 09:49:35,completed,regular,
T2510002690,R002,1,2025-10-11,SAT_AUT25,SCH000097,V0026,,2025-10-11 08:58:00,2025-10-11 10:02:18,2025-10-11 08:58:12,2025-10-11 10:05:03,completed,regular,
T2510002692,R001,0,2025-10-11,SAT_AUT25,SCH000082,V0006,,2025-10-11 09:00:00,2025-10-11 10:13:24,2025-10-11 09:00:18,2025-10-11 10:12:55,completed,regular,
T2510002692,R001,0,2025-10-11,SAT_AUT25,SCH000082,V0006,,2025-10-11 09:00:00,2025-10-11 10:13:24,2025-10-11 09:00:18,2025-10-11 10:12:55,completed,regular,
T2510002693,R006,1,2025-10-11,SAT_AUT25,SCH000137,V0055,,2025-10-11 09:02:00,2025-10-11 09:45:42,2025-10-11 09:07:58,2025-10-11 09:50:03,completed,regular,
T2510002694,R003,1,2025-10-11,SAT_AUT25,SCH000107,V0041,,2025-10-11 09:05:00,2025-10-11 09:51:24,2025-10-11 09:05:49,2025-10-11 09:58:49,completed,regular,
T2510002695,R001,1,2025-10-11,SAT_AUT25,SCH000087,V0007,,2025-10-11 09:11:00,2025-10-11 10:24:24,2025-10-11 09:11:34,2025-10-11 10:29:29,completed,regular,
T2510002696,R001,0,2025-10-11,SAT_AUT25,SCH000082,V0008,,2025-10-11 09:12:00,2025-10-11 10:25:24,2025-10-11 09:12:34,2025-10-11 10:27:00,completed,regular,
T2510002697,R002,0,2025-10-11,SAT_AUT25,SCH000092,V0027,,2025-10-11 09:12:00,2025-10-11 10:16:18,2025-10-11 09:16:04,2025-10-11 10:22:13,completed,regular,
T2510002698,R004,0,2025-10-11,SAT_AUT25,SCH000112,V0047,,2025-10-11 09:15:00,2025-10-11 09:42:48,2025-10-11 09:18:29,2025-10-11 09:46:59,completed,regular,
T2510002699,R003,0,2025-10-11,SAT_AUT25,SCH000102,V0040,,2025-10-11 09:19:00,2025-10-11 10:05:24,2025-10-11 09:24:34,2025-10-11 10:20:02,completed,regular,
T2510002700,R005,0,2025-10-11,SAT_AUT25,SCH000122,V0049,,2025-10-11 09:22:00,2025-10-11 10:06:36,2025-10-11 09:23:02,2025-10-11 10:12:20,completed,regular,
T2510002701,R001,1,2025-10-11,SAT_AUT25,SCH000087,V0009,,2025-10-11 09:23:00,2025-10-11 10:36:24,2025-10-11 09:23:00,2025-10-11 10:40:01,completed,regular,
T2510002702,R002,1,2025-10-11,SAT_AUT25,SCH000097,V0028,,2025-10-11 09:23:00,2025-10-11 10:27:18,2025-10-11 09:25:28,2025-10-11 10:36:58,completed,regular,
T2510002703,R001,0,2025-10-11,SAT_AUT25,SCH000082,V0010,,2025-10-11 09:24:00,2025-10-11 10:37:24,2025-10-11 09:24:00,2025-10-11 10:35:25,completed,regular,
T2510002704,R004,1,2025-10-11,SAT_AUT25,SCH000117,V0048,,2025-10-11 09:26:00,2025-10-11 09:53:48,2025-10-11 09:26:34,2025-10-11 09:52:06,completed,regular,
T2510002705,R006,0,2025-10-11,SAT_AUT25,SCH000132,V0056,,2025-10-11 09:29:00,2025-10-11 10:12:42,2025-10-11 09:29:00,2025-10-11 10:13:16,completed,regular,
T2510002706,R003,1,2025-10-11,SAT_AUT25,SCH000107,V0042,,2025-10-11 09:30:00,2025-10-11 10:16:24,2025-10-11 09:34:32,2025-10-11 10:35:42,completed,regular,
T2510002707,R005,1,2025-10-11,SAT_AUT25,SCH000127,V0050,,2025-10-11 09:33:00,2025-10-11 10:17:36,2025-10-11 09:36:03,2025-10-11 10:23:10,completed,regular,
T2510002708,R007,0,2025-10-11,SAT_AUT25,SCH000142,V0059,,2025-10-11 09:34:00,2025-10-11 09:56:48,2025-10-11 09:34:00,2025-10-11 09:56:14,completed,regular,
T2510002709,R001,1,2025-10-11,SAT_AUT25,SCH000087,V0011,,2025-10-11 09:35:00,2025-10-11 10:48:24,,,cancelled,regular,driver_shortage
T2510002710,R001,0,2025-10-11,SAT_AUT25,SCH000082,V0011,,2025-10-11 09:36:00,2025-10-11 10:49:24,2025-10-11 09:37:18,2025-10-11 10:51:04,completed,regular,
T2510002711,R002,0,2025-10-11,SAT_AUT25,SCH000092,V0029,,2025-10-11 09:37:00,2025-10-11 10:41:18,,,cancelled,regular,driver_shortage
T2510002712,R006,1,2025-10-11,SAT_AUT25,SCH000137,V0057,,2025-10-11 09:40:00,2025-10-11 10:23:42,2025-10-11 09:40:38,2025-10-11 10:20:15,completed,regular,
T2510002713,R008,0,2025-10-11,SAT_AUT25,SCH000152,V0064,,2025-10-11 09:41:00,2025-10-11 09:55:42,2025-10-11 09:41:56,2025-10-11 09:55:10,completed,regular,
T2510002714,R003,0,2025-10-11,SAT_AUT25,SCH000102,V0043,,2025-10-11 09:44:00,2025-10-11 10:30:24,2025-10-11 09:44:00,2025-10-11 10:32:59,completed,regular,
T2510002715,R007,1,2025-10-11,SAT_AUT25,SCH000147,V0060,,2025-10-11 09:45:00,2025-10-11 10:07:48,2025-10-11 09:50:49,2025-10-11 10:11:20,completed,regular,
T2510002716,R001,1,2025-10-11,SAT_AUT25,SCH000087,V0012,,2025-10-11 09:47:00,2025-10-11 11:00:24,2025-10-11 09:47:46,2025-10-11 11:12:48,completed,regular,
T2510002717,R001,0,2025-10-11,SAT_AUT25,SCH000082,V0013,,2025-10-11 09:48:00,2025-10-11 11:01:24,2025-10-11 09:49:03,2025-10-11 11:05:12,completed,regular,
T2510002718,R002,1,2025-10-11,SAT_AUT25,SCH000097,V0029,,2025-10-11 09:48:00,2025-10-11 10:52:18,2025-10-11 09:49:11,2025-10-11 10:54:31,completed,regular,
T2510002719,R008,1,2025-10-11,SAT_AUT25,SCH000157,V0062,,2025-10-11 09:48:00,2025-10-11 10:02:42,2025-10-11 09:48:48,2025-10-11 10:01:34,completed,regular,
T2510002720,R004,0,2025-10-11,SAT_AUT25,SCH000112,V0045,,2025-10-11 09:53:00,2025-10-11 10:20:48,2025-10-11 09:53:19,2025-10-11 10:19:35,completed,regular,
T2510002721,R003,1,2025-10-11,SAT_AUT25,SCH000107,V0044,,2025-10-11 09:55:00,2025-10-11 10:41:24,2025-10-11 09:55:26,2025-10-11 10:46:06,completed,regular,
T2510002722,R001,1,2025-10-11,SAT_AUT25,SCH000087,V0014,,2025-10-11 09:59:00,2025-10-11 11:12:24,2025-10-11 10:03:49,2025-10-11 11:23:23,completed,regular,
T2510002723,R001,0,2025-10-11,SAT_AUT25,SCH000083,V0015,,2025-10-11 10:00:00,2025-10-11 11:03:54,2025-10-11 10:00:00,2025-10-11 11:01:29,completed,regular,
T2510002724,R008,1,2025-10-11,SAT_AUT25,SCH000158,V0063,,2025-10-11 10:00:00,2025-10-11 10:13:06,2025-10-11 10:00:36,2025-10-11 10:12:20,completed,regular,
T2510002725,R002,0,2025-10-11,SAT_AUT25,SCH000093,V0031,,2025-10-11 10:07:00,2025-10-11 10:59:54,2025-10-11 10:07:00,2025-10-11 11:09:15,completed,regular,
T2510002726,R001,1,2025-10-11,SAT_AUT25,SCH000088,V0017,,2025-10-11 10:11:00,2025-10-11 11:14:54,2025-10-11 10:11:00,2025-10-11 11:13:58,completed,regular,
T2510002727,R003,0,2025-10-11,SAT_AUT25,SCH000103,V0036,,2025-10-11 10:14:00,2025-10-11 10:52:12,2025-10-11 10:15:56,2025-10-11 11:00:14,completed,regular,
T2510002728,R002,1,2025-10-11,SAT_AUT25,SCH000098,,,2025-10-11 10:18:00,2025-10-11 11:10:54,2025-10-11 10:18:00,2025-10-11 11:12:54,completed,regular,
T2510002729,R001,0,2025-10-11,SAT_AUT25,SCH000083,V0016,,2025-10-11 10:19:00,2025-10-11 11:22:54,2025-10-11 10:20:38,2025-10-11 11:29:56,completed,regular,
T2510002730,R004,0,2025-10-11,SAT_AUT25,SCH000113,V0046,,2025-10-11 10:21:00,2025-10-11 10:44:42,2025-10-11 10:21:29,2025-10-11 10:41:48,completed,regular,
T2510002731,R003,1,2025-10-11,SAT_AUT25,SCH000108,V0037,,2025-10-11 10:25:00,2025-10-11 11:03:12,2025-10-11 10:25:00,2025-10-11 11:12:14,completed,regular,
T2510002732,R005,0,2025-10-11,SAT_AUT25,SCH000123,V0051,,2025-10-11 10:28:00,2025-10-11 11:06:00,2025-10-11 10:28:00,2025-10-11 11:07:54,completed,regular,
T2510002733,R001,1,2025-10-11,SAT_AUT25,SCH000088,V0019,,2025-10-11 10:30:00,2025-10-11 11:33:54,2025-10-11 10:31:28,2025-10-11 11:51:23,completed,regular,
T2510002734,R004,1,2025-10-11,SAT_AUT25,SCH000118,V0047,,2025-10-11 10:32:00,2025-10-11 10:55:42,2025-10-11 10:32:00,2025-10-11 10:51:26,completed,regular,
T2510002735,R006,0,2025-10-11,SAT_AUT25,SCH000133,V0058,,2025-10-11 10:35:00,2025-10-11 11:12:18,2025-10-11 10:36:51,2025-10-11 11:14:27,completed,regular,
T2510002736,R001,0,2025-10-11,SAT_AUT25,SCH000083,,,2025-10-11 10:38:00,2025-10-11 11:41:54,2025-10-11 10:43:29,2025-10-11 11:56:44,completed,regular,
T2510002737,R005,1,2025-10-11,SAT_AUT25,SCH000128,V0052,,2025-10-11 10:39:00,2025-10-11 11:17:00,2025-10-11 10:39:00,2025-10-11 11:24:06,completed,regular,
T2510002738,R007,0,2025-10-11,SAT_AUT25,SCH000143,V0061,,2025-10-11 10:42:00,2025-10-11 11:02:24,2025-10-11 10:43:08,2025-10-11 11:02:10,completed,regular,
T2510002739,R002,0,2025-10-11,SAT_AUT25,SCH000093,V0032,,2025-10-11 10:45:00,2025-10-11 11:37:54,2025-10-11 10:48:29,2025-10-11 11:47:42,completed,regular,
T2510002740,R006,1,2025-10-11,SAT_AUT25,SCH000138,V0054,,2025-10-11 10:46:00,2025-10-11 11:23:18,2025-10-11 10:46:00,2025-10-11 11:20:13,completed,regular,
T2510002741,R001,1,2025-10-11,SAT_AUT25,SCH000088,V0018,,2025-10-11 10:49:00,2025-10-11 11:52:54,,,cancelled,regular,driver_shortage
T2510002742,R008,0,2025-10-11,SAT_AUT25,SCH000153,V0064,,2025-10-11 10:49:00,2025-10-11 11:02:06,2025-10-11 10:50:27,2025-10-11 11:04:23,completed,regular,
T2510002743,R003,0,2025-10-11,SAT_AUT25,SCH000103,V0038,,2025-10-11 10:52:00,2025-10-11 11:30:12,2025-10-11 10:52:19,2025-10-11 11:35:27,completed,regular,
T2510002744,R007,1,2025-10-11,SAT_AUT25,SCH000148,V0059,,2025-10-11 10:53:00,2025-10-11 11:13:24,2025-10-11 10:53:14,2025-10-11 11:10:23,completed,regular,
T2510002745,R002,1,2025-10-11,SAT_AUT25,SCH000098,V0033,,2025-10-11 10:56:00,2025-10-11 11:48:54,2025-10-11 10:58:10,2025-10-11 11:59:04,completed,regular,
T2510002746,R001,0,2025-10-11,SAT_AUT25,SCH000083,V0018,,2025-10-11 10:57:00,2025-10-11 12:00:54,2025-10-11 10:58:20,2025-10-11 12:01:48,completed,regular,
T2510002747,R003,1,2025-10-11,SAT_AUT25,SCH000108,V0039,,2025-10-11 11:03:00,2025-10-11 11:41:12,2025-10-11 11:08:33,2025-10-11 11:50:57,completed,regular,
T2510002748,R001,1,2025-10-11,SAT_AUT25,SCH000088,V0021,,2025-10-11 11:08:00,2025-10-11 12:11:54,2025-10-11 11:09:02,2025-10-11 12:33:41,completed,regular,
T2510002749,R001,0,2025-10-11,SAT_AUT25,SCH000083,V0022,,2025-10-11 11:16:00,2025-10-11 12:19:54,2025-10-11 11:16:14,2025-10-11 12:31:34,completed,regular,
T2510002750,R002,0,2025-10-11,SAT_AUT25,SCH000093,V0034,,2025-10-11 11:23:00,2025-10-11 12:15:54,2025-10-11 11:23:00,2025-10-11 12:23:53,completed,regular,
T2510002751,R001,1,2025-10-11,SAT_AUT25,SCH000088,V0024,,2025-10-11 11:27:00,2025-10-11 12:30:54,2025-10-11 11:28:00,2025-10-11 12:46:32,completed,regular,
T2510002753,R002,1,2025-10-11,SAT_AUT25,SCH000098,V0035,,2025-10-11 11:34:00,2025-10-11 12:26:54,,,cancelled,regular,driver_shortage
T2510002754,R001,0,2025-10-11,SAT_AUT25,SCH000083,V0023,,2025-10-11 11:35:00,2025-10-11 12:38:54,2025-10-11 11:35:13,2025-10-11 12:39:53,completed,regular,
T2510002755,R004,0,2025-10-11,SAT_AUT25,SCH000113,V0048,,2025-10-11 11:36:00,2025-10-11 11:59:42,2025-10-11 11:36:42,2025-10-11 12:00:31,completed,regular,
T2510002756,R003,1,2025-10-11,SAT_AUT25,SCH000108,V0040,,2025-10-11 11:41:00,2025-10-11 12:19:12,2025-10-11 11:41:00,2025-10-11 12:19:43,completed,regular,
T2510002757,R005,0,2025-10-11,SAT_AUT25,SCH000123,V0053,,2025-10-11 11:43:00,2025-10-11 12:21:00,2025-10-11 11:43:52,2025-10-11 12:33:50,completed,regular,
T2510002759,R004,1,2025-10-11,SAT_AUT25,SCH000118,V0045,,2025-10-11 11:47:00,2025-10-11 12:10:42,2025-10-11 11:47:10,2025-10-11 12:09:29,completed,regular,
T2510002760,R006,0,2025-10-11,SAT_AUT25,SCH000133,V0055,,2025-10-11 11:50:00,2025-10-11 12:27:18,2025-10-11 11:50:00,2025-10-11 12:26:21,completed,regular,
T2510002761,R008,1,2025-10-11,SAT_AUT25,SCH000158,V0062,,2025-10-11 11:52:00,2025-10-11 12:05:06,2025-10-11 11:52:25,2025-10-11 12:03:09,completed,regular,
T2510002762,R001,0,2025-10-11,SAT_AUT25,SCH000083,V0001,,2025-10-11 11:54:00,2025-10-11 12:57:54,2025-10-11 11:54:00,2025-10-11 13:00:32,completed,regular,
T2510002763,R005,1,2025-10-11,SAT_AUT25,SCH000128,V0049,,2025-10-11 11:54:00,2025-10-11 12:32:00,2025-10-11 11:59:00,2025-10-11 12:39:46,completed,regular,
T2510002764,R002,0,2025-10-11,SAT_AUT25,SCH000093,V0035,,2025-10-11 12:01:00,2025-10-11 12:53:54,2025-10-11 12:05:45,2025-10-11 12:58:28,completed,regular,
T2510002765,R006,1,2025-10-11,SAT_AUT25,SCH000138,V0056,,2025-10-11 12:01:00,2025-10-11 12:38:18,2025-10-11 12:03:25,2025-10-11 12:38:00,completed,regular,
T2510002766,R001,1,2025-10-11,SAT_AUT25,SCH000088,V0003,,2025-10-11 12:05:00,2025-10-11 13:08:54,2025-10-11 12:05:00,2025-10-11 13:10:50,completed,regular,
T2510002767,R003,0,2025-10-11,SAT_AUT25,SCH000103,V0043,,2025-10-11 12:08:00,2025-10-11 12:46:12,2025-10-11 12:08:00,2025-10-11 12:49:49,completed,regular,
T2510002768,R002,1,2025-10-11,SAT_AUT25,SCH000098,V0025,,2025-10-11 12:12:00,2025-10-11 13:04:54,2025-10-11 12:13:51,2025-10-11 13:13:51,completed,regular,
T2510002769,R001,0,2025-10-11,SAT_AUT25,SCH000083,V0004,,2025-10-11 12:13:00,2025-10-11 13:16:54,2025-10-11 12:13:32,2025-10-11 13:18:37,completed,regular,
T2510002770,R003,1,2025-10-11,SAT_AUT25,SCH000108,V0042,,2025-10-11 12:19:00,2025-10-11 12:57:12,2025-10-11 12:19:34,2025-10-11 12:59:45,completed,regular,
T2510002771,R001,1,2025-10-11,SAT_AUT25,SCH000088,V0006,,2025-10-11 12:24:00,2025-10-11 13:27:54,2025-10-11 12:24:52,2025-10-11 13:28:42,completed,regular,
T2510002772,R001,0,2025-10-11,SAT_AUT25,SCH000083,V0005,,2025-10-11 12:32:00,2025-10-11 13:35:54,2025-10-11 12:32:46,2025-10-11 13:44:57,completed,regular,
T2510002773,R007,0,2025-10-11,SAT_AUT25,SCH000143,V0060,,2025-10-11 12:34:00,2025-10-11 12:54:24,2025-10-11 12:34:00,2025-10-11 12:55:11,completed,regular,
T2510002774,R002,0,2025-10-11,SAT_AUT25,SCH000093,V0026,,2025-10-11 12:39:00,2025-10-11 13:31:54,2025-10-11 12:39:08,2025-10-11 13:33:15,completed,regular,
T2510002775,R008,0,2025-10-11,SAT_AUT25,SCH000153,V0063,,2025-10-11 12:41:00,2025-10-11 12:54:06,,,cancelled,regular,driver_shortage
T2510002776,R001,1,2025-10-11,SAT_AUT25,SCH000088,V0008,,2025-10-11 12:43:00,2025-10-11 13:46:54,2025-10-11 12:43:00,2025-10-11 13:48:10,completed,regular,
T2510002777,,1,2025-10-11,SAT_AUT25,SCH000148,V0061,,2025-10-11 12:45:00,2025-10-11 13:05:24,2025-10-11 12:45:11,2025-10-11 13:06:38,completed,regular,
T2510002778,R003,0,2025-10-11,SAT_AUT25,SCH000103,V0044,,2025-10-11 12:46:00,2025-10-11 13:24:12,2025-10-11 12:46:17,2025-10-11 13:31:45,completed,regular,
T2510002779,R002,1,2025-10-11,SAT_AUT25,SCH000098,V0027,,2025-10-11 12:50:00,2025-10-11 13:42:54,2025-10-11 12:50:00,2025-10-11 13:46:52,completed,regular,
T2510002780,R001,0,2025-10-11,SAT_AUT25,SCH000083,V0007,,2025-10-11 12:51:00,2025-10-11 13:54:54,2025-10-11 12:53:11,2025-10-11 13:59:49,completed,regular,
T2510002781,R004,0,2025-10-11,SAT_AUT25,SCH000113,V0046,,2025-10-11 12:51:00,2025-10-11 13:14:42,2025-10-11 12:51:00,2025-10-11 13:18:18,completed,regular,
T2510002782,R003,1,2025-10-11,SAT_AUT25,SCH000108,V0036,,2025-10-11 12:57:00,2025-10-11 13:35:12,2025-10-11 12:57:14,2025-10-11 13:40:29,completed,regular,
T2510002783,R005,0,2025-10-11,SAT_AUT25,SCH000123,V0050,,2025-10-11 12:58:00,2025-10-11 13:36:00,2025-10-11 12:58:40,2025-10-11 13:39:01,completed,regular,
T2510002784,R001,1,2025-10-11,SAT_AUT25,SCH000088,V0010,,2025-10-11 13:02:00,2025-10-11 14:05:54,2025-10-11 13:02:04,2025-10-11 14:09:10,completed,regular,
T2510002785,R004,1,2025-10-11,SAT_AUT25,SCH000118,V0047,,2025-10-11 13:02:00,2025-10-11 13:25:42,2025-10-11 13:02:20,2025-10-11 13:22:52,completed,regular,
T2510002786,R006,0,2025-10-11,SAT_AUT25,SCH000133,V0057,,2025-10-11 13:05:00,2025-10-11 13:42:18,2025-10-11 13:05:30,2025-10-11 13:38:23,completed,regular,
T2510002787,R005,1,2025-10-11,SAT_AUT25,SCH000128,V0051,,2025-10-11 13:09:00,2025-10-11 13:47:00,2025-10-11 13:09:58,2025-10-11 13:47:14,completed,regular,
T2510002788,R001,0,2025-10-11,SAT_AUT25,SCH000083,V0009,,2025-10-11 13:10:00,2025-10-11 14:13:54,2025-10-11 13:11:04,2025-10-11 14:17:00,completed,regular,
T2510002789,R006,1,2025-10-11,SAT_AUT25,SCH000138,V0058,,2025-10-11 13:16:00,2025-10-11 13:53:18,2025-10-11 13:16:15,2025-10-11 13:52:47,completed,regular,
T2510002790,R002,0,2025-10-11,SAT_AUT25,SCH000093,V0028,,2025-10-11 13:17:00,2025-10-11 14:09:54,2025-10-11 13:17:00,2025-10-11 14:14:47,completed,regular,
T2510002792,R003,0,2025-10-11,SAT_AUT25,SCH000103,V0037,,2025-10-11 13:24:00,2025-10-11 14:02:12,2025-10-11 13:24:39,2025-10-11 14:08:50,completed,regular,
T2510002793,R002,1,2025-10-11,SAT_AUT25,SCH000098,V0029,,2025-10-11 13:28:00,2025-10-11 14:20:54,2025-10-11 13:28:00,2025-10-11 14:21:26,completed,regular,
T2510002794,R001,0,2025-10-11,SAT_AUT25,SCH000083,V0015,,2025-10-11 13:29:00,2025-10-11 14:32:54,,,cancelled,regular,driver_shortage
T2510002795,R003,1,2025-10-11,SAT_AUT25,SCH000108,V0038,,2025-10-11 13:35:00,2025-10-11 14:13:12,2025-10-11 13:35:00,2025-10-11 14:18:05,completed,regular,
T2510002796,R001,1,2025-10-11,SAT_AUT25,SCH000088,V0015,,2025-10-11 13:40:00,2025-10-11 14:43:54,2025-10-11 13:40:54,2025-10-11 14:52:15,completed,regular,
T2510002797,R008,1,2025-10-11,SAT_AUT25,SCH000158,V0063,,2025-10-11 13:44:00,2025-10-11 13:57:06,2025-10-11 13:45:05,2025-10-11 13:58:12,completed,regular,
T2510002798,R001,0,2025-10-11,SAT_AUT25,SCH000083,V0013,,2025-10-11 13:48:00,2025-10-11 14:51:54,2025-10-11 13:51:11,2025-10-11 15:11:20,completed,regular,
T2510002799,R002,0,2025-10-11,SAT_AUT25,SCH000093,V0031,,2025-10-11 13:55:00,2025-10-11 14:47:54,2025-10-11 13:56:24,2025-10-11 14:49:00,completed,regular,
T2510002800,R001,1,2025-10-11,SAT_AUT25,SCH000088,V0012,,2025-10-11 13:59:00,2025-10-11 15:02:54,,,cancelled,regular,driver_shortage
T2510002801,R003,0,2025-10-11,SAT_AUT25,SCH000103,V0039,,2025-10-11 14:02:00,2025-10-11 14:40:12,2025-10-11 14:02:00,2025-10-11 14:46:06,completed,regular,
T2510002802,R002,1,2025-10-11,SAT_AUT25,SCH000098,V0030,,2025-10-11 14:06:00,2025-10-11 14:58:54,2025-10-11 14:07:10,2025-10-11 14:59:26,completed,regular,
T2510002803,R004,0,2025-10-11,SAT_AUT25,SCH000113,V0048,,2025-10-11 14:06:00,2025-10-11 14:29:42,2025-10-11 14:10:38,2025-10-11 14:33:56,completed,regular,
T2510002803,R004,0,2025-10-11,SAT_AUT25,SCH000113,V0048,,2025-10-11 14:06:00,2025-10-11 14:29:42,2025-10-11 14:10:38,2025-10-11 14:33:56,completed,regular,
T2510002804,,0,2025-10-11,SAT_AUT25,SCH000083,V0012,,2025-10-11 14:07:00,2025-10-11 15:10:54,2025-10-11 14:07:59,2025-10-11 15:17:18,completed,regular,
T2510002805,R003,1,2025-10-11,SAT_AUT25,SCH000108,V0041,,2025-10-11 14:13:00,2025-10-11 14:51:12,2025-10-11 14:13:57,2025-10-11 15:00:53,completed,regular,
T2510002806,R005,0,2025-10-11,SAT_AUT25,SCH000123,V0052,,2025-10-11 14:13:00,2025-10-11 14:51:00,2025-10-11 14:13:00,2025-10-11 14:55:54,completed,regular,
T2510002807,R004,1,2025-10-11,SAT_AUT25,SCH000118,V0045,,2025-10-11 14:17:00,2025-10-11 14:40:42,2025-10-11 14:17:13,2025-10-11 14:40:53,completed,regular,
T2510002808,R001,1,2025-10-11,SAT_AUT25,SCH000088,V0017,,2025-10-11 14:18:00,2025-10-11 15:21:54,2025-10-11 14:18:54,2025-10-11 15:32:59,completed,regular,
T2510002809,R006,0,2025-10-11,SAT_AUT25,SCH000133,V0054,,2025-10-11 14:20:00,2025-10-11 14:57:18,2025-10-11 14:20:00,2025-10-11 14:53:43,completed,regular,
T2510002810,R005,1,2025-10-11,SAT_AUT25,SCH000128,V0053,,2025-10-11 14:24:00,2025-10-11 15:02:00,2025-10-11 14:25:35,2025-10-11 15:07:02,completed,regular,
T2510002811,R001,0,2025-10-11,SAT_AUT25,SCH000083,V0014,,2025-10-11 14:26:00,2025-10-11 15:29:54,2025-10-11 14:26:00,2025-10-11 15:35:57,completed,regular,
T2510002812,R007,0,2025-10-11,SAT_AUT25,SCH000143,V0059,,2025-10-11 14:26:00,2025-10-11 14:46:24,2025-10-11 14:26:00,2025-10-11 14:46:22,completed,regular,
T2510002813,R006,1,2025-10-11,SAT_AUT25,SCH000138,V0055,,2025-10-11 14:31:00,2025-10-11 15:08:18,2025-10-11 14:32:18,2025-10-11 15:04:48,completed,regular,
T2510002814,R002,0,2025-10-11,SAT_AUT25,SCH000093,V0032,,2025-10-11 14:33:00,2025-10-11 15:25:54,2025-10-11 14:33:00,2025-10-11 15:22:47,completed,regular,
T2510002815,R008,0,2025-10-11,SAT_AUT25,SCH000153,V0064,,2025-10-11 14:33:00,2025-10-11 14:46:06,2025-10-11 14:36:04,2025-10-11 14:56:32,completed,regular,
T2510002816,R001,1,2025-10-11,SAT_AUT25,SCH000088,V0016,,2025-10-11 14:37:00,2025-10-11 15:40:54,2025-10-11 14:37:00,2025-10-11 15:37:26,completed,regular,
T2510002817,R007,1,2025-10-11,SAT_AUT25,SCH000148,V0060,,2025-10-11 14:37:00,2025-10-11 14:57:24,2025-10-11 14:37:19,2025-10-11 14:55:01,completed,regular,
T2510002818,R003,0,2025-10-11,SAT_AUT25,SCH000103,V0040,,2025-10-11 14:40:00,2025-10-11 15:18:12,,,cancelled,regular,driver_shortage
T2510002819,R002,1,2025-10-11,SAT_AUT25,SCH000098,V0033,,2025-10-11 14:44:00,2025-10-11 15:36:54,,,cancelled,regular,driver_shortage
T2510002820,R001,0,2025-10-11,SAT_AUT25,SCH000083,V0019,,2025-10-11 14:45:00,2025-10-11 15:48:54,2025-10-11 14:46:48,2025-10-11 15:49:26,completed,regular,
T2510002821,R003,1,2025-10-11,SAT_AUT25,SCH000108,V0040,,2025-10-11 14:51:00,2025-10-11 15:29:12,2025-10-11 14:53:06,2025-10-11 15:34:53,completed,regular,
T2510002822,R001,1,2025-10-11,SAT_AUT25,SCH000088,V0020,,2025-10-11 14:56:00,2025-10-11 15:59:54,2025-10-11 14:56:07,2025-10-11 16:04:56,completed,regular,
T2510002823,R001,0,2025-10-11,SAT_AUT25,SCH000083,V0018,,2025-10-11 15:04:00,2025-10-11 16:07:54,2025-10-11 15:05:04,2025-10-11 16:17:42,completed,regular,
T2510002824,R002,0,2025-10-11,SAT_AUT25,SCH000093,V0033,,2025-10-11 15:11:00,2025-10-11 16:03:54,2025-10-11 15:11:44,2025-10-11 16:09:06,completed,regular,
T2510002825,R001,1,2025-10-11,SAT_AUT25,SCH000088,V0022,,2025-10-11 15:15:00,2025-10-11 16:18:54,2025-10-11 15:15:00,2025-10-11 16:18:45,completed,regular,
T2510002826,R003,0,2025-10-11,SAT_AUT25,SCH000103,V0043,,2025-10-11 15:18:00,2025-10-11 15:56:12,2025-10-11 15:18:00,2025-10-11 16:03:45,completed,regular,
T2510002827,R004,0,2025-10-11,SAT_AUT25,SCH000113,V0046,,2025-10-11 15:21:00,2025-10-11 15:44:42,2025-10-11 15:26:49,2025-10-11 15:52:50,completed,regular,
T2510002828,R002,1,2025-10-11,SAT_AUT25,SCH000098,V0034,,2025-10-11 15:22:00,2025-10-11 16:14:54,2025-10-11 15:23:15,2025-10-11 16:24:11,completed,regular,
T2510002829,R001,0,2025-10-11,SAT_AUT25,SCH000083,V0021,,2025-10-11 15:23:00,2025-10-11 16:26:54,2025-10-11 15:24:13,2025-10-11 16:36:06,completed,regular,
T2510002830,R005,0,2025-10-11,SAT_AUT25,SCH000123,V0049,,2025-10-11 15:28:00,2025-10-11 16:06:00,2025-10-11 15:28:30,2025-10-11 16:10:04,completed,regular,
T2510002831,R003,1,2025-10-11,SAT_AUT25,SCH000108,V0042,,2025-10-11 15:29:00,2025-10-11 16:07:12,,,cancelled,regular,driver_shortage
T2510002832,R004,1,2025-10-11,SAT_AUT25,SCH000118,V0047,,2025-10-11 15:32:00,2025-10-11 15:55:42,2025-10-11 15:32:23,2025-10-11 15:52:40,completed,regular,
T2510002833,R001,1,2025-10-11,SAT_AUT25,SCH000088,V0023,,2025-10-11 15:34:00,2025-10-11 16:37:54,2025-10-11 15:34:00,2025-10-11 16:42:54,completed,regular,
T2510002834,R006,0,2025-10-11,SAT_AUT25,SCH000133,V0056,,2025-10-11 15:35:00,2025-10-11 16:12:18,2025-10-11 15:36:42,2025-10-11 16:17:04,completed,regular,
T2510002835,R008,1,2025-10-11,SAT_AUT25,SCH000158,V0062,,2025-10-11 15:36:00,2025-10-11 15:49:06,2025-10-11 15:36:06,2025-10-11 15:52:38,completed,regular,
T2510002836,R005,1,2025-10-11,SAT_AUT25,SCH000128,V0050,,2025-10-11 15:39:00,2025-10-11 16:17:00,2025-10-11 15:40:56,2025-10-11 16:19:56,completed,regular,
T2510002837,R001,0,2025-10-11,SAT_AUT25,SCH000083,V0024,,2025-10-11 15:42:00,2025-10-11 16:45:54,2025-10-11 15:44:36,2025-10-11 16:47:09,completed,regular,
T2510002838,R006,1,2025-10-11,SAT_AUT25,SCH000138,V0057,,2025-10-11 15:46:00,2025-10-11 16:23:18,2025-10-11 15:46:34,2025-10-11 16:19:47,completed,regular,
T2510002839,R002,0,2025-10-11,SAT_AUT25,SCH000093,V0035,,2025-10-11 15:49:00,2025-10-11 16:41:54,2025-10-11 15:49:10,2025-10-11 16:46:09,completed,regular,
T2510002840,R001,1,2025-10-11,SAT_AUT25,SCH000088,V0002,,2025-10-11 15:53:00,2025-10-11 16:56:54,2025-10-11 15:57:31,2025-10-11 17:03:30,completed,regular,
T2510002841,R003,0,2025-10-11,SAT_AUT25,SCH000103,V0042,,2025-10-11 15:56:00,2025-10-11 16:34:12,2025-10-11 15:58:05,2025-10-11 16:40:32,completed,regular,
T2510002842,R001,0,2025-10-11,SAT_AUT25,SCH000084,,,2025-10-11 16:00:00,2025-10-11 17:17:18,2025-10-11 16:03:19,2025-10-11 17:35:11,completed,regular,
T2510002843,R003,1,2025-10-11,SAT_AUT25,SCH000109,V0044,,2025-10-11 16:00:00,2025-10-11 16:48:06,2025-10-11 16:02:07,2025-10-11 17:09:45,completed,regular,
T2510002844,R008,1,2025-10-11,SAT_AUT25,SCH000159,V0063,,2025-10-11 16:00:00,2025-10-11 16:15:06,2025-10-11 16:05:48,2025-10-11 16:21:24,completed,regular,
T2510002846,R002,0,2025-10-11,SAT_AUT25,SCH000094,V0025,,2025-10-11 16:07:00,2025-10-11 17:13:42,2025-10-11 16:07:12,2025-10-11 17:16:47,completed,regular,
T2510002847,R006,1,2025-10-11,SAT_AUT25,SCH000139,V0058,,2025-10-11 16:08:00,2025-10-11 16:53:12,2025-10-11 16:08:28,2025-10-11 16:49:29,completed,regular,
T2510002848,R001,1,2025-10-11,SAT_AUT25,SCH000089,V0003,,2025-10-11 16:11:00,2025-10-11 17:28:18,2025-10-11 16:11:00,2025-10-11 17:35:08,completed,regular,
T2510002849,R001,0,2025-10-11,SAT_AUT25,SCH000084,V0004,,2025-10-11 16:12:00,2025-10-11 17:29:18,2025-10-11 16:12:52,2025-10-11 17:37:52,completed,regular,
T2510002850,R003,0,2025-10-11,SAT_AUT25,SCH000104,V0036,,2025-10-11 16:14:00,2025-10-11 17:02:06,2025-10-11 16:15:06,2025-10-11 17:07:22,completed,regular,
T2510002851,R002,1,2025-10-11,SAT_AUT25,SCH000099,V0026,,2025-10-11 16:18:00,2025-10-11 17:24:42,2025-10-11 16:18:04,2025-10-11 17:35:15,completed,regular,
T2510002852,R004,0,2025-10-11,SAT_AUT25,SCH000114,V0048,,2025-10-11 16:21:00,2025-10-11 16:49:48,2025-10-11 16:21:48,2025-10-11 16:48:17,completed,regular,
T2510002853,R001,1,2025-10-11,SAT_AUT25,SCH000089,V0006,,2025-10-11 16:23:00,2025-10-11 17:40:18,2025-10-11 16:24:16,2025-10-11 17:53:20,completed,regular,
T2510002854,R001,0,2025-10-11,SAT_AUT25,SCH000084,V0005,,2025-10-11 16:24:00,2025-10-11 17:41:18,2025-10-11 16:26:53,2025-10-11 17:54:15,completed,regular,
T2510002855,R003,1,2025-10-11,SAT_AUT25,SCH000109,V0037,,2025-10-11 16:25:00,2025-10-11 17:13:06,2025-10-11 16:27:10,2025-10-11 17:23:08,completed,regular,
T2510002856,R005,0,2025-10-11,SAT_AUT25,SCH000124,V0052,,2025-10-11 16:28:00,2025-10-11 17:14:12,2025-10-11 16:30:32,2025-10-11 17:27:28,completed,regular,
T2510002857,R002,0,2025-10-11,SAT_AUT25,SCH000094,V0027,,2025-10-11 16:32:00,2025-10-11 17:38:42,2025-10-11 16:32:21,2025-10-11 17:41:22,completed,regular,
T2510002858,R004,1,2025-10-11,SAT_AUT25,SCH000119,V0045,,2025-10-11 16:32:00,2025-10-11 17:00:48,2025-10-11 16:33:01,2025-10-11 17:03:52,completed,regular,
T2510002859,R001,1,2025-10-11,SAT_AUT25,SCH000089,V0008,,2025-10-11 16:35:00,2025-10-11 17:52:18,2025-10-11 16:37:48,2025-10-11 18:10:05,completed,regular,
T2510002860,R006,0,2025-10-11,SAT_AUT25,SCH000134,V0054,,2025-10-11 16:35:00,2025-10-11 17:20:12,2025-10-11 16:38:50,2025-10-11 17:27:39,completed,regular,
T2510002861,R001,0,2025-10-11,SAT_AUT25,SCH000084,V0007,,2025-10-11 16:36:00,2025-10-11 17:53:18,2025-10-11 16:36:00,2025-10-11 17:58:06,completed,regular,
T2510002862,R003,0,2025-10-11,SAT_AUT25,SCH000104,V0038,,2025-10-11 16:39:00,2025-10-11 17:27:06,2025-10-11 16:39:58,2025-10-11 17:33:40,completed,regular,
T2510002863,R005,1,2025-10-11,SAT_AUT25,SCH000129,V0053,,2025-10-11 16:39:00,2025-10-11 17:25:12,2025-10-11 16:39:05,2025-10-11 17:32:29,completed,regular,
T2510002864,R007,0,2025-10-11,SAT_AUT25,SCH000144,V0061,,2025-10-11 16:42:00,2025-10-11 17:05:30,2025-10-11 16:43:34,2025-10-11 17:16:44,completed,regular,
T2510002865,R002,1,2025-10-11,SAT_AUT25,SCH000099,V0028,,2025-10-11 16:43:00,2025-10-11 17:49:42,2025-10-11 16:43:55,2025-10-11 17:54:39,completed,regular,
T2510002866,R006,1,2025-10-11,SAT_AUT25,SCH000139,V0055,,2025-10-11 16:46:00,2025-10-11 17:31:12,2025-10-11 16:49:27,2025-10-11 17:31:13,completed,regular,
T2510002867,R001,1,2025-10-11,SAT_AUT25,SCH000089,V0010,,2025-10-11 16:47:00,2025-10-11 18:04:18,2025-10-11 16:48:03,2025-10-11 18:07:54,completed,regular,
T2510002868,R001,0,2025-10-11,SAT_AUT25,SCH000084,V0009,,2025-10-11 16:48:00,2025-10-11 18:05:18,2025-10-11 16:53:02,2025-10-11 18:23:05,completed,regular,
T2510002869,R008,0,2025-10-11,SAT_AUT25,SCH000154,V0064,,2025-10-11 16:49:00,2025-10-11 17:04:06,2025-10-11 16:49:00,2025-10-11 17:12:16,completed,regular,
T2510002870,R003,1,2025-10-11,SAT_AUT25,SCH000109,V0039,,2025-10-11 16:50:00,2025-10-11 17:38:06,2025-10-11 16:50:00,2025-10-11 17:42:26,completed,regular,
T2510002871,R007,1,2025-10-11,SAT_AUT25,SCH000149,V0059,,2025-10-11 16:53:00,2025-10-11 17:16:30,2025-10-11 16:54:41,2025-10-11 17:28:55,completed,regular,
T2510002872,R008,1,2025-10-11,SAT_AUT25,SCH000159,V0062,,2025-10-11 16:56:00,2025-10-11 17:11:06,2025-10-11 16:57:42,2025-10-11 17:14:15,completed,regular,
T2510002873,R002,0,2025-10-11,SAT_AUT25,SCH000094,V0029,,2025-10-11 16:57:00,2025-10-11 18:03:42,2025-10-11 16:57:00,2025-10-11 18:11:50,completed,regular,
T2510002874,R001,1,2025-10-11,SAT_AUT25,SCH000089,V0011,,2025-10-11 16:59:00,2025-10-11 18:16:18,2025-10-11 17:00:09,2025-10-11 18:23:22,completed,regular,
T2510002875,R004,0,2025-10-11,SAT_AUT25,SCH000114,V0047,,2025-10-11 16:59:00,2025-10-11 17:27:48,2025-10-11 16:59:00,2025-10-11 17:26:14,completed,regular,
T2510002876,R001,0,2025-10-11,SAT_AUT25,SCH000084,V0015,,2025-10-11 17:00:00,2025-10-11 18:17:18,2025-10-11 17:00:26,2025-10-11 18:22:11,completed,regular,
T2510002877,R003,0,2025-10-11,SAT_AUT25,SCH000104,V0041,,2025-10-11 17:04:00,2025-10-11 17:52:06,2025-10-11 17:04:00,2025-10-11 17:57:31,completed,regular,
T2510002878,R005,0,2025-10-11,SAT_AUT25,SCH000124,V0049,,2025-10-11 17:06:00,2025-10-11 17:52:12,2025-10-11 17:06:00,2025-10-11 18:00:57,completed,regular,
T2510002879,R002,1,2025-10-11,SAT_AUT25,SCH000099,V0031,,2025-10-11 17:08:00,2025-10-11 18:14:42,2025-10-11 17:08:00,2025-10-11 18:15:13,completed,regular,
T2510002880,R004,1,2025-10-11,SAT_AUT25,SCH000119,V0046,,2025-10-11 17:10:00,2025-10-11 17:38:48,2025-10-11 17:10:49,2025-10-11 17:37:09,completed,regular,
T2510002881,R001,1,2025-10-11,SAT_AUT25,SCH000089,V0013,,2025-10-11 17:11:00,2025-10-11 18:28:18,2025-10-11 17:13:04,2025-10-11 18:44:56,completed,regular,
T2510002882,R001,0,2025-10-11,SAT_AUT25,SCH000084,V0012,,2025-10-11 17:12:00,2025-10-11 18:29:18,2025-10-11 17:12:28,2025-10-11 18:31:47,completed,regular,
T2510002883,R006,0,2025-10-11,SAT_AUT25,SCH000134,V0056,,2025-10-11 17:13:00,2025-10-11 17:58:12,2025-10-11 17:13:06,2025-10-11 17:56:33,completed,regular,
T2510002884,R003,1,2025-10-11,SAT_AUT25,SCH000109,V0040,,2025-10-11 17:15:00,2025-10-11 18:03:06,2025-10-11 17:16:09,2025-10-11 18:12:41,completed,regular,
T2510002885,R005,1,2025-10-11,SAT_AUT25,SCH000129,V0050,,2025-10-11 17:17:00,2025-10-11 18:03:12,2025-10-11 17:17:00,2025-10-11 18:06:01,completed,regular,
T2510002886,R002,0,2025-10-11,SAT_AUT25,SCH000094,V0030,,2025-10-11 17:22:00,2025-10-11 18:28:42,2025-10-11 17:22:00,2025-10-11 18:37:11,completed,regular,
T2510002887,R001,1,2025-10-11,SAT_AUT25,SCH000089,V0017,,2025-10-11 17:23:00,2025-10-11 18:40:18,2025-10-11 17:23:00,2025-10-11 18:35:18,completed,regular,
T2510002888,R001,0,2025-10-11,SAT_AUT25,SCH000084,V0014,,2025-10-11 17:24:00,2025-10-11 18:41:18,2025-10-11 17:24:00,2025-10-11 18:43:58,completed,regular,
T2510002889,R006,1,2025-10-11,SAT_AUT25,SCH000139,V0057,,2025-10-11 17:24:00,2025-10-11 18:09:12,2025-10-11 17:27:01,2025-10-11 18:11:11,completed,regular,
T2510002890,R003,0,2025-10-11,SAT_AUT25,SCH000104,V0043,,2025-10-11 17:29:00,2025-10-11 18:17:06,2025-10-11 17:30:13,2025-10-11 18:28:18,completed,regular,
T2510002891,R002,1,2025-10-11,SAT_AUT25,SCH000099,V0032,,2025-10-11 17:33:00,2025-10-11 18:39:42,2025-10-11 17:33:00,2025-10-11 18:42:48,completed,regular,
T2510002892,R001,1,2025-10-11,SAT_AUT25,SCH000089,V0016,,2025-10-11 17:35:00,2025-10-11 18:52:18,2025-10-11 17:36:35,2025-10-11 18:55:13,completed,regular,
T2510002893,R001,0,2025-10-11,SAT_AUT25,SCH000084,V0019,,2025-10-11 17:36:00,2025-10-11 18:53:18,2025-10-11 17:39:14,2025-10-11 19:07:19,completed,regular,
T2510002894,R004,0,2025-10-11,SAT_AUT25,SCH000114,V0048,,2025-10-11 17:37:00,2025-10-11 18:05:48,2025-10-11 17:37:00,2025-10-11 18:05:25,completed,regular,
T2510002895,R007,0,2025-10-11,SAT_AUT25,SCH000144,V0060,,2025-10-11 17:38:00,2025-10-11 18:01:30,2025-10-11 17:42:02,2025-10-11 18:07:34,completed,regular,
T2510002896,R003,1,2025-10-11,SAT_AUT25,SCH000109,V0042,,2025-10-11 17:40:00,2025-10-11 18:28:06,2025-10-11 17:40:31,2025-10-11 18:36:59,completed,regular,
T2510002897,R005,0,2025-10-11,SAT_AUT25,SCH000124,V0051,,2025-10-11 17:44:00,2025-10-11 18:30:12,2025-10-11 17:46:08,2025-10-11 18:46:29,completed,regular,
T2510002898,R008,0,2025-10-11,SAT_AUT25,SCH000154,V0063,,2025-10-11 17:45:00,2025-10-11 18:00:06,2025-10-11 17:46:32,2025-10-11 18:00:21,completed,regular,
T2510002899,R001,1,2025-10-11,SAT_AUT25,SCH000089,V0020,,2025-10-11 17:47:00,2025-10-11 19:04:18,2025-10-11 17:50:21,2025-10-11 19:18:55,completed,regular,
T2510002900,R002,0,2025-10-11,SAT_AUT25,SCH000094,V0033,,2025-10-11 17:47:00,2025-10-11 18:53:42,2025-10-11 17:47:52,2025-10-11 19:05:13,completed,regular,
T2510002901,R001,0,2025-10-11,SAT_AUT25,SCH000084,V0018,,2025-10-11 17:48:00,2025-10-11 19:05:18,2025-10-11 17:48:00,2025-10-11 19:02:07,completed,regular,
T2510002902,R004,1,2025-10-11,SAT_AUT25,SCH000119,V0045,,2025-10-11 17:48:00,2025-10-11 18:16:48,2025-10-11 17:50:51,2025-10-11 18:19:40,completed,regular,
T2510002903,R007,1,2025-10-11,SAT_AUT25,SCH000149,V0061,,2025-10-11 17:49:00,2025-10-11 18:12:30,2025-10-11 17:53:48,2025-10-11 18:19:20,completed,regular,
T2510002904,R006,0,2025-10-11,SAT_AUT25,SCH000134,V0058,,2025-10-11 17:51:00,2025-10-11 18:36:12,2025-10-11 17:51:00,2025-10-11 18:35:18,completed,regular,
T2510002905,R008,1,2025-10-11,SAT_AUT25,SCH000159,V0064,,2025-10-11 17:52:00,2025-10-11 18:07:06,2025-10-11 17:52:55,2025-10-11 18:05:23,completed,regular,
T2510002906,R003,0,2025-10-11,SAT_AUT25,SCH000104,V0036,,2025-10-11 17:54:00,2025-10-11 18:42:06,2025-10-11 17:54:11,2025-10-11 18:45:14,completed,regular,
T2510002907,R005,1,2025-10-11,SAT_AUT25,SCH000129,V0052,,2025-10-11 17:55:00,2025-10-11 18:41:12,2025-10-11 17:55:27,2025-10-11 18:45:16,completed,regular,
T2510002908,R002,1,2025-10-11,SAT_AUT25,SCH000099,V0034,,2025-10-11 17:58:00,2025-10-11 19:04:42,2025-10-11 17:58:31,2025-10-11 19:19:49,completed,regular,
T2510002909,R001,1,2025-10-11,SAT_AUT25,SCH000089,V0022,,2025-10-11 17:59:00,2025-10-11 19:16:18,2025-10-11 18:02:04,2025-10-11 19:15:41,completed,regular,
T2510002910,R001,0,2025-10-11,SAT_AUT25,SCH000084,V0021,,2025-10-11 18:00:00,2025-10-11 19:17:18,2025-10-11 18:00:00,2025-10-11 19:16:15,completed,regular,
T2510002911,R006,1,2025-10-11,SAT_AUT25,SCH000139,V0054,,2025-10-11 18:02:00,2025-10-11 18:47:12,2025-10-11 18:06:53,2025-10-11 18:51:22,completed,regular,
T2510002912,R003,1,2025-10-11,SAT_AUT25,SCH000109,V0044,,2025-10-11 18:05:00,2025-10-11 18:53:06,2025-10-11 18:05:31,2025-10-11 18:57:21,completed,regular,
T2510002913,R001,1,2025-10-11,SAT_AUT25,SCH000089,V0023,,2025-10-11 18:11:00,2025-10-11 19:28:18,2025-10-11 18:11:50,2025-10-11 19:22:24,completed,regular,
T2510002914,R001,0,2025-10-11,SAT_AUT25,SCH000084,V0024,,2025-10-11 18:12:00,2025-10-11 19:29:18,2025-10-11 18:12:00,2025-10-11 19:35:21,completed,regular,
T2510002915,R002,0,2025-10-11,SAT_AUT25,SCH000094,V0035,,2025-10-11 18:12:00,2025-10-11 19:18:42,2025-10-11 18:14:58,2025-10-11 19:27:38,completed,regular,
T2510002916,R004,0,2025-10-11,SAT_AUT25,SCH000114,V0047,,2025-10-11 18:15:00,2025-10-11 18:43:48,2025-10-11 18:16:20,2025-10-11 18:46:24,completed,regular,
T2510002917,R003,0,2025-10-11,SAT_AUT25,SCH000104,V0037,,2025-10-11 18:19:00,2025-10-11 19:07:06,2025-10-11 18:19:42,2025-10-11 19:17:22,completed,regular,
T2510002918,R005,0,2025-10-11,SAT_AUT25,SCH000124,V0053,,2025-10-11 18:22:00,2025-10-11 19:08:12,2025-10-11 18:22:25,2025-10-11 19:12:17,completed,regular,
T2510002919,R001,1,2025-10-11,SAT_AUT25,SCH000089,V0002,,2025-10-11 18:23:00,2025-10-11 19:40:18,2025-10-11 18:24:41,2025-10-11 19:44:16,completed,regular,
T2510002920,R002,1,2025-10-11,SAT_AUT25,SCH000099,V0025,,2025-10-11 18:23:00,2025-10-11 19:29:42,2025-10-11 18:23:00,2025-10-11 19:30:11,completed,regular,
T2510002921,R001,0,2025-10-11,SAT_AUT25,SCH000084,V0003,,2025-10-11 18:24:00,2025-10-11 19:41:18,2025-10-11 18:24:00,2025-10-11 19:48:21,completed,regular,
T2510002922,R004,1,2025-10-11,SAT_AUT25,SCH000119,V0046,,2025-10-11 18:26:00,2025-10-11 18:54:48,2025-10-11 18:26:14,2025-10-11 18:56:41,completed,regular,
T2510002923,R006,0,2025-10-11,SAT_AUT25,SCH000134,V0055,,2025-10-11 18:29:00,2025-10-11 19:14:12,2025-10-11 18:29:32,2025-10-11 19:13:29,completed,regular,
T2510002924,R003,1,2025-10-11,SAT_AUT25,SCH000109,V0038,,2025-10-11 18:30:00,2025-10-11 19:18:06,2025-10-11 18:30:00,2025-10-11 19:27:23,completed,regular,
T2510002925,R005,1,2025-10-11,SAT_AUT25,SCH000129,V0049,,2025-10-11 18:33:00,2025-10-11 19:19:12,2025-10-11 18:38:59,2025-10-11 19:34:23,completed,regular,
T2510002926,R007,0,2025-10-11,SAT_AUT25,SCH000144,V0059,,2025-10-11 18:34:00,2025-10-11 18:57:30,2025-10-11 18:34:00,2025-10-11 18:56:26,completed,regular,
T2510002927,R001,1,2025-10-11,SAT_AUT25,SCH000089,V0001,,2025-10-11 18:35:00,2025-10-11 19:52:18,2025-10-11 18:36:00,2025-10-11 20:03:32,completed,regular,
T2510002928,R001,0,2025-10-11,SAT_AUT25,SCH000084,V0004,,2025-10-11 18:36:00,2025-10-11 19:53:18,2025-10-11 18:40:50,2025-10-11 20:04:49,completed,regular,
T2510002929,R002,0,2025-10-11,SAT_AUT25,SCH000094,V0026,,2025-10-11 18:37:00,2025-10-11 19:43:42,2025-10-11 18:37:00,2025-10-11 19:46:47,completed,regular,
T2510002930,R006,1,2025-10-11,SAT_AUT25,SCH000139,V0056,,2025-10-11 18:40:00,2025-10-11 19:25:12,2025-10-11 18:40:00,2025-10-11 19:20:56,completed,regular,
T2510002931,R008,0,2025-10-11,SAT_AUT25,SCH000154,V0062,,2025-10-11 18:41:00,2025-10-11 18:56:06,2025-10-11 18:41:00,2025-10-11 18:58:23,completed,regular,
T2510002932,R003,0,2025-10-11,SAT_AUT25,SCH000104,V0039,,2025-10-11 18:44:00,2025-10-11 19:32:06,2025-10-11 18:45:32,2025-10-11 19:44:50,completed,regular,
T2510002933,R007,1,2025-10-11,SAT_AUT25,SCH000149,V0060,,2025-10-11 18:45:00,2025-10-11 19:08:30,2025-10-11 18:45:30,2025-10-11 19:10:19,completed,regular,
T2510002934,R001,1,2025-10-11,SAT_AUT25,SCH000089,V0006,,2025-10-11 18:47:00,2025-10-11 20:04:18,2025-10-11 18:47:06,2025-10-11 20:11:42,completed,regular,
T2510002935,R001,0,2025-10-11,SAT_AUT25,SCH000084,V0005,,2025-10-11 18:48:00,2025-10-11 20:05:18,2025-10-11 18:48:05,2025-10-11 20:09:31,completed,regular,
T2510002936,R002,1,2025-10-11,SAT_AUT25,SCH000099,V0027,,2025-10-11 18:48:00,2025-10-11 19:54:42,2025-10-11 18:49:29,2025-10-11 19:59:53,completed,regular,
T2510002937,R008,1,2025-10-11,SAT_AUT25,SCH000159,V0063,,2025-10-11 18:48:00,2025-10-11 19:03:06,2025-10-11 18:53:07,2025-10-11 19:06:42,completed,regular,
T2510002938,R004,0,2025-10-11,SAT_AUT25,SCH000114,V0048,,2025-10-11 18:53:00,2025-10-11 19:21:48,2025-10-11 18:57:55,2025-10-11 19:27:13,completed,regular,
T2510002939,R003,1,2025-10-11,SAT_AUT25,SCH000109,V0041,,2025-10-11 18:55:00,2025-10-11 19:43:06,2025-10-11 18:57:57,2025-10-11 19:57:00,completed,regular,
T2510002940,R001,1,2025-10-11,SAT_AUT25,SCH000089,V0007,,2025-10-11 18:59:00,2025-10-11 20:16:18,2025-10-11 18:59:36,2025-10-11 20:20:58,completed,regular,
T2510002941,R001,0,2025-10-11,SAT_AUT25,SCH000084,V0010,,2025-10-11 19:00:00,2025-10-11 20:17:18,,,cancelled,regular,driver_shortage
T2510002942,R005,0,2025-10-11,SAT_AUT25,SCH000124,V0050,,2025-10-11 19:00:00,2025-10-11 19:46:12,2025-10-11 19:00:00,2025-10-11 19:52:59,completed,regular,
T2510002943,R002,0,2025-10-11,SAT_AUT25,SCH000094,V0028,,2025-10-11 19:02:00,2025-10-11 20:08:42,2025-10-11 19:02:33,2025-10-11 20:10:56,completed,regular,
T2510002944,R004,1,2025-10-11,SAT_AUT25,SCH000119,V0045,,2025-10-11 19:04:00,2025-10-11 19:32:48,2025-10-11 19:04:00,2025-10-11 19:31:37,completed,regular,
T2510002945,R006,0,2025-10-11,SAT_AUT25,SCH000134,V0057,,2025-10-11 19:07:00,2025-10-11 19:52:12,2025-10-11 19:07:00,2025-10-11 19:47:32,completed,regular,
T2510002946,R003,0,2025-10-11,SAT_AUT25,SCH000104,V0040,,2025-10-11 19:09:00,2025-10-11 19:57:06,2025-10-11 19:10:26,2025-10-11 20:05:38,completed,regular,
T2510002947,R001,1,2025-10-11,SAT_AUT25,SCH000089,V0010,,2025-10-11 19:11:00,2025-10-11 20:28:18,2025-10-11 19:15:04,2025-10-11 20:46:34,completed,regular,
T2510002948,R005,1,2025-10-11,SAT_AUT25,SCH000129,V0052,,2025-10-11 19:11:00,2025-10-11 19:57:12,2025-10-11 19:16:40,2025-10-11 20:14:23,completed,regular,
T2510002949,R001,0,2025-10-11,SAT_AUT25,SCH000084,V0008,,2025-10-11 19:12:00,2025-10-11 20:29:18,2025-10-11 19:12:00,2025-10-11 20:51:19,completed,regular,
T2510002950,R002,1,2025-10-11,SAT_AUT25,SCH000099,V0029,,2025-10-11 19:13:00,2025-10-11 20:19:42,2025-10-11 19:18:47,2025-10-11 20:28:06,completed,regular,
T2510002951,R006,1,2025-10-11,SAT_AUT25,SCH000139,V0058,,2025-10-11 19:18:00,2025-10-11 20:03:12,2025-10-11 19:18:27,2025-10-11 20:02:24,completed,regular,
T2510002952,R003,1,2025-10-11,SAT_AUT25,SCH000109,V0043,,2025-10-11 19:20:00,2025-10-11 20:08:06,2025-10-11 19:21:24,2025-10-11 20:21:18,completed,regular,
T2510002953,R001,1,2025-10-11,SAT_AUT25,SCH000089,V0015,,2025-10-11 19:23:00,2025-10-11 20:40:18,2025-10-11 19:24:00,2025-10-11 20:45:17,completed,regular,
T2510002954,R001,0,2025-10-11,SAT_AUT25,SCH000084,V0009,,2025-10-11 19:24:00,2025-10-11 20:41:18,2025-10-11 19:24:00,2025-10-11 20:47:35,completed,regular,
T2510002955,R002,0,2025-10-11,SAT_AUT25,SCH000094,V0031,,2025-10-11 19:27:00,2025-10-11 20:33:42,2025-10-11 19:29:03,2025-10-11 20:36:50,completed,regular,
T2510002956,R001,0,2025-10-11,SAT_AUT25,SCH000085,V0011,,2025-10-11 19:30:00,2025-10-11 20:31:12,2025-10-11 19:31:59,2025-10-11 20:28:40,completed,regular,
T2510002957,R008,1,2025-10-11,SAT_AUT25,SCH000160,V0064,,2025-10-11 19:30:00,2025-10-11 19:41:54,2025-10-11 19:31:13,2025-10-11 19:40:58,completed,regular,
T2510002958,R002,0,2025-10-11,SAT_AUT25,SCH000095,V0030,,2025-10-11 19:37:00,2025-10-11 20:24:24,2025-10-11 19:41:11,2025-10-11 20:28:48,completed,regular,
T2510002959,R001,1,2025-10-11,SAT_AUT25,SCH000090,V0012,,2025-10-11 19:41:00,2025-10-11 20:42:12,2025-10-11 19:41:00,2025-10-11 20:41:48,completed,regular,
T2510002960,R003,0,2025-10-11,SAT_AUT25,SCH000105,V0042,,2025-10-11 19:44:00,2025-10-11 20:18:12,2025-10-11 19:45:45,2025-10-11 20:23:52,completed,regular,
T2510002961,R002,1,2025-10-11,SAT_AUT25,SCH000100,V0032,,2025-10-11 19:48:00,2025-10-11 20:35:24,2025-10-11 19:48:23,2025-10-11 20:30:42,completed,regular,
T2510002962,R004,0,2025-10-11,SAT_AUT25,SCH000115,V0047,,2025-10-11 19:51:00,2025-10-11 20:12:12,2025-10-11 19:51:00,2025-10-11 20:09:04,completed,regular,
T2510002963,R001,0,2025-10-11,SAT_AUT25,SCH000085,V0017,,2025-10-11 19:55:00,2025-10-11 20:56:12,2025-10-11 19:59:27,2025-10-11 20:59:55,completed,regular,
T2510002964,R003,1,2025-10-11,SAT_AUT25,SCH000110,V0036,,2025-10-11 19:55:00,2025-10-11 20:29:12,2025-10-11 19:56:28,2025-10-11 20:32:05,completed,regular,
T2510002965,R005,0,2025-10-11,SAT_AUT25,SCH000125,V0051,,2025-10-11 19:58:00,2025-10-11 20:32:00,2025-10-11 19:58:00,2025-10-11 20:34:45,completed,regular,
T2510002966,R004,1,2025-10-11,SAT_AUT25,SCH000120,V0046,,2025-10-11 20:02:00,2025-10-11 20:23:12,,,cancelled,regular,driver_shortage
T2510002967,R006,0,2025-10-11,SAT_AUT25,SCH000135,V0054,,2025-10-11 20:05:00,2025-10-11 20:38:18,2025-10-11 20:05:47,2025-10-11 20:34:27,completed,regular,
T2510002968,R001,1,2025-10-11,SAT_AUT25,SCH000090,,,2025-10-11 20:06:00,2025-10-11 21:07:12,2025-10-11 20:06:23,2025-10-11 21:04:28,completed,regular,
T2510002969,R005,1,2025-10-11,SAT_AUT25,SCH000130,V0053,,2025-10-11 20:09:00,2025-10-11 20:43:00,2025-10-11 20:09:00,2025-10-11 20:51:19,completed,regular,
T2510002970,R007,0,2025-10-11,SAT_AUT25,SCH000145,V0061,,2025-10-11 20:12:00,2025-10-11 20:30:30,2025-10-11 20:14:45,2025-10-11 20:30:56,completed,regular,
T2510002971,R006,1,2025-10-11,SAT_AUT25,SCH000140,V0055,,2025-10-11 20:16:00,2025-10-11 20:49:18,2025-10-11 20:16:37,2025-10-11 20:47:49,completed,regular,
T2510002972,R008,0,2025-10-11,SAT_AUT25,SCH000155,V0062,,2025-10-11 20:19:00,2025-10-11 20:30:54,2025-10-11 20:19:00,2025-10-11 20:29:10,completed,regular,
T2510002973,R001,0,2025-10-11,SAT_AUT25,SCH000085,V0013,,2025-10-11 20:20:00,2025-10-11 21:21:12,2025-10-11 20:20:28,2025-10-11 21:25:12,completed,regular,
T2510002974,R007,1,2025-10-11,SAT_AUT25,SCH000150,V0059,,2025-10-11 20:23:00,2025-10-11 20:41:30,2025-10-11 20:25:13,2025-10-11 20:44:25,completed,regular,
T2510002975,R001,1,2025-10-11,SAT_AUT25,SCH000090,V0016,,2025-10-11 20:31:00,2025-10-11 21:32:12,2025-10-11 20:32:02,2025-10-11 21:42:59,completed,regular,
T2510002976,R002,0,2025-10-11,SAT_AUT25,SCH000095,V0033,,2025-10-11 20:33:00,2025-10-11 21:20:24,2025-10-11 20:33:00,2025-10-11 21:21:54,completed,regular,
T2510002977,R003,0,2025-10-11,SAT_AUT25,SCH000105,V0044,,2025-10-11 20:40:00,2025-10-11 21:14:12,2025-10-11 20:40:22,2025-10-11 21:17:36,completed,regular,
T2510002978,R002,1,2025-10-11,SAT_AUT25,SCH000100,V0034,,2025-10-11 20:44:00,2025-10-11 21:31:24,2025-10-11 20:44:00,2025-10-11 21:32:01,completed,regular,
T2510002979,R001,0,2025-10-11,SAT_AUT25,SCH000085,V0018,,2025-10-11 20:45:00,2025-10-11 21:46:12,2025-10-11 20:45:55,2025-10-11 22:02:23,completed,regular,
T2510002980,R003,1,2025-10-11,SAT_AUT25,SCH000110,V0037,,2025-10-11 20:51:00,2025-10-11 21:25:12,2025-10-11 20:52:54,2025-10-11 21:36:04,completed,regular,
T2510002981,R001,1,2025-10-11,SAT_AUT25,SCH000090,V0019,,2025-10-11 20:56:00,2025-10-11 21:57:12,2025-10-11 20:56:00,2025-10-11 21:56:57,completed,regular,
T2510002982,R004,0,2025-10-11,SAT_AUT25,SCH000115,,,2025-10-11 21:06:00,2025-10-11 21:27:12,2025-10-11 21:06:12,2025-10-11 21:23:50,completed,regular,
T2510002983,R001,0,2025-10-11,SAT_AUT25,SCH000085,V0022,,2025-10-11 21:10:00,2025-10-11 22:11:12,2025-10-11 21:10:00,2025-10-11 22:12:57,completed,regular,
T2510002984,R005,0,2025-10-11,SAT_AUT25,SCH000125,V0049,,2025-10-11 21:13:00,2025-10-11 21:47:00,2025-10-11 21:13:17,2025-10-11 21:53:02,completed,regular,
T2510002985,R004,1,2025-10-11,SAT_AUT25,SCH000120,V0048,,2025-10-11 21:17:00,2025-10-11 21:38:12,2025-10-11 21:18:30,2025-10-11 21:43:14,completed,regular,
T2510002986,R006,0,2025-10-11,SAT_AUT25,SCH000135,V0056,,2025-10-11 21:20:00,2025-10-11 21:53:18,2025-10-11 21:24:38,2025-10-11 21:55:10,completed,regular,
T2510002987,R001,1,2025-10-11,SAT_AUT25,SCH000090,V0021,,2025-10-11 21:21:00,2025-10-11 22:22:12,2025-10-11 21:27:00,2025-10-11 22:31:04,completed,regular,
T2510002988,R008,1,2025-10-11,SAT_AUT25,SCH000160,V0063,,2025-10-11 21:22:00,2025-10-11 21:33:54,2025-10-11 21:23:57,2025-10-11 21:36:34,completed,regular,
T2510002989,R005,1,2025-10-11,SAT_AUT25,SCH000130,V0050,,2025-10-11 21:24:00,2025-10-11 21:58:00,2025-10-11 21:27:48,2025-10-11 22:06:01,completed,regular,
T2510002990,R002,0,2025-10-11,SAT_AUT25,SCH000095,V0035,,2025-10-11 21:29:00,2025-10-11 22:16:24,2025-10-11 21:29:59,2025-10-11 22:15:11,completed,regular,
T2510002991,R006,1,2025-10-11,SAT_AUT25,SCH000140,V0057,,2025-10-11 21:31:00,2025-10-11 22:04:18,2025-10-11 21:31:00,2025-10-11 21:58:29,completed,regular,
T2510002992,R001,0,2025-10-11,SAT_AUT25,SCH000085,V0020,,2025-10-11 21:35:00,2025-10-11 22:36:12,2025-10-11 21:35:00,2025-10-11 22:41:24,completed,regular,
T2510002993,R003,0,2025-10-11,SAT_AUT25,SCH000105,V0038,,2025-10-11 21:36:00,2025-10-11 22:10:12,2025-10-11 21:36:59,2025-10-11 22:16:59,completed,regular,
T2510002994,R002,1,2025-10-11,SAT_AUT25,SCH000100,V0025,,2025-10-11 21:40:00,2025-10-11 22:27:24,2025-10-11 21:40:54,2025-10-11 22:33:18,completed,regular,
T2510002995,R001,1,2025-10-11,SAT_AUT25,SCH000090,V0023,,2025-10-11 21:46:00,2025-10-11 22:47:12,2025-10-11 21:46:00,2025-10-11 22:45:04,completed,regular,
T2510002996,R003,1,2025-10-11,SAT_AUT25,SCH000110,V0039,,2025-10-11 21:47:00,2025-10-11 22:21:12,2025-10-11 21:48:09,2025-10-11 22:29:33,completed,regular,
T2510002997,R001,0,2025-10-11,SAT_AUT25,SCH000085,V0024,,2025-10-11 22:00:00,2025-10-11 23:01:12,2025-10-11 22:01:47,2025-10-11 23:10:36,completed,regular,
T2510002998,R007,0,2025-10-11,SAT_AUT25,SCH000145,V0060,,2025-10-11 22:04:00,2025-10-11 22:22:30,2025-10-11 22:07:28,2025-10-11 22:25:44,completed,regular,
T2510002999,R001,1,2025-10-11,SAT_AUT25,SCH000090,V0002,,2025-10-11 22:11:00,2025-10-11 23:12:12,2025-10-11 22:11:57,2025-10-11 23:15:25,completed,regular,
T2510003000,R008,0,2025-10-11,SAT_AUT25,SCH000155,V0064,,2025-10-11 22:11:00,2025-10-11 22:22:54,2025-10-11 22:16:05,2025-10-11 22:25:50,completed,regular,
T2510003001,R007,1,2025-10-11,SAT_AUT25,SCH000150,V0061,,2025-10-11 22:15:00,2025-10-11 22:33:30,2025-10-11 22:15:00,2025-10-11 22:31:25,completed,regular,
T2510003002,R004,0,2025-10-11,SAT_AUT25,SCH000115,V0045,,2025-10-11 22:21:00,2025-10-11 22:42:12,2025-10-11 22:22:04,2025-10-11 22:41:24,completed,regular,
T2510003003,R001,0,2025-10-11,SAT_AUT25,SCH000085,V0003,,2025-10-11 22:25:00,2025-10-11 23:26:12,2025-10-11 22:26:10,2025-10-11 23:26:48,completed,regular,
T2510003004,R002,0,2025-10-11,SAT_AUT25,SCH000095,V0026,,2025-10-11 22:25:00,2025-10-11 23:12:24,2025-10-11 22:26:24,2025-10-11 23:22:30,completed,regular,
T2510003005,R005,0,2025-10-11,SAT_AUT25,SCH000125,V0052,,2025-10-11 22:28:00,2025-10-11 23:02:00,2025-10-11 22:28:00,2025-10-11 23:05:54,completed,regular,
T2510003006,R001,0,2025-10-12,SUN_AUT25,SCH000161,V0001,,2025-10-12 05:30:00,2025-10-12 06:24:00,2025-10-12 05:30:43,2025-10-12 06:35:10,completed,regular,
T2510003007,R008,1,2025-10-12,SUN_AUT25,SCH000236,V0062,,2025-10-12 05:30:00,2025-10-12 05:40:24,2025-10-12 05:30:07,2025-10-12 05:38:39,completed,regular,
T2510003008,R002,0,2025-10-12,SUN_AUT25,SCH000171,V0025,,2025-10-12 05:37:00,2025-10-12 06:16:06,2025-10-12 05:37:44,2025-10-12 06:21:04,completed,regular,
T2510003008,R002,0,2025-10-12,SUN_AUT25,SCH000171,V0025,,2025-10-12 05:37:00,2025-10-12 06:16:06,2025-10-12 05:37:44,2025-10-12 06:21:04,completed,regular,
T2510003009,R001,1,2025-10-12,SUN_AUT25,SCH000166,V0002,,2025-10-12 05:41:00,2025-10-12 06:35:00,2025-10-12 05:41:13,2025-10-12 06:35:49,completed,regular,
T2510003010,R003,0,2025-10-12,SUN_AUT25,SCH000181,V0036,,2025-10-12 05:44:00,2025-10-12 06:12:12,2025-10-12 05:44:18,2025-10-12 06:16:18,completed,regular,
T2510003011,R002,1,2025-10-12,SUN_AUT25,SCH000176,V0026,,2025-10-12 05:48:00,2025-10-12 06:27:06,2025-10-12 05:49:00,2025-10-12 06:29:19,completed,regular,
T2510003011,R002,1,2025-10-12,SUN_AUT25,SCH000176,V0026,,2025-10-12 05:48:00,2025-10-12 06:27:06,2025-10-12 05:49:00,2025-10-12 06:29:19,completed,regular,
T2510003012,R004,0,2025-10-12,SUN_AUT25,SCH000191,V0045,,2025-10-12 05:51:00,2025-10-12 06:09:24,2025-10-12 05:51:32,2025-10-12 06:08:29,completed,regular,
T2510003013,R001,0,2025-10-12,SUN_AUT25,SCH000161,V0003,,2025-10-12 05:52:00,2025-10-12 06:46:00,2025-10-12 05:52:00,2025-10-12 06:43:29,completed,regular,
T2510003014,R003,1,2025-10-12,SUN_AUT25,SCH000186,V0037,,2025-10-12 05:55:00,2025-10-12 06:23:12,2025-10-12 05:57:08,2025-10-12 06:31:56,completed,regular,
T2510003015,R005,0,2025-10-12,SUN_AUT25,SCH000201,V0049,,2025-10-12 05:58:00,2025-10-12 06:27:24,2025-10-12 05:58:12,2025-10-12 06:36:48,completed,regular,
T2510003016,R004,1,2025-10-12,SUN_AUT25,SCH000196,V0046,,2025-10-12 06:02:00,2025-10-12 06:20:24,2025-10-12 06:02:28,2025-10-12 06:18:39,completed,regular,
T2510003017,R001,1,2025-10-12,SUN_AUT25,SCH000166,V0004,,2025-10-12 06:03:00,2025-10-12 06:57:00,2025-10-12 06:03:44,2025-10-12 07:02:31,completed,regular,
T2510003018,R006,0,2025-10-12,SUN_AUT25,SCH000211,V0054,,2025-10-12 06:05:00,2025-10-12 06:33:48,2025-10-12 06:06:05,2025-10-12 06:29:42,completed,regular,
T2510003019,R005,1,2025-10-12,SUN_AUT25,SCH000206,V0050,,2025-10-12 06:09:00,2025-10-12 06:38:24,2025-10-12 06:09:00,2025-10-12 06:40:04,completed,regular,
T2510003020,R007,0,2025-10-12,SUN_AUT25,SCH000221,V0059,,2025-10-12 06:12:00,2025-10-12 06:28:06,2025-10-12 06:13:26,2025-10-12 06:27:06,completed,regular,
T2510003021,R001,0,2025-10-12,SUN_AUT25,SCH000161,V0005,,2025-10-12 06:14:00,2025-10-12 07:08:00,2025-10-12 06:15:04,2025-10-12 07:12:53,completed,regular,
T2510003022,R006,1,2025-10-12,SUN_AUT25,SCH000216,V0055,,2025-10-12 06:16:00,2025-10-12 06:44:48,2025-10-12 06:17:32,2025-10-12 06:46:41,completed,regular,
T2510003023,R008,0,2025-10-12,SUN_AUT25,SCH000231,V0063,,2025-10-12 06:19:00,2025-10-12 06:29:24,2025-10-12 06:19:16,2025-10-12 06:28:05,completed,regular,
T2510003024,R002,0,2025-10-12,SUN_AUT25,SCH000171,V0027,,2025-10-12 06:22:00,2025-10-12 07:01:06,2025-10-12 06:23:07,2025-10-12 07:01:47,completed,regular,
T2510003025,R007,1,2025-10-12,SUN_AUT25,SCH000226,V0060,,2025-10-12 06:23:00,2025-10-12 06:39:06,2025-10-12 06:23:00,2025-10-12 06:39:11,completed,regular,
T2510003026,R001,1,2025-10-12,SUN_AUT25,SCH000166,V0006,,2025-10-12 06:25:00,2025-10-12 07:19:00,2025-10-12 06:25:17,2025-10-12 07:25:46,completed,regular,
T2510003027,R003,0,2025-10-12,SUN_AUT25,SCH000181,V0038,,2025-10-12 06:29:00,2025-10-12 06:57:12,2025-10-12 06:29:23,2025-10-12 06:59:46,completed,regular,
T2510003028,R002,1,2025-10-12,SUN_AUT25,SCH000176,V0028,,2025-10-12 06:33:00,2025-10-12 07:12:06,2025-10-12 06:34:09,2025-10-12 07:17:41,completed,regular,
T2510003029,R001,0,2025-10-12,SUN_AUT25,SCH000161,V0007,,2025-10-12 06:36:00,2025-10-12 07:30:00,2025-10-12 06:36:26,2025-10-12 07:33:13,completed,regular,
T2510003030,R003,1,2025-10-12,SUN_AUT25,SCH000186,V0039,,2025-10-12 06:40:00,2025-10-12 07:08:12,2025-10-12 06:40:00,2025-10-12 07:12:00,completed,regular,
T2510003031,R001,1,2025-10-12,SUN_AUT25,SCH000166,V0008,,2025-10-12 06:47:00,2025-10-12 07:41:00,2025-10-12 06:48:27,2025-10-12 07:48:05,completed,regular,
T2510003032,R001,0,2025-10-12,SUN_AUT25,SCH000161,V0009,,2025-10-12 06:58:00,2025-10-12 07:52:00,2025-10-12 07:00:13,2025-10-12 07:55:21,completed,regular,
T2510003033,R004,0,2025-10-12,SUN_AUT25,SCH000191,V0047,,2025-10-12 06:59:00,2025-10-12 07:17:24,2025-10-12 06:59:00,2025-10-12 07:15:12,completed,regular,
T2510003034,R001,0,2025-10-12,SUN_AUT25,SCH000162,,,2025-10-12 07:00:00,2025-10-12 08:10:18,2025-10-12 07:04:52,2025-10-12 08:12:17,completed,regular,
T2510003035,R008,1,2025-10-12,SUN_AUT25,SCH000237,V0064,,2025-10-12 07:00:00,2025-10-12 07:14:06,2025-10-12 07:00:27,2025-10-12 07:12:23,completed,regular,
T2510003036,R006,1,2025-10-12,SUN_AUT25,SCH000217,V0056,,2025-10-12 07:01:00,2025-10-12 07:42:48,2025-10-12 07:01:00,2025-10-12 07:36:01,completed,regular,
T2510003037,R002,0,2025-10-12,SUN_AUT25,SCH000172,V0029,,2025-10-12 07:07:00,2025-10-12 08:08:30,2025-10-12 07:07:00,2025-10-12 08:09:58,completed,regular,
T2510003038,R001,1,2025-10-12,SUN_AUT25,SCH000167,V0011,,2025-10-12 07:11:00,2025-10-12 08:21:18,2025-10-12 07:12:05,2025-10-12 08:30:20,completed,regular,
T2510003038,R001,1,2025-10-12,SUN_AUT25,SCH000167,V0011,,2025-10-12 07:11:00,2025-10-12 08:21:18,2025-10-12 07:12:05,2025-10-12 08:30:20,completed,regular,
T2510003039,R003,0,2025-10-12,SUN_AUT25,SCH000182,V0040,,2025-10-12 07:14:00,2025-10-12 07:58:18,2025-10-12 07:19:01,2025-10-12 08:12:20,completed,regular,
T2510003040,R001,0,2025-10-12,SUN_AUT25,SCH000162,V0012,,2025-10-12 07:15:00,2025-10-12 08:25:18,2025-10-12 07:16:33,2025-10-12 08:24:42,completed,regular,
T2510003041,R002,1,2025-10-12,SUN_AUT25,SCH000177,V0030,,2025-10-12 07:18:00,2025-10-12 08:19:30,2025-10-12 07:18:26,2025-10-12 08:21:58,completed,regular,
T2510003042,R004,0,2025-10-12,SUN_AUT25,SCH000192,V0048,,2025-10-12 07:21:00,2025-10-12 07:47:36,2025-10-12 07:21:27,2025-10-12 07:46:56,completed,regular,
T2510003043,R003,1,2025-10-12,SUN_AUT25,SCH000187,V0041,,2025-10-12 07:25:00,2025-10-12 08:09:18,2025-10-12 07:27:38,2025-10-12 08:21:07,completed,regular,
T2510003044,R001,1,2025-10-12,SUN_AUT25,SCH000167,V0013,,2025-10-12 07:26:00,2025-10-12 08:36:18,2025-10-12 07:26:31,2025-10-12 08:40:34,completed,regular,
T2510003045,R005,0,2025-10-12,SUN_AUT25,SCH000202,V0051,,2025-10-12 07:28:00,2025-10-12 08:10:36,2025-10-12 07:33:35,2025-10-12 08:29:50,completed,regular,
T2510003046,R001,0,2025-10-12,SUN_AUT25,SCH000162,V0014,,2025-10-12 07:30:00,2025-10-12 08:40:18,2025-10-12 07:30:33,2025-10-12 08:40:49,completed,regular,
T2510003047,R004,1,2025-10-12,SUN_AUT25,SCH000197,V0045,,2025-10-12 07:32:00,2025-10-12 07:58:36,2025-10-12 07:32:00,2025-10-12 08:01:32,completed,regular,
T2510003048,R006,0,2025-10-12,SUN_AUT25,SCH000212,V0057,,2025-10-12 07:35:00,2025-10-12 08:16:48,2025-10-12 07:36:01,2025-10-12 08:18:56,completed,regular,
T2510003049,R002,0,2025-10-12,SUN_AUT25,SCH000172,V0031,,2025-10-12 07:37:00,2025-10-12 08:38:30,2025-10-12 07:37:00,2025-10-12 08:41:31,completed,regular,
T2510003050,R005,1,2025-10-12,SUN_AUT25,SCH000207,V0052,,2025-10-12 07:39:00,2025-10-12 08:21:36,2025-10-12 07:39:00,2025-10-12 08:27:07,completed,regular,
T2510003051,R001,1,2025-10-12,SUN_AUT25,SCH000167,V0015,,2025-10-12 07:41:00,2025-10-12 08:51:18,2025-10-12 07:45:46,2025-10-12 09:00:23,completed,regular,
T2510003052,R007,0,2025-10-12,SUN_AUT25,SCH000222,V0061,,2025-10-12 07:42:00,2025-10-12 08:03:48,2025-10-12 07:42:54,2025-10-12 08:04:05,completed,regular,
T2510003053,R003,0,2025-10-12,SUN_AUT25,SCH000182,V0042,,2025-10-12 07:44:00,2025-10-12 08:28:18,2025-10-12 07:44:26,2025-10-12 08:37:10,completed,regular,
T2510003054,R001,0,2025-10-12,SUN_AUT25,SCH000162,V0016,,2025-10-12 07:45:00,2025-10-12 08:55:18,2025-10-12 07:47:06,2025-10-12 09:01:52,completed,regular,
T2510003055,R006,1,2025-10-12,SUN_AUT25,SCH000217,V0058,,2025-10-12 07:46:00,2025-10-12 08:27:48,2025-10-12 07:48:50,2025-10-12 08:25:30,completed,regular,
T2510003056,R002,1,2025-10-12,SUN_AUT25,SCH000177,V0032,,2025-10-12 07:48:00,2025-10-12 08:49:30,2025-10-12 07:48:09,2025-10-12 08:51:29,completed,regular,
T2510003057,R008,0,2025-10-12,SUN_AUT25,SCH000232,V0062,,2025-10-12 07:49:00,2025-10-12 08:03:06,2025-10-12 07:49:01,2025-10-12 08:01:39,completed,regular,
T2510003058,R007,1,2025-10-12,SUN_AUT25,SCH000227,V0059,,2025-10-12 07:53:00,2025-10-12 08:14:48,2025-10-12 07:54:10,2025-10-12 08:14:37,completed,regular,
T2510003059,R003,1,2025-10-12,SUN_AUT25,SCH000187,V0043,,2025-10-12 07:55:00,2025-10-12 08:39:18,2025-10-12 07:55:00,2025-10-12 08:46:20,completed,regular,
T2510003060,R001,1,2025-10-12,SUN_AUT25,SCH000167,V0017,,2025-10-12 07:56:00,2025-10-12 09:06:18,2025-10-12 07:56:00,2025-10-12 09:05:21,completed,regular,
T2510003061,R001,0,2025-10-12,SUN_AUT25,SCH000162,V0018,,2025-10-12 08:00:00,2025-10-12 09:10:18,2025-10-12 08:00:22,2025-10-12 09:14:03,completed,regular,
T2510003062,R004,0,2025-10-12,SUN_AUT25,SCH000192,V0046,,2025-10-12 08:06:00,2025-10-12 08:32:36,2025-10-12 08:06:33,2025-10-12 08:32:03,completed,regular,
T2510003063,R002,0,2025-10-12,SUN_AUT25,SCH000172,V0033,,2025-10-12 08:07:00,2025-10-12 09:08:30,2025-10-12 08:08:06,2025-10-12 09:11:41,completed,regular,
T2510003064,R008,1,2025-10-12,SUN_AUT25,SCH000237,V0063,,2025-10-12 08:08:00,2025-10-12 08:22:06,,,cancelled,regular,driver_shortage
T2510003065,R001,1,2025-10-12,SUN_AUT25,SCH000167,V0019,,2025-10-12 08:11:00,2025-10-12 09:21:18,2025-10-12 08:14:33,2025-10-12 09:21:18,completed,regular,
T2510003066,R005,0,2025-10-12,SUN_AUT25,SCH000202,V0053,,2025-10-12 08:13:00,2025-10-12 08:55:36,2025-10-12 08:13:27,2025-10-12 09:13:19,completed,regular,
T2510003067,R003,0,2025-10-12,SUN_AUT25,SCH000182,V0044,,2025-10-12 08:14:00,2025-10-12 08:58:18,2025-10-12 08:14:48,2025-10-12 09:09:00,completed,regular,
T2510003068,R001,0,2025-10-12,SUN_AUT25,SCH000162,V0020,,2025-10-12 08:15:00,2025-10-12 09:25:18,2025-10-12 08:16:07,2025-10-12 09:29:41,completed,regular,
T2510003069,R004,1,2025-10-12,SUN_AUT25,SCH000197,V0047,,2025-10-12 08:17:00,2025-10-12 08:43:36,2025-10-12 08:17:00,2025-10-12 08:41:33,completed,regular,
T2510003070,R002,1,2025-10-12,SUN_AUT25,SCH000177,V0034,,2025-10-12 08:18:00,2025-10-12 09:19:30,2025-10-12 08:19:07,2025-10-12 09:32:22,completed,regular,
T2510003071,R006,0,2025-10-12,SUN_AUT25,SCH000212,V0054,,2025-10-12 08:20:00,2025-10-12 09:01:48,2025-10-12 08:20:50,2025-10-12 08:59:42,completed,regular,
T2510003072,R005,1,2025-10-12,SUN_AUT25,SCH000207,V0049,,2025-10-12 08:24:00,2025-10-12 09:06:36,2025-10-12 08:24:00,2025-10-12 09:16:51,completed,regular,
T2510003073,R003,1,2025-10-12,SUN_AUT25,SCH000187,V0036,,2025-10-12 08:25:00,2025-10-12 09:09:18,2025-10-12 08:25:24,2025-10-12 09:21:54,completed,regular,
T2510003074,R001,1,2025-10-12,SUN_AUT25,SCH000167,V0021,,2025-10-12 08:26:00,2025-10-12 09:36:18,2025-10-12 08:26:05,2025-10-12 09:39:43,completed,regular,
T2510003075,R001,0,2025-10-12,SUN_AUT25,SCH000162,V0022,,2025-10-12 08:30:00,2025-10-12 09:40:18,2025-10-12 08:30:33,2025-10-12 09:47:56,completed,regular,
T2510003076,R006,1,2025-10-12,SUN_AUT25,SCH000217,V0055,,2025-10-12 08:31:00,2025-10-12 09:12:48,2025-10-12 08:31:06,2025-10-12 09:14:34,completed,regular,
T2510003078,R001,1,2025-10-12,SUN_AUT25,SCH000167,V0023,,2025-10-12 08:41:00,2025-10-12 09:51:18,2025-10-12 08:41:30,2025-10-12 09:48:49,completed,regular,
T2510003079,R003,0,2025-10-12,SUN_AUT25,SCH000182,V0037,,2025-10-12 08:44:00,2025-10-12 09:28:18,2025-10-12 08:46:17,2025-10-12 09:42:51,completed,regular,
T2510003080,R001,0,2025-10-12,SUN_AUT25,SCH000162,V0024,,2025-10-12 08:45:00,2025-10-12 09:55:18,2025-10-12 08:45:31,2025-10-12 10:10:33,completed,regular,
T2510003081,R002,1,2025-10-12,SUN_AUT25,SCH000177,V0025,,2025-10-12 08:48:00,2025-10-12 09:49:30,2025-10-12 08:48:45,2025-10-12 10:01:05,completed,regular,
T2510003082,R007,0,2025-10-12,SUN_AUT25,SCH000222,V0060,,2025-10-12 08:50:00,2025-10-12 09:11:48,2025-10-12 08:50:02,2025-10-12 09:11:02,completed,regular,
T2510003083,R004,0,2025-10-12,SUN_AUT25,SCH000192,V0048,,2025-10-12 08:51:00,2025-10-12 09:17:36,2025-10-12 08:51:59,2025-10-12 09:17:23,completed,regular,
T2510003083,R004,0,2025-10-12,SUN_AUT25,SCH000192,V0048,,2025-10-12 08:51:00,2025-10-12 09:17:36,2025-10-12 08:51:59,2025-10-12 09:17:23,completed,regular,
T2510003084,R003,1,2025-10-12,SUN_AUT25,SCH000187,V0038,,2025-10-12 08:55:00,2025-10-12 09:39:18,2025-10-12 08:56:27,2025-10-12 09:59:12,completed,regular,
T2510003085,R001,1,2025-10-12,SUN_AUT25,SCH000167,V0001,,2025-10-12 08:56:00,2025-10-12 10:06:18,2025-10-12 08:57:14,2025-10-12 10:08:32,completed,regular,
T2510003086,R008,0,2025-10-12,SUN_AUT25,SCH000232,V0063,,2025-10-12 08:57:00,2025-10-12 09:11:06,2025-10-12 08:57:28,2025-10-12 09:10:55,completed,regular,
T2510003087,R005,0,2025-10-12,SUN_AUT25,SCH000202,V0050,,2025-10-12 08:58:00,2025-10-12 09:40:36,2025-10-12 08:58:34,2025-10-12 09:49:30,completed,regular,
T2510003088,R001,0,2025-10-12,SUN_AUT25,SCH000162,V0002,,2025-10-12 09:00:00,2025-10-12 10:10:18,2025-10-12 09:00:55,2025-10-12 10:15:30,completed,regular,
T2510003089,R002,0,2025-10-12,SUN_AUT25,SCH000172,V0026,,2025-10-12 09:00:00,2025-10-12 10:01:30,2025-10-12 09:00:25,2025-10-12 10:13:07,completed,event_extra,
T2510003090,R002,1,2025-10-12,SUN_AUT25,SCH000177,V0027,,2025-10-12 09:00:00,2025-10-12 10:01:30,2025-10-12 09:00:37,2025-10-12 10:16:05,completed,event_extra,
T2510003091,R003,0,2025-10-12,SUN_AUT25,SCH000182,V0039,,2025-10-12 09:00:00,2025-10-12 09:44:18,2025-10-12 09:00:00,2025-10-12 09:56:41,completed,event_extra,
T2510003092,R003,1,2025-10-12,SUN_AUT25,SCH000187,V0040,,2025-10-12 09:00:00,2025-10-12 09:44:18,2025-10-12 09:00:24,2025-10-12 09:49:25,completed,event_extra,
T2510003093,R005,0,2025-10-12,SUN_AUT25,SCH000202,V0052,,2025-10-12 09:00:00,2025-10-12 09:42:36,2025-10-12 09:00:00,2025-10-12 09:58:28,completed,event_extra,
T2510003094,R005,1,2025-10-12,SUN_AUT25,SCH000207,V0051,,2025-10-12 09:00:00,2025-10-12 09:42:36,2025-10-12 09:00:59,2025-10-12 10:10:29,completed,event_extra,
T2510003095,R007,1,2025-10-12,SUN_AUT25,SCH000227,V0061,,2025-10-12 09:01:00,2025-10-12 09:22:48,2025-10-12 09:01:00,2025-10-12 09:18:53,completed,regular,
T2510003096,R004,1,2025-10-12,SUN_AUT25,SCH000197,V0045,,2025-10-12 09:02:00,2025-10-12 09:28:36,2025-10-12 09:03:05,2025-10-12 09:24:58,completed,regular,
T2510003097,R006,0,2025-10-12,SUN_AUT25,SCH000212,V0056,,2025-10-12 09:05:00,2025-10-12 09:46:48,2025-10-12 09:10:27,2025-10-12 09:52:09,completed,regular,
T2510003098,R002,0,2025-10-12,SUN_AUT25,SCH000172,V0028,,2025-10-12 09:07:00,2025-10-12 10:08:30,2025-10-12 09:12:28,2025-10-12 10:21:39,completed,regular,
T2510003099,R005,1,2025-10-12,SUN_AUT25,SCH000207,V0053,,2025-10-12 09:09:00,2025-10-12 09:51:36,2025-10-12 09:19:19,2025-10-12 10:10:41,completed,regular,
T2510003100,R001,1,2025-10-12,SUN_AUT25,SCH000167,V0003,,2025-10-12 09:11:00,2025-10-12 10:21:18,2025-10-12 09:11:23,2025-10-12 10:24:12,completed,regular,
T2510003101,R003,0,2025-10-12,SUN_AUT25,SCH000182,V0041,,2025-10-12 09:14:00,2025-10-12 09:58:18,2025-10-12 09:14:00,2025-10-12 10:06:36,completed,regular,
T2510003102,R001,0,2025-10-12,SUN_AUT25,SCH000162,V0004,,2025-10-12 09:15:00,2025-10-12 10:25:18,,,cancelled,regular,driver_shortage
T2510003103,R006,1,2025-10-12,SUN_AUT25,SCH000217,V0057,,2025-10-12 09:16:00,2025-10-12 09:57:48,2025-10-12 09:18:07,2025-10-12 09:57:18,completed,regular,
T2510003104,R008,1,2025-10-12,SUN_AUT25,SCH000237,V0064,,2025-10-12 09:16:00,2025-10-12 09:30:06,2025-10-12 09:17:17,2025-10-12 09:30:55,completed,regular,
T2510003105,R002,1,2025-10-12,SUN_AUT25,SCH000177,V0029,,2025-10-12 09:18:00,2025-10-12 10:19:30,2025-10-12 09:18:05,2025-10-12 10:27:33,completed,regular,
T2510003106,R002,0,2025-10-12,SUN_AUT25,SCH000172,V0030,,2025-10-12 09:20:00,2025-10-12 10:21:30,2025-10-12 09:23:57,2025-10-12 10:37:13,completed,event_extra,
T2510003107,R002,1,2025-10-12,SUN_AUT25,SCH000177,V0031,,2025-10-12 09:20:00,2025-10-12 10:21:30,2025-10-12 09:24:06,2025-10-12 10:32:11,completed,event_extra,
T2510003108,R003,0,2025-10-12,SUN_AUT25,SCH000182,V0042,,2025-10-12 09:20:00,2025-10-12 10:04:18,2025-10-12 09:20:38,2025-10-12 10:17:06,completed,event_extra,
T2510003109,R003,1,2025-10-12,SUN_AUT25,SCH000187,V0043,,2025-10-12 09:20:00,2025-10-12 10:04:18,2025-10-12 09:20:00,2025-10-12 10:08:09,completed,event_extra,
T2510003110,R005,0,2025-10-12,SUN_AUT25,SCH000202,V0049,,2025-10-12 09:20:00,2025-10-12 10:02:36,2025-10-12 09:24:54,2025-10-12 10:27:52,completed,event_extra,
T2510003111,R005,1,2025-10-12,SUN_AUT25,SCH000207,V0050,,2025-10-12 09:20:00,2025-10-12 10:02:36,2025-10-12 09:55:30,2025-10-12 10:55:46,completed,event_extra,
T2510003112,R003,1,2025-10-12,SUN_AUT25,SCH000187,V0044,,2025-10-12 09:25:00,2025-10-12 10:09:18,2025-10-12 09:25:22,2025-10-12 10:15:41,completed,regular,
T2510003113,R001,1,2025-10-12,SUN_AUT25,SCH000167,V0004,,2025-10-12 09:26:00,2025-10-12 10:36:18,2025-10-12 09:26:38,2025-10-12 10:39:38,completed,regular,
T2510003114,R001,0,2025-10-12,SUN_AUT25,SCH000162,V0005,,2025-10-12 09:30:00,2025-10-12 10:40:18,2025-10-12 09:33:38,2025-10-12 11:06:05,completed,regular,
T2510003115,R004,0,2025-10-12,SUN_AUT25,SCH000192,V0046,,2025-10-12 09:36:00,2025-10-12 10:02:36,,,cancelled,regular,driver_shortage
T2510003116,R002,0,2025-10-12,SUN_AUT25,SCH000172,V0032,,2025-10-12 09:37:00,2025-10-12 10:38:30,2025-10-12 09:37:00,2025-10-12 10:42:20,completed,regular,
T2510003117,R002,0,2025-10-12,SUN_AUT25,SCH000172,V0033,,2025-10-12 09:40:00,2025-10-12 10:41:30,2025-10-12 09:40:00,2025-10-12 10:38:51,completed,event_extra,
T2510003118,R002,1,2025-10-12,SUN_AUT25,SCH000177,V0034,,2025-10-12 09:40:00,2025-10-12 10:41:30,2025-10-12 09:41:31,2025-10-12 10:50:14,completed,event_extra,
T2510003119,R003,0,2025-10-12,SUN_AUT25,SCH000182,V0036,,2025-10-12 09:40:00,2025-10-12 10:24:18,2025-10-12 09:40:49,2025-10-12 10:46:05,completed,event_extra,
T2510003120,R003,1,2025-10-12,SUN_AUT25,SCH000187,V0037,,2025-10-12 09:40:00,2025-10-12 10:24:18,2025-10-12 09:48:51,2025-10-12 10:56:03,completed,event_extra,
T2510003121,R005,0,2025-10-12,SUN_AUT25,SCH000202,V0052,,2025-10-12 09:40:00,2025-10-12 10:22:36,2025-10-12 10:04:28,2025-10-12 11:11:01,completed,event_extra,
T2510003122,R005,1,2025-10-12,SUN_AUT25,SCH000207,V0051,,2025-10-12 09:40:00,2025-10-12 10:22:36,2025-10-12 10:16:29,2025-10-12 11:07:48,completed,event_extra,
T2510003123,R001,1,2025-10-12,SUN_AUT25,SCH000167,V0006,,2025-10-12 09:41:00,2025-10-12 10:51:18,2025-10-12 09:42:30,2025-10-12 10:51:12,completed,regular,
T2510003124,R005,0,2025-10-12,SUN_AUT25,SCH000202,V0053,,2025-10-12 09:43:00,2025-10-12 10:25:36,2025-10-12 10:16:41,2025-10-12 11:05:02,completed,regular,
T2510003125,R003,0,2025-10-12,SUN_AUT25,SCH000182,V0040,,2025-10-12 09:44:00,2025-10-12 10:28:18,2025-10-12 09:55:25,2025-10-12 10:49:38,completed,regular,
T2510003126,R001,0,2025-10-12,SUN_AUT25,SCH000162,V0007,,2025-10-12 09:45:00,2025-10-12 10:55:18,2025-10-12 09:45:46,2025-10-12 10:55:16,completed,regular,
T2510003127,R004,1,2025-10-12,SUN_AUT25,SCH000197,V0046,,2025-10-12 09:47:00,2025-10-12 10:13:36,2025-10-12 09:47:40,2025-10-12 10:14:56,completed,regular,
T2510003128,R002,1,2025-10-12,SUN_AUT25,SCH000177,V0035,,2025-10-12 09:48:00,2025-10-12 10:49:30,2025-10-12 09:56:35,2025-10-12 10:58:27,completed,regular,
T2510003129,R006,0,2025-10-12,SUN_AUT25,SCH000212,V0058,,2025-10-12 09:50:00,2025-10-12 10:31:48,2025-10-12 09:52:17,2025-10-12 10:37:20,completed,regular,
T2510003130,R005,1,2025-10-12,SUN_AUT25,SCH000207,V0049,,2025-10-12 09:54:00,2025-10-12 10:36:36,2025-10-12 10:33:52,2025-10-12 11:28:33,completed,regular,
T2510003131,R003,1,2025-10-12,SUN_AUT25,SCH000187,V0039,,2025-10-12 09:55:00,2025-10-12 10:39:18,2025-10-12 10:02:41,2025-10-12 10:55:58,completed,regular,
T2510003132,R001,1,2025-10-12,SUN_AUT25,SCH000167,V0008,,2025-10-12 09:56:00,2025-10-12 11:06:18,2025-10-12 09:57:11,2025-10-12 11:07:50,completed,regular,
T2510003133,R007,0,2025-10-12,SUN_AUT25,SCH000222,V0059,,2025-10-12 09:58:00,2025-10-12 10:19:48,2025-10-12 10:00:26,2025-10-12 10:20:23,completed,regular,
T2510003134,R001,0,2025-10-12,SUN_AUT25,SCH000163,V0009,,2025-10-12 10:00:00,2025-10-12 11:01:06,2025-10-12 10:01:04,2025-10-12 10:54:32,completed,regular,
T2510003135,R008,1,2025-10-12,SUN_AUT25,SCH000238,V0062,,2025-10-12 10:00:00,2025-10-12 10:12:36,2025-10-12 10:00:19,2025-10-12 10:11:48,completed,regular,
T2510003136,R002,0,2025-10-12,SUN_AUT25,SCH000173,V0025,,2025-10-12 10:07:00,2025-10-12 10:57:36,2025-10-12 10:07:09,2025-10-12 11:06:08,completed,regular,
T2510003137,R001,1,2025-10-12,SUN_AUT25,SCH000168,V0010,,2025-10-12 10:11:00,2025-10-12 11:12:06,2025-10-12 10:12:02,2025-10-12 11:20:12,completed,regular,
T2510003138,R003,0,2025-10-12,SUN_AUT25,SCH000183,V0038,,2025-10-12 10:14:00,2025-10-12 10:50:30,2025-10-12 10:14:13,2025-10-12 10:56:30,completed,regular,
T2510003139,R002,1,2025-10-12,SUN_AUT25,SCH000178,V0026,,2025-10-12 10:18:00,2025-10-12 11:08:36,2025-10-12 10:20:00,2025-10-12 11:09:45,completed,regular,
T2510003140,R004,0,2025-10-12,SUN_AUT25,SCH000193,V0047,,2025-10-12 10:21:00,2025-10-12 10:43:42,2025-10-12 10:21:33,2025-10-12 10:47:29,completed,regular,
T2510003141,R001,0,2025-10-12,SUN_AUT25,SCH000163,V0012,,2025-10-12 10:22:00,2025-10-12 11:23:06,2025-10-12 10:22:40,2025-10-12 11:25:39,completed,regular,
T2510003142,R003,1,2025-10-12,SUN_AUT25,SCH000188,V0041,,2025-10-12 10:25:00,2025-10-12 11:01:30,2025-10-12 10:26:42,2025-10-12 11:12:32,completed,regular,
T2510003143,R005,0,2025-10-12,SUN_AUT25,SCH000203,V0050,,2025-10-12 10:28:00,2025-10-12 11:04:24,2025-10-12 11:01:46,2025-10-12 11:44:38,completed,regular,
T2510003144,R004,1,2025-10-12,SUN_AUT25,SCH000198,V0048,,2025-10-12 10:32:00,2025-10-12 10:54:42,2025-10-12 10:33:57,2025-10-12 10:58:52,completed,regular,
T2510003145,R001,1,2025-10-12,SUN_AUT25,SCH000168,V0011,,2025-10-12 10:33:00,2025-10-12 11:34:06,2025-10-12 10:35:13,2025-10-12 11:46:22,completed,regular,
T2510003146,R006,0,2025-10-12,SUN_AUT25,SCH000213,V0054,,2025-10-12 10:35:00,2025-10-12 11:10:36,2025-10-12 10:35:00,2025-10-12 11:06:51,completed,regular,
T2510003147,R005,1,2025-10-12,SUN_AUT25,SCH000208,V0053,,2025-10-12 10:39:00,2025-10-12 11:15:24,2025-10-12 11:11:02,2025-10-12 11:58:48,completed,regular,
T2510003148,R007,0,2025-10-12,SUN_AUT25,SCH000223,V0060,,2025-10-12 10:42:00,2025-10-12 11:01:30,,,cancelled,regular,driver_shortage
T2510003149,R001,0,2025-10-12,SUN_AUT25,SCH000163,V0013,,2025-10-12 10:44:00,2025-10-12 11:45:06,2025-10-12 10:44:42,2025-10-12 11:52:21,completed,regular,
T2510003150,R006,1,2025-10-12,SUN_AUT25,SCH000218,V0055,,2025-10-12 10:46:00,2025-10-12 11:21:36,2025-10-12 10:51:05,2025-10-12 11:22:37,completed,regular,
T2510003151,R008,0,2025-10-12,SUN_AUT25,SCH000233,V0063,,2025-10-12 10:49:00,2025-10-12 11:01:36,2025-10-12 10:49:23,2025-10-12 11:03:02,completed,regular,
T2510003152,R002,0,2025-10-12,SUN_AUT25,SCH000173,V0027,,2025-10-12 10:52:00,2025-10-12 11:42:36,,,cancelled,regular,driver_shortage
T2510003153,R007,1,2025-10-12,SUN_AUT25,SCH000228,V0060,,2025-10-12 10:53:00,2025-10-12 11:12:30,2025-10-12 10:58:49,2025-10-12 11:19:35,completed,regular,
T2510003154,R001,1,2025-10-12,SUN_AUT25,SCH000168,V0014,,2025-10-12 10:55:00,2025-10-12 11:56:06,,,cancelled,regular,driver_shortage
T2510003155,R003,0,2025-10-12,SUN_AUT25,SCH000183,V0043,,2025-10-12 10:59:00,2025-10-12 11:35:30,2025-10-12 10:59:08,2025-10-12 11:46:30,completed,regular,
T2510003156,R002,1,2025-10-12,SUN_AUT25,SCH000178,V0027,,2025-10-12 11:03:00,2025-10-12 11:53:36,2025-10-12 11:03:00,2025-10-12 12:03:41,completed,regular,
T2510003157,R001,0,2025-10-12,SUN_AUT25,SCH000163,V0014,,2025-10-12 11:06:00,2025-10-12 12:07:06,2025-10-12 11:09:35,2025-10-12 12:15:36,completed,regular,
T2510003158,R003,1,2025-10-12,SUN_AUT25,SCH000188,V0044,,2025-10-12 11:10:00,2025-10-12 11:46:30,2025-10-12 11:10:00,2025-10-12 12:07:12,completed,regular,
T2510003159,R001,1,2025-10-12,SUN_AUT25,SCH000168,V0015,,2025-10-12 11:17:00,2025-10-12 12:18:06,2025-10-12 11:17:00,2025-10-12 12:31:57,completed,regular,
T2510003160,R001,0,2025-10-12,SUN_AUT25,SCH000163,V0016,,2025-10-12 11:28:00,2025-10-12 12:29:06,2025-10-12 11:31:56,2025-10-12 12:37:39,completed,regular,
T2510003161,R002,0,2025-10-12,SUN_AUT25,SCH000173,V0028,,2025-10-12 11:37:00,2025-10-12 12:27:36,2025-10-12 11:42:55,2025-10-12 12:52:51,completed,regular,
T2510003162,R001,1,2025-10-12,SUN_AUT25,SCH000168,V0017,,2025-10-12 11:39:00,2025-10-12 12:40:06,2025-10-12 11:39:25,2025-10-12 12:46:09,completed,regular,
T2510003163,R003,0,2025-10-12,SUN_AUT25,SCH000183,V0042,,2025-10-12 11:44:00,2025-10-12 12:20:30,2025-10-12 11:44:00,2025-10-12 12:31:31,completed,regular,
T2510003164,R002,1,2025-10-12,SUN_AUT25,SCH000178,V0029,,2025-10-12 11:48:00,2025-10-12 12:38:36,2025-10-12 11:48:52,2025-10-12 12:55:05,completed,regular,
T2510003165,R001,0,2025-10-12,SUN_AUT25,SCH000163,V0018,,2025-10-12 11:50:00,2025-10-12 12:51:06,2025-10-12 11:55:30,2025-10-12 12:56:19,completed,regular,
T2510003166,R004,0,2025-10-12,SUN_AUT25,SCH000193,V0045,,2025-10-12 11:51:00,2025-10-12 12:13:42,2025-10-12 11:51:39,2025-10-12 12:11:18,completed,regular,
T2510003167,R003,1,2025-10-12,SUN_AUT25,SCH000188,V0036,,2025-10-12 11:55:00,2025-10-12 12:31:30,2025-10-12 11:55:00,2025-10-12 12:47:15,completed,regular,
T2510003168,R005,0,2025-10-12,SUN_AUT25,SCH000203,V0051,,2025-10-12 11:58:00,2025-10-12 12:34:24,2025-10-12 11:59:22,2025-10-12 12:53:55,completed,regular,
T2510003169,R001,1,2025-10-12,SUN_AUT25,SCH000168,V0019,,2025-10-12 12:01:00,2025-10-12 13:02:06,2025-10-12 12:03:07,2025-10-12 13:10:01,completed,regular,
T2510003170,R004,1,2025-10-12,SUN_AUT25,SCH000198,V0046,,2025-10-12 12:02:00,2025-10-12 12:24:42,2025-10-12 12:02:00,2025-10-12 12:23:46,completed,regular,
T2510003171,R006,0,2025-10-12,SUN_AUT25,SCH000213,V0056,,2025-10-12 12:05:00,2025-10-12 12:40:36,2025-10-12 12:05:00,2025-10-12 12:37:05,completed,regular,
T2510003172,R005,1,2025-10-12,SUN_AUT25,SCH000208,V0052,,2025-10-12 12:09:00,2025-10-12 12:45:24,2025-10-12 12:09:59,2025-10-12 12:52:15,completed,regular,
T2510003173,R001,0,2025-10-12,SUN_AUT25,SCH000163,V0020,,2025-10-12 12:12:00,2025-10-12 13:13:06,2025-10-12 12:13:39,2025-10-12 13:09:58,completed,regular,
T2510003174,R008,1,2025-10-12,SUN_AUT25,SCH000238,V0064,,2025-10-12 12:15:00,2025-10-12 12:27:36,2025-10-12 12:15:15,2025-10-12 12:27:50,completed,regular,
T2510003175,R006,1,2025-10-12,SUN_AUT25,SCH000218,V0057,,2025-10-12 12:16:00,2025-10-12 12:51:36,2025-10-12 12:16:38,2025-10-12 12:52:39,completed,regular,
T2510003176,R002,0,2025-10-12,SUN_AUT25,SCH000173,V0031,,2025-10-12 12:22:00,2025-10-12 13:12:36,2025-10-12 12:22:00,2025-10-12 13:31:00,completed,regular,
T2510003177,R001,1,2025-10-12,SUN_AUT25,SCH000168,V0021,,2025-10-12 12:23:00,2025-10-12 13:24:06,2025-10-12 12:23:00,2025-10-12 13:26:05,completed,regular,
T2510003178,R003,0,2025-10-12,SUN_AUT25,SCH000183,V0040,,2025-10-12 12:29:00,2025-10-12 13:05:30,2025-10-12 12:30:09,2025-10-12 13:17:55,completed,regular,
T2510003179,R002,1,2025-10-12,SUN_AUT25,SCH000178,V0030,,2025-10-12 12:33:00,2025-10-12 13:23:36,2025-10-12 12:33:43,2025-10-12 13:35:50,completed,regular,
T2510003180,R001,0,2025-10-12,SUN_AUT25,SCH000163,V0022,,2025-10-12 12:34:00,2025-10-12 13:35:06,2025-10-12 12:35:06,2025-10-12 13:37:52,completed,regular,
T2510003181,R003,1,2025-10-12,SUN_AUT25,SCH000188,V0039,,2025-10-12 12:40:00,2025-10-12 13:16:30,2025-10-12 12:40:00,2025-10-12 13:24:43,completed,regular,
T2510003182,R001,1,2025-10-12,SUN_AUT25,SCH000168,V0023,,2025-10-12 12:45:00,2025-10-12 13:46:06,2025-10-12 12:46:06,2025-10-12 13:46:06,completed,regular,
T2510003183,R001,0,2025-10-12,SUN_AUT25,SCH000163,V0001,,2025-10-12 12:56:00,2025-10-12 13:57:06,2025-10-12 12:58:50,2025-10-12 14:03:02,completed,regular,
T2510003184,R007,0,2025-10-12,SUN_AUT25,SCH000223,V0061,,2025-10-12 12:57:00,2025-10-12 13:16:30,2025-10-12 12:57:00,2025-10-12 13:16:30,completed,regular,
T2510003185,R008,0,2025-10-12,SUN_AUT25,SCH000233,V0062,,2025-10-12 13:04:00,2025-10-12 13:16:36,2025-10-12 13:04:27,2025-10-12 13:17:01,completed,regular,
T2510003186,R001,1,2025-10-12,SUN_AUT25,SCH000168,V0024,,2025-10-12 13:07:00,2025-10-12 14:08:06,2025-10-12 13:07:36,2025-10-12 14:08:28,completed,regular,
T2510003187,R002,0,2025-10-12,SUN_AUT25,SCH000173,V0033,,2025-10-12 13:07:00,2025-10-12 13:57:36,2025-10-12 13:08:45,2025-10-12 14:13:18,completed,regular,
T2510003188,R007,1,2025-10-12,SUN_AUT25,SCH000228,V0059,,2025-10-12 13:08:00,2025-10-12 13:27:30,2025-10-12 13:09:17,2025-10-12 13:26:21,completed,regular,
T2510003189,R003,0,2025-10-12,SUN_AUT25,SCH000183,V0037,,2025-10-12 13:14:00,2025-10-12 13:50:30,,,cancelled,regular,driver_shortage
T2510003190,R001,0,2025-10-12,SUN_AUT25,SCH000163,V0002,,2025-10-12 13:18:00,2025-10-12 14:19:06,2025-10-12 13:19:07,2025-10-12 14:17:36,completed,regular,
T2510003191,R002,1,2025-10-12,SUN_AUT25,SCH000178,V0032,,2025-10-12 13:18:00,2025-10-12 14:08:36,2025-10-12 13:18:00,2025-10-12 14:20:08,completed,regular,
T2510003192,R004,0,2025-10-12,SUN_AUT25,SCH000193,V0047,,2025-10-12 13:21:00,2025-10-12 13:43:42,2025-10-12 13:21:00,2025-10-12 13:40:21,completed,regular,
T2510003193,R003,1,2025-10-12,SUN_AUT25,SCH000188,V0037,,2025-10-12 13:25:00,2025-10-12 14:01:30,2025-10-12 13:25:00,2025-10-12 14:22:50,completed,regular,
T2510003194,R005,0,2025-10-12,SUN_AUT25,SCH000203,V0049,,2025-10-12 13:28:00,2025-10-12 14:04:24,2025-10-12 13:30:19,2025-10-12 14:22:14,completed,regular,
T2510003195,R001,1,2025-10-12,SUN_AUT25,SCH000168,V0003,,2025-10-12 13:29:00,2025-10-12 14:30:06,2025-10-12 13:29:00,2025-10-12 14:34:28,completed,regular,
T2510003196,R004,1,2025-10-12,SUN_AUT25,SCH000198,V0048,,2025-10-12 13:32:00,2025-10-12 13:54:42,2025-10-12 13:33:37,2025-10-12 13:56:48,completed,regular,
T2510003197,R006,0,2025-10-12,SUN_AUT25,SCH000213,V0058,,2025-10-12 13:35:00,2025-10-12 14:10:36,2025-10-12 13:37:02,2025-10-12 14:08:25,completed,regular,
T2510003198,R005,1,2025-10-12,SUN_AUT25,SCH000208,V0050,,2025-10-12 13:39:00,2025-10-12 14:15:24,2025-10-12 13:39:00,2025-10-12 14:25:29,completed,regular,
T2510003199,R001,0,2025-10-12,SUN_AUT25,SCH000163,V0004,,2025-10-12 13:40:00,2025-10-12 14:41:06,2025-10-12 13:40:00,2025-10-12 14:45:34,completed,regular,
T2510003200,R006,1,2025-10-12,SUN_AUT25,SCH000218,V0054,,2025-10-12 13:46:00,2025-10-12 14:21:36,2025-10-12 13:46:00,2025-10-12 14:19:56,completed,regular,
T2510003201,R001,1,2025-10-12,SUN_AUT25,SCH000168,V0006,,2025-10-12 13:51:00,2025-10-12 14:52:06,2025-10-12 13:51:28,2025-10-12 14:52:55,completed,regular,
T2510003202,R002,0,2025-10-12,SUN_AUT25,SCH000173,V0034,,2025-10-12 13:52:00,2025-10-12 14:42:36,2025-10-12 13:57:28,2025-10-12 14:57:37,completed,regular,
T2510003203,R003,0,2025-10-12,SUN_AUT25,SCH000183,V0038,,2025-10-12 13:59:00,2025-10-12 14:35:30,2025-10-12 13:59:00,2025-10-12 15:03:54,completed,regular,
T2510003204,R001,0,2025-10-12,SUN_AUT25,SCH000163,V0009,,2025-10-12 14:02:00,2025-10-12 15:03:06,2025-10-12 14:02:00,2025-10-12 15:07:16,completed,regular,
T2510003205,R002,1,2025-10-12,SUN_AUT25,SCH000178,V0035,,2025-10-12 14:03:00,2025-10-12 14:53:36,2025-10-12 14:08:30,2025-10-12 15:08:07,completed,regular,
T2510003206,R003,1,2025-10-12,SUN_AUT25,SCH000188,V0041,,2025-10-12 14:10:00,2025-10-12 14:46:30,2025-10-12 14:10:45,2025-10-12 15:03:37,completed,regular,
T2510003207,R001,1,2025-10-12,SUN_AUT25,SCH000168,V0007,,2025-10-12 14:13:00,2025-10-12 15:14:06,,,cancelled,regular,driver_shortage
T2510003208,R001,0,2025-10-12,SUN_AUT25,SCH000163,V0007,,2025-10-12 14:24:00,2025-10-12 15:25:06,,,cancelled,regular,driver_shortage
T2510003209,R008,1,2025-10-12,SUN_AUT25,SCH000238,V0063,,2025-10-12 14:30:00,2025-10-12 14:42:36,2025-10-12 14:30:00,2025-10-12 14:40:20,completed,regular,
T2510003210,R001,1,2025-10-12,SUN_AUT25,SCH000168,V0007,,2025-10-12 14:35:00,2025-10-12 15:36:06,2025-10-12 14:35:00,2025-10-12 15:57:57,completed,regular,
T2510003211,R002,0,2025-10-12,SUN_AUT25,SCH000173,V0025,,2025-10-12 14:37:00,2025-10-12 15:27:36,2025-10-12 14:38:10,2025-10-12 15:33:17,completed,regular,
T2510003212,R003,0,2025-10-12,SUN_AUT25,SCH000183,V0043,,2025-10-12 14:44:00,2025-10-12 15:20:30,2025-10-12 14:44:00,2025-10-12 15:31:10,completed,regular,
T2510003213,R001,0,2025-10-12,SUN_AUT25,SCH000163,V0005,,2025-10-12 14:46:00,2025-10-12 15:47:06,,,cancelled,regular,driver_shortage
T2510003214,R002,1,2025-10-12,SUN_AUT25,SCH000178,V0026,,2025-10-12 14:48:00,2025-10-12 15:38:36,2025-10-12 14:48:15,2025-10-12 15:46:37,completed,regular,
T2510003215,R004,0,2025-10-12,SUN_AUT25,SCH000193,V0045,,2025-10-12 14:51:00,2025-10-12 15:13:42,2025-10-12 14:51:43,2025-10-12 15:12:43,completed,regular,
T2510003216,R003,1,2025-10-12,SUN_AUT25,SCH000188,V0044,,2025-10-12 14:55:00,2025-10-12 15:31:30,2025-10-12 14:55:00,2025-10-12 15:50:54,completed,regular,
T2510003217,R001,1,2025-10-12,SUN_AUT25,SCH000168,V0005,,2025-10-12 14:57:00,2025-10-12 15:58:06,2025-10-12 14:57:46,2025-10-12 15:59:33,completed,regular,
T2510003218,R005,0,2025-10-12,SUN_AUT25,SCH000203,V0053,,2025-10-12 14:58:00,2025-10-12 15:34:24,2025-10-12 14:58:00,2025-10-12 15:47:21,completed,regular,
T2510003219,R004,1,2025-10-12,SUN_AUT25,SCH000198,V0046,,2025-10-12 15:02:00,2025-10-12 15:24:42,2025-10-12 15:03:12,2025-10-12 15:28:17,completed,regular,
T2510003220,R006,0,2025-10-12,SUN_AUT25,SCH000213,V0055,,2025-10-12 15:05:00,2025-10-12 15:40:36,2025-10-12 15:09:47,2025-10-12 15:47:29,completed,regular,
T2510003221,R001,0,2025-10-12,SUN_AUT25,SCH000163,V0008,,2025-10-12 15:08:00,2025-10-12 16:09:06,2025-10-12 15:08:00,2025-10-12 16:39:46,completed,regular,
T2510003222,R005,1,2025-10-12,SUN_AUT25,SCH000208,V0052,,2025-10-12 15:09:00,2025-10-12 15:45:24,2025-10-12 15:09:00,2025-10-12 15:54:16,completed,regular,
T2510003223,R007,0,2025-10-12,SUN_AUT25,SCH000223,V0060,,2025-10-12 15:12:00,2025-10-12 15:31:30,2025-10-12 15:12:00,2025-10-12 15:28:44,completed,regular,
T2510003224,R006,1,2025-10-12,SUN_AUT25,SCH000218,V0056,,2025-10-12 15:16:00,2025-10-12 15:51:36,2025-10-12 15:17:15,2025-10-12 15:52:14,completed,regular,
T2510003225,R001,1,2025-10-12,SUN_AUT25,SCH000168,V0010,,2025-10-12 15:19:00,2025-10-12 16:20:06,2025-10-12 15:24:39,2025-10-12 16:42:15,completed,regular,
T2510003226,R008,0,2025-10-12,SUN_AUT25,SCH000233,V0064,,2025-10-12 15:19:00,2025-10-12 15:31:36,2025-10-12 15:19:00,2025-10-12 15:32:04,completed,regular,
T2510003227,R002,0,2025-10-12,SUN_AUT25,SCH000173,V0027,,2025-10-12 15:22:00,2025-10-12 16:12:36,,,cancelled,regular,driver_shortage
T2510003228,R007,1,2025-10-12,SUN_AUT25,SCH000228,V0061,,2025-10-12 15:23:00,2025-10-12 15:42:30,2025-10-12 15:23:20,2025-10-12 15:48:33,completed,regular,
T2510003230,R001,0,2025-10-12,SUN_AUT25,SCH000163,V0012,,2025-10-12 15:30:00,2025-10-12 16:31:06,2025-10-12 15:32:34,2025-10-12 16:37:40,completed,regular,
T2510003231,R002,1,2025-10-12,SUN_AUT25,SCH000178,V0027,,2025-10-12 15:33:00,2025-10-12 16:23:36,2025-10-12 15:33:25,2025-10-12 16:41:03,completed,regular,
T2510003232,R003,1,2025-10-12,SUN_AUT25,SCH000188,V0036,,2025-10-12 15:40:00,2025-10-12 16:16:30,2025-10-12 15:40:46,2025-10-12 16:34:43,completed,regular,
T2510003233,R001,1,2025-10-12,SUN_AUT25,SCH000168,V0011,,2025-10-12 15:41:00,2025-10-12 16:42:06,2025-10-12 15:42:49,2025-10-12 16:54:52,completed,regular,
T2510003234,R001,0,2025-10-12,SUN_AUT25,SCH000163,V0013,,2025-10-12 15:52:00,2025-10-12 16:53:06,2025-10-12 15:57:49,2025-10-12 17:01:08,completed,regular,
T2510003235,R001,0,2025-10-12,SUN_AUT25,SCH000164,V0014,,2025-10-12 16:00:00,2025-10-12 17:13:54,2025-10-12 16:00:00,2025-10-12 17:09:19,completed,regular,
T2510003236,R008,1,2025-10-12,SUN_AUT25,SCH000239,V0062,,2025-10-12 16:00:00,2025-10-12 16:14:30,2025-10-12 16:00:00,2025-10-12 16:14:40,completed,regular,
T2510003237,R006,1,2025-10-12,SUN_AUT25,SCH000219,V0057,,2025-10-12 16:01:00,2025-10-12 16:44:18,2025-10-12 16:01:35,2025-10-12 16:43:37,completed,regular,
T2510003238,R002,0,2025-10-12,SUN_AUT25,SCH000174,V0028,,2025-10-12 16:07:00,2025-10-12 17:10:48,2025-10-12 16:07:00,2025-10-12 17:45:13,completed,regular,
T2510003239,R001,1,2025-10-12,SUN_AUT25,SCH000169,V0015,,2025-10-12 16:11:00,2025-10-12 17:24:54,2025-10-12 16:11:56,2025-10-12 17:44:31,completed,regular,
T2510003240,R003,0,2025-10-12,SUN_AUT25,SCH000184,V0040,,2025-10-12 16:14:00,2025-10-12 17:00:00,2025-10-12 16:18:43,2025-10-12 17:27:26,completed,regular,
T2510003241,R001,0,2025-10-12,SUN_AUT25,SCH000164,V0016,,2025-10-12 16:15:00,2025-10-12 17:28:54,2025-10-12 16:15:11,2025-10-12 17:31:13,completed,regular,
T2510003242,R002,1,2025-10-12,SUN_AUT25,SCH000179,V0029,,2025-10-12 16:18:00,2025-10-12 17:21:48,2025-10-12 16:19:19,2025-10-12 17:43:17,completed,regular,
T2510003243,R004,0,2025-10-12,SUN_AUT25,SCH000194,V0047,,2025-10-12 16:21:00,2025-10-12 16:48:30,2025-10-12 16:25:16,2025-10-12 16:59:44,completed,regular,
T2510003244,R003,1,2025-10-12,SUN_AUT25,SCH000189,V0039,,2025-10-12 16:25:00,2025-10-12 17:11:00,2025-10-12 16:25:35,2025-10-12 17:32:33,completed,regular,
T2510003245,R001,1,2025-10-12,SUN_AUT25,SCH000169,V0017,,2025-10-12 16:26:00,2025-10-12 17:39:54,2025-10-12 16:27:28,2025-10-12 17:37:33,completed,regular,
T2510003246,R005,0,2025-10-12,SUN_AUT25,SCH000204,V0051,,2025-10-12 16:28:00,2025-10-12 17:12:12,2025-10-12 16:28:48,2025-10-12 17:43:53,completed,regular,
T2510003247,R001,0,2025-10-12,SUN_AUT25,SCH000164,V0018,,2025-10-12 16:30:00,2025-10-12 17:43:54,2025-10-12 16:32:37,2025-10-12 17:56:19,completed,regular,
T2510003248,R004,1,2025-10-12,SUN_AUT25,SCH000199,V0048,,2025-10-12 16:32:00,2025-10-12 16:59:30,2025-10-12 16:33:06,2025-10-12 17:03:20,completed,regular,
T2510003249,R006,0,2025-10-12,SUN_AUT25,SCH000214,V0058,,2025-10-12 16:35:00,2025-10-12 17:18:18,2025-10-12 16:35:27,2025-10-12 17:20:25,completed,regular,
T2510003250,R002,0,2025-10-12,SUN_AUT25,SCH000174,V0031,,2025-10-12 16:37:00,2025-10-12 17:40:48,2025-10-12 16:37:51,2025-10-12 17:49:29,completed,regular,
T2510003251,R005,1,2025-10-12,SUN_AUT25,SCH000209,V0049,,2025-10-12 16:39:00,2025-10-12 17:23:12,2025-10-12 16:39:36,2025-10-12 17:46:24,completed,regular,
T2510003252,R001,1,2025-10-12,SUN_AUT25,SCH000169,V0020,,2025-10-12 16:41:00,2025-10-12 17:54:54,,,cancelled,regular,driver_shortage
T2510003253,R007,0,2025-10-12,SUN_AUT25,SCH000224,V0059,,2025-10-12 16:42:00,2025-10-12 17:04:30,2025-10-12 16:42:00,2025-10-12 17:06:04,completed,regular,
T2510003254,R003,0,2025-10-12,SUN_AUT25,SCH000184,V0037,,2025-10-12 16:44:00,2025-10-12 17:30:00,2025-10-12 16:44:00,2025-10-12 17:46:12,completed,regular,
T2510003255,R001,0,2025-10-12,SUN_AUT25,SCH000164,V0020,,2025-10-12 16:45:00,2025-10-12 17:58:54,2025-10-12 16:45:37,2025-10-12 18:01:24,completed,regular,
T2510003256,R006,1,2025-10-12,SUN_AUT25,SCH000219,V0054,,2025-10-12 16:46:00,2025-10-12 17:29:18,2025-10-12 16:46:00,2025-10-12 17:29:32,completed,regular,
T2510003257,R002,1,2025-10-12,SUN_AUT25,SCH000179,V0030,,2025-10-12 16:48:00,2025-10-12 17:51:48,,,cancelled,regular,driver_shortage
T2510003258,R008,0,2025-10-12,SUN_AUT25,SCH000234,V0063,,2025-10-12 16:49:00,2025-10-12 17:03:30,2025-10-12 16:50:44,2025-10-12 17:08:21,completed,regular,
T2510003259,R007,1,2025-10-12,SUN_AUT25,SCH000229,V0060,,2025-10-12 16:53:00,2025-10-12 17:15:30,2025-10-12 16:53:12,2025-10-12 17:18:13,completed,regular,
T2510003260,R003,1,2025-10-12,SUN_AUT25,SCH000189,V0041,,2025-10-12 16:55:00,2025-10-12 17:41:00,2025-10-12 16:56:56,2025-10-12 17:53:49,completed,regular,
T2510003261,R001,1,2025-10-12,SUN_AUT25,SCH000169,V0019,,2025-10-12 16:56:00,2025-10-12 18:09:54,2025-10-12 16:56:00,2025-10-12 18:39:41,completed,regular,
T2510003262,R001,0,2025-10-12,SUN_AUT25,SCH000164,V0021,,2025-10-12 17:00:00,2025-10-12 18:13:54,2025-10-12 17:01:43,2025-10-12 18:22:44,completed,regular,
T2510003263,R004,0,2025-10-12,SUN_AUT25,SCH000194,V0045,,2025-10-12 17:06:00,2025-10-12 17:33:30,,,cancelled,regular,driver_shortage
T2510003264,R002,0,2025-10-12,SUN_AUT25,SCH000174,V0030,,2025-10-12 17:07:00,2025-10-12 18:10:48,2025-10-12 17:07:33,2025-10-12 18:17:30,completed,regular,
T2510003265,R008,1,2025-10-12,SUN_AUT25,SCH000239,V0064,,2025-10-12 17:08:00,2025-10-12 17:22:30,2025-10-12 17:09:12,2025-10-12 17:25:49,completed,regular,
T2510003266,R001,1,2025-10-12,SUN_AUT25,SCH000169,V0022,,2025-10-12 17:11:00,2025-10-12 18:24:54,2025-10-12 17:12:18,2025-10-12 18:32:56,completed,regular,
T2510003267,R005,0,2025-10-12,SUN_AUT25,SCH000204,V0050,,2025-10-12 17:13:00,2025-10-12 17:57:12,2025-10-12 17:16:52,2025-10-12 18:16:05,completed,regular,
T2510003268,R003,0,2025-10-12,SUN_AUT25,SCH000184,V0038,,2025-10-12 17:14:00,2025-10-12 18:00:00,2025-10-12 17:18:17,2025-10-12 18:21:50,completed,regular,
T2510003269,R001,0,2025-10-12,SUN_AUT25,SCH000164,V0023,,2025-10-12 17:15:00,2025-10-12 18:28:54,2025-10-12 17:16:12,2025-10-12 18:47:19,completed,regular,
T2510003270,R004,1,2025-10-12,SUN_AUT25,SCH000199,V0045,,2025-10-12 17:17:00,2025-10-12 17:44:30,2025-10-12 17:17:28,2025-10-12 17:44:04,completed,regular,
T2510003271,R002,1,2025-10-12,SUN_AUT25,SCH000179,V0033,,2025-10-12 17:18:00,2025-10-12 18:21:48,2025-10-12 17:18:11,2025-10-12 18:48:48,completed,regular,
T2510003272,R006,0,2025-10-12,SUN_AUT25,SCH000214,V0055,,2025-10-12 17:20:00,2025-10-12 18:03:18,2025-10-12 17:20:00,2025-10-12 18:01:01,completed,regular,
T2510003273,R005,1,2025-10-12,SUN_AUT25,SCH000209,V0053,,2025-10-12 17:24:00,2025-10-12 18:08:12,2025-10-12 17:24:00,2025-10-12 18:25:49,completed,regular,
T2510003274,R003,1,2025-10-12,SUN_AUT25,SCH000189,V0043,,2025-10-12 17:25:00,2025-10-12 18:11:00,2025-10-12 17:25:00,2025-10-12 18:25:06,completed,regular,
T2510003275,R001,1,2025-10-12,SUN_AUT25,SCH000169,V0001,,2025-10-12 17:26:00,2025-10-12 18:39:54,2025-10-12 17:26:35,2025-10-12 18:50:05,completed,regular,
T2510003276,R001,0,2025-10-12,SUN_AUT25,SCH000164,V0024,,2025-10-12 17:30:00,2025-10-12 18:43:54,2025-10-12 17:30:00,2025-10-12 18:45:40,completed,regular,
T2510003277,R006,1,2025-10-12,SUN_AUT25,SCH000219,V0056,,2025-10-12 17:31:00,2025-10-12 18:14:18,,,cancelled,regular,driver_shortage
T2510003278,R002,0,2025-10-12,SUN_AUT25,SCH000174,V0032,,2025-10-12 17:37:00,2025-10-12 18:40:48,2025-10-12 17:38:22,2025-10-12 18:50:40,completed,regular,
T2510003279,R001,1,2025-10-12,SUN_AUT25,SCH000169,V0002,,2025-10-12 17:41:00,2025-10-12 18:54:54,2025-10-12 17:41:27,2025-10-12 19:04:16,completed,regular,
T2510003280,R003,0,2025-10-12,SUN_AUT25,SCH000184,V0044,,2025-10-12 17:44:00,2025-10-12 18:30:00,2025-10-12 17:44:01,2025-10-12 18:47:03,completed,regular,
T2510003281,R001,0,2025-10-12,SUN_AUT25,SCH000164,V0003,,2025-10-12 17:45:00,2025-10-12 18:58:54,2025-10-12 17:45:57,2025-10-12 19:04:14,completed,regular,
T2510003283,R002,0,2025-10-12,SUN_AUT25,SCH000174,V0035,,2025-10-12 17:50:00,2025-10-12 18:53:48,2025-10-12 17:51:31,2025-10-12 19:16:15,completed,event_extra,
T2510003284,R002,1,2025-10-12,SUN_AUT25,SCH000179,V0025,,2025-10-12 17:50:00,2025-10-12 18:53:48,2025-10-12 17:54:43,2025-10-12 19:03:44,completed,event_extra,
T2510003285,R003,0,2025-10-12,SUN_AUT25,SCH000184,V0042,,2025-10-12 17:50:00,2025-10-12 18:36:00,2025-10-12 17:50:00,2025-10-12 18:50:04,completed,event_extra,
T2510003286,R003,1,2025-10-12,SUN_AUT25,SCH000189,V0036,,2025-10-12 17:50:00,2025-10-12 18:36:00,2025-10-12 17:54:49,2025-10-12 18:59:48,completed,event_extra,
T2510003287,R005,0,2025-10-12,SUN_AUT25,SCH000204,V0052,,2025-10-12 17:50:00,2025-10-12 18:34:12,2025-10-12 17:51:26,2025-10-12 18:53:26,completed,event_extra,
T2510003288,R005,1,2025-10-12,SUN_AUT25,SCH000209,V0051,,2025-10-12 17:50:00,2025-10-12 18:34:12,2025-10-12 17:54:56,2025-10-12 19:02:24,completed,event_extra,
T2510003289,R007,0,2025-10-12,SUN_AUT25,SCH000224,V0061,,2025-10-12 17:50:00,2025-10-12 18:12:30,2025-10-12 17:50:00,2025-10-12 18:11:24,completed,regular,
T2510003290,,0,2025-10-12,SUN_AUT25,SCH000194,V0046,,2025-10-12 17:51:00,2025-10-12 18:18:30,2025-10-12 17:52:33,2025-10-12 18:23:23,completed,regular,
T2510003291,R003,1,2025-10-12,SUN_AUT25,SCH000189,,,2025-10-12 17:55:00,2025-10-12 18:41:00,2025-10-12 17:55:00,2025-10-12 18:46:30,completed,regular,
T2510003292,R001,1,2025-10-12,SUN_AUT25,SCH000169,V0004,,2025-10-12 17:56:00,2025-10-12 19:09:54,2025-10-12 17:56:00,2025-10-12 19:19:34,completed,regular,
T2510003293,R008,0,2025-10-12,SUN_AUT25,SCH000234,V0062,,2025-10-12 17:57:00,2025-10-12 18:11:30,2025-10-12 17:57:47,2025-10-12 18:11:01,completed,regular,
T2510003294,R005,0,2025-10-12,SUN_AUT25,SCH000204,V0049,,2025-10-12 17:58:00,2025-10-12 18:42:12,2025-10-12 18:03:03,2025-10-12 18:52:37,completed,regular,
T2510003295,R001,0,2025-10-12,SUN_AUT25,SCH000164,V0006,,2025-10-12 18:00:00,2025-10-12 19:13:54,2025-10-12 18:00:00,2025-10-12 19:26:45,completed,regular,
T2510003296,R007,1,2025-10-12,SUN_AUT25,SCH000229,V0059,,2025-10-12 18:01:00,2025-10-12 18:23:30,2025-10-12 18:02:08,2025-10-12 18:26:36,completed,regular,
T2510003297,R004,1,2025-10-12,SUN_AUT25,SCH000199,V0047,,2025-10-12 18:02:00,2025-10-12 18:29:30,2025-10-12 18:02:36,2025-10-12 18:29:17,completed,regular,
T2510003298,R002,0,2025-10-12,SUN_AUT25,SCH000174,V0026,,2025-10-12 18:05:00,2025-10-12 19:08:48,2025-10-12 18:05:00,2025-10-12 19:19:48,completed,event_extra,
T2510003299,R002,1,2025-10-12,SUN_AUT25,SCH000179,V0027,,2025-10-12 18:05:00,2025-10-12 19:08:48,2025-10-12 18:05:00,2025-10-12 19:23:49,completed,event_extra,
T2510003300,R003,0,2025-10-12,SUN_AUT25,SCH000184,V0039,,2025-10-12 18:05:00,2025-10-12 18:51:00,2025-10-12 18:06:03,2025-10-12 19:05:46,completed,event_extra,
T2510003301,R003,1,2025-10-12,SUN_AUT25,SCH000189,V0037,,2025-10-12 18:05:00,2025-10-12 18:51:00,2025-10-12 18:06:14,2025-10-12 19:05:45,completed,event_extra,
T2510003302,R005,0,2025-10-12,SUN_AUT25,SCH000204,V0050,,2025-10-12 18:05:00,2025-10-12 18:49:12,2025-10-12 18:22:05,2025-10-12 19:29:35,completed,event_extra,
T2510003303,R005,1,2025-10-12,SUN_AUT25,SCH000209,V0053,,2025-10-12 18:05:00,2025-10-12 18:49:12,2025-10-12 18:31:49,2025-10-12 19:42:51,completed,event_extra,
T2510003304,R006,0,2025-10-12,SUN_AUT25,SCH000214,V0056,,2025-10-12 18:05:00,2025-10-12 18:48:18,2025-10-12 18:06:10,2025-10-12 18:55:13,completed,regular,
T2510003305,R002,0,2025-10-12,SUN_AUT25,SCH000174,V0029,,2025-10-12 18:07:00,2025-10-12 19:10:48,2025-10-12 18:08:28,2025-10-12 19:11:22,completed,regular,
T2510003306,R005,1,2025-10-12,SUN_AUT25,SCH000209,V0049,,2025-10-12 18:09:00,2025-10-12 18:53:12,2025-10-12 18:58:37,2025-10-12 19:52:07,completed,regular,
T2510003307,R001,1,2025-10-12,SUN_AUT25,SCH000169,V0009,,2025-10-12 18:11:00,2025-10-12 19:24:54,2025-10-12 18:11:00,2025-10-12 19:26:33,completed,regular,
T2510003308,R003,0,2025-10-12,SUN_AUT25,SCH000184,V0041,,2025-10-12 18:14:00,2025-10-12 19:00:00,2025-10-12 18:19:04,2025-10-12 19:17:46,completed,regular,
T2510003309,R001,0,2025-10-12,SUN_AUT25,SCH000164,V0007,,2025-10-12 18:15:00,2025-10-12 19:28:54,2025-10-12 18:15:00,2025-10-12 19:32:13,completed,regular,
T2510003310,R006,1,2025-10-12,SUN_AUT25,SCH000219,V0057,,2025-10-12 18:16:00,2025-10-12 18:59:18,2025-10-12 18:16:51,2025-10-12 19:07:36,completed,regular,
T2510003311,R008,1,2025-10-12,SUN_AUT25,SCH000239,V0063,,2025-10-12 18:16:00,2025-10-12 18:30:30,2025-10-12 18:17:23,2025-10-12 18:31:13,completed,regular,
T2510003312,R002,1,2025-10-12,SUN_AUT25,SCH000179,V0028,,2025-10-12 18:18:00,2025-10-12 19:21:48,2025-10-12 18:18:21,2025-10-12 19:31:45,completed,regular,
T2510003313,R002,0,2025-10-12,SUN_AUT25,SCH000174,V0031,,2025-10-12 18:20:00,2025-10-12 19:23:48,2025-10-12 18:25:15,2025-10-12 19:45:28,completed,event_extra,
T2510003314,R002,1,2025-10-12,SUN_AUT25,SCH000179,V0030,,2025-10-12 18:20:00,2025-10-12 19:23:48,2025-10-12 18:23:30,2025-10-12 19:37:07,completed,event_extra,
T2510003315,R003,0,2025-10-12,SUN_AUT25,SCH000184,V0038,,2025-10-12 18:20:00,2025-10-12 19:06:00,2025-10-12 18:27:50,2025-10-12 19:25:53,completed,event_extra,
T2510003316,R003,1,2025-10-12,SUN_AUT25,SCH000189,V0043,,2025-10-12 18:20:00,2025-10-12 19:06:00,2025-10-12 18:31:06,2025-10-12 19:32:52,completed,event_extra,
T2510003317,R005,0,2025-10-12,SUN_AUT25,SCH000204,V0052,,2025-10-12 18:20:00,2025-10-12 19:04:12,2025-10-12 18:59:26,2025-10-12 20:08:14,completed,event_extra,
T2510003318,R005,1,2025-10-12,SUN_AUT25,SCH000209,V0051,,2025-10-12 18:20:00,2025-10-12 19:04:12,2025-10-12 19:08:24,2025-10-12 20:06:16,completed,event_extra,
T2510003319,R003,1,2025-10-12,SUN_AUT25,SCH000189,V0040,,2025-10-12 18:25:00,2025-10-12 19:11:00,2025-10-12 18:52:30,2025-10-12 19:56:43,completed,regular,
T2510003320,R001,1,2025-10-12,SUN_AUT25,SCH000169,V0005,,2025-10-12 18:26:00,2025-10-12 19:39:54,2025-10-12 18:26:00,2025-10-12 19:47:59,completed,regular,
T2510003321,R001,0,2025-10-12,SUN_AUT25,SCH000164,V0012,,2025-10-12 18:30:00,2025-10-12 19:43:54,2025-10-12 18:30:28,2025-10-12 19:48:30,completed,regular,
T2510003322,R002,0,2025-10-12,SUN_AUT25,SCH000174,V0033,,2025-10-12 18:35:00,2025-10-12 19:38:48,2025-10-12 18:54:48,2025-10-12 20:20:06,completed,event_extra,
T2510003323,R002,1,2025-10-12,SUN_AUT25,SCH000179,V0032,,2025-10-12 18:35:00,2025-10-12 19:38:48,2025-10-12 18:56:40,2025-10-12 20:14:02,completed,event_extra,
T2510003323,R002,1,2025-10-12,SUN_AUT25,SCH000179,V0032,,2025-10-12 18:35:00,2025-10-12 19:38:48,2025-10-12 18:56:40,2025-10-12 20:14:02,completed,event_extra,
T2510003324,,0,2025-10-12,SUN_AUT25,SCH000184,V0044,,2025-10-12 18:35:00,2025-10-12 19:21:00,2025-10-12 18:53:03,2025-10-12 19:51:08,completed,event_extra,
T2510003325,R003,1,2025-10-12,SUN_AUT25,SCH000189,V0042,,2025-10-12 18:35:00,2025-10-12 19:21:00,2025-10-12 18:56:04,2025-10-12 19:50:21,completed,event_extra,
T2510003326,R005,0,2025-10-12,SUN_AUT25,SCH000204,V0050,,2025-10-12 18:35:00,2025-10-12 19:19:12,2025-10-12 19:35:35,2025-10-12 20:47:32,completed,event_extra,
T2510003327,R005,1,2025-10-12,SUN_AUT25,SCH000209,V0053,,2025-10-12 18:35:00,2025-10-12 19:19:12,2025-10-12 19:48:51,2025-10-12 21:07:36,completed,event_extra,
T2510003328,,0,2025-10-12,SUN_AUT25,SCH000194,V0048,,2025-10-12 18:36:00,2025-10-12 19:03:30,2025-10-12 18:37:06,2025-10-12 19:02:05,completed,regular,
T2510003329,R002,0,2025-10-12,SUN_AUT25,SCH000174,V0025,,2025-10-12 18:37:00,2025-10-12 19:40:48,2025-10-12 19:09:44,2025-10-12 20:14:22,completed,regular,
T2510003330,R001,1,2025-10-12,SUN_AUT25,SCH000169,V0008,,2025-10-12 18:41:00,2025-10-12 19:54:54,2025-10-12 18:41:04,2025-10-12 20:07:56,completed,regular,
T2510003331,R005,0,2025-10-12,SUN_AUT25,SCH000204,V0049,,2025-10-12 18:43:00,2025-10-12 19:27:12,2025-10-12 19:58:07,2025-10-12 20:48:17,completed,regular,
T2510003332,R003,0,2025-10-12,SUN_AUT25,SCH000184,V0036,,2025-10-12 18:44:00,2025-10-12 19:30:00,,,cancelled,regular,driver_shortage
T2510003333,R001,0,2025-10-12,SUN_AUT25,SCH000164,V0010,,2025-10-12 18:45:00,2025-10-12 19:58:54,2025-10-12 18:46:30,2025-10-12 20:03:29,completed,regular,
T2510003334,R004,1,2025-10-12,SUN_AUT25,SCH000199,V0045,,2025-10-12 18:47:00,2025-10-12 19:14:30,2025-10-12 18:48:15,2025-10-12 19:14:53,completed,regular,
T2510003335,R002,1,2025-10-12,SUN_AUT25,SCH000179,V0034,,2025-10-12 18:48:00,2025-10-12 19:51:48,2025-10-12 19:10:44,2025-10-12 20:18:44,completed,regular,
T2510003336,R006,0,2025-10-12,SUN_AUT25,SCH000214,V0058,,2025-10-12 18:50:00,2025-10-12 19:33:18,2025-10-12 18:50:00,2025-10-12 19:31:24,completed,regular,
T2510003337,R005,1,2025-10-12,SUN_AUT25,SCH000209,V0051,,2025-10-12 18:54:00,2025-10-12 19:38:12,2025-10-12 20:12:16,2025-10-12 21:05:44,completed,regular,
T2510003338,R003,1,2025-10-12,SUN_AUT25,SCH000189,V0036,,2025-10-12 18:55:00,2025-10-12 19:41:00,2025-10-12 19:05:48,2025-10-12 19:59:14,completed,regular,
T2510003340,R007,0,2025-10-12,SUN_AUT25,SCH000224,V0060,,2025-10-12 18:58:00,2025-10-12 19:20:30,2025-10-12 19:03:44,2025-10-12 19:25:40,completed,regular,
T2510003341,R001,0,2025-10-12,SUN_AUT25,SCH000164,V0013,,2025-10-12 19:00:00,2025-10-12 20:13:54,2025-10-12 19:01:13,2025-10-12 20:26:49,completed,regular,
T2510003342,R006,1,2025-10-12,SUN_AUT25,SCH000219,V0054,,2025-10-12 19:01:00,2025-10-12 19:44:18,2025-10-12 19:02:03,2025-10-12 19:40:46,completed,regular,
T2510003343,R008,0,2025-10-12,SUN_AUT25,SCH000234,V0064,,2025-10-12 19:05:00,2025-10-12 19:19:30,2025-10-12 19:05:04,2025-10-12 19:18:09,completed,regular,
T2510003344,R002,0,2025-10-12,SUN_AUT25,SCH000174,V0029,,2025-10-12 19:07:00,2025-10-12 20:10:48,2025-10-12 19:17:22,2025-10-12 20:26:06,completed,regular,
T2510003345,R007,1,2025-10-12,SUN_AUT25,SCH000229,V0061,,2025-10-12 19:09:00,2025-10-12 19:31:30,2025-10-12 19:09:00,2025-10-12 19:30:52,completed,regular,
T2510003346,R001,1,2025-10-12,SUN_AUT25,SCH000169,V0014,,2025-10-12 19:11:00,2025-10-12 20:24:54,2025-10-12 19:13:34,2025-10-12 20:35:41,completed,regular,
T2510003347,R003,0,2025-10-12,SUN_AUT25,SCH000184,V0037,,2025-10-12 19:14:00,2025-10-12 20:00:00,2025-10-12 19:15:42,2025-10-12 20:05:36,completed,regular,
T2510003348,R001,0,2025-10-12,SUN_AUT25,SCH000164,V0016,,2025-10-12 19:15:00,2025-10-12 20:28:54,2025-10-12 19:18:42,2025-10-12 20:42:35,completed,regular,
T2510003349,R002,1,2025-10-12,SUN_AUT25,SCH000179,V0035,,2025-10-12 19:18:00,2025-10-12 20:21:48,2025-10-12 19:23:42,2025-10-12 20:32:01,completed,regular,
T2510003350,R004,0,2025-10-12,SUN_AUT25,SCH000194,V0046,,2025-10-12 19:21:00,2025-10-12 19:48:30,,,cancelled,regular,driver_shortage
T2510003351,R008,1,2025-10-12,SUN_AUT25,SCH000239,V0062,,2025-10-12 19:24:00,2025-10-12 19:38:30,2025-10-12 19:24:03,2025-10-12 19:36:03,completed,regular,
T2510003352,R003,1,2025-10-12,SUN_AUT25,SCH000189,V0039,,2025-10-12 19:25:00,2025-10-12 20:11:00,2025-10-12 19:25:00,2025-10-12 20:22:27,completed,regular,
T2510003353,R001,1,2025-10-12,SUN_AUT25,SCH000169,V0017,,2025-10-12 19:26:00,2025-10-12 20:39:54,2025-10-12 19:30:45,2025-10-12 20:45:31,completed,regular,
T2510003354,R005,0,2025-10-12,SUN_AUT25,SCH000204,,,2025-10-12 19:28:00,2025-10-12 20:12:12,2025-10-12 20:14:14,2025-10-12 20:59:06,completed,regular,
T2510003355,R001,0,2025-10-12,SUN_AUT25,SCH000165,V0015,,2025-10-12 19:30:00,2025-10-12 20:28:30,2025-10-12 19:30:00,2025-10-12 20:29:10,completed,regular,
T2510003356,R008,1,2025-10-12,SUN_AUT25,SCH000240,V0063,,2025-10-12 19:30:00,2025-10-12 19:41:24,2025-10-12 19:33:57,2025-10-12 19:43:18,completed,regular,
T2510003357,R002,0,2025-10-12,SUN_AUT25,SCH000175,V0026,,2025-10-12 19:37:00,2025-10-12 20:22:18,2025-10-12 19:37:00,2025-10-12 20:16:47,completed,regular,
T2510003358,R001,1,2025-10-12,SUN_AUT25,SCH000170,V0018,,2025-10-12 19:41:00,2025-10-12 20:39:30,2025-10-12 19:42:31,2025-10-12 20:30:42,completed,regular,
T2510003359,R003,0,2025-10-12,SUN_AUT25,SCH000185,V0041,,2025-10-12 19:44:00,2025-10-12 20:16:42,2025-10-12 19:44:51,2025-10-12 20:16:00,completed,regular,
T2510003360,R002,1,2025-10-12,SUN_AUT25,SCH000180,V0027,,2025-10-12 19:48:00,2025-10-12 20:33:18,2025-10-12 19:48:03,2025-10-12 20:32:18,completed,regular,
T2510003361,R004,0,2025-10-12,SUN_AUT25,SCH000195,V0046,,2025-10-12 19:51:00,2025-10-12 20:11:18,2025-10-12 19:56:24,2025-10-12 20:15:48,completed,regular,
T2510003362,R003,1,2025-10-12,SUN_AUT25,SCH000190,V0038,,2025-10-12 19:55:00,2025-10-12 20:27:42,2025-10-12 19:56:36,2025-10-12 20:28:46,completed,regular,
T2510003363,R005,0,2025-10-12,SUN_AUT25,SCH000205,V0050,,2025-10-12 19:58:00,2025-10-12 20:30:30,2025-10-12 20:53:32,2025-10-12 21:29:16,completed,regular,
T2510003364,R001,0,2025-10-12,SUN_AUT25,SCH000165,V0020,,2025-10-12 20:00:00,2025-10-12 20:58:30,2025-10-12 20:00:03,2025-10-12 20:51:26,completed,regular,
T2510003365,R004,1,2025-10-12,SUN_AUT25,SCH000200,V0047,,2025-10-12 20:02:00,2025-10-12 20:22:18,2025-10-12 20:02:38,2025-10-12 20:19:16,completed,regular,
T2510003366,R006,0,2025-10-12,SUN_AUT25,SCH000215,V0055,,2025-10-12 20:05:00,2025-10-12 20:36:54,2025-10-12 20:06:15,2025-10-12 20:35:19,completed,regular,
T2510003367,R005,1,2025-10-12,SUN_AUT25,SCH000210,V0049,,2025-10-12 20:09:00,2025-10-12 20:41:30,2025-10-12 20:54:17,2025-10-12 21:28:11,completed,regular,
T2510003368,R001,1,2025-10-12,SUN_AUT25,SCH000170,V0021,,2025-10-12 20:11:00,2025-10-12 21:09:30,2025-10-12 20:12:17,2025-10-12 21:11:01,completed,regular,
T2510003369,R007,0,2025-10-12,SUN_AUT25,SCH000225,V0059,,2025-10-12 20:12:00,2025-10-12 20:29:42,2025-10-12 20:13:43,2025-10-12 20:29:55,completed,regular,
T2510003370,R006,1,2025-10-12,SUN_AUT25,SCH000220,V0056,,2025-10-12 20:16:00,2025-10-12 20:47:54,2025-10-12 20:16:00,2025-10-12 20:43:42,completed,regular,
T2510003371,R008,0,2025-10-12,SUN_AUT25,SCH000235,V0064,,2025-10-12 20:19:00,2025-10-12 20:30:24,2025-10-12 20:19:42,2025-10-12 20:30:42,completed,regular,
T2510003372,R007,1,2025-10-12,SUN_AUT25,SCH000230,V0060,,2025-10-12 20:23:00,2025-10-12 20:40:42,2025-10-12 20:23:00,2025-10-12 20:38:30,completed,regular,
T2510003373,R001,0,2025-10-12,SUN_AUT25,SCH000165,V0022,,2025-10-12 20:30:00,2025-10-12 21:28:30,2025-10-12 20:30:09,2025-10-12 21:32:31,completed,regular,
T2510003374,R001,1,2025-10-12,SUN_AUT25,SCH000170,V0019,,2025-10-12 20:41:00,2025-10-12 21:39:30,2025-10-12 20:44:04,2025-10-12 21:44:48,completed,regular,
T2510003375,R002,0,2025-10-12,SUN_AUT25,SCH000175,V0028,,2025-10-12 20:45:00,2025-10-12 21:30:18,2025-10-12 20:45:00,2025-10-12 21:35:34,completed,regular,
T2510003376,R003,0,2025-10-12,SUN_AUT25,SCH000185,V0043,,2025-10-12 20:52:00,2025-10-12 21:24:42,2025-10-12 20:52:00,2025-10-12 21:29:45,completed,regular,
T2510003377,R002,1,2025-10-12,SUN_AUT25,SCH000180,V0030,,2025-10-12 20:56:00,2025-10-12 21:41:18,2025-10-12 21:01:20,2025-10-12 21:43:38,completed,regular,
T2510003378,R001,0,2025-10-12,SUN_AUT25,SCH000165,V0024,,2025-10-12 21:00:00,2025-10-12 21:58:30,2025-10-12 21:00:56,2025-10-12 22:08:15,completed,regular,
T2510003379,R003,1,2025-10-12,SUN_AUT25,SCH000190,V0042,,2025-10-12 21:03:00,2025-10-12 21:35:42,2025-10-12 21:03:00,2025-10-12 21:42:23,completed,regular,
T2510003380,R001,1,2025-10-12,SUN_AUT25,SCH000170,V0023,,2025-10-12 21:11:00,2025-10-12 22:09:30,2025-10-12 21:11:47,2025-10-12 22:24:04,completed,regular,
T2510003381,R004,0,2025-10-12,SUN_AUT25,SCH000195,V0048,,2025-10-12 21:21:00,2025-10-12 21:41:18,2025-10-12 21:21:18,2025-10-12 21:39:17,completed,regular,
T2510003382,R005,0,2025-10-12,SUN_AUT25,SCH000205,V0052,,2025-10-12 21:28:00,2025-10-12 22:00:30,2025-10-12 21:28:28,2025-10-12 22:02:10,completed,regular,
T2510003383,R001,0,2025-10-12,SUN_AUT25,SCH000165,V0001,,2025-10-12 21:30:00,2025-10-12 22:28:30,,,cancelled,regular,driver_shortage
T2510003384,R004,1,2025-10-12,SUN_AUT25,SCH000200,V0045,,2025-10-12 21:32:00,2025-10-12 21:52:18,2025-10-12 21:32:45,2025-10-12 21:49:51,completed,regular,
T2510003385,R006,0,2025-10-12,SUN_AUT25,SCH000215,V0057,,2025-10-12 21:35:00,2025-10-12 22:06:54,2025-10-12 21:35:00,2025-10-12 22:02:00,completed,regular,
T2510003386,R005,1,2025-10-12,SUN_AUT25,SCH000210,V0051,,2025-10-12 21:39:00,2025-10-12 22:11:30,2025-10-12 21:39:56,2025-10-12 22:16:40,completed,regular,
T2510003387,R001,1,2025-10-12,SUN_AUT25,SCH000170,V0001,,2025-10-12 21:41:00,2025-10-12 22:39:30,2025-10-12 21:41:23,2025-10-12 22:44:23,completed,regular,
T2510003388,R008,1,2025-10-12,SUN_AUT25,SCH000240,V0062,,2025-10-12 21:45:00,2025-10-12 21:56:24,2025-10-12 21:48:11,2025-10-12 21:57:32,completed,regular,
T2510003389,R006,1,2025-10-12,SUN_AUT25,SCH000220,V0058,,2025-10-12 21:46:00,2025-10-12 22:17:54,2025-10-12 21:47:32,2025-10-12 22:15:18,completed,regular,
T2510003390,R002,0,2025-10-12,SUN_AUT25,SCH000175,V0031,,2025-10-12 21:53:00,2025-10-12 22:38:18,2025-10-12 21:53:00,2025-10-12 22:40:02,completed,regular,
T2510003391,R001,0,2025-10-12,SUN_AUT25,SCH000165,V0003,,2025-10-12 22:00:00,2025-10-12 22:58:30,,,cancelled,regular,driver_shortage
T2510003392,R003,0,2025-10-12,SUN_AUT25,SCH000185,V0044,,2025-10-12 22:00:00,2025-10-12 22:32:42,2025-10-12 22:03:16,2025-10-12 22:39:59,completed,regular,
T2510003393,R002,1,2025-10-12,SUN_AUT25,SCH000180,V0032,,2025-10-12 22:04:00,2025-10-12 22:49:18,2025-10-12 22:05:16,2025-10-12 22:52:51,completed,regular,
T2510003394,R001,1,2025-10-12,SUN_AUT25,SCH000170,V0003,,2025-10-12 22:11:00,2025-10-12 23:09:30,2025-10-12 22:12:31,2025-10-12 23:16:28,completed,regular,
T2510003395,R003,1,2025-10-12,SUN_AUT25,SCH000190,V0040,,2025-10-12 22:11:00,2025-10-12 22:43:42,2025-10-12 22:11:00,2025-10-12 22:48:46,completed,regular,
T2510003396,R007,0,2025-10-12,SUN_AUT25,SCH000225,V0061,,2025-10-12 22:27:00,2025-10-12 22:44:42,2025-10-12 22:27:25,2025-10-12 22:44:48,completed,regular,
