delay_id,trip_id,route_id,stop_id,service_date,scheduled_arrival,actual_arrival,scheduled_departure,actual_departure,delay_minutes,delay_reason,record_source
D25100000001,T2510000008,R002,S0051,2025-10-06,2025-10-06 06:33:00,2025-10-06 06:30:56,2025-10-06 06:33:30,2025-10-06 06:31:19,-2.07,early_running,avl
D25100000002,T2510000009,R004,S0017,2025-10-06,2025-10-06 06:12:06,2025-10-06 06:09:04,2025-10-06 06:12:36,2025-10-06 06:09:29,-3.03,early_running,avl
D25100000003,T2510000022,R006,S0094,2025-10-06,2025-10-06 06:49:12,2025-10-06 06:46:06,2025-10-06 06:49:42,2025-10-06 06:46:36,-3.1,early_running,avl
D25100000004,T2510000027,R001,S0035,2025-10-06,2025-10-06 07:10:45,2025-10-06 07:21:36,2025-10-06 07:11:15,2025-10-06 07:24:54,10.85,road_works,avl
D25100000005,T2510000027,R001,S0029,2025-10-06,2025-10-06 07:28:06,2025-10-06 07:44:10,2025-10-06 07:28:36,2025-10-06 07:47:28,16.07,road_works,avl
D25100000006,T2510000031,R002,S0067,2025-10-06,2025-10-06 07:19:11,2025-10-06 07:24:45,2025-10-06 07:19:41,2025-10-06 07:26:11,5.57,road_works,avl
D25100000007,T2510000034,R003,S0076,2025-10-06,2025-10-06 07:05:12,2025-10-06 07:10:38,2025-10-06 07:05:42,2025-10-06 07:11:39,5.43,road_works,avl
D25100000008,T2510000038,R006,S0025,2025-10-06,2025-10-06 07:23:12,2025-10-06 07:20:36,2025-10-06 07:23:42,2025-10-06 07:21:16,-2.6,early_running,avl
D25100000009,T2510000041,R001,S0035,2025-10-06,2025-10-06 07:40:45,2025-10-06 07:48:33,2025-10-06 07:41:15,2025-10-06 07:51:34,7.8,road_works,avl
D25100000010,T2510000041,R001,S0029,2025-10-06,2025-10-06 07:58:06,2025-10-06 08:08:33,2025-10-06 07:58:36,2025-10-06 08:11:34,10.45,road_works,avl
D25100000011,T2510000042,R001,S0034,2025-10-06,2025-10-06 07:19:04,2025-10-06 07:27:54,2025-10-06 07:19:34,2025-10-06 07:31:12,8.83,passenger_boarding,avl
D25100000012,T2510000042,R001,S0050,2025-10-06,2025-10-06 08:20:48,2025-10-06 08:38:25,2025-10-06 08:21:18,2025-10-06 08:41:43,17.62,passenger_boarding,avl
D25100000013,T2510000043,R008,S0120,2025-10-06,2025-10-06 07:16:12,2025-10-06 07:13:17,2025-10-06 07:16:42,2025-10-06 07:13:55,-2.92,early_running,avl
D25100000014,T2510000044,R001,S0029,2025-10-06,2025-10-06 08:21:48,2025-10-06 08:16:48,2025-10-06 08:22:18,2025-10-06 08:18:07,-5.0,early_running,avl
D25100000015,T2510000045,R004,S0059,2025-10-06,2025-10-06 07:32:36,2025-10-06 07:29:08,2025-10-06 07:33:06,2025-10-06 07:29:44,-3.47,early_running,avl
D25100000016,T2510000049,R002,S0067,2025-10-06,2025-10-06 08:13:17,2025-10-06 08:28:06,2025-10-06 08:13:47,2025-10-06 08:31:21,14.82,passenger_boarding,avl
D25100000017,T2510000049,R002,S0006,2025-10-06,2025-10-06 08:17:42,2025-10-06 08:33:07,2025-10-06 08:18:12,2025-10-06 08:36:22,15.42,passenger_boarding,avl
D25100000018,T2510000051,R005,S0066,2025-10-06,2025-10-06 07:40:58,2025-10-06 07:53:50,2025-10-06 07:41:28,2025-10-06 07:55:03,12.87,road_works,avl
D25100000019,T2510000051,R005,S0087,2025-10-06,2025-10-06 07:58:00,2025-10-06 08:15:59,2025-10-06 07:58:30,2025-10-06 08:17:12,17.98,road_works,avl
D25100000020,T2510000053,R001,S0035,2025-10-06,2025-10-06 08:09:14,2025-10-06 08:16:24,2025-10-06 08:09:44,2025-10-06 08:19:42,7.17,road_works,avl
D25100000021,T2510000053,R001,S0029,2025-10-06,2025-10-06 08:31:48,2025-10-06 08:42:36,2025-10-06 08:32:18,2025-10-06 08:45:54,10.8,road_works,avl
D25100000022,T2510000054,R003,S0076,2025-10-06,2025-10-06 07:47:15,2025-10-06 07:52:17,2025-10-06 07:47:45,2025-10-06 07:53:38,5.03,junction_bottleneck,avl
D25100000023,T2510000054,R003,S0025,2025-10-06,2025-10-06 08:05:00,2025-10-06 08:19:20,2025-10-06 08:05:30,2025-10-06 08:20:41,14.33,junction_bottleneck,avl
D25100000024,T2510000055,R006,S0103,2025-10-06,2025-10-06 07:36:33,2025-10-06 07:41:33,2025-10-06 07:37:03,2025-10-06 07:42:15,5.0,passenger_boarding,avl
D25100000025,T2510000055,R006,S0094,2025-10-06,2025-10-06 08:04:00,2025-10-06 08:14:20,2025-10-06 08:04:30,2025-10-06 08:15:02,10.33,passenger_boarding,avl
D25100000026,T2510000056,R002,S0051,2025-10-06,2025-10-06 08:28:42,2025-10-06 08:44:33,2025-10-06 08:29:12,2025-10-06 08:45:15,15.85,road_works,driver_report
D25100000027,T2510000058,R001,S0035,2025-10-06,2025-10-06 08:19:14,2025-10-06 08:27:17,2025-10-06 08:19:44,2025-10-06 08:30:35,8.05,road_works,avl
D25100000028,T2510000058,R001,S0029,2025-10-06,2025-10-06 08:41:48,2025-10-06 08:53:27,2025-10-06 08:42:18,2025-10-06 08:56:45,11.65,road_works,avl
D25100000029,T2510000060,R003,S0068,2025-10-06,2025-10-06 08:16:00,2025-10-06 08:28:53,2025-10-06 08:16:30,2025-10-06 08:29:30,12.88,road_works,avl
D25100000030,T2510000062,R005,S0025,2025-10-06,2025-10-06 07:50:41,2025-10-06 08:01:35,2025-10-06 07:51:11,2025-10-06 08:02:19,10.9,junction_bottleneck,avl
D25100000031,T2510000062,R005,S0015,2025-10-06,2025-10-06 08:17:00,2025-10-06 08:33:33,2025-10-06 08:17:30,2025-10-06 08:34:17,16.55,junction_bottleneck,driver_report
D25100000032,T2510000069,R005,S0066,2025-10-06,2025-10-06 08:10:58,2025-10-06 08:18:38,2025-10-06 08:11:28,2025-10-06 08:20:26,7.67,junction_bottleneck,avl
D25100000033,T2510000069,R005,S0087,2025-10-06,2025-10-06 08:28:00,2025-10-06 08:40:41,2025-10-06 08:28:30,2025-10-06 08:42:29,12.68,junction_bottleneck,avl
D25100000034,T2510000070,R001,S0034,2025-10-06,2025-10-06 07:59:04,2025-10-06 08:04:26,2025-10-06 07:59:34,2025-10-06 08:05:55,5.37,road_works,avl
D25100000035,T2510000070,R001,S0050,2025-10-06,2025-10-06 09:00:48,2025-10-06 09:14:11,2025-10-06 09:01:18,2025-10-06 09:15:40,13.38,road_works,avl
D25100000036,T2510000071,R001,S0035,2025-10-06,2025-10-06 08:39:14,2025-10-06 08:56:12,2025-10-06 08:39:44,2025-10-06 08:59:30,16.97,passenger_boarding,driver_report
D25100000037,T2510000071,R001,S0029,2025-10-06,2025-10-06 09:01:48,2025-10-06 09:27:15,2025-10-06 09:02:18,2025-10-06 09:30:33,25.45,passenger_boarding,avl
D25100000038,T2510000076,R002,S0067,2025-10-06,2025-10-06 08:53:17,2025-10-06 09:08:38,2025-10-06 08:53:47,2025-10-06 09:10:13,15.35,road_works,avl
D25100000039,T2510000076,R002,S0006,2025-10-06,2025-10-06 08:57:42,2025-10-06 09:13:36,2025-10-06 08:58:12,2025-10-06 09:15:11,15.9,road_works,avl
D25100000040,T2510000078,R001,S0034,2025-10-06,2025-10-06 08:09:04,2025-10-06 08:17:01,2025-10-06 08:09:34,2025-10-06 08:19:01,7.95,road_works,avl
D25100000041,T2510000078,R001,S0050,2025-10-06,2025-10-06 09:10:48,2025-10-06 09:26:47,2025-10-06 09:11:18,2025-10-06 09:28:47,15.98,road_works,avl
D25100000042,T2510000079,R001,S0035,2025-10-06,2025-10-06 08:49:14,2025-10-06 08:57:32,2025-10-06 08:49:44,2025-10-06 09:00:50,unknown,road_works,avl
D25100000043,T2510000079,R001,S0029,2025-10-06,2025-10-06 09:11:48,2025-10-06 09:23:51,2025-10-06 09:12:18,2025-10-06 09:27:09,12.05,road_works,avl
D25100000044,T2510000082,R003,S0025,2025-10-06,2025-10-06 08:45:00,2025-10-06 08:56:19,2025-10-06 08:45:30,2025-10-06 08:57:53,11.32,road_works,avl
D25100000045,T2510000084,R005,S0025,2025-10-06,2025-10-06 08:20:41,2025-10-06 08:36:49,2025-10-06 08:21:11,2025-10-06 08:37:52,16.13,junction_bottleneck,avl
D25100000046,T2510000084,R005,S0015,2025-10-06,2025-10-06 08:47:00,2025-10-06 09:09:09,2025-10-06 08:47:30,2025-10-06 09:10:13,22.15,junction_bottleneck,driver_report
D25100000047,T2510000085,R001,S0034,2025-10-06,2025-10-06 08:19:04,2025-10-06 08:27:26,2025-10-06 08:19:34,2025-10-06 08:30:31,8.37,road_works,avl
D25100000048,T2510000085,R001,S0050,2025-10-06,2025-10-06 09:20:48,2025-10-06 09:34:54,2025-10-06 09:21:18,2025-10-06 09:37:59,14.1,road_works,avl
D25100000049,T2510000086,R001,S0035,2025-10-06,2025-10-06 08:59:14,2025-10-06 09:13:46,2025-10-06 08:59:44,2025-10-06 09:17:04,14.53,passenger_boarding,avl
D25100000050,T2510000086,R001,S0029,2025-10-06,2025-10-06 09:21:48,2025-10-06 09:41:21,2025-10-06 09:22:18,2025-10-06 09:44:39,19.55,passenger_boarding,avl
D25100000051,T2510000088,R003,S0068,2025-10-06,2025-10-06 08:56:00,2025-10-06 09:15:21,2025-10-06 08:56:30,2025-10-06 09:16:02,19.35,road_works,driver_report
D25100000052,T2510000089,R006,S0025,2025-10-06,2025-10-06 08:53:00,2025-10-06 08:59:19,2025-10-06 08:53:30,2025-10-06 09:00:33,6.32,junction_bottleneck,avl
D25100000053,T2510000090,R002,S0067,2025-10-06,2025-10-06 09:13:17,2025-10-06 09:18:23,2025-10-06 09:13:47,2025-10-06 09:19:54,5.1,road_works,avl
D25100000054,T2510000091,R005,S0066,2025-10-06,2025-10-06 08:40:58,2025-10-06 08:46:51,2025-10-06 08:41:28,2025-10-06 08:48:47,5.88,junction_bottleneck,avl
D25100000055,T2510000093,R001,S0035,2025-10-06,2025-10-06 09:09:14,2025-10-06 09:17:14,2025-10-06 09:09:44,2025-10-06 09:20:32,8.0,traffic_congestion,avl
D25100000056,T2510000093,R001,S0029,2025-10-06,2025-10-06 09:31:48,2025-10-06 09:43:20,2025-10-06 09:32:18,2025-10-06 09:46:38,11.53,traffic_congestion,avl
D25100000057,T2510000094,R003,S0076,2025-10-06,2025-10-06 08:47:15,2025-10-06 08:54:04,2025-10-06 08:47:45,2025-10-06 08:55:25,6.82,road_works,avl
D25100000058,T2510000094,R003,S0025,2025-10-06,2025-10-06 09:05:00,2025-10-06 09:20:30,2025-10-06 09:05:30,2025-10-06 09:21:50,15.5,road_works,avl
D25100000059,T2510000095,R006,S0094,2025-10-06,2025-10-06 09:04:00,2025-10-06 09:01:59,2025-10-06 09:04:30,2025-10-06 09:02:26,-2.02,early_running,avl
D25100000060,T2510000096,R002,S0051,2025-10-06,2025-10-06 09:28:42,2025-10-06 09:41:54,2025-10-06 09:29:12,2025-10-06 09:34:36,13.2,road_works,avl
D25100000061,T2510000097,R001,S0050,2025-10-06,2025-10-06 09:40:48,2025-10-06 09:52:24,2025-10-06 09:41:18,2025-10-06 09:53:55,11.6,road_works,avl
D25100000062,T2510000098,R001,S0035,2025-10-06,2025-10-06 09:19:14,2025-10-06 09:34:24,2025-10-06 09:19:44,2025-10-06 09:37:42,15.17,traffic_congestion,driver_report
D25100000063,T2510000098,R001,S9125,2025-10-06,2025-10-06 09:41:48,2025-10-06 10:04:38,2025-10-06 09:42:18,2025-10-06 10:07:56,22.83,traffic_congestion,avl
D25100000064,T2510000101,R002,S0067,2025-10-06,2025-10-06 09:33:17,2025-10-06 09:44:49,2025-10-06 09:33:47,2025-10-06 09:47:00,11.53,traffic_congestion,avl
D25100000065,T2510000101,R002,S9632,2025-10-06,2025-10-06 09:37:42,2025-10-06 09:49:44,2025-10-06 09:38:12,2025-10-06 09:51:55,12.03,traffic_congestion,avl
D25100000066,T2510000103,R005,S0025,2025-10-06,2025-10-06 08:50:41,2025-10-06 08:57:58,2025-10-06 08:51:11,2025-10-06 08:58:41,7.28,traffic_congestion,avl
D25100000067,T2510000103,R005,S0015,2025-10-06,2025-10-06 09:17:00,2025-10-06 09:28:23,2025-10-06 09:17:30,2025-10-06 09:29:06,11.38,traffic_congestion,avl
D25100000068,T2510000104,R001,S0050,2025-10-06,2025-10-06 09:50:48,2025-10-06 10:05:10,2025-10-06 09:51:18,2025-10-06 10:06:41,14.37,road_works,avl
D25100000069,T2510000106,R001,S0035,2025-10-06,2025-10-06 09:29:14,2025-10-06 09:41:06,2025-10-06 09:29:44,2025-10-06 09:44:24,11.87,road_works,avl
D25100000070,T2510000106,R001,S0029,2025-10-06,2025-10-06 09:51:48,2025-10-06 10:09:39,2025-10-06 09:52:18,2025-10-06 10:12:57,17.85,road_works,avl
D25100000071,T2510000108,R003,S0025,2025-10-06,2025-10-06 09:25:00,2025-10-06 09:37:16,2025-10-06 09:25:30,2025-10-06 09:38:21,12.27,road_works,avl
D25100000072,T2510000111,R002,S0051,2025-10-06,2025-10-06 09:48:42,2025-10-06 10:00:36,2025-10-06 09:49:12,2025-10-06 10:01:31,11.9,road_works,avl
D25100000073,T2510000112,R007,S0109,2025-10-06,2025-10-06 09:03:06,2025-10-06 09:01:01,2025-10-06 09:03:36,2025-10-06 09:01:33,-2.08,early_running,avl
D25100000074,T2510000113,R005,S0066,2025-10-06,2025-10-06 09:10:58,2025-10-06 09:20:07,2025-10-06 09:11:28,2025-10-06 09:22:51,9.15,road_works,avl
D25100000075,T2510000113,R005,S0087,2025-10-06,2025-10-06 09:28:00,2025-10-06 09:42:05,2025-10-06 09:28:30,2025-10-06 09:44:50,14.08,road_works,avl
D25100000076,T2510000114,R001,S0050,2025-10-06,2025-10-06 10:00:48,2025-10-06 10:11:11,2025-10-06 10:01:18,2025-10-06 10:12:57,10.38,road_works,avl
D25100000077,T2510000118,R002,S0067,2025-10-06,2025-10-06 09:53:17,2025-10-06 10:01:15,2025-10-06 09:53:47,2025-10-06 10:04:01,7.97,passenger_boarding,avl
D25100000078,T2510000119,R001,S0034,2025-10-06,2025-10-06 09:09:04,2025-10-06 09:19:28,2025-10-06 09:09:34,2025-10-06 09:22:46,10.4,passenger_boarding,avl
D25100000079,T2510000119,R001,S0050,2025-10-06,2025-10-06 10:10:48,2025-10-06 10:34:54,2025-10-06 10:11:18,2025-10-06 10:38:12,24.1,passenger_boarding,avl
D25100000080,T2510000120,R001,S0035,2025-10-06,2025-10-06 09:49:14,2025-10-06 10:06:31,2025-10-06 09:49:44,2025-10-06 10:09:49,17.28,passenger_boarding,avl
D25100000081,T2510000120,R001,S0029,2025-10-06,2025-10-06 10:11:48,2025-10-06 10:36:40,2025-10-06 10:12:18,2025-10-06 10:39:58,24.87,passenger_boarding,avl
D25100000082,T2510000122,R003,S0076,2025-10-06,2025-10-06 09:27:15,2025-10-06 09:34:56,2025-10-06 09:27:45,2025-10-06 09:37:01,7.68,junction_bottleneck,avl
D25100000083,T2510000122,R003,S0025,2025-10-06,2025-10-06 09:45:00,2025-10-06 09:58:39,2025-10-06 09:45:30,2025-10-06 10:00:44,13.65,junction_bottleneck,avl
D25100000084,T2510000124,R005,S0025,2025-10-06,2025-10-06 09:20:41,2025-10-06 09:29:21,2025-10-06 09:21:11,2025-10-06 09:30:02,8.67,road_works,avl
D25100000085,T2510000124,R005,S0015,2025-10-06,2025-10-06 09:47:00,2025-10-06 10:00:33,2025-10-06 09:47:30,2025-10-06 10:01:14,13.55,road_works,avl
D25100000086,T2510000125,R001,S0034,2025-10-06,2025-10-06 09:19:04,2025-10-06 09:26:20,2025-10-06 09:19:34,2025-10-06 09:27:53,7.27,road_works,avl
D25100000087,T2510000125,R001,S0050,2025-10-06,2025-10-06 10:20:48,2025-10-06 10:38:13,2025-10-06 10:21:18,2025-10-06 10:39:47,17.42,road_works,avl
D25100000088,T2510000128,R003,S0067,2025-10-06,2025-10-06 09:09:36,2025-10-06 09:16:18,2025-10-06 09:10:06,2025-10-06 09:17:03,6.7,road_works,avl
D25100000089,T2510000128,R003,S0068,2025-10-06,2025-10-06 09:56:00,2025-10-06 10:17:56,2025-10-06 09:56:30,2025-10-06 10:18:42,21.93,road_works,avl
D25100000090,T2510000130,R002,S0067,2025-10-06,2025-10-06 10:13:17,2025-10-06 10:25:35,2025-10-06 10:13:47,2025-10-06 10:27:01,12.3,road_works,avl
D25100000091,T2510000130,R002,S0006,2025-10-06,2025-10-06 10:17:42,2025-10-06 10:30:31,2025-10-06 10:18:12,2025-10-06 10:31:56,12.82,road_works,avl
D25100000092,T2510000131,R005,S0066,2025-10-06,2025-10-06 09:40:58,2025-10-06 09:55:13,2025-10-06 09:41:28,2025-10-06 09:56:42,14.25,junction_bottleneck,avl
D25100000093,T2510000131,R005,S0087,2025-10-06,2025-10-06 09:58:00,2025-10-06 10:19:07,2025-10-06 09:58:30,2025-10-06 10:20:36,21.12,junction_bottleneck,avl
D25100000094,T2510000133,R001,S0035,2025-10-06,2025-10-06 10:09:14,2025-10-06 10:17:27,2025-10-06 10:09:44,2025-10-06 10:20:45,8.22,road_works,avl
D25100000095,T2510000133,R001,S0029,2025-10-06,2025-10-06 10:31:48,2025-10-06 10:42:47,2025-10-06 10:32:18,2025-10-06 10:46:05,10.98,road_works,avl
D25100000096,T2510000139,R008,S0126,2025-10-06,2025-10-06 09:32:28,2025-10-06 09:37:44,2025-10-06 09:32:58,2025-10-06 09:38:26,5.27,passenger_boarding,avl
D25100000097,T2510000140,R001,S0034,2025-10-06,2025-10-06 09:39:04,2025-10-06 09:46:50,2025-10-06 09:39:34,2025-10-06 09:48:19,7.77,road_works,avl
D25100000098,T2510000140,R001,S0050,2025-10-06,2025-10-06 10:40:48,2025-10-06 11:00:52,2025-10-06 10:41:18,2025-10-06 11:02:21,20.07,road_works,avl
D25100000099,T2510000144,R003,S0068,2025-10-06,2025-10-06 10:16:00,2025-10-06 10:26:34,2025-10-06 10:16:30,2025-10-06 10:27:14,10.57,road_works,avl
D25100000100,T2510000145,R002,S0067,2025-10-06,2025-10-06 10:33:17,2025-10-06 10:47:18,2025-10-06 10:33:47,2025-10-06 10:49:39,14.02,road_works,avl
D25100000101,T2510000145,R002,S0006,2025-10-06,2025-10-06 10:37:42,2025-10-06 10:52:15,2025-10-06 10:38:12,2025-10-06 10:54:35,14.55,road_works,avl
D25100000102,T2510000146,R005,S0025,2025-10-06,2025-10-06 09:50:41,2025-10-06 10:03:42,2025-10-06 09:51:11,2025-10-06 10:04:21,13.02,junction_bottleneck,avl
D25100000103,T2510000146,R005,S0015,2025-10-06,2025-10-06 10:17:00,2025-10-06 10:37:13,2025-10-06 10:17:30,2025-10-06 10:37:51,20.22,junction_bottleneck,avl
D25100000104,T2510000149,R004,S0086,2025-10-06,2025-10-06 09:36:19,2025-10-06 09:42:11,2025-10-06 09:36:49,2025-10-06 09:43:15,5.87,traffic_congestion,avl
D25100000105,T2510000151,R006,S0025,2025-10-06,2025-10-06 10:23:00,2025-10-06 10:28:35,2025-10-06 10:23:30,2025-10-06 10:29:15,5.58,traffic_congestion,avl
D25100000106,T2510000152,R002,S0067,2025-10-06,2025-10-06 09:42:25,2025-10-06 09:48:38,2025-10-06 09:42:55,2025-10-06 09:49:33,6.22,road_works,avl
D25100000107,T2510000155,R001,S0035,2025-10-06,2025-10-06 10:39:14,2025-10-06 10:45:56,2025-10-06 10:39:44,2025-10-06 10:49:14,6.7,road_works,avl
D25100000108,T2510000155,R001,S0029,2025-10-06,2025-10-06 11:01:48,2025-10-06 11:11:54,2025-10-06 11:02:18,2025-10-06 11:15:12,10.1,road_works,avl
D25100000109,T2510000156,R003,S0067,2025-10-06,2025-10-06 09:49:36,2025-10-06 09:58:04,2025-10-06 09:50:06,2025-10-06 09:58:41,8.47,road_works,avl
D25100000110,T2510000156,R003,S0068,2025-10-06,2025-10-06 10:36:00,2025-10-06 10:56:32,2025-10-06 10:36:30,2025-10-06 10:57:09,20.53,road_works,driver_report
D25100000111,T2510000158,R002,S0067,2025-10-06,2025-10-06 10:53:17,2025-10-06 11:07:01,2025-10-06 10:53:47,2025-10-06 11:08:15,13.73,road_works,avl
D25100000112,T2510000158,R002,S0006,2025-10-06,2025-10-06 10:57:42,2025-10-06 11:12:00,2025-10-06 10:58:12,2025-10-06 11:13:14,14.3,road_works,avl
D25100000113,T2510000165,R005,S0025,2025-10-06,2025-10-06 10:20:41,2025-10-06 10:29:41,2025-10-06 10:21:11,2025-10-06 10:30:22,9.0,junction_bottleneck,avl
D25100000114,T2510000165,R005,S0015,2025-10-06,2025-10-06 10:47:00,2025-10-06 11:01:04,2025-10-06 10:47:30,2025-10-06 11:01:44,14.07,junction_bottleneck,avl
D25100000115,T2510000166,R001,S0034,2025-10-06,2025-10-06 10:16:35,2025-10-06 10:24:54,2025-10-06 10:17:05,2025-10-06 10:27:04,8.32,road_works,avl
D25100000116,T2510000166,R001,S0050,2025-10-06,2025-10-06 11:10:18,2025-10-06 11:24:03,2025-10-06 11:10:48,2025-10-06 11:26:13,13.75,road_works,avl
D25100000117,T2510000169,R001,S0035,2025-10-06,2025-10-06 11:01:40,2025-10-06 11:07:40,2025-10-06 11:02:10,2025-10-06 11:10:58,6.0,road_works,avl
D25100000118,T2510000175,R001,S0035,2025-10-06,2025-10-06 11:16:40,2025-10-06 11:25:18,2025-10-06 11:17:10,2025-10-06 11:27:54,8.63,road_works,avl
D25100000119,T2510000175,R001,S0029,2025-10-06,2025-10-06 11:36:18,2025-10-06 11:48:23,2025-10-06 11:36:48,2025-10-06 11:50:59,12.08,road_works,avl
D25100000120,T2510000177,R001,S0034,2025-10-06,2025-10-06 10:46:35,2025-10-06 10:53:31,2025-10-06 10:47:05,2025-10-06 10:55:35,6.93,road_works,avl
D25100000121,T2510000177,R001,S0050,2025-10-06,2025-10-06 11:40:18,2025-10-06 11:50:38,2025-10-06 11:40:48,2025-10-06 11:52:42,10.33,road_works,avl
D25100000122,T2510000181,R005,S0066,2025-10-06,2025-10-06 11:06:16,2025-10-06 11:12:04,2025-10-06 11:06:46,2025-10-06 11:13:45,5.8,road_works,avl
D25100000123,T2510000182,R001,S0035,2025-10-06,2025-10-06 11:31:40,2025-10-06 11:43:00,2025-10-06 11:32:10,2025-10-06 11:45:41,11.33,road_works,avl
D25100000124,T2510000182,R001,S0029,2025-10-06,2025-10-06 11:51:18,2025-10-06 12:05:43,2025-10-06 11:51:48,2025-10-06 12:08:24,14.42,road_works,avl
D25100000125,T2510000183,R007,S0118,2025-10-06,2025-10-06 11:00:56,2025-10-06 11:07:42,2025-10-06 11:01:26,2025-10-06 11:08:31,6.77,traffic_congestion,avl
D25100000126,T2510000187,R002,S0051,2025-10-06,2025-10-06 11:46:12,2025-10-06 11:40:07,2025-10-06 11:46:42,2025-10-06 11:41:01,-6.08,early_running,avl
D25100000127,T2510000192,R001,S0034,2025-10-06,2025-10-06 11:16:35,2025-10-06 11:25:37,2025-10-06 11:17:05,2025-10-06 11:28:55,9.03,passenger_boarding,avl
D25100000128,T2510000192,R001,S0050,2025-10-06,2025-10-06 12:10:18,2025-10-08 12:27:21,2025-10-06 12:10:48,2025-10-08 12:30:39,17.05,passenger_boarding,avl
D25100000129,T2510000196,R001,S0050,2025-10-06,2025-10-06 12:25:18,2025-10-06 12:23:08,2025-10-06 12:25:48,2025-10-06 12:25:24,-2.17,early_running,avl
D25100000130,T2510000199,R003,S0068,2025-10-06,2025-10-06 12:07:00,2025-10-06 12:18:43,2025-10-06 12:07:30,2025-10-06 12:19:30,11.72,road_works,avl
D25100000131,T2510000201,R005,S0025,2025-10-06,2025-10-06 11:47:21,2025-10-06 11:54:19,2025-10-06 11:47:51,2025-10-06 11:55:17,6.97,road_works,avl
D25100000132,T2510000202,R001,S0050,2025-10-06,2025-10-06 12:40:18,2025-10-06 12:52:44,2025-10-06 12:40:48,2025-10-06 12:55:35,12.43,road_works,avl
D25100000133,T2510000206,R002,S0067,2025-10-06,2025-10-06 12:31:34,2025-10-06 12:41:56,2025-10-06 12:32:04,2025-10-06 12:42:44,10.37,road_works,avl
D25100000134,T2510000206,R002,S0006,2025-10-06,2025-10-06 12:35:12,2025-10-06 12:45:49,2025-10-06 12:35:42,2025-10-06 12:46:37,10.62,road_works,avl
D25100000135,T2510000207,R005,S0066,2025-10-06,2025-10-06 12:06:16,2025-10-06 12:11:23,2025-10-06 12:06:46,2025-10-06 12:12:25,5.12,road_works,avl
D25100000136,T2510000211,R006,S0103,2025-10-06,2025-10-06 12:03:33,2025-10-06 12:09:48,2025-10-06 12:04:03,2025-10-06 12:10:19,6.25,traffic_congestion,avl
D25100000137,T2510000213,R003,S0068,2025-10-06,2025-10-06 12:37:00,2025-10-06 12:48:07,2025-10-06 12:37:30,2025-10-06 12:48:52,11.12,road_works,avl
D25100000138,T2510000220,R001,S0050,2025-10-06,2025-10-06 13:25:18,2025-10-06 13:36:43,2025-10-06 13:25:48,2025-10-06 13:40:01,9999.0,passenger_boarding,avl
D25100000139,T2510000228,R001,S0034,2025-10-06,2025-10-06 12:46:35,2025-10-06 12:54:14,2025-10-06 12:47:05,2025-10-06 12:57:12,7.65,road_works,avl
D25100000140,T2510000228,R001,S0050,2025-10-06,2025-10-06 13:40:18,2025-10-06 13:53:55,2025-10-06 13:40:48,2025-10-06 13:56:53,13.62,road_works,avl
D25100000141,T2510000231,R002,S0067,2025-10-06,2025-10-06 13:31:34,2025-10-06 13:44:56,2025-10-06 13:32:04,2025-10-06 13:46:15,13.37,passenger_boarding,avl
D25100000142,T2510000231,R002,S0006,2025-10-06,2025-10-06 13:35:12,2025-10-06 13:49:00,2025-10-06 13:35:42,2025-10-06 13:50:20,13.8,passenger_boarding,avl
D25100000143,T2510000233,R001,S0035,2025-10-06,2025-10-06 13:31:40,2025-10-06 13:42:18,2025-10-06 13:32:10,2025-10-06 13:45:36,10.63,road_works,avl
D25100000144,T2510000233,R001,S0029,2025-10-06,2025-10-06 13:51:18,2025-10-06 14:05:15,2025-10-06 13:51:48,2025-10-06 14:08:33,13.95,road_works,avl
D25100000145,T2510000239,R001,S0029,2025-10-06,2025-10-06 14:06:18,2025-10-06 14:01:43,2025-10-06 14:06:48,2025-10-06 14:03:03,-4.58,early_running,avl
D25100000146,T2510000240,R001,S0034,2025-10-06,2025-10-06 13:16:35,2025-10-06 13:27:55,2025-10-06 13:17:05,2025-10-06 13:31:13,11.33,passenger_boarding,avl
D25100000147,T2510000240,R001,S0050,2025-10-06,2025-10-06 14:10:18,2025-10-06 14:33:29,2025-10-06 14:10:48,2025-10-06 14:36:47,23.18,passenger_boarding,avl
D25100000148,T2510000243,R001,S0035,2025-10-06,2025-10-06 14:01:40,2025-10-06 14:07:13,2025-10-06 14:02:10,2025-10-06 14:10:14,5.55,traffic_congestion,avl
D25100000149,T2510000244,R003,S9351,2025-10-06,2025-10-06 13:41:23,2025-10-06 13:46:54,2025-10-06 13:41:53,2025-10-06 13:47:30,5.52,road_works,avl
D25100000150,T2510000244,R003,S0025,2025-10-06,2025-10-06 13:56:00,2025-10-06 14:08:27,2025-10-06 13:56:30,2025-10-06 14:09:03,12.45,road_works,avl
D25100000151,T2510000250,R005,S0025,2025-10-06,2025-10-06 13:47:21,2025-10-06 13:56:55,2025-10-06 13:47:51,2025-10-06 13:58:33,9.57,road_works,avl
D25100000152,T2510000250,R005,S0015,2025-10-06,2025-10-06 14:09:48,2025-10-06 14:22:12,2025-10-06 14:10:18,2025-10-06 14:23:51,12.4,road_works,avl
D25100000153,T2510000251,R001,S0034,2025-10-06,2025-10-06 13:46:35,2025-10-06 13:52:29,2025-10-06 13:47:05,2025-10-06 13:55:47,5.9,road_works,avl
D25100000154,T2510000251,R001,S0050,2025-10-06,2025-10-06 14:40:18,2025-10-06 14:54:15,2025-10-06 14:40:48,2025-10-06 14:57:33,13.95,road_works,avl
D25100000155,T2510000255,R005,S0066,2025-10-06,2025-10-06 14:06:16,2025-10-06 14:14:51,2025-10-06 14:06:46,2025-10-06 14:16:13,8.58,road_works,avl
D25100000156,T2510000255,R005,S0087,2025-10-06,2025-10-06 14:20:48,2025-10-06 14:34:46,2025-10-06 14:21:18,2025-10-06 14:36:08,13.97,road_works,avl
D25100000157,T2510000256,R001,S0035,2025-10-06,2025-10-06 14:31:40,2025-10-06 14:37:21,2025-10-06 14:32:10,2025-10-06 14:40:07,5.68,road_works,avl
D25100000158,T2510000260,R006,S0094,2025-10-06,2025-10-06 14:27:00,2025-10-06 14:21:10,2025-10-06 14:27:30,2025-10-06 14:21:41,-5.83,early_running,avl
D25100000159,T2510000269,R003,S0076,2025-10-06,2025-10-06 14:41:23,2025-10-06 14:48:45,2025-10-06 14:41:53,2025-10-06 14:49:39,7.37,road_works,avl
D25100000160,T2510000269,R003,S0025,2025-10-06,2025-10-06 14:56:00,2025-10-06 15:10:13,2025-10-06 14:56:30,2025-10-06 15:11:07,14.22,road_works,avl
D25100000161,T2510000274,R001,S0029,2025-10-06,2025-10-06 15:36:18,2025-10-06 15:28:18,2025-10-06 15:36:48,2025-10-06 15:31:10,-8.0,early_running,avl
D25100000162,T2510000275,R005,S0025,2025-10-06,2025-10-06 14:47:21,2025-10-06 14:55:32,2025-10-06 14:47:51,2025-10-06 14:58:03,8.18,road_works,avl
D25100000163,T2510000275,R005,S0015,2025-10-06,2025-10-06 15:09:48,2025-10-06 15:22:33,2025-10-06 15:10:18,2025-10-06 15:25:05,12.75,road_works,avl
D25100000164,T2510000276,R001,S0034,2025-10-06,2025-10-06 14:46:35,2025-10-06 14:54:03,2025-10-06 14:47:05,2025-10-06 14:57:21,7.47,passenger_boarding,avl
D25100000165,T2510000276,R001,S0050,2025-10-06,2025-10-06 15:40:18,2025-10-06 15:53:45,2025-10-06 15:40:48,2025-10-06 15:57:03,13.45,passenger_boarding,avl
D25100000166,T2510000284,R001,S0034,2025-10-06,2025-10-06 15:01:35,2025-10-06 15:08:31,2025-10-06 15:02:05,2025-10-06 15:11:49,6.93,road_works,avl
D25100000167,T2510000291,R001,S0035,2025-10-06,2025-10-06 16:01:40,2025-10-06 16:25:08,2025-10-06 16:02:10,2025-10-06 16:28:26,23.47,passenger_boarding,driver_report
D25100000168,T2510000291,R001,S0029,2025-10-06,2025-10-06 16:21:18,2025-10-06 16:55:01,2025-10-06 16:21:48,2025-10-06 16:58:19,33.72,passenger_boarding,avl
D25100000169,T2510000300,R001,S0035,2025-10-06,2025-10-06 16:16:40,2025-10-06 16:23:17,2025-10-06 16:17:10,2025-10-06 16:15:05,6.62,road_works,avl
D25100000170,T2510000301,R005,S0025,2025-10-06,2025-10-06 15:47:21,2025-10-06 15:53:09,2025-10-06 15:47:51,2025-10-06 15:55:57,5.8,road_works,avl
D25100000171,T2510000302,R001,S0034,2025-10-06,2025-10-06 15:46:35,2025-10-06 15:57:09,2025-10-06 15:47:05,2025-10-06 16:00:27,10.57,passenger_boarding,avl
D25100000172,T2510000302,R001,S0050,2025-10-06,2025-10-06 16:40:18,2025-10-06 17:03:50,2025-10-06 16:40:48,2025-10-06 17:07:08,23.53,passenger_boarding,avl
D25100000173,T2510000303,R004,S0086,2025-10-06,2025-10-06 15:35:41,2025-10-06 15:41:01,2025-10-06 15:36:11,2025-10-06 15:41:52,5.33,traffic_congestion,avl
D25100000174,T2510000306,R005,S0066,2025-10-06,2025-10-06 16:06:16,2025-10-06 16:16:09,2025-10-06 16:06:46,2025-10-06 16:17:28,9.88,road_works,avl
D25100000175,T2510000306,R005,S0087,2025-10-06,2025-10-06 16:20:48,2025-10-06 16:36:25,2025-10-06 16:21:18,2025-10-06 16:37:44,15.62,road_works,avl
D25100000176,T2510000311,R002,S0067,2025-10-06,2025-10-06 15:51:38,2025-10-06 15:59:33,2025-10-06 15:52:08,2025-10-06 16:02:17,7.92,road_works,avl
D25100000177,T2510000311,R002,S0051,2025-10-06,2025-10-06 16:46:12,2025-10-06 17:01:53,2025-10-06 16:46:42,2025-10-06 17:04:38,15.68,road_works,avl
D25100000178,T2510000312,R003,S0068,2025-10-06,2025-10-06 16:37:00,2025-10-06 16:47:03,2025-10-06 16:37:30,2025-10-06 16:49:02,10.05,road_works,avl
D25100000179,T2510000314,R001,S0034,2025-10-06,2025-10-06 16:20:03,2025-10-06 16:29:30,2025-10-06 16:20:33,2025-10-06 16:32:48,9.45,passenger_boarding,avl
D25100000180,T2510000314,R001,S0050,2025-10-06,2025-10-06 17:25:00,2025-10-06 17:51:10,2025-10-06 17:25:30,2025-10-06 17:54:28,26.17,passenger_boarding,avl
D25100000181,T2510000315,R008,S0125,2025-10-06,2025-10-06 16:05:40,2025-10-06 16:11:58,2025-10-06 16:06:10,2025-10-06 16:12:55,6.3,passenger_boarding,avl
D25100000182,T2510000319,R003,S0067,2025-10-06,2025-10-06 16:09:46,2025-10-06 16:16:46,2025-10-06 16:10:16,2025-10-06 16:17:28,7.0,road_works,avl
D25100000183,T2510000319,R003,S0068,2025-10-06,2025-10-06 16:57:54,2025-10-06 17:09:21,2025-10-06 16:58:24,2025-10-06 17:10:03,11.45,road_works,avl
D25100000184,T2510000321,R002,S0067,2025-10-06,2025-10-06 17:15:43,2025-10-06 17:24:46,2025-10-06 17:16:13,2025-10-06 17:25:27,9.05,passenger_boarding,avl
D25100000185,T2510000323,R005,S0066,2025-10-06,2025-10-06 16:42:09,2025-10-06 16:50:17,2025-10-06 16:42:39,2025-10-06 16:50:57,8.13,road_works,avl
D25100000186,T2510000323,R005,S0087,2025-10-06,2025-10-06 16:59:48,2025-10-06 17:13:07,2025-10-06 17:00:18,2025-10-06 17:13:47,13.32,road_works,avl
D25100000187,T2510000324,R001,S0034,2025-10-06,2025-10-06 16:30:03,2025-10-06 16:36:15,2025-10-06 16:30:33,2025-10-06 16:39:33,6.2,passenger_boarding,avl
D25100000188,T2510000324,R001,S0050,2025-10-06,2025-10-06 17:35:00,2025-10-06 17:51:54,2025-10-06 17:35:30,2025-10-06 17:55:12,16.9,passenger_boarding,avl
D25100000189,T2510000325,R001,S0035,2025-10-06,2025-10-06 17:12:15,2025-10-06 17:26:13,2025-10-06 17:12:45,2025-10-06 17:28:46,13.97,road_works,avl
D25100000190,T2510000325,R001,S0029,2025-10-06,2025-10-06 17:36:00,2025-10-06 17:54:12,2025-10-06 17:36:30,2025-10-06 17:56:46,18.2,road_works,avl
D25100000191,T2510000326,R003,S0025,2025-10-06,2025-10-06 17:06:54,2025-10-06 17:19:27,2025-10-06 17:07:24,2025-10-06 17:20:20,12.55,road_works,avl
D25100000192,T2510000330,R001,S0035,2025-10-06,2025-10-06 17:22:15,2025-10-06 17:31:19,2025-10-06 17:22:45,2025-10-06 17:32:58,9.07,road_works,avl
D25100000193,T2510000330,R001,S0029,2025-10-06,2025-10-06 17:46:00,2025-10-06 17:57:52,2025-10-06 17:46:30,2025-10-06 17:59:31,11.87,road_works,avl
D25100000194,T2510000331,R004,S0017,2025-10-06,2025-10-06 16:52:42,2025-10-06 17:13:46,2025-10-06 16:53:12,2025-10-06 17:17:04,21.07,passenger_boarding,avl
D25100000195,T2510000332,R003,S0067,2025-10-06,2025-10-06 16:29:46,2025-10-06 16:37:37,2025-10-06 16:30:16,2025-10-06 16:39:24,7.85,road_works,avl
D25100000196,T2510000332,R003,S0068,2025-10-06,2025-10-06 17:17:54,2025-10-06 17:36:47,2025-10-06 17:18:24,2025-10-06 17:38:33,18.88,road_works,avl
D25100000197,T2510000334,R005,S0025,2025-10-06,2025-10-06 16:51:31,2025-10-06 17:07:04,2025-10-06 16:52:01,2025-10-06 17:10:01,15.55,passenger_boarding,avl
D25100000198,T2510000334,R005,S0015,2025-10-06,2025-10-06 17:18:48,2025-10-06 17:42:34,2025-10-06 17:19:18,2025-10-06 17:45:31,23.77,passenger_boarding,driver_report
D25100000199,T2510000335,R001,S0050,2025-10-06,2025-10-06 17:55:00,2025-10-06 18:05:03,2025-10-06 17:55:30,2025-10-06 18:08:21,10.05,road_works,avl
D25100000200,T2510000338,R003,S0076,2025-10-06,2025-10-06 17:08:30,2025-10-06 17:15:50,2025-10-06 17:09:00,2025-10-06 17:16:48,7.33,junction_bottleneck,avl
D25100000201,T2510000338,R003,S0025,2025-10-06,2025-10-06 17:26:54,2025-10-06 17:41:20,2025-10-06 17:27:24,2025-10-06 17:42:18,14.43,junction_bottleneck,avl
D25100000202,T2510000339,R006,S0025,2025-10-06,2025-10-06 17:24:48,2025-10-06 17:29:55,2025-10-06 17:25:18,2025-10-06 17:30:25,5.12,passenger_boarding,avl
D25100000203,T2510000341,R005,S0066,2025-10-06,2025-10-06 17:12:09,2025-10-06 17:17:09,2025-10-06 17:12:39,2025-10-06 17:18:19,5.0,junction_bottleneck,avl
D25100000204,T2510000342,R001,S0034,2025-10-06,2025-10-06 17:00:03,2025-10-06 17:07:01,2025-10-06 17:00:33,2025-10-06 17:10:19,6.97,passenger_boarding,avl
D25100000205,T2510000342,R001,S0050,2025-10-06,2025-10-06 18:05:00,2025-10-06 18:22:14,2025-10-06 18:05:30,2025-10-06 18:25:32,17.23,passenger_boarding,avl
D25100000206,T2510000348,R002,S0067,2025-10-06,2025-10-06 17:55:43,2025-10-06 18:01:02,2025-10-06 17:56:13,2025-10-06 18:01:41,5.32,road_works,avl
D25100000207,T2510000350,R001,S0050,2025-10-06,2025-10-06 18:15:00,2025-10-06 18:26:40,2025-10-06 18:15:30,2025-10-06 18:29:58,11.67,road_works,avl
D25100000208,T2510000351,R001,S0035,2025-10-06,2025-10-06 17:52:15,2025-10-06 18:19:51,2025-10-06 17:52:45,2025-10-06 18:23:09,27.6,passenger_boarding,driver_report
D25100000209,T2510000351,R001,S0029,2025-10-06,2025-10-06 18:16:00,2025-10-06 18:56:00,2025-10-06 18:16:30,2025-10-06 18:59:18,40.0,passenger_boarding,driver_report
D25100000210,T2510000354,R003,S0076,2025-10-06,2025-10-06 17:28:30,2025-10-06 17:36:23,2025-10-06 17:29:00,2025-10-06 17:37:09,7.88,road_works,avl
D25100000211,T2510000354,R003,S0025,2025-10-06,2025-10-06 17:46:54,2025-10-06 18:04:24,2025-10-06 17:47:24,2025-10-06 18:05:11,17.5,road_works,avl
D25100000212,T2510000355,R002,S0067,2025-10-06,2025-10-06 17:02:35,2025-10-06 17:12:20,2025-10-06 17:03:05,2025-10-06 17:15:08,9.75,road_works,avl
D25100000213,T2510000355,R002,S0051,2025-10-06,2025-10-06 18:11:18,2025-10-06 18:34:08,2025-10-06 18:11:48,2025-10-06 18:36:56,22.83,road_works,avl
D25100000214,T2510000356,R005,S0025,2025-10-06,2025-10-06 17:21:31,2025-10-06 17:33:03,2025-10-06 17:22:01,2025-10-06 17:35:01,11.53,junction_bottleneck,avl
D25100000215,T2510000356,R005,S0015,2025-10-06,2025-10-06 17:48:48,2025-10-06 18:06:18,2025-10-06 17:49:18,2025-10-06 18:08:16,17.5,junction_bottleneck,avl
D25100000216,T2510000358,R001,S0035,2025-10-06,2025-10-06 18:02:15,2025-10-06 18:08:21,2025-10-06 18:02:45,2025-10-06 18:09:36,6.1,road_works,avl
D25100000217,T2510000360,R003,S0068,2025-10-06,2025-10-06 17:57:54,2025-10-06 18:11:35,2025-10-06 17:58:24,2025-10-06 18:13:17,13.68,road_works,avl
D25100000218,T2510000362,R002,S0067,2025-10-06,2025-10-06 18:15:43,2025-10-06 18:24:24,2025-10-06 18:16:13,2025-10-06 18:25:20,8.68,road_works,avl
D25100000219,T2510000364,R001,S0050,2025-10-06,2025-10-06 18:35:00,2025-10-06 18:47:31,2025-10-06 18:35:30,2025-10-06 18:50:49,12.52,road_works,avl
D25100000220,T2510000365,R001,S0035,2025-10-06,2025-10-06 18:12:15,2025-10-06 18:27:03,2025-10-06 18:12:45,2025-10-06 18:29:35,14.8,passenger_boarding,avl
D25100000221,T2510000365,R001,S0029,2025-10-06,2025-10-06 18:36:00,2025-10-06 18:55:18,2025-10-06 18:36:30,2025-10-06 18:57:51,19.3,passenger_boarding,avl
D25100000222,T2510000366,R003,S0076,2025-10-06,2025-10-06 17:48:30,2025-10-06 17:56:40,2025-10-06 17:49:00,2025-10-06 17:57:33,8.17,road_works,avl
D25100000223,T2510000366,R003,S0025,2025-10-06,2025-10-06 18:06:54,2025-10-05 18:26:21,2025-10-06 18:07:24,2025-10-05 18:27:14,19.45,road_works,avl
D25100000224,T2510000367,R006,S0103,2025-10-06,2025-10-06 17:37:19,2025-10-06 17:43:37,2025-10-06 17:37:49,2025-10-06 17:44:29,6.3,junction_bottleneck,avl
D25100000225,T2510000369,R001,S0034,2025-10-06,2025-10-06 17:40:03,2025-10-06 17:53:24,2025-10-06 17:40:33,2025-10-06 17:56:42,13.35,passenger_boarding,avl
D25100000226,T2510000369,R001,S0050,2025-10-06,2025-10-06 18:45:00,2025-10-06 19:13:23,2025-10-06 18:45:30,2025-10-06 19:16:41,28.38,passenger_boarding,driver_report
D25100000227,T2510000371,R004,S0017,2025-10-06,2025-10-06 17:52:42,2025-10-06 17:58:02,2025-10-06 17:53:12,2025-10-06 18:00:26,5.33,passenger_boarding,avl
D25100000228,T2510000372,R003,S0068,2025-10-06,2025-10-06 18:17:54,2025-10-06 18:31:08,2025-10-06 18:18:24,2025-10-06 18:33:14,13.23,junction_bottleneck,avl
D25100000229,T2510000375,R005,S0025,2025-10-06,2025-10-06 17:51:31,2025-10-06 18:02:34,2025-10-06 17:52:01,2025-10-06 18:04:51,11.05,junction_bottleneck,avl
D25100000230,T2510000375,R005,S0015,2025-10-06,2025-10-06 18:18:48,2025-10-06 18:35:23,2025-10-06 18:19:18,2025-10-06 18:37:40,16.58,junction_bottleneck,avl
D25100000231,T2510000379,R004,S0059,2025-10-06,2025-10-06 18:03:42,2025-10-06 18:17:59,2025-10-06 18:04:12,2025-10-06 18:19:58,14.28,passenger_boarding,avl
D25100000232,T2510000380,R003,S0076,2025-10-06,2025-10-06 18:08:30,2125-09-12 18:15:07,2025-10-06 18:09:00,2125-09-12 18:15:57,6.62,road_works,avl
D25100000233,T2510000380,R003,S0025,2025-10-06,2025-10-06 18:26:54,2025-10-06 18:42:59,2025-10-06 18:27:24,2025-10-06 18:43:49,16.08,road_works,avl
D25100000234,T2510000382,R006,S0025,2025-10-06,2025-10-06 18:24:48,2025-10-06 18:32:21,2025-10-06 18:25:18,2025-10-06 18:32:53,7.55,passenger_boarding,avl
D25100000235,T2510000385,R005,S0066,2025-10-06,2025-10-06 18:12:09,2025-10-06 18:28:04,2025-10-06 18:12:39,2025-10-06 18:30:07,15.92,traffic_congestion,avl
D25100000236,T2510000385,R005,S0087,2025-10-06,2025-10-06 18:29:48,2025-10-06 18:55:54,2025-10-06 18:30:18,2025-10-06 18:57:56,26.1,traffic_congestion,avl
D25100000237,T2510000387,R001,S0035,2025-10-06,2025-10-06 18:42:15,2025-10-06 18:48:41,2025-10-06 18:42:45,2025-10-06 18:51:04,6.43,road_works,avl
D25100000238,T2510000388,R003,S0068,2025-10-06,2025-10-06 18:37:54,2025-10-06 18:56:02,2025-10-06 18:38:24,2025-10-06 18:57:23,18.13,traffic_congestion,driver_report
D25100000239,T2510000390,R002,S0067,2025-10-06,2025-10-06 18:55:43,2025-10-06 19:06:02,2025-10-06 18:56:13,2025-10-06 19:06:59,10.32,road_works,avl
D25100000240,T2510000390,R002,S0006,2025-10-06,2025-10-06 19:00:18,2025-10-06 19:10:51,2025-10-06 19:00:48,2025-10-06 19:11:48,10.55,road_works,avl
D25100000241,T2510000391,R001,S0034,2025-10-06,2025-10-06 18:10:03,2025-10-06 18:19:01,2025-10-06 18:10:33,2025-10-06 18:22:19,8.97,traffic_congestion,avl
D25100000242,T2510000391,R001,S0050,2025-10-06,2025-10-06 19:15:00,2025-10-06 19:41:28,2025-10-06 19:15:30,2025-10-06 19:44:46,26.47,traffic_congestion,driver_report
D25100000243,T2510000392,R001,S0035,2025-10-06,2025-10-06 18:52:15,2025-10-06 18:58:51,2025-10-06 18:52:45,2025-10-06 19:02:09,6.6,road_works,avl
D25100000244,T2510000394,R003,S0025,2025-10-06,2025-10-06 18:46:54,2025-10-06 18:58:40,2025-10-06 18:47:24,2025-10-06 18:59:33,11.77,road_works,avl
D25100000245,T2510000395,R002,S0051,2025-10-06,2025-10-06 19:11:18,2025-10-06 19:30:12,2025-10-06 19:11:48,2025-10-06 19:31:56,18.9,road_works,driver_report
D25100000246,T2510000396,R005,S0025,2025-10-06,2025-10-06 18:21:31,2025-10-06 18:35:00,2025-10-06 18:22:01,2025-10-06 18:37:43,13.48,road_works,avl
D25100000247,T2510000396,R005,S9600,2025-10-06,2025-10-06 18:48:48,2025-10-06 19:09:09,2025-10-06 18:49:18,2025-10-06 19:11:52,20.35,road_works,avl
D25100000248,T2510000397,R001,S0034,2025-10-06,2025-10-06 18:20:03,2025-10-06 18:27:34,2025-10-06 18:20:33,2025-10-06 18:30:52,7.52,road_works,avl
D25100000249,T2510000397,R001,S0050,2025-10-06,2025-10-06 19:25:00,2025-10-06 19:45:27,2025-10-06 19:25:30,2025-10-06 19:48:45,20.45,road_works,avl
D25100000250,T2510000400,R003,S0068,2025-10-06,2025-10-06 18:57:54,2025-10-06 19:09:55,2025-10-06 18:58:24,2025-10-06 19:11:25,12.02,road_works,avl
D25100000251,T2510000403,R005,S0066,2025-10-06,2025-10-06 18:42:09,2025-10-06 18:53:08,2025-10-06 18:42:39,2025-10-06 18:54:02,10.98,junction_bottleneck,avl
D25100000252,T2510000403,R005,S0087,2025-10-06,2025-10-06 18:59:48,2025-10-06 19:18:00,2025-10-06 19:00:18,2025-10-06 19:18:54,18.2,junction_bottleneck,avl
D25100000253,T2510000404,R001,S0034,2025-10-06,2025-10-06 18:30:03,2025-10-06 18:37:14,2025-10-06 18:30:33,2025-10-06 18:40:32,7.18,passenger_boarding,avl
D25100000254,T2510000404,R001,S0050,2025-10-06,2025-10-06 19:35:00,2025-10-06 19:52:40,2025-10-06 19:35:30,2025-10-06 19:55:58,17.67,passenger_boarding,avl
D25100000255,T2510000405,R001,S0035,2025-10-06,2025-10-06 19:12:15,2025-10-06 19:18:52,2025-10-06 19:12:45,2025-10-06 19:20:35,6.62,road_works,avl
D25100000256,T2510000407,R003,S0076,2025-10-06,2025-10-06 18:48:30,2025-10-06 18:54:56,2025-10-06 18:49:00,2025-10-06 18:55:43,1440.5,junction_bottleneck,avl
D25100000257,T2510000407,R003,S0025,2025-10-06,2025-10-06 19:06:54,2025-10-06 19:19:52,2025-10-06 19:07:24,2025-10-06 19:20:38,12.97,junction_bottleneck,avl
D25100000258,T2510000413,R001,S0035,2025-10-06,2025-10-06 19:22:15,2025-10-06 19:33:45,2025-10-06 19:22:45,2025-10-06 19:35:59,11.5,traffic_congestion,avl
D25100000259,T2510000413,R001,S0029,2025-10-06,2025-10-06 19:46:00,2025-10-06 20:03:03,2025-10-06 19:46:30,2025-10-06 20:05:17,17.05,traffic_congestion,avl
D25100000260,T2510000417,R002,S0067,2025-10-06,2025-10-06 19:35:43,2025-10-06 19:47:55,2025-10-06 19:36:13,2025-10-06 19:49:10,12.2,passenger_boarding,avl
D25100000261,T2510000417,R002,S0006,2025-10-06,2025-10-06 19:40:18,2025-10-06 19:53:00,2025-10-06 19:40:48,2025-10-06 19:54:16,12.7,passenger_boarding,avl
D25100000262,T2510000418,R005,S0025,2025-10-06,2025-10-06 18:51:31,2025-10-06 19:01:51,2025-10-06 18:52:01,2025-10-06 19:04:41,10.33,junction_bottleneck,avl
D25100000263,T2510000418,R005,S0015,2025-10-06,2025-10-06 19:18:48,2025-10-06 19:34:57,2025-10-06 19:19:18,2025-10-06 19:37:46,16.15,junction_bottleneck,avl
D25100000264,T2510000419,R001,S0034,2025-10-06,2025-10-06 18:50:03,2025-10-06 18:55:22,2025-10-06 18:50:33,2025-10-06 18:58:40,5.32,passenger_boarding,avl
D25100000265,T2510000419,R001,S0050,2025-10-06,2025-10-06 19:55:00,2025-10-06 20:06:56,2025-10-06 19:55:30,2025-10-06 20:10:14,11.93,passenger_boarding,avl
D25100000266,T2510000422,R003,S0076,2025-10-06,2025-10-06 19:08:30,2025-10-06 19:18:45,2025-10-06 19:09:00,2025-10-06 19:19:26,10.25,road_works,avl
D25100000267,T2510000422,R003,S0025,2025-10-06,2025-10-06 19:26:54,2025-10-06 19:47:12,2025-10-06 19:27:24,2025-10-06 19:47:53,20.3,road_works,avl
D25100000268,T2510000425,R005,S0066,2025-10-06,2025-10-06 19:12:09,2025-10-06 19:23:52,2025-10-06 19:12:39,2025-10-06 19:24:32,11.72,road_works,avl
D25100000269,T2510000425,R005,S0087,2025-10-06,2025-10-06 19:29:48,2025-10-06 19:47:39,2025-10-06 19:30:18,2025-10-06 19:48:18,17.85,road_works,avl
D25100000270,T2510000426,R001,S0034,2025-10-06,2025-10-06 19:00:03,2025-10-06 19:06:06,2025-10-06 19:00:33,2025-10-06 19:09:24,6.05,road_works,avl
D25100000271,T2510000426,R001,S0050,2025-10-06,2025-10-06 20:05:00,2025-10-06 20:18:35,2025-10-06 20:05:30,2025-10-06 20:21:53,13.58,road_works,avl
D25100000272,T2510000427,R001,S0035,2025-10-06,2025-10-06 19:42:15,2025-10-06 19:49:02,2025-10-06 19:42:45,2025-10-06 19:50:02,6.78,road_works,avl
D25100000273,T2510000427,R001,S0029,2025-10-06,2025-10-06 20:06:00,2025-10-06 20:16:11,2025-10-06 20:06:30,2025-10-06 20:17:11,10.18,road_works,avl
D25100000274,T2510000428,R003,S0068,2025-10-06,2025-10-06 19:37:54,2025-10-06 19:57:00,2025-10-06 19:38:24,2025-10-06 19:58:43,19.1,road_works,avl
D25100000275,T2510000430,R002,S0067,2025-10-06,2025-10-06 19:55:43,2025-10-06 20:12:40,2025-10-06 19:56:13,2025-10-06 20:13:28,16.95,road_works,driver_report
D25100000276,T2510000430,R002,S0006,2025-10-06,2025-10-06 20:00:18,2025-10-06 20:17:58,2025-10-06 20:00:48,2025-10-06 20:18:46,17.67,road_works,driver_report
D25100000277,T2510000433,R004,S0017,2025-10-06,2025-10-06 19:22:42,2025-10-06 19:20:01,2025-10-06 19:23:12,2025-10-06 19:21:25,-2.68,early_running,avl
D25100000278,T2510000434,R003,S0076,2025-10-06,2025-10-06 19:28:30,2025-10-06 19:33:52,2025-10-06 19:29:00,2025-10-06 19:34:24,5.37,road_works,avl
D25100000279,T2510000434,R003,S0025,2025-10-06,2025-10-06 19:46:54,2025-10-06 20:01:03,2025-10-06 19:47:24,2025-10-06 20:01:35,14.15,road_works,avl
D25100000280,T2510000437,R005,S0025,2025-10-06,2025-10-06 19:21:31,2025-10-06 19:38:20,2025-10-06 19:22:01,2025-10-06 19:39:46,16.82,junction_bottleneck,avl
D25100000281,T2510000437,R005,S0015,2025-10-06,2025-10-06 19:48:48,2025-10-06 20:12:53,2025-10-06 19:49:18,2025-10-06 20:07:01,24.08,junction_bottleneck,driver_report
D25100000282,T2510000438,R001,S0050,2025-10-06,2025-10-06 20:25:00,2025-10-06 20:39:29,2025-10-06 20:25:30,2025-10-06 20:42:47,14.48,passenger_boarding,avl
D25100000283,T2510000440,R001,S0035,2025-10-06,2025-10-06 20:02:15,2025-10-06 20:09:27,2025-10-06 20:02:45,2025-10-06 20:11:37,7.2,road_works,avl
D25100000284,T2510000440,R001,S0029,2025-10-06,2025-10-06 20:26:00,2025-10-06 20:36:13,2025-10-06 20:26:30,2025-10-06 20:38:22,10.22,road_works,avl
D25100000285,T2510000442,R008,S0019,2025-10-06,2025-10-06 19:20:42,2025-10-06 19:18:37,2025-10-06 19:21:12,2025-10-06 19:19:06,-2.08,early_running,avl
D25100000286,T2510000445,R002,S0067,2025-10-06,2025-10-06 20:15:43,2025-10-06 20:22:43,2025-10-06 20:16:13,2025-10-06 20:23:29,7.0,road_works,avl
D25100000287,T2510000447,R005,S0015,2025-10-06,2025-10-06 19:08:30,2025-10-06 19:14:39,2025-10-06 19:09:00,2025-10-06 19:15:09,6.15,late_vehicle,avl
D25100000288,T2510000447,R005,S0087,2025-10-06,2025-10-06 19:59:48,2025-10-06 20:19:47,2025-10-06 20:00:18,2025-10-06 20:20:37,19.98,late_vehicle,driver_report
D25100000289,T2510000449,R001,S0035,2025-10-06,2025-10-06 20:12:15,2025-10-06 20:18:02,2025-10-06 20:12:45,2025-10-06 20:19:15,5.78,traffic_congestion,avl
D25100000290,T2510000450,R003,S0025,2025-10-06,2025-10-06 20:06:54,2025-10-06 20:18:58,2025-10-06 20:07:24,2025-10-06 20:19:29,12.07,road_works,avl
D25100000291,T2510000454,R001,S0035,2025-10-06,2025-10-06 20:22:15,2025-10-06 20:28:02,2025-10-06 20:22:45,2025-10-06 20:28:47,5.78,road_works,avl
D25100000292,T2510000458,R005,S0025,2025-10-06,2025-10-06 19:51:31,2025-10-06 19:58:00,2025-10-06 19:52:01,2025-10-06 19:58:33,6.48,road_works,avl
D25100000293,T2510000459,R001,S0050,2025-10-06,2025-10-06 20:37:18,2025-10-06 20:34:36,2025-10-06 20:37:48,2025-10-06 20:36:23,-2.7,early_running,avl
D25100000294,T2510000461,R002,S0006,2025-10-06,2025-10-06 20:29:06,2025-10-06 20:23:57,2025-10-06 20:29:36,2025-10-06 20:24:28,-5.15,early_running,avl
D25100000295,T2510000463,R003,S0025,2025-10-06,2025-10-06 20:21:36,2025-10-06 20:32:10,2025-10-06 20:22:06,2025-10-06 20:32:57,10.57,road_works,avl
D25100000296,T2510000465,R001,S0050,2025-10-06,2025-10-06 20:57:18,2025-10-06 20:54:44,2025-10-06 20:57:48,2025-10-06 20:58:02,-2.57,early_running,avl
D25100000297,T2510000466,R004,S0017,2025-10-06,2025-10-06 20:14:18,2025-10-06 20:10:06,2025-10-06 20:14:48,2025-10-06 20:10:41,-4.2,early_running,avl
D25100000298,T2510000476,R008,S0019,2025-10-06,2025-10-06 20:32:06,2025-10-06 20:29:59,2025-10-06 20:32:36,2025-10-06 20:30:44,-2.12,early_running,avl
D25100000299,T2510000477,R001,S0029,2025-10-06,2025-10-06 21:28:18,2025-10-08 21:23:36,2025-10-06 21:28:48,2025-10-08 21:25:41,-4.7,early_running,avl
D25100000300,T2510000478,R002,S0067,2025-10-06,2025-10-06 21:10:51,2025-10-06 21:21:20,2025-10-06 21:11:21,2025-10-06 21:22:00,10.48,road_works,avl
D25100000301,T2510000478,R002,S0006,2025-10-06,2025-10-06 21:14:06,2025-10-06 21:25:03,2025-10-06 21:14:36,2025-10-06 21:25:42,10.95,road_works,avl
D25100000302,T2510000479,R007,S0109,2025-10-06,2025-10-06 20:43:18,2025-10-06 20:41:13,2025-10-06 20:43:48,2025-10-06 20:41:52,-2.08,early_running,avl
D25100000303,T2510000484,R001,S0035,2025-10-06,2025-10-06 21:29:30,2025-10-06 21:35:59,2025-10-06 21:30:00,2025-10-06 21:38:27,6.48,road_works,avl
D25100000304,T2510000485,R001,S0034,2025-10-06,2025-10-06 21:05:53,2025-10-06 21:13:09,2025-10-06 21:06:23,2025-10-06 21:16:03,7.27,road_works,avl
D25100000305,T2510000485,R001,S9838,2025-10-06,2025-10-06 21:57:18,2025-10-06 22:09:28,2025-10-06 21:57:48,2025-10-06 22:12:22,12.17,road_works,avl
D25100000306,T2510000486,R004,S0017,2025-10-06,2025-10-06 21:14:18,2025-10-06 21:10:53,2025-10-06 21:14:48,2025-10-06 21:11:26,-3.42,early_running,avl
D25100000307,T2510000491,R006,S0025,2025-10-06,2025-10-06 21:41:42,2025-10-06 21:39:34,2025-10-06 21:42:12,2025-10-06 21:39:55,-2.13,early_running,avl
D25100000308,T2510000492,R002,S0067,2025-10-06,2025-10-06 21:55:51,2025-10-06 22:01:08,2025-10-06 21:56:21,2025-10-06 22:01:39,5.28,road_works,avl
D25100000309,T2510000493,R005,S0066,2025-10-06,2025-10-06 21:33:24,2025-10-06 21:38:26,2025-10-06 21:33:54,2025-10-06 21:39:05,5.03,road_works,avl
D25100000310,T2510000501,R001,S0035,2025-10-06,2025-10-06 22:29:30,2025-10-06 22:37:06,2025-10-06 22:30:00,2025-10-06 22:38:41,7.6,road_works,avl
D25100000311,T2510000504,R001,S0034,2025-10-06,2025-10-06 22:05:53,2025-10-06 22:12:35,2025-10-06 22:06:23,2025-10-06 22:15:53,6.7,passenger_boarding,avl
D25100000312,T2510000504,R001,S0050,2025-10-06,2025-10-06 22:57:18,2025-10-06 23:16:08,2025-10-06 22:57:48,2025-10-06 23:19:26,18.83,passenger_boarding,avl
D25100000313,T2510000506,R002,S0067,2025-10-06,2025-10-06 22:40:51,2025-10-06 22:46:13,2025-10-06 22:41:21,2025-10-06 22:46:36,5.37,road_works,avl
D25100000314,T2510000508,R005,S0025,2025-10-06,2025-10-06 22:15:19,2025-10-06 22:21:56,2025-10-06 22:15:49,2025-10-06 22:22:38,6.62,road_works,avl
D25100000315,T2510000510,R001,S0029,2025-10-06,2025-10-06 23:08:18,2025-10-06 23:05:49,2025-10-06 23:08:48,2025-10-06 23:06:46,-2.48,early_running,avl
D25100000316,T2510000514,R005,S0066,2025-10-06,2025-10-06 22:33:24,2025-10-06 22:38:27,2025-10-06 22:33:54,2025-10-06 22:39:19,5.05,road_works,avl
D25100000317,T2510000516,R003,S0068,2025-10-06,2025-10-06 22:47:36,2025-10-06 23:01:15,2025-10-06 22:48:06,2025-10-06 23:01:52,13.65,road_works,avl
D25100000318,T2510000517,R006,S0094,2025-10-06,2025-10-06 22:52:42,2025-10-06 22:48:51,2025-10-06 22:53:12,2025-10-06 22:49:15,-3.85,early_running,avl
D25100000319,T2510000523,R001,S0035,2025-10-07,2025-10-07 06:25:45,2025-10-07 06:30:57,2025-10-07 06:26:15,2025-10-07 06:32:19,5.2,road_works,avl
D25100000320,T2510000529,R001,S0035,2025-10-07,2025-10-07 06:40:45,2025-10-07 06:53:14,2025-10-07 06:41:15,2025-10-07 06:54:42,12.48,road_works,avl
D25100000321,T2510000529,R001,S0029,2025-10-07,2025-10-07 06:58:06,2025-10-07 07:13:52,2025-10-07 06:58:36,2025-10-07 07:15:19,15.77,road_works,avl
D25100000322,T2510000530,R005,S0015,2025-10-07,2025-10-07 06:31:54,2025-10-07 06:29:25,2025-10-07 06:32:24,2025-10-07 06:29:52,-2.48,early_running,avl
D25100000323,T2510000532,R004,S0059,2025-10-07,2025-10-07 06:23:06,2025-10-07 06:20:55,2025-10-07 06:23:36,2025-10-07 06:22:05,-2.18,early_running,avl
D25100000324,T2510000533,R006,S0025,2025-10-07,2025-10-07 06:38:12,2025-10-07 06:33:40,2025-10-07 06:38:42,2025-10-07 06:34:10,-4.53,early_running,avl
D25100000325,T2510000536,R001,S0029,2025-10-07,2025-10-07 07:13:06,2025-10-07 07:08:17,2025-10-07 07:13:36,2025-10-07 07:10:34,-4.82,early_running,avl
D25100000326,T2510000537,R007,S0028,2025-10-07,2025-10-07 06:30:30,2025-10-07 06:27:10,2025-10-07 06:31:00,2025-10-07 06:27:44,-3.33,early_running,avl
D25100000327,T2510000538,R003,S0076,2025-10-07,2025-10-07 06:35:12,2025-10-07 06:41:13,2025-10-07 06:35:42,2025-10-07 06:42:14,6.02,road_works,avl
D25100000328,T2510000539,R001,S0050,2025-10-07,2025-10-07 07:17:06,2025-10-07 07:28:16,2025-10-07 07:17:36,2025-10-07 07:30:28,11.17,road_works,avl
D25100000329,T2510000545,R001,S0029,2025-10-07,2025-10-07 07:28:06,2025-10-07 07:23:04,2025-10-07 07:28:36,2025-10-07 07:24:37,-5.03,early_running,avl
D25100000330,T2510000546,R001,S0050,2025-10-07,2025-10-07 07:32:06,2025-10-07 07:28:05,2025-10-07 07:32:36,2025-10-07 07:29:25,-4.02,early_running,avl
D25100000331,T2510000551,R005,S0025,2025-10-07,2025-10-07 06:58:41,2025-10-07 07:03:44,2025-10-07 06:59:11,2025-10-07 07:04:15,5.05,road_works,avl
D25100000332,T2510000556,R006,S0025,2025-10-07,2025-10-07 07:23:12,2025-10-07 07:17:13,2025-10-07 07:23:42,2025-10-07 07:17:46,-5.98,early_running,avl
D25100000333,T2510000557,R005,S0066,2025-10-07,2025-10-07 07:16:07,2025-10-07 07:22:00,2025-10-07 07:16:37,2025-10-07 07:23:36,5.88,road_works,avl
D25100000334,T2510000560,R001,S0034,2025-10-07,2025-10-07 07:19:04,2025-10-07 07:28:32,2025-10-07 07:19:34,2025-10-07 07:30:00,9.47,road_works,avl
D25100000335,T2510000560,R001,S0050,2025-10-07,2025-10-07 08:20:48,2025-10-07 08:43:05,2025-10-07 08:21:18,2025-10-07 08:44:33,22.28,road_works,avl
D25100000336,T2510000562,R001,S0035,2025-10-07,2025-10-07 07:59:14,2025-10-07 08:09:53,2025-10-07 07:59:44,2025-10-07 08:13:11,10.65,road_works,avl
D25100000337,T2510000562,R001,S0029,2025-10-07,2025-10-07 08:21:48,2025-10-07 08:35:42,2025-10-07 08:22:18,2025-10-07 08:39:00,13.9,road_works,avl
D25100000338,T2510000563,R004,S0059,2025-10-07,2025-10-07 07:32:36,2025-10-07 07:29:08,2025-10-07 07:33:06,2025-10-07 07:30:03,-3.47,early_running,avl
D25100000339,T2510000567,R002,S0067,2025-10-07,2025-10-07 08:13:17,2025-10-07 08:32:17,2025-10-07 08:13:47,2025-10-07 08:35:35,19.0,passenger_boarding,avl
D25100000340,T2510000567,R002,S0006,2025-10-07,2025-10-07 08:17:42,2025-10-07 08:37:32,2025-10-07 08:18:12,2025-10-07 08:40:50,19.83,passenger_boarding,avl
D25100000341,T2510000576,R001,S0035,2025-10-07,2025-10-07 08:19:14,2025-10-07 08:34:29,2025-10-07 08:19:44,2025-10-07 08:37:47,15.25,passenger_boarding,avl
D25100000342,T2510000576,R001,S0029,2025-10-07,2025-10-07 08:41:48,2025-10-07 09:02:31,2025-10-07 08:42:18,2025-10-07 09:05:49,n/a,passenger_boarding,avl
D25100000343,T2510000580,R005,S0025,2025-10-07,2025-10-07 07:50:41,2025-10-07 08:04:59,2025-10-07 07:51:11,2025-10-07 08:06:27,14.3,junction_bottleneck,avl
D25100000344,T2510000580,R005,S0015,2025-10-07,2025-10-07 08:17:00,2025-10-07 08:38:11,2025-10-07 08:17:30,2025-10-07 08:39:39,21.18,junction_bottleneck,avl
D25100000345,T2510000581,R001,S0034,2025-10-07,2025-10-07 07:49:04,2025-10-07 07:58:03,2025-10-07 07:49:34,2025-10-07 08:00:04,8.98,passenger_boarding,avl
D25100000346,T2510000581,R001,S0050,2025-10-07,2025-10-07 08:50:48,2025-10-07 09:14:44,2025-10-07 08:51:18,2025-10-07 09:16:45,23.93,passenger_boarding,avl
D25100000347,T2510000582,R001,S0035,2025-10-07,2025-10-07 08:29:14,2025-10-07 08:35:04,2025-10-07 08:29:44,2025-10-07 08:37:08,5.83,traffic_congestion,avl
D25100000348,T2510000585,R006,S0025,2025-10-07,2025-10-07 08:23:00,2025-10-07 08:20:50,2025-10-07 08:23:30,2025-10-07 08:21:14,-2.17,early_running,avl
D25100000349,T2510000587,R005,S0066,2025-10-07,2025-10-07 08:10:58,2025-10-07 08:25:47,2025-10-07 08:11:28,2025-10-07 08:28:07,14.82,road_works,avl
D25100000350,T2510000587,R005,S0087,2025-10-07,2025-10-07 08:28:00,2025-10-07 08:48:36,2025-10-07 08:28:30,2025-10-07 08:50:56,20.6,road_works,avl
D25100000351,T2510000589,R001,S0035,2025-10-07,2025-10-07 08:39:14,2025-10-07 08:53:04,2025-10-07 08:39:44,2025-10-07 08:56:22,13.83,passenger_boarding,avl
D25100000352,T2510000589,R001,S0029,2025-10-07,2025-10-07 09:01:48,2025-10-07 09:20:28,2025-10-07 09:02:18,2025-10-07 09:23:46,-999.0,passenger_boarding,avl
D25100000353,T2510000590,R007,S0118,2025-10-07,2025-10-07 08:03:07,2025-10-07 08:08:17,2025-10-07 08:03:37,2025-10-07 08:09:32,5.17,passenger_boarding,avl
D25100000354,T2510000591,R003,S0068,2025-10-07,2025-10-07 08:36:00,2025-10-07 08:58:58,2025-10-07 08:36:30,2025-10-07 08:59:40,22.97,road_works,avl
D25100000355,T2510000593,R006,S0094,2025-10-07,2025-10-07 08:34:00,2025-10-07 08:30:53,2025-10-07 08:34:30,2025-10-07 08:31:15,-3.12,early_running,avl
D25100000356,T2510000594,R002,S0067,2025-10-07,2025-10-07 08:53:17,2025-10-07 09:02:31,2025-10-07 08:53:47,2025-10-07 09:04:15,9.23,road_works,avl
D25100000357,T2510000596,R001,S0034,2025-10-07,2025-10-07 08:09:04,2025-10-07 08:15:06,2025-10-07 08:09:34,2025-10-07 08:17:01,6.03,road_works,avl
D25100000358,T2510000596,R001,S0050,2025-10-07,2025-10-07 09:10:48,2025-10-07 09:26:56,2025-10-07 09:11:18,2025-10-07 09:28:51,16.13,road_works,avl
D25100000359,T2510000597,R001,S0029,2025-10-07,2025-10-07 09:11:48,2025-10-07 09:08:12,2025-10-07 09:12:18,2025-10-07 09:11:30,-3.6,early_running,avl
D25100000360,T2510000600,R003,S0025,2025-10-07,2025-10-07 08:45:00,2025-10-07 08:57:37,2025-10-07 08:45:30,2025-10-07 08:59:02,12.62,traffic_congestion,avl
D25100000361,T2510000601,R002,S0051,2025-10-07,2025-10-07 09:08:42,2025-10-07 09:26:53,2025-10-07 09:09:12,2025-10-07 09:27:42,18.18,passenger_boarding,driver_report
D25100000362,T2510000604,R001,S0035,2025-10-07,2025-10-07 08:59:14,2025-10-07 09:04:33,2025-10-07 08:59:44,2025-10-07 09:07:51,5.32,road_works,avl
D25100000363,T2510000606,R003,S0068,2025-10-07,2025-10-07 08:56:00,2025-10-07 09:07:20,2025-10-07 08:56:30,2025-10-07 09:08:02,11.33,junction_bottleneck,avl
D25100000364,T2510000607,R006,S0025,2025-10-07,2025-10-07 08:53:00,2025-10-07 08:44:22,2025-10-07 08:53:30,2025-10-07 08:45:14,-8.63,early_running,avl
D25100000365,T2510000608,R002,S0067,2025-10-07,2025-10-07 09:13:17,2025-10-07 09:26:02,2025-10-07 09:13:47,2025-10-07 09:28:28,12.75,road_works,avl
D25100000366,T2510000608,R002,S0006,2025-10-07,2025-10-07 09:17:42,2025-10-07 09:30:55,2025-10-07 09:18:12,2025-10-07 09:33:21,13.22,road_works,avl
D25100000367,T2510000610,R001,S0034,2025-10-07,2025-10-07 08:29:04,2025-10-07 08:35:08,2025-10-07 08:29:34,2025-10-07 08:36:38,6.07,road_works,avl
D25100000368,T2510000610,R001,S0050,2025-10-07,2025-10-07 09:30:48,2025-10-07 09:43:58,2025-10-07 09:31:18,2025-10-07 09:45:28,13.17,road_works,avl
D25100000369,T2510000611,R001,S0029,2025-10-07,2025-10-07 09:31:48,2025-10-07 09:29:19,2025-10-07 09:32:18,2025-10-07 09:32:37,-2.48,early_running,avl
D25100000370,T2510000612,R003,S0025,2025-10-07,2025-10-07 09:05:00,2025-10-07 09:16:02,2025-10-07 09:05:30,2025-10-07 09:17:57,11.03,road_works,avl
D25100000371,T2510000616,R001,S0035,2025-10-07,2025-10-07 09:19:14,2025-10-07 09:29:36,2025-10-07 09:19:44,2025-10-07 09:32:54,10.37,road_works,avl
D25100000372,T2510000616,R001,S0029,2025-10-07,2025-10-07 09:41:48,2025-10-07 09:57:04,2025-10-07 09:42:18,2025-10-07 10:00:22,15.27,road_works,avl
D25100000373,T2510000617,R004,S0017,2025-10-07,2025-10-07 08:51:36,2025-10-07 08:46:45,2025-10-07 08:52:06,2025-10-07 08:47:20,-4.85,early_running,avl
D25100000374,T2510000618,R003,S0068,2025-10-07,2025-10-07 09:16:00,2025-10-07 09:30:53,2025-10-07 09:16:30,2025-10-07 09:31:33,14.88,road_works,avl
D25100000375,T2510000619,R002,S0067,2025-10-07,2025-10-07 09:33:17,2025-10-07 09:48:26,2025-10-07 09:33:47,2025-10-07 09:49:46,15.15,road_works,avl
D25100000376,T2510000619,R002,S0006,2025-10-07,2025-10-07 09:37:42,2025-10-07 09:53:23,2025-10-07 09:38:12,2025-10-07 09:54:44,15.68,road_works,avl
D25100000377,T2510000620,R007,S0118,2025-10-07,2025-10-07 08:48:07,2025-10-07 08:55:57,2025-10-07 08:48:37,2025-10-07 08:56:55,7.83,traffic_congestion,avl
D25100000378,T2510000621,R005,S0025,2025-10-07,2025-10-07 08:50:41,2025-10-07 09:00:38,2025-10-07 08:51:11,2025-10-07 09:01:36,9.95,road_works,avl
D25100000379,T2510000621,R005,S0015,2025-10-07,2025-10-07 09:17:00,2025-10-07 09:32:05,2025-10-07 09:17:30,2025-10-07 09:33:02,15.08,road_works,avl
D25100000380,T2510000622,R001,S0034,2025-10-07,2025-10-07 08:49:04,2025-10-07 09:01:44,2025-10-07 08:49:34,2025-10-07 09:05:02,12.67,road_works,avl
D25100000381,T2510000622,R001,S0050,2025-10-07,2025-10-07 09:50:48,2025-10-07 10:19:14,2025-10-07 09:51:18,2025-10-07 10:22:32,28.43,road_works,driver_report
D25100000382,T2510000624,R001,S0029,2025-10-07,2025-10-07 09:51:48,2025-10-07 09:45:22,2025-10-07 09:52:18,2025-10-07 09:48:40,-6.43,early_running,avl
D25100000383,T2510000626,R003,S0076,2025-10-07,2025-10-07 09:07:15,2025-10-07 09:14:43,2025-10-07 09:07:45,2025-10-07 09:16:19,7.47,road_works,avl
D25100000384,T2510000626,R003,S0025,2025-10-07,2025-10-07 09:25:00,2025-10-07 09:41:26,2025-10-07 09:25:30,2025-10-07 09:43:02,16.43,road_works,avl
D25100000385,T2510000631,R005,S0066,2025-10-07,2025-10-07 09:10:58,2025-10-07 09:17:57,2025-10-07 09:11:28,2025-10-07 09:19:39,6.98,junction_bottleneck,avl
D25100000386,T2510000631,R005,S0087,2025-10-07,2025-10-07 09:28:00,2025-10-07 09:39:06,2025-10-07 09:28:30,2025-10-07 09:40:48,11.1,junction_bottleneck,avl
D25100000387,T2510000632,R001,S0050,2025-10-07,2025-10-07 10:00:48,2025-10-07 09:55:47,2025-10-07 10:01:18,2025-10-07 09:56:42,-5.02,early_running,avl
D25100000388,T2510000634,R003,S0067,2025-10-07,2025-10-07 08:49:36,2025-10-07 08:56:45,2025-10-07 08:50:06,2025-10-07 08:57:24,7.15,road_works,avl
D25100000389,T2510000634,R003,S0068,2025-10-07,2025-10-07 09:36:00,2025-10-07 09:53:26,2025-10-07 09:36:30,2025-10-07 09:54:06,17.43,road_works,driver_report
D25100000390,T2510000637,R001,S0034,2025-10-07,2025-10-07 09:09:04,2025-10-07 09:22:44,2025-10-07 09:09:34,2025-10-07 09:25:44,13.67,road_works,avl
D25100000391,T2510000637,R001,S0050,2025-10-07,2025-10-07 10:10:48,2025-10-07 10:40:04,2025-10-07 10:11:18,2025-10-07 10:43:04,29.27,road_works,avl
D25100000392,T2510000638,R001,S0035,2025-10-07,2025-10-07 09:49:14,2025-10-07 09:59:25,2025-10-07 09:49:44,2025-10-07 10:02:43,10.18,road_works,avl
D25100000393,T2510000638,R001,S0029,2025-10-07,2025-10-07 10:11:48,2025-10-07 10:26:24,2025-10-07 10:12:18,2025-10-07 10:29:42,14.6,road_works,avl
D25100000394,T2510000642,R005,S0025,2025-10-07,2025-10-07 09:20:41,2025-10-07 09:30:37,2025-10-07 09:21:11,2025-10-07 09:31:45,9.93,junction_bottleneck,avl
D25100000395,T2510000642,R005,S0015,2025-10-07,2025-10-07 09:47:00,2025-10-07 10:02:31,2025-10-07 09:47:30,2025-10-07 10:03:39,15.52,junction_bottleneck,driver_report
D25100000396,T2510000644,R001,S0035,2025-10-07,2025-10-07 09:59:14,2025-10-07 10:05:11,2025-10-07 09:59:44,2025-10-07 10:07:59,5.95,traffic_congestion,avl
D25100000397,T2510000646,R003,S0068,2025-10-07,2025-10-07 09:56:00,2025-10-07 10:11:48,2025-10-07 09:56:30,2025-10-07 10:12:18,15.8,road_works,driver_report
D25100000398,T2510000647,R006,S0025,2025-10-07,2025-10-07 09:53:00,2025-10-07 09:49:06,2025-10-07 09:53:30,2025-10-07 09:49:51,-3.9,early_running,avl
D25100000399,T2510000649,R005,S0066,2025-10-07,2025-10-07 09:40:58,2025-10-07 09:53:09,2025-10-07 09:41:28,2025-10-07 09:56:06,12.18,passenger_boarding,avl
D25100000400,T2510000649,R005,S0087,2025-10-07,2025-10-07 09:58:00,2025-10-07 10:17:18,2025-10-07 09:58:30,2025-10-07 10:20:15,19.3,passenger_boarding,avl
D25100000401,T2510000650,R001,S0034,2025-10-07,2025-10-07 09:29:04,2025-10-07 09:35:16,2025-10-07 09:29:34,2025-10-07 09:37:16,6.2,road_works,avl
D25100000402,T2510000650,R001,S0050,2025-10-07,2025-10-07 10:30:48,2025-10-07 10:45:46,2025-10-07 10:31:18,2025-10-07 10:47:46,14.97,road_works,avl
D25100000403,T2510000659,R001,S0035,2025-10-07,2025-10-07 10:19:14,2025-10-07 10:42:06,2025-10-07 10:19:44,2025-10-07 10:45:24,22.87,passenger_boarding,driver_report
D25100000404,T2510000659,R001,S0029,2025-10-07,2025-10-07 10:41:48,2025-10-07 11:13:27,2025-10-07 10:42:18,2025-10-07 11:16:45,31.65,passenger_boarding,avl
D25100000405,T2510000664,R005,S0025,2025-10-07,2025-10-07 09:50:41,2025-10-07 10:06:54,2025-10-07 09:51:11,2025-10-07 10:07:28,16.22,junction_bottleneck,avl
D25100000406,T2510000664,R005,S0015,2025-10-07,2025-10-07 10:17:00,2025-10-07 10:40:08,2025-10-07 10:17:30,2025-10-07 10:40:41,23.13,junction_bottleneck,avl
D25100000407,T2510000665,R001,S0050,2025-10-07,2025-10-07 10:50:48,2025-10-07 11:03:41,2025-10-07 10:51:18,2025-10-07 11:05:13,12.88,road_works,avl
D25100000408,T2510000667,R004,S0059,2025-10-07,2025-10-07 10:02:36,2025-10-07 09:59:41,2025-10-07 10:03:06,2025-10-07 10:00:47,-2.92,early_running,avl
D25100000409,T2510000670,R002,S0051,2025-10-07,2025-10-07 10:48:42,2025-10-07 11:03:44,2025-10-07 10:49:12,2025-10-07 11:04:51,15.03,passenger_boarding,driver_report
D25100000410,T2510000671,R005,S0066,2025-10-07,2025-10-07 10:10:58,2025-10-07 10:19:44,2025-10-07 10:11:28,2025-10-07 10:21:13,8.77,road_works,avl
D25100000411,T2510000671,R005,S0087,2025-10-07,2025-10-07 10:28:00,2025-10-07 10:41:15,2025-10-07 10:28:30,2025-10-07 10:42:44,13.25,road_works,avl
D25100000412,T2510000672,R001,S0034,2025-10-07,2025-10-07 09:59:04,2025-10-07 10:05:48,2025-10-07 09:59:34,2025-10-07 10:07:41,6.73,traffic_congestion,avl
D25100000413,T2510000672,R001,S0050,2025-10-07,2025-10-07 11:00:48,2025-10-07 11:17:37,2025-10-07 11:01:18,2025-10-07 11:19:30,16.82,traffic_congestion,avl
D25100000414,T2510000676,R002,S0067,2025-10-07,2025-10-07 10:53:17,2025-10-07 11:02:54,2025-10-07 10:53:47,2025-10-07 11:04:00,9.62,road_works,avl
D25100000415,T2510000677,R001,S0050,2025-10-07,2025-10-07 11:10:48,2025-10-07 11:22:26,2025-10-07 11:11:18,2025-10-07 11:24:32,11.63,road_works,avl
D25100000416,T2510000678,R001,S0035,2025-10-07,2025-10-07 10:49:14,2025-10-07 11:03:14,2025-10-07 10:49:44,2025-10-07 11:06:32,14.0,passenger_boarding,avl
D25100000417,T2510000678,R001,S0029,2025-10-07,2025-10-07 11:11:48,2025-10-07 11:32:52,2025-10-07 11:12:18,2025-10-07 11:36:10,21.07,passenger_boarding,avl
D25100000418,T2510000680,R003,S0025,2025-10-07,2025-10-07 10:45:00,2025-10-07 10:56:43,2025-10-07 10:45:30,2025-10-07 10:57:43,11.72,road_works,avl
D25100000419,T2510000683,R005,S0025,2025-10-07,2025-10-07 10:20:41,2025-10-07 10:26:12,2025-10-07 10:21:11,2025-10-07 10:27:00,5.52,road_works,avl
D25100000420,T2510000686,R002,S0006,2025-10-07,2025-10-07 11:05:12,2025-10-07 11:02:04,2025-10-07 11:05:42,2025-10-07 11:02:25,-3.13,early_running,avl
D25100000421,T2510000691,R004,S0017,2025-10-07,2025-10-07 10:47:06,2025-10-07 10:43:06,2025-10-07 10:47:36,2025-10-07 10:43:42,-4.0,early_running,avl
D25100000422,T2510000692,R003,S0068,2025-10-07,2025-10-07 11:07:00,2025-10-07 11:19:05,2025-10-07 11:07:30,2025-10-07 11:19:53,12.08,road_works,avl
D25100000423,T2510000695,R001,S0050,2025-10-07,2025-10-07 11:40:18,2025-10-07 11:50:20,2025-10-07 11:40:48,2025-10-07 11:52:34,10.03,road_works,avl
D25100000424,T2510000697,R006,S0025,2025-10-07,2025-10-07 11:16:00,2025-10-07 11:12:23,2025-10-07 11:16:30,2025-10-07 11:12:53,-3.62,early_running,avl
D25100000425,T2510000698,R002,S0067,2025-10-07,2025-10-07 11:31:34,2025-10-07 11:40:19,2025-10-07 11:32:04,2025-10-07 11:40:59,8.75,road_works,avl
D25100000426,T2510000704,R006,S0094,2025-10-07,2025-10-07 11:27:00,2025-10-07 11:24:20,2025-10-07 11:27:30,2025-10-07 11:24:50,-2.67,early_running,avl
D25100000427,T2510000710,R001,S0034,2025-10-07,2025-10-07 11:16:35,2025-10-07 11:22:36,2025-10-07 11:17:05,2025-10-07 11:25:20,6.02,road_works,avl
D25100000428,T2510000712,R001,S0035,2025-10-07,2025-10-07 12:01:40,2025-10-07 12:08:33,2025-10-07 12:02:10,2025-10-07 12:11:07,6.88,road_works,avl
D25100000429,T2510000712,R001,S0029,2025-10-07,2025-10-07 12:21:18,2025-10-07 12:31:28,2025-10-07 12:21:48,2025-10-07 12:34:02,10.17,road_works,avl
D25100000430,T2510000713,R003,S0025,2025-10-07,2025-10-07 11:56:00,2025-10-07 12:08:38,2025-10-07 11:56:30,2025-10-07 12:10:23,12.63,passenger_boarding,avl
D25100000431,T2510000716,R004,S0017,2025-10-07,2025-10-07 11:47:06,2025-10-07 11:55:42,2025-10-07 11:47:36,2025-10-07 11:56:41,8.6,traffic_congestion,avl
D25100000432,T2510000718,R001,S0029,2025-10-07,2025-10-07 12:36:18,2025-10-07 12:33:08,2025-10-07 12:36:48,2025-10-07 12:36:26,-3.17,early_running,avl
D25100000433,T2510000719,R005,S0025,2025-10-07,2025-10-07 11:47:21,2025-10-07 11:58:30,2025-10-07 11:47:51,2025-10-07 11:59:24,11.15,road_works,avl
D25100000434,T2510000719,R005,S0015,2025-10-07,2025-10-07 12:09:48,2025-10-07 12:24:29,2025-10-07 12:10:18,2025-10-07 12:25:23,14.68,road_works,avl
D25100000435,T2510000721,R008,S0125,2025-10-07,2025-10-07 11:34:55,2025-10-07 11:40:07,2025-10-07 11:35:25,2025-10-07 11:41:16,5.2,passenger_boarding,avl
D25100000436,T2510000723,R006,S0025,2025-10-07,2025-10-07 12:16:00,2025-10-07 12:23:17,2025-10-07 12:16:30,2025-10-07 12:23:56,7.28,passenger_boarding,avl
D25100000437,T2510000729,R006,S0094,2025-10-07,2025-10-07 12:27:00,2025-10-07 12:22:03,2025-10-07 12:27:30,2025-10-07 12:22:33,-4.95,early_running,avl
D25100000438,T2510000732,R001,S0035,2025-10-07,2025-10-07 12:46:40,2025-10-07 12:54:36,2025-10-07 12:47:10,2025-10-07 12:57:54,7.93,road_works,avl
D25100000439,T2510000732,R001,S0029,2025-10-07,2025-10-07 13:06:18,2025-10-07 13:17:33,2025-10-07 13:06:48,2025-10-07 13:20:51,11.25,road_works,avl
D25100000440,T2510000733,R001,S0034,2025-10-07,2025-10-07 12:16:35,2025-10-07 12:24:02,2025-10-07 12:17:05,2025-10-07 12:26:17,7.45,road_works,avl
D25100000441,T2510000733,R001,S0050,2025-10-07,2025-10-07 13:10:18,2025-10-07 13:22:37,2025-10-07 13:10:48,2025-10-07 13:24:52,12.32,road_works,avl
D25100000442,T2510000735,R001,S0029,2025-10-07,2025-10-07 13:21:18,2025-10-07 13:19:12,2025-10-07 13:21:48,2025-10-07 13:21:15,-2.1,early_running,avl
D25100000443,T2510000738,R001,S0034,2025-10-07,2025-10-07 12:31:35,2025-10-07 12:36:46,2025-10-07 12:32:05,2025-10-07 12:40:04,5.18,road_works,avl
D25100000444,T2510000744,R001,S0029,2025-10-07,2025-10-07 13:36:18,2025-10-07 13:34:03,2025-10-07 13:36:48,2025-10-07 13:36:29,-2.25,early_running,avl
D25100000445,T2510000746,R001,S0050,2025-10-07,2025-10-07 13:40:18,2025-10-07 13:38:03,2025-10-07 13:40:48,2025-10-07 13:30:33,-2.25,early_running,avl
D25100000446,T2510000752,R003,S0076,2025-10-07,2025-10-07 13:11:23,2025-10-07 13:17:36,2025-10-07 13:11:53,2025-10-07 13:18:53,6.22,road_works,avl
D25100000447,T2510000752,R003,S0025,2025-10-07,2025-10-07 13:26:00,2025-10-07 13:42:14,2025-10-07 13:26:30,2025-10-07 13:43:30,16.23,road_works,avl
D25100000448,T2510000754,R006,S0103,2025-10-07,2025-10-07 13:03:33,2025-10-07 13:09:35,2025-10-07 13:04:03,2025-10-07 13:10:21,6.03,passenger_boarding,avl
D25100000449,T2510000758,R001,S0050,2025-10-07,2025-10-07 14:10:18,2025-10-07 14:21:13,2025-10-07 14:10:48,2025-10-07 14:24:31,10.92,passenger_boarding,avl
D25100000450,T2510000761,R001,S0035,2025-10-07,2025-10-07 14:01:40,2025-10-07 14:09:54,2025-10-07 14:02:10,2025-10-07 14:11:57,8.23,road_works,avl
D25100000451,T2510000763,R001,S0034,2025-10-07,2025-10-07 13:31:35,2025-10-07 13:38:46,2025-10-07 13:32:05,2025-10-07 13:42:04,7.18,passenger_boarding,avl
D25100000452,T2510000763,R001,S0050,2025-10-07,2025-10-07 14:25:18,2025-10-07 14:35:53,2025-10-07 14:25:48,2025-10-07 14:39:11,10.58,passenger_boarding,avl
D25100000453,T2510000764,R002,S0067,2025-10-07,2025-10-07 13:21:38,2025-10-07 13:27:38,2025-10-07 13:22:08,2025-10-07 13:28:46,9999.0,road_works,avl
D25100000454,T2510000764,R002,S0051,2025-10-07,2025-10-07 14:16:12,2025-10-07 14:28:28,2025-10-07 14:16:42,2025-10-07 14:29:36,12.27,road_works,avl
D25100000455,T2510000766,R003,S0067,2025-10-07,2025-10-07 13:28:47,2025-10-07 13:34:47,2025-10-07 13:29:17,2025-10-07 13:35:27,6.0,road_works,avl
D25100000456,T2510000766,R003,S0068,2025-10-07,2025-10-07 14:07:00,2025-10-07 14:20:19,2025-10-07 14:07:30,2025-10-07 14:21:00,13.32,road_works,avl
D25100000457,T2510000768,R005,S0025,2025-10-07,2025-10-07 13:47:21,2025-10-07 13:54:43,2025-10-07 13:47:51,2025-10-07 13:56:36,7.37,road_works,avl
D25100000458,T2510000768,R005,S0015,2025-10-07,2025-10-07 14:09:48,2025-10-07 14:21:01,2025-10-07 14:10:18,2025-10-07 14:22:54,11.22,road_works,avl
D25100000459,T2510000772,R002,S0067,2025-10-07,2025-10-07 14:31:34,2025-10-07 14:44:48,2025-10-07 14:32:04,2025-10-07 14:46:55,13.23,passenger_boarding,avl
D25100000460,T2510000772,R002,S0006,2025-10-07,2025-10-07 14:35:12,2025-10-07 14:48:55,2025-10-07 14:35:42,2025-10-07 14:51:02,13.72,passenger_boarding,avl
D25100000461,T2510000774,R001,S0035,2025-10-07,2025-10-07 14:31:40,2025-10-07 14:39:53,2025-10-07 14:32:10,2025-10-07 14:43:11,8.22,road_works,avl
D25100000462,T2510000774,R001,S0029,2025-10-07,2025-10-07 14:51:18,2025-10-07 15:03:38,2025-10-07 14:51:48,2025-10-07 15:06:56,12.33,road_works,avl
D25100000463,T2510000775,R007,S0114,2025-10-07,2025-10-07 13:52:16,2025-10-07 14:00:57,2025-10-07 13:52:46,2025-10-07 14:01:24,8.68,vehicle_breakdown,controller
D25100000464,T2510000775,R007,S0028,2025-10-07,2025-10-07 14:04:30,2025-10-07 14:23:04,2025-10-07 14:05:00,2025-10-07 14:23:30,18.57,vehicle_breakdown,controller
D25100000465,T2510000778,R006,S0094,2025-10-07,2025-10-07 14:27:00,2025-10-07 14:19:37,2025-10-07 14:27:30,2025-10-07 14:20:02,-7.38,early_running,avl
D25100000466,T2510000783,R001,S0035,2025-10-07,2025-10-07 14:46:40,2025-10-07 14:54:12,2025-10-07 14:47:10,2025-10-07 14:57:09,7.53,road_works,avl
D25100000467,T2510000783,R001,S0029,2025-10-07,2025-10-07 15:06:18,2025-10-07 15:17:23,2025-10-07 15:06:48,2025-10-07 15:20:19,11.08,road_works,avl
D25100000468,T2510000791,R003,S0067,2025-10-07,2025-10-07 14:28:47,2025-10-07 14:36:18,2025-10-07 14:29:17,2025-10-07 14:37:45,7.52,road_works,avl
D25100000469,T2510000791,R003,S0068,2025-10-07,2025-10-07 15:07:00,2025-10-07 15:24:35,2025-10-07 15:07:30,2025-10-07 15:26:01,17.58,road_works,avl
D25100000470,T2510000797,R006,S0025,2025-10-07,2025-10-07 15:16:00,2025-10-07 15:12:04,2025-10-07 15:16:30,2025-10-07 15:12:48,-3.93,early_running,avl
D25100000471,T2510000798,R002,S0067,2025-10-07,2025-10-07 15:31:34,2025-10-07 15:38:51,2025-10-07 15:32:04,2025-10-07 15:39:42,7.28,road_works,avl
D25100000472,T2510000812,R001,S0050,2025-10-07,2025-10-07 16:25:18,2025-10-07 16:22:45,2025-10-07 16:25:48,2025-10-07 16:25:35,-2.55,early_running,avl
D25100000473,T2510000815,R004,S0017,2025-10-07,2025-10-07 15:47:06,2025-10-07 15:52:13,2025-10-07 15:47:36,2025-10-07 15:54:53,5.12,passenger_boarding,avl
D25100000474,T2510000822,R006,S0025,2025-10-07,2025-10-07 16:16:00,2025-10-07 16:24:28,2025-10-07 16:16:30,2025-10-07 16:25:12,8.47,traffic_congestion,avl
D25100000475,T2510000825,R001,S0029,2025-10-07,2025-10-07 16:51:18,2025-10-07 16:48:57,2025-10-07 16:51:48,2025-10-07 16:51:25,-2.35,early_running,avl
D25100000476,T2510000832,R001,S0034,2025-10-07,2025-10-07 16:20:03,2025-10-07 16:26:39,2025-10-07 16:20:33,2025-10-07 16:29:57,6.6,passenger_boarding,avl
D25100000477,T2510000832,R001,S0050,2025-10-07,2025-10-07 17:25:00,2025-10-07 17:42:06,2025-10-07 17:25:30,2025-10-07 17:45:24,17.1,passenger_boarding,driver_report
D25100000478,T2510000834,R001,S0035,2025-10-07,2025-10-07 17:02:15,2025-10-07 17:07:26,2025-10-07 17:02:45,2025-10-07 17:09:23,5.18,road_works,avl
D25100000479,T2510000839,R002,S0067,2025-10-07,2025-10-07 17:15:43,2025-10-07 17:25:31,2025-10-07 17:16:13,2025-10-07 17:26:30,9.8,road_works,avl
D25100000480,T2510000839,R002,S0006,2025-10-07,2025-10-07 17:20:18,2025-10-07 17:30:22,2025-10-07 17:20:48,2025-10-07 17:31:21,10.07,road_works,avl
D25100000481,T2510000840,R007,S0117,2025-10-07,2025-10-07 16:15:06,2025-10-07 16:20:16,2025-10-07 16:15:36,2025-10-07 16:21:02,5.17,traffic_congestion,avl
D25100000482,T2510000841,R005,S0066,2025-10-07,2025-10-07 16:42:09,2025-10-07 16:47:38,2025-10-07 16:42:39,2025-10-07 16:48:10,5.48,junction_bottleneck,avl
D25100000483,T2510000844,R003,S0076,2025-10-07,2025-10-07 16:48:30,2025-10-07 16:56:09,2025-10-07 16:49:00,2025-10-07 16:57:32,7.65,junction_bottleneck,avl
D25100000484,T2510000844,R003,S0025,2025-10-07,2025-10-07 17:06:54,2025-10-07 17:23:15,2025-10-07 17:07:24,2025-10-07 17:24:38,16.35,junction_bottleneck,avl
D25100000485,T2510000846,R002,S0051,2025-10-07,2025-10-07 17:31:18,2025-10-07 17:44:13,2025-10-07 17:31:48,2025-10-07 17:45:39,12.92,road_works,avl
D25100000486,T2510000848,R001,S0035,2025-10-07,2025-10-07 17:22:15,2025-10-07 17:27:30,2025-10-07 17:22:45,2025-10-07 17:29:34,5.25,road_works,avl
D25100000487,T2510000849,R004,S0017,2025-10-07,2025-10-07 16:52:42,2025-10-07 17:04:27,2025-10-07 16:53:12,2025-10-07 17:07:21,11.75,passenger_boarding,avl
D25100000488,T2510000850,R003,S0068,2025-10-07,2025-10-07 17:17:54,2025-10-07 17:28:52,2025-10-07 17:18:24,2025-10-07 17:29:52,10.97,road_works,avl
D25100000489,T2510000851,R002,S0067,2025-10-07,2025-10-07 17:35:43,2025-10-07 17:48:20,2025-10-07 17:36:13,2025-10-07 17:48:57,12.62,traffic_congestion,avl
D25100000490,T2510000851,R002,S0006,2025-10-07,2025-10-07 17:40:18,2025-10-07 17:53:27,2025-10-07 17:40:48,2025-10-07 17:54:04,13.15,traffic_congestion,avl
D25100000491,T2510000852,R005,S0025,2025-10-07,2025-10-07 16:51:31,2025-10-07 17:08:51,2025-10-07 16:52:01,2025-10-07 17:11:44,17.33,passenger_boarding,avl
D25100000492,T2510000852,R005,S0015,2025-10-07,2025-10-07 17:18:48,2025-10-07 17:45:48,2025-10-07 17:19:18,2025-10-07 17:48:41,27.0,passenger_boarding,avl
D25100000493,T2510000854,R001,S0035,2025-10-07,2025-10-07 17:32:15,2025-10-07 17:43:37,2025-10-07 17:32:45,2025-10-07 17:46:30,11.37,passenger_boarding,avl
D25100000494,T2510000854,R001,S0029,2025-10-07,2025-10-07 17:56:00,2025-10-07 18:10:20,2025-10-07 17:56:30,2025-10-07 18:13:12,14.33,passenger_boarding,avl
D25100000495,T2510000858,R002,S0051,2025-10-07,2025-10-07 17:51:18,2025-10-07 18:02:05,2025-10-07 17:51:48,2025-10-07 18:03:36,10.78,traffic_congestion,avl
D25100000496,T2510000859,R005,S0066,2025-10-07,2025-10-07 17:12:09,2025-10-07 17:20:12,2025-10-07 17:12:39,2025-10-07 17:20:54,8.05,road_works,avl
D25100000497,T2510000859,R005,S0087,2025-10-07,2025-10-07 17:29:48,2025-10-07 17:42:15,2025-10-07 17:30:18,2025-10-07 17:42:57,12.45,road_works,avl
D25100000498,T2510000860,R001,S0034,2025-10-07,2025-10-07 17:00:03,2025-10-07 17:10:20,2025-10-07 17:00:33,2025-10-07 17:13:38,10.28,passenger_boarding,avl
D25100000499,T2510000860,R001,S0050,2025-10-07,2025-10-07 18:05:00,2025-10-07 18:32:57,2025-10-07 18:05:30,2025-10-07 18:36:15,27.95,passenger_boarding,avl
D25100000500,T2510000862,R007,S0118,2025-10-07,2025-10-07 17:03:48,2025-10-07 17:12:23,2025-10-07 17:04:18,2025-10-07 17:13:22,8.58,passenger_boarding,avl
D25100000501,T2510000862,R007,S0028,2025-10-07,2025-10-07 17:07:54,2025-10-07 17:18:03,2025-10-07 17:08:24,2025-10-07 17:19:01,10.15,passenger_boarding,avl
D25100000502,T2510000866,R002,S0067,2025-10-07,2025-10-07 17:55:43,2025-10-07 18:09:03,2025-10-07 17:56:13,2025-10-07 18:09:36,13.33,road_works,avl
D25100000503,T2510000866,R002,S0006,2025-10-07,2025-10-07 18:00:18,2025-10-07 18:14:03,2025-10-07 18:00:48,2025-10-07 18:14:37,13.75,road_works,avl
D25100000504,T2510000867,R008,S0126,2025-10-07,2025-10-07 17:02:53,2025-10-07 17:10:05,2025-10-07 17:03:23,2025-10-07 17:11:20,7.2,passenger_boarding,avl
D25100000505,T2510000868,R001,S0034,2025-10-07,2025-10-07 17:10:03,2025-10-07 17:22:04,2025-10-07 17:10:33,2025-10-07 17:25:22,12.02,passenger_boarding,avl
D25100000506,T2510000868,R001,S0050,2025-10-07,2025-10-07 18:15:00,2025-10-07 18:38:52,2025-10-07 18:15:30,2025-10-07 18:42:10,23.87,passenger_boarding,driver_report
D25100000507,T2510000869,R001,S0035,2025-10-07,2025-10-07 17:52:15,2025-10-07 18:01:36,2025-10-07 17:52:45,2025-10-07 18:03:12,9.35,road_works,avl
D25100000508,T2510000869,R001,S0029,2025-10-07,2025-10-07 18:16:00,2025-10-07 18:30:04,2025-10-07 18:16:30,2025-10-07 18:31:40,14.07,road_works,avl
D25100000509,T2510000874,R005,S0025,2025-10-07,2025-10-07 17:21:31,2025-10-07 17:33:33,2025-10-07 17:22:01,2025-10-07 17:36:11,12.03,junction_bottleneck,avl
D25100000510,T2510000874,R005,S0015,2025-10-07,2025-10-07 17:48:48,2025-10-07 18:07:36,2025-10-07 17:49:18,2025-10-07 18:10:14,18.8,junction_bottleneck,avl
D25100000511,T2510000876,R001,S0035,2025-10-07,2025-10-07 18:02:15,2025-10-07 18:10:04,2025-10-07 18:02:45,2025-10-07 18:12:17,7.82,road_works,avl
D25100000512,T2510000876,R001,S9668,2025-10-07,2025-10-07 18:26:00,2025-10-07 18:37:45,2025-10-07 18:26:30,2025-10-07 18:39:58,11.75,road_works,avl
D25100000513,T2510000880,R002,S0067,2025-10-07,2025-10-07 18:15:43,2025-10-07 18:22:04,2025-10-07 18:16:13,2025-10-07 18:22:49,6.35,road_works,avl
D25100000514,T2510000881,R005,S0066,2025-10-07,2025-10-07 17:42:09,2025-10-07 17:50:20,2025-10-07 17:42:39,2025-10-07 17:51:10,8.18,junction_bottleneck,avl
D25100000515,T2510000881,R005,S0087,2025-10-07,2025-10-07 17:59:48,2025-10-07 18:13:22,2025-10-07 18:00:18,2025-10-07 18:14:11,13.57,junction_bottleneck,avl
D25100000516,T2510000882,R001,S0034,2025-10-07,2025-10-07 17:30:03,2025-10-07 17:38:41,2025-10-07 17:30:33,2025-10-07 17:41:59,8.63,road_works,avl
D25100000517,T2510000882,R001,S0050,2025-10-07,2025-10-07 18:35:00,2025-10-07 18:55:51,2025-10-07 18:35:30,2025-10-07 18:59:09,20.85,road_works,driver_report
D25100000518,T2510000883,R001,S0035,2025-10-07,2025-10-07 18:12:15,2025-10-07 18:19:16,2025-10-07 18:12:45,2025-10-07 18:21:08,7.02,road_works,avl
D25100000519,T2510000883,R001,S0029,2025-10-07,2025-10-07 18:36:00,2025-10-07 18:46:02,2025-10-07 18:36:30,2025-10-07 18:47:54,10.03,road_works,avl
D25100000520,T2510000884,R003,S0025,2025-10-07,2025-10-07 18:06:54,2025-10-07 18:17:07,2025-10-07 18:07:24,2025-10-07 18:17:41,10.22,road_works,avl
D25100000521,T2510000885,R006,S0094,2025-10-07,2025-10-07 18:05:48,2025-10-07 18:03:14,2025-10-07 18:06:18,2025-10-07 18:04:13,-2.57,early_running,avl
D25100000522,T2510000891,R002,S0067,2025-10-07,2025-10-07 18:35:43,2025-10-07 18:43:06,2025-10-07 18:36:13,2025-10-07 18:43:51,7.38,road_works,avl
D25100000523,T2510000892,R007,S0118,2025-10-07,2025-10-07 17:48:48,2025-10-07 17:54:27,2025-10-07 17:49:18,2025-10-07 17:54:58,5.65,passenger_boarding,avl
D25100000524,T2510000893,R005,S0025,2025-10-07,2025-10-07 17:51:31,2025-10-07 18:01:01,2025-10-07 17:52:01,2025-10-07 18:03:06,9.5,junction_bottleneck,avl
D25100000525,T2510000893,R005,S0015,2025-10-07,2025-10-07 18:18:48,2025-10-07 18:33:39,2025-10-07 18:19:18,2025-10-07 18:35:44,14.85,junction_bottleneck,avl
D25100000526,T2510000894,R001,S0034,2025-10-07,2025-10-07 17:50:03,2025-10-07 17:56:28,2025-10-07 17:50:33,2025-10-07 17:59:46,6.42,traffic_congestion,avl
D25100000527,T2510000894,R001,S0050,2025-10-07,2025-10-07 18:55:00,2025-10-06 19:12:45,2025-10-07 18:55:30,2025-10-06 19:16:03,17.75,traffic_congestion,driver_report
D25100000528,T2510000896,R001,S0035,2025-10-07,2025-10-07 18:32:15,2025-10-07 18:38:51,2025-10-07 18:32:45,2025-10-07 18:41:15,6.6,road_works,avl
D25100000529,T2510000897,R004,S0059,2025-10-07,2025-10-07 18:03:42,2025-10-07 18:01:17,2025-10-07 18:04:12,2025-10-07 18:02:08,-2.42,early_running,avl
D25100000530,T2510000899,R008,S0126,2025-10-07,2025-10-07 17:47:53,2025-10-07 17:53:19,2025-10-07 17:48:23,2025-10-07 17:54:30,5.43,passenger_boarding,avl
D25100000531,T2510000901,R002,S0051,2025-10-07,2025-10-07 18:51:18,2025-10-07 19:04:36,2025-10-07 18:51:48,2025-10-07 19:07:15,13.3,road_works,avl
D25100000532,T2510000903,R005,S0015,2025-10-07,2025-10-07 17:38:30,2025-10-07 17:47:45,2025-10-07 17:39:00,2025-10-07 17:48:15,9.25,late_vehicle,avl
D25100000533,T2510000903,R005,S0087,2025-10-07,2025-10-07 18:29:48,2025-10-07 18:57:51,2025-10-07 18:30:18,2025-10-07 18:59:18,28.05,late_vehicle,driver_report
D25100000534,T2510000904,R001,S0034,2025-10-07,2025-10-07 18:00:03,2025-10-07 18:05:15,2025-10-07 18:00:33,2025-10-07 17:59:02,5.2,road_works,avl
D25100000535,T2510000904,R001,S0050,2025-10-07,2025-10-07 19:05:00,2025-10-07 19:19:02,2025-10-07 19:05:30,2025-10-07 19:22:20,14.03,road_works,avl
D25100000536,T2510000905,R001,S0035,2025-10-07,2025-10-07 18:42:15,2025-10-07 18:55:35,2025-10-07 18:42:45,2025-10-07 18:58:16,13.33,road_works,avl
D25100000537,T2510000905,R001,S0029,2025-10-07,2025-10-07 19:06:00,2025-10-07 19:25:27,2025-10-07 19:06:30,2025-10-07 19:28:08,19.45,road_works,avl
D25100000538,T2510000906,R003,S0067,2025-10-07,2025-10-07 17:49:46,2025-10-07 17:55:25,2025-10-07 17:50:16,2025-10-07 17:57:19,5.65,road_works,avl
D25100000539,T2510000906,R003,S0068,2025-10-07,2025-10-07 18:37:54,2025-10-07 18:53:56,2025-10-07 18:38:24,2025-10-07 18:55:50,16.03,road_works,avl
D25100000540,T2510000908,R002,S0067,2025-10-07,2025-10-07 18:55:43,2025-10-07 19:02:46,2025-10-07 18:56:13,2025-10-07 19:03:26,7.05,road_works,avl
D25100000541,T2510000909,R001,S0034,2025-10-07,2025-10-07 18:10:03,2025-10-07 18:15:40,2025-10-07 18:10:33,2025-10-07 18:18:58,5.62,road_works,avl
D25100000542,T2510000909,R001,S0050,2025-10-07,2025-10-07 19:15:00,2025-10-07 19:31:26,2025-10-07 19:15:30,2025-10-07 19:34:44,16.43,road_works,avl
D25100000543,T2510000910,R001,S0035,2025-10-07,2025-10-07 18:52:15,2025-10-07 19:00:32,2025-10-07 18:52:45,2025-10-07 19:02:56,8.28,traffic_congestion,avl
D25100000544,T2510000910,R001,S0029,2025-10-07,2025-10-07 19:16:00,2025-10-07 19:28:28,2025-10-07 19:16:30,2025-10-07 19:30:52,12.47,traffic_congestion,avl
D25100000545,T2510000914,R005,S0025,2025-10-07,2025-10-07 18:21:31,2025-10-07 18:38:03,2025-10-07 18:22:01,2025-10-07 18:41:19,16.53,passenger_boarding,driver_report
D25100000546,T2510000914,R005,S0015,2025-10-07,2025-10-07 18:48:48,2025-10-07 19:12:47,2025-10-07 18:49:18,2025-10-07 19:16:02,23.98,passenger_boarding,driver_report
D25100000547,T2510000915,R001,S0034,2025-10-07,2025-10-07 18:20:03,2025-10-07 18:26:47,2025-10-07 18:20:33,2025-10-07 18:30:05,6.73,road_works,avl
D25100000548,T2510000915,R001,S0050,2025-10-07,2025-10-07 19:25:00,2025-10-07 19:39:10,2025-10-07 19:25:30,2025-10-07 19:42:28,14.17,road_works,avl
D25100000549,T2510000916,R001,S0035,2025-10-07,2025-10-07 19:02:15,2025-10-07 19:08:58,2025-10-07 19:02:45,2025-10-07 19:10:58,6.72,road_works,avl
D25100000550,T2510000919,R006,S0025,2025-10-07,2025-10-07 18:54:48,2025-10-07 19:03:54,2025-10-07 18:55:18,2025-10-07 19:04:27,9.1,passenger_boarding,avl
D25100000551,T2510000920,R002,S0067,2025-10-07,2025-10-07 19:15:43,2025-10-07 19:27:41,2025-10-07 19:16:13,2025-10-07 19:28:38,11.97,road_works,avl
D25100000552,T2510000920,R002,S0006,2025-10-07,2025-10-07 19:20:18,2025-10-07 19:32:38,2025-10-07 19:20:48,2025-10-07 19:33:36,12.33,road_works,avl
D25100000553,T2510000921,R005,S0066,2025-10-07,2025-10-07 18:42:09,2025-10-07 18:52:20,2025-10-07 18:42:39,2025-10-07 18:53:04,10.18,road_works,avl
D25100000554,T2510000921,R005,S0087,2025-10-07,2025-10-07 18:59:48,2025-10-07 19:13:39,2025-10-07 19:00:18,2025-10-07 19:14:24,13.85,road_works,avl
D25100000555,T2510000923,R001,S0035,2025-10-07,2025-10-07 19:12:15,2025-10-07 19:27:40,2025-10-07 19:12:45,2025-10-07 19:29:27,15.42,road_works,avl
D25100000556,T2510000923,R001,S0029,2025-10-07,2025-10-07 19:36:00,2025-10-07 19:56:35,2025-10-07 19:36:30,2025-10-07 19:58:22,20.58,road_works,avl
D25100000557,T2510000925,R003,S0076,2025-10-07,2025-10-07 18:48:30,2025-10-07 18:56:26,2025-10-07 18:49:00,2025-10-07 18:57:07,7.93,traffic_congestion,avl
D25100000558,T2510000925,R003,S0025,2025-10-07,2025-10-07 19:06:54,2025-10-07 19:29:33,2025-10-07 19:07:24,2025-10-07 19:30:14,22.65,traffic_congestion,driver_report
D25100000559,T2510000928,R002,S0051,2025-10-07,2025-10-07 19:31:18,2025-10-07 19:42:48,2025-10-07 19:31:48,2025-10-07 19:44:22,11.5,traffic_congestion,avl
D25100000560,T2510000930,R001,S0034,2025-10-07,2025-10-07 18:40:03,2025-10-07 18:45:28,2025-10-07 18:40:33,2025-10-07 18:48:46,5.42,road_works,avl
D25100000561,T2510000930,R001,S0050,2025-10-07,2025-10-07 19:45:00,2025-10-07 19:57:43,2025-10-07 19:45:30,2025-10-07 20:01:01,12.72,road_works,avl
D25100000562,T2510000931,R001,S0035,2025-10-07,2025-10-07 19:22:15,2025-10-07 19:33:55,2025-10-07 19:22:45,2025-10-07 19:37:13,11.67,road_works,avl
D25100000563,T2510000931,R001,S0029,2025-10-07,2025-10-07 19:46:00,2025-10-07 20:01:19,2025-10-07 19:46:30,2025-10-07 20:04:37,15.32,road_works,driver_report
D25100000564,T2510000932,R004,S0017,2025-10-07,2025-10-07 18:52:42,2025-10-07 18:50:27,2025-10-07 18:53:12,2025-10-07 18:52:06,-2.25,early_running,avl
D25100000565,T2510000934,R003,S0068,2025-10-07,2025-10-07 19:17:54,2025-10-07 19:32:53,2025-10-07 19:18:24,2025-10-07 19:34:39,14.98,junction_bottleneck,avl
D25100000566,T2510000935,R002,S0067,2025-10-07,2025-10-07 19:35:43,2025-10-07 19:45:23,2025-10-07 19:36:13,2025-10-07 19:46:26,9.67,road_works,avl
D25100000567,T2510000936,R005,S0025,2025-10-07,2025-10-07 18:51:31,2025-10-07 18:59:22,2025-10-07 18:52:01,2025-10-07 19:01:28,7.85,junction_bottleneck,avl
D25100000568,T2510000936,R005,S0015,2025-10-07,2025-10-07 19:18:48,2025-10-07 19:31:03,2025-10-07 19:19:18,2025-10-07 19:33:09,12.25,junction_bottleneck,avl
D25100000569,T2510000938,R001,S0035,2025-10-07,2025-10-07 19:32:15,2025-10-07 19:38:37,2025-10-07 19:32:45,2025-10-07 19:32:16,6.37,road_works,avl
D25100000570,T2510000944,R001,S0050,2025-10-07,2025-10-07 20:05:00,2025-10-07 20:18:25,2025-10-07 20:05:30,2025-10-07 20:21:43,13.42,traffic_congestion,avl
D25100000571,T2510000945,R001,S0035,2025-10-07,2025-10-07 19:42:15,2025-10-07 19:49:01,2025-10-07 19:42:45,2025-10-07 19:51:36,6.77,road_works,avl
D25100000572,T2510000945,R001,S0029,2025-10-07,2025-10-07 20:06:00,2025-10-07 20:16:03,2025-10-07 20:06:30,2025-10-07 20:18:38,10.05,road_works,avl
D25100000573,T2510000946,R003,S0068,2025-10-07,2025-10-07 19:37:54,2025-10-07 19:49:02,2025-10-07 19:38:24,2025-10-07 19:49:56,11.13,road_works,avl
D25100000574,T2510000952,R003,S0076,2025-10-07,2025-10-07 19:28:30,2025-10-07 19:35:14,2025-10-07 19:29:00,2025-10-07 19:35:47,6.73,road_works,avl
D25100000575,T2510000952,R003,S0025,2025-10-07,2025-10-07 19:46:54,2025-10-07 20:01:52,2025-10-07 19:47:24,2025-10-07 20:02:26,14.97,road_works,avl
D25100000576,T2510000954,R002,S0051,2025-10-07,2025-10-07 20:11:18,2025-10-07 20:26:51,2025-10-07 20:11:48,2025-10-07 20:28:12,15.55,traffic_congestion,avl
D25100000577,T2510000955,R005,S0025,2025-10-07,2025-10-07 19:21:31,2025-10-07 19:31:43,2025-10-07 19:22:01,2025-10-07 19:33:32,10.2,junction_bottleneck,avl
D25100000578,T2510000955,R005,S0015,2025-10-07,2025-10-07 19:48:48,2025-10-07 20:03:55,2025-10-07 19:49:18,2025-10-07 20:05:44,15.12,junction_bottleneck,avl
D25100000579,T2510000958,R001,S0035,2025-10-07,2025-10-07 20:02:15,2025-10-07 20:10:56,2025-10-07 20:02:45,2025-10-07 20:12:29,8.68,road_works,avl
D25100000580,T2510000958,R001,S0029,2025-10-07,2025-10-07 20:26:00,2025-10-07 20:39:03,2025-10-07 20:26:30,2025-10-07 20:40:36,13.05,road_works,avl
D25100000581,T2510000959,R004,S0059,2025-10-07,2025-10-07 19:33:42,2025-10-07 19:29:37,2025-10-07 19:34:12,2025-10-07 19:29:58,-4.08,early_running,avl
D25100000582,T2510000963,R002,S0067,2025-10-07,2025-10-07 20:15:43,2025-10-07 20:24:55,2025-10-07 20:16:13,2025-10-07 20:25:41,9.2,road_works,avl
D25100000583,T2510000965,R005,S0066,2025-10-07,2025-10-07 19:42:09,2025-10-07 19:56:15,2025-10-07 19:42:39,2025-10-07 19:57:54,14.1,road_works,avl
D25100000584,T2510000965,R005,S0087,2025-10-07,2025-10-07 19:59:48,2025-10-07 20:23:08,2025-10-07 20:00:18,2025-10-07 20:24:48,23.33,road_works,driver_report
D25100000585,T2510000967,R001,S0035,2025-10-07,2025-10-07 20:12:15,2025-10-07 20:22:25,2025-10-07 20:12:45,2025-10-07 20:23:52,10.17,road_works,avl
D25100000586,T2510000967,R001,S0029,2025-10-07,2025-10-07 20:36:00,2025-10-07 20:51:17,2025-10-07 20:36:30,2025-10-07 20:52:45,15.28,road_works,avl
D25100000587,T2510000968,R003,S0025,2025-10-07,2025-10-07 20:06:54,2025-10-07 20:18:19,2025-10-07 20:07:24,2025-10-07 20:18:49,11.42,road_works,avl
D25100000588,T2510000969,R006,S0103,2025-10-07,2025-10-07 19:37:19,2025-10-07 19:42:40,2025-10-07 19:37:49,2025-10-07 19:43:09,5.35,passenger_boarding,avl
D25100000589,T2510000971,R001,S0034,2025-10-07,2025-10-07 19:40:03,2025-10-07 19:48:19,2025-10-07 19:40:33,2025-10-07 19:51:37,#VALUE!,road_works,avl
D25100000590,T2510000971,R001,S0050,2025-10-07,2025-10-07 20:45:00,2025-10-07 21:06:13,2025-10-07 20:45:30,2025-10-07 21:09:31,21.22,road_works,avl
D25100000591,T2510000974,R003,S0068,2025-10-07,2025-10-07 20:17:54,2025-10-07 20:33:25,2025-10-07 20:18:24,2025-10-07 20:34:13,15.52,road_works,avl
D25100000592,T2510000975,R002,S0067,2025-10-07,2025-10-07 20:35:43,2025-10-07 20:50:05,2025-10-07 20:36:13,2025-10-07 20:44:30,14.37,road_works,avl
D25100000593,T2510000975,R002,S0006,2025-10-07,2025-10-07 20:40:18,2125-09-13 20:55:06,2025-10-07 20:40:48,2125-09-13 20:55:32,14.8,road_works,avl
D25100000594,T2510000976,R005,S9386,2025-10-07,2025-10-07 19:51:31,2025-10-07 20:05:35,2025-10-07 19:52:01,2025-10-07 20:06:35,14.07,traffic_congestion,avl
D25100000595,T2510000976,R005,S0015,2025-10-07,2025-10-07 20:18:48,2025-10-07 20:40:46,2025-10-07 20:19:18,2025-10-07 20:41:46,21.97,traffic_congestion,avl
D25100000596,T2510000977,R001,S0050,2025-10-07,2025-10-07 20:37:18,2025-10-07 20:31:12,2025-10-07 20:37:48,2025-10-07 20:34:19,-6.1,early_running,avl
D25100000597,T2510000978,R008,S0120,2025-10-07,2025-10-07 19:43:06,2025-10-07 19:40:53,2025-10-07 19:43:36,2025-10-07 19:41:22,-2.22,early_running,avl
D25100000598,T2510000980,R001,S0035,2025-10-07,2025-10-07 20:29:30,2025-10-07 20:36:30,2025-10-07 20:30:00,2025-10-07 20:39:48,7.0,road_works,avl
D25100000599,T2510000980,R001,S0029,2025-10-07,2025-10-07 20:48:18,2025-10-07 20:58:50,2025-10-07 20:48:48,2025-10-07 21:02:08,10.53,road_works,avl
D25100000600,T2510000984,R004,S0017,2025-10-07,2025-10-07 20:14:18,2025-10-07 20:10:06,2025-10-07 20:14:48,2025-10-07 20:10:51,-4.2,early_running,avl
D25100000601,T2510000987,R001,S0029,2025-10-07,2025-10-07 21:08:18,2025-10-07 21:02:55,2025-10-07 21:08:48,2025-10-07 21:04:26,-5.38,early_running,avl
D25100000602,T2510000990,R005,S0066,2025-10-07,2025-10-07 20:33:24,2025-10-07 20:43:40,2025-10-07 20:33:54,2025-10-07 20:44:37,10.27,road_works,avl
D25100000603,T2510000990,R005,S0087,2025-10-07,2025-10-07 20:46:24,2025-10-07 21:00:15,2025-10-07 20:46:54,2025-10-07 21:01:12,13.85,road_works,avl
D25100000604,T2510000993,R006,S0094,2025-10-07,2025-10-07 20:52:42,2025-10-07 20:48:05,2025-10-07 20:53:12,2025-10-07 20:48:35,-4.62,early_running,avl
D25100000605,T2510001009,R006,S0025,2025-10-07,2025-10-07 21:41:42,2025-10-07 21:35:56,2025-10-07 21:42:12,2025-10-07 21:36:22,-5.77,early_running,avl
D25100000606,T2510001012,R001,S0034,2025-10-07,2025-10-07 21:25:53,2025-10-07 21:33:00,2025-10-07 21:26:23,2025-10-07 21:35:00,7.12,road_works,avl
D25100000607,T2510001012,R001,S0050,2025-10-07,2025-10-07 22:17:18,2025-10-07 22:29:00,2025-10-07 22:17:48,2025-10-07 22:31:00,11.7,road_works,avl
D25100000608,T2510001014,R006,S0094,2025-10-07,2025-10-07 21:52:42,2025-10-07 21:49:23,2025-10-07 21:53:12,2025-10-07 21:49:48,-3.32,early_running,avl
D25100000609,T2510001024,R002,S0006,2025-10-07,2025-10-07 22:44:06,2025-10-07 22:41:34,2025-10-07 22:44:36,2025-10-07 22:42:18,-2.53,early_running,avl
D25100000610,T2510001026,R005,S0025,2025-10-07,2025-10-07 22:15:19,2025-10-07 22:21:04,2025-10-07 22:15:49,2025-10-07 22:21:52,5.75,road_works,avl
D25100000611,T2510001033,R001,S0034,2025-10-07,2025-10-07 22:25:53,2025-10-07 22:32:12,2025-10-07 22:26:23,2025-10-07 22:34:44,6.32,road_works,avl
D25100000612,T2510001033,R001,S0050,2025-10-07,2025-10-07 23:17:18,2025-10-07 23:30:16,2025-10-07 23:17:48,2025-10-07 23:32:47,12.97,road_works,avl
D25100000613,T2510001034,R003,S0067,2025-10-07,2025-10-07 22:13:23,2025-10-07 22:18:40,2025-10-07 22:13:53,2025-10-07 22:19:06,5.28,road_works,avl
D25100000614,T2510001034,R003,S0068,2025-10-07,2025-10-07 22:47:36,2025-10-07 22:58:46,2025-10-07 22:48:06,2025-10-07 22:59:13,11.17,road_works,avl
D25100000615,T2510001036,R001,S0035,2025-10-07,2025-10-07 23:09:30,2025-10-07 23:17:10,2025-10-07 23:10:00,2025-10-07 23:18:01,7.67,road_works,avl
D25100000616,T2510001036,R001,S0029,2025-10-07,2025-10-07 23:28:18,2025-10-07 23:38:25,2025-10-07 23:28:48,2025-10-07 23:39:17,10.12,road_works,avl
D25100000617,T2510001039,R006,S0094,2025-10-08,2025-10-08 06:04:12,2025-10-08 06:00:07,2025-10-08 06:04:42,2025-10-08 06:00:27,-4.08,early_running,avl
D25100000618,T2510001042,R003,S0076,2025-10-08,2025-10-08 06:05:12,2025-10-08 06:12:23,2025-10-08 06:05:42,2025-10-08 06:12:52,7.18,road_works,avl
D25100000619,T2510001042,R003,S0025,2025-10-08,2025-10-08 06:16:30,2025-10-08 06:31:12,2025-10-08 06:17:00,2025-10-08 06:31:41,14.7,road_works,avl
D25100000620,T2510001044,R002,S0051,2025-10-08,2025-10-08 06:33:00,2025-10-08 06:28:40,2025-10-08 06:33:30,2025-10-08 06:29:07,-4.33,early_running,avl
D25100000621,T2510001045,R004,S0017,2025-10-08,2025-10-08 06:12:06,2025-10-08 06:09:02,2025-10-08 06:12:36,2025-10-08 06:09:26,-3.07,early_running,avl
D25100000622,T2510001048,R005,S0025,2025-10-08,2025-10-08 06:13:41,2025-10-08 06:22:59,2025-10-08 06:14:11,2025-10-08 06:23:26,9.3,road_works,avl
D25100000623,T2510001048,R005,S0015,2025-10-08,2025-10-08 06:31:54,2025-10-08 06:44:49,2025-10-08 06:32:24,2025-10-08 06:45:15,12.92,road_works,avl
D25100000624,T2510001049,R001,S0034,2025-10-08,2025-10-08 06:14:39,2025-10-08 06:25:29,2025-10-08 06:15:09,2025-10-08 06:28:06,10.83,passenger_boarding,avl
D25100000625,T2510001049,R001,S0050,2025-10-08,2025-10-08 07:02:06,2025-10-08 07:25:00,2025-10-08 07:02:36,2025-10-08 07:27:37,22.9,passenger_boarding,avl
D25100000626,T2510001056,R003,S0076,2025-10-08,2025-10-08 06:35:12,2025-10-08 06:43:55,2025-10-08 06:35:42,2025-10-08 06:45:19,8.72,road_works,avl
D25100000627,T2510001056,R003,S0025,2025-10-08,2025-10-08 06:46:30,2025-10-08 07:00:27,2025-10-08 06:47:00,2025-10-08 07:01:51,13.95,road_works,avl
D25100000628,T2510001058,R006,S0094,2025-10-08,2025-10-08 06:49:12,2025-10-08 06:45:55,2025-10-08 06:49:42,2025-10-08 06:46:21,-3.28,early_running,avl
D25100000629,T2510001069,R005,S0025,2025-10-08,2025-10-08 06:58:41,2025-10-08 07:04:14,2025-10-08 06:59:11,2025-10-08 07:04:47,5.55,road_works,avl
D25100000630,T2510001070,R003,S0076,2025-10-08,2025-10-08 07:05:12,2025-10-08 07:12:37,2025-10-08 07:05:42,2025-10-08 07:13:33,7.42,road_works,avl
D25100000631,T2510001070,R003,S0025,2025-10-08,2025-10-08 07:16:30,2025-10-08 07:28:40,2025-10-08 07:17:00,2025-10-08 07:29:35,12.17,road_works,avl
D25100000632,T2510001072,R004,S0059,2025-10-08,2025-10-08 07:08:06,2025-10-08 07:05:07,2025-10-08 07:08:36,2025-10-08 07:06:01,-2.98,early_running,avl
D25100000633,T2510001078,R001,S0034,2025-10-08,2025-10-08 07:19:04,2025-10-08 07:26:59,2025-10-08 07:19:34,2025-10-08 07:30:16,7.92,passenger_boarding,avl
D25100000634,T2510001078,R001,S0050,2025-10-08,2025-10-08 08:20:48,2025-10-08 08:40:24,2025-10-08 08:21:18,2025-10-08 08:43:40,19.6,passenger_boarding,driver_report
D25100000635,T2510001084,R006,S0025,2025-10-08,2025-10-08 07:53:00,2025-10-08 07:50:55,2025-10-08 07:53:30,2025-10-08 07:51:25,-2.08,early_running,avl
D25100000636,T2510001085,R002,S0067,2025-10-08,2025-10-08 08:13:17,2025-10-08 08:35:16,2025-10-08 08:13:47,2025-10-08 08:38:18,21.98,passenger_boarding,avl
D25100000637,T2510001085,R002,S0006,2025-10-08,2025-10-08 08:17:42,2025-10-08 08:40:38,2025-10-08 08:18:12,2025-10-08 08:43:41,22.93,passenger_boarding,avl
D25100000638,T2510001087,R005,S9151,2025-10-08,2025-10-08 07:40:58,2025-10-08 07:50:53,2025-10-08 07:41:28,2025-10-08 07:51:51,9.92,junction_bottleneck,avl
D25100000639,T2510001087,R005,S0087,2025-10-08,2025-10-08 07:58:00,2025-10-08 08:12:07,2025-10-08 07:58:30,2025-10-08 08:13:04,14.12,junction_bottleneck,avl
D25100000640,T2510001089,R001,S0035,2025-10-08,2025-10-08 08:09:14,2025-10-08 08:16:09,2025-10-08 08:09:44,2025-10-08 08:19:02,6.92,road_works,avl
D25100000641,T2510001090,R003,S0076,2025-10-08,2025-10-08 07:47:15,2025-10-08 07:52:29,2025-10-08 07:47:45,2025-10-08 07:53:53,5.23,road_works,avl
D25100000642,T2510001090,R003,S0025,2025-10-08,2025-10-08 08:05:00,2025-10-08 08:19:30,2025-10-08 08:05:30,2025-10-08 08:20:54,14.5,road_works,avl
D25100000643,T2510001092,R002,S0051,2025-10-08,2025-10-08 08:28:42,2025-10-08 08:41:14,2025-10-08 08:29:12,2025-10-08 08:41:44,12.53,road_works,avl
D25100000644,T2510001094,R001,S0035,2025-10-08,2025-10-08 08:19:14,2025-10-08 08:35:24,2025-10-08 08:19:44,2025-10-08 08:38:42,16.17,passenger_boarding,avl
D25100000645,T2510001094,R001,S0029,2025-10-08,2025-10-08 08:41:48,2025-10-08 09:04:08,2025-10-08 08:42:18,2025-10-08 09:07:26,22.33,passenger_boarding,avl
D25100000646,T2510001096,R003,S0068,2025-10-08,2025-10-08 08:16:00,2025-10-08 08:41:19,2025-10-08 08:16:30,2025-10-08 08:43:11,25.32,passenger_boarding,avl
D25100000647,T2510001097,R002,S0067,2025-10-08,2025-10-08 08:33:17,2025-10-08 08:38:39,2025-10-08 08:33:47,2025-10-08 08:39:40,5.37,road_works,avl
D25100000648,T2510001098,R005,S0025,2025-10-08,2025-10-08 07:50:41,2025-10-08 08:01:52,2025-10-08 07:51:11,2025-10-08 08:02:39,11.18,junction_bottleneck,avl
D25100000649,T2510001098,R005,S0015,2025-10-08,2025-10-08 08:17:00,2025-10-08 08:33:48,2025-10-08 08:17:30,2025-10-08 08:34:35,16.8,junction_bottleneck,driver_report
D25100000650,T2510001099,R001,S0050,2025-10-08,2025-10-08 08:50:48,2025-10-08 09:05:01,2025-10-08 08:51:18,2025-10-08 09:07:16,14.22,passenger_boarding,avl
D25100000651,T2510001100,R001,S0035,2025-10-08,2025-10-08 08:29:14,2025-10-08 08:41:28,2025-10-08 08:29:44,2025-10-08 08:44:46,12.23,traffic_congestion,avl
D25100000652,T2510001100,R001,S0029,2025-10-08,2025-10-08 08:51:48,2025-10-08 09:07:12,2025-10-08 08:52:18,2025-10-08 09:10:30,15.4,traffic_congestion,avl
D25100000653,T2510001101,R004,S0086,2025-10-08,2025-10-08 07:36:19,2025-10-08 07:42:58,2025-10-08 07:36:49,2025-10-08 07:45:19,6.65,passenger_boarding,avl
D25100000654,T2510001101,R004,S0059,2025-10-08,2025-10-08 08:02:36,2025-10-08 08:16:07,2025-10-08 08:03:06,2025-10-08 08:18:27,13.52,passenger_boarding,avl
D25100000655,T2510001102,R003,S0076,2025-10-08,2025-10-08 08:07:15,2025-10-08 08:12:34,2025-10-08 08:07:45,2025-10-08 08:13:31,5.32,road_works,avl
D25100000656,T2510001102,R003,S0025,2025-10-08,2025-10-08 08:25:00,2025-10-08 08:37:41,2025-10-08 08:25:30,2025-10-08 08:38:39,12.68,road_works,avl
D25100000657,T2510001105,R005,S0066,2025-10-08,2025-10-08 08:10:58,2025-10-08 08:18:58,2025-10-08 08:11:28,2025-10-08 08:20:07,8.0,road_works,avl
D25100000658,T2510001105,R005,S0087,2025-10-08,2025-10-08 08:28:00,2025-10-08 08:41:15,2025-10-08 08:28:30,2025-10-08 08:42:23,13.25,road_works,avl
D25100000659,T2510001106,R001,S0034,2025-10-08,2025-10-08 07:59:04,2025-10-08 08:06:07,2025-10-08 07:59:34,2025-10-08 08:07:51,7.05,road_works,avl
D25100000660,T2510001106,R001,S0050,2025-10-08,2025-10-08 09:00:48,2025-10-08 09:19:31,2025-10-08 09:01:18,2025-10-08 09:21:16,18.72,road_works,avl
D25100000661,T2510001112,R002,S0067,2025-10-08,2025-10-08 08:53:17,2025-10-08 09:00:11,2025-10-08 08:53:47,2025-10-08 09:00:58,6.9,road_works,avl
D25100000662,T2510001113,R008,S0120,2025-10-08,2025-10-08 07:48:30,2025-10-08 07:53:48,2025-10-08 07:49:00,2025-10-08 07:54:18,5.3,late_vehicle,avl
D25100000663,T2510001115,R001,S0035,2025-10-08,2025-10-08 08:49:14,2025-10-08 08:59:15,2025-10-08 08:49:44,2025-10-08 09:02:33,10.02,passenger_boarding,avl
D25100000664,T2510001115,R001,S0029,2025-10-08,2025-10-08 09:11:48,2025-10-08 09:25:17,2025-10-08 09:12:18,2025-10-08 09:28:35,13.48,passenger_boarding,avl
D25100000665,T2510001118,R003,S9409,2025-10-08,2025-10-08 08:27:15,2025-10-08 08:32:21,2025-10-08 08:27:45,2025-10-08 08:33:23,5.1,road_works,avl
D25100000666,T2510001118,R003,S0025,2025-10-08,2025-10-08 08:45:00,2025-10-08 08:56:58,2025-10-08 08:45:30,2025-10-08 08:58:00,11.97,road_works,avl
D25100000667,T2510001119,R002,S0051,2025-10-08,2025-10-08 09:08:42,2025-10-08 09:21:24,2025-10-08 09:09:12,2025-10-08 09:22:07,12.7,road_works,avl
D25100000668,T2510001120,R005,S0025,2025-10-08,2025-10-08 08:20:41,2025-10-08 08:26:17,2025-10-08 08:21:11,2025-10-08 08:27:12,5.6,road_works,avl
D25100000669,T2510001121,R001,S0050,2025-10-08,2025-10-08 09:20:48,2025-10-08 09:32:11,2025-10-08 09:21:18,2025-10-08 09:35:04,11.38,passenger_boarding,avl
D25100000670,T2510001124,R003,S0068,2025-10-08,2025-10-08 08:56:00,2025-10-08 09:11:58,2025-10-08 08:56:30,2025-10-08 09:12:35,15.97,road_works,driver_report
D25100000671,T2510001126,R002,S0067,2025-10-08,2025-10-08 09:13:17,2025-10-08 09:19:23,2025-10-08 09:13:47,2025-10-08 09:20:34,6.1,road_works,avl
D25100000672,T2510001129,R001,S0035,2025-10-08,2025-10-08 09:09:14,2025-10-08 09:23:52,2025-10-08 09:09:44,2025-10-08 09:27:10,14.63,road_works,avl
D25100000673,T2510001129,R001,S0029,2025-10-08,2025-10-08 09:31:48,2025-10-08 09:53:26,2025-10-08 09:32:18,2025-10-08 09:56:44,21.63,road_works,driver_report
D25100000674,T2510001134,R001,S0029,2025-10-08,2025-10-08 09:41:48,2025-10-08 09:37:23,2025-10-08 09:42:18,2025-10-08 09:40:41,-4.42,early_running,avl
D25100000675,T2510001136,R003,S0068,2025-10-08,2025-10-08 09:16:00,2025-10-08 09:30:18,2025-10-08 09:16:30,2025-10-08 09:31:18,14.3,road_works,avl
D25100000676,T2510001137,R002,S0067,2025-10-08,2025-10-08 09:33:17,2025-10-08 09:43:13,2025-10-08 09:33:47,2025-10-08 09:45:34,9.93,road_works,avl
D25100000677,T2510001137,R002,S0006,2025-10-08,2025-10-08 09:37:42,2025-10-08 09:48:01,2025-10-08 09:38:12,2025-10-08 09:50:22,10.32,road_works,avl
D25100000678,T2510001139,R005,S0025,2025-10-08,2025-10-08 08:50:41,2025-10-08 09:00:38,2025-10-08 08:51:11,2025-10-08 09:01:10,9.95,road_works,avl
D25100000679,T2510001139,R005,S0015,2025-10-08,2025-10-08 09:17:00,2025-10-08 09:31:41,2025-10-08 09:17:30,2025-10-08 09:32:14,14.68,road_works,avl
D25100000680,T2510001140,R001,S9254,2025-10-08,2025-10-08 08:49:04,2025-10-08 08:55:27,2025-10-08 08:49:34,2025-10-08 08:57:17,6.38,road_works,avl
D25100000681,T2510001140,R001,S0050,2025-10-08,2025-10-08 09:50:48,2025-10-08 10:07:17,2025-10-08 09:51:18,2025-10-08 10:09:06,16.48,road_works,driver_report
D25100000682,T2510001144,R003,S0076,2025-10-08,2025-10-08 09:07:15,2025-10-08 09:13:15,2025-10-08 09:07:45,2025-10-08 09:14:02,6.0,road_works,avl
D25100000683,T2510001144,R003,S0025,2025-10-08,2025-10-08 09:25:00,2025-10-08 09:37:32,2025-10-08 09:25:30,2025-10-08 09:38:19,12.53,road_works,avl
D25100000684,T2510001147,R002,S0051,2025-10-08,2025-10-08 09:48:42,2025-10-08 10:08:41,2025-10-08 09:49:12,2025-10-08 10:10:02,19.98,passenger_boarding,avl
D25100000685,T2510001149,R005,S0066,2025-10-08,2025-10-08 09:10:58,2025-10-08 09:21:52,2025-10-08 09:11:28,2025-10-08 09:25:10,10.9,passenger_boarding,avl
D25100000686,T2510001149,R005,S0087,2025-10-08,2025-10-08 09:28:00,2025-10-08 09:46:02,2025-10-08 09:28:30,2025-10-08 09:49:20,18.03,passenger_boarding,avl
D25100000687,T2510001150,R001,S0034,2025-10-08,2025-10-08 08:59:04,2025-10-08 09:04:12,2025-10-08 08:59:34,2025-10-08 09:05:38,5.13,traffic_congestion,avl
D25100000688,T2510001150,R001,S0050,2025-10-08,2025-10-08 10:00:48,2025-10-08 10:15:58,2025-10-08 10:01:18,2025-10-08 10:17:25,15.17,traffic_congestion,avl
D25100000689,T2510001151,R001,S0035,2025-10-08,2025-10-08 09:39:14,2025-10-08 09:57:09,2025-10-08 09:39:44,2025-10-08 10:00:27,17.92,passenger_boarding,avl
D25100000690,T2510001151,R001,S0029,2025-10-08,2025-10-08 10:01:48,2025-10-08 10:26:27,2025-10-08 10:02:18,2025-10-08 10:29:45,24.65,passenger_boarding,avl
D25100000691,T2510001152,R003,S0068,2025-10-08,2025-10-08 09:36:00,2025-10-08 09:54:26,2025-10-08 09:36:30,2025-10-08 09:54:56,18.43,road_works,avl
D25100000692,T2510001153,R006,S0103,2025-10-08,2025-10-08 09:06:33,2025-10-08 09:11:34,2025-10-08 09:07:03,2025-10-08 09:12:06,5.02,traffic_congestion,avl
D25100000693,T2510001154,R002,S0067,2025-10-08,2025-10-08 09:53:17,2025-10-08 10:01:28,2025-10-08 09:53:47,2025-10-08 10:03:02,8.18,road_works,avl
D25100000694,T2510001158,R003,S0025,2025-10-08,2025-10-08 09:45:00,2025-10-08 09:58:31,2025-10-08 09:45:30,2025-10-08 09:59:31,13.52,road_works,avl
D25100000695,T2510001160,R005,S0025,2025-10-08,2025-10-08 09:20:41,2025-10-08 09:28:17,2025-10-08 09:21:11,2025-10-08 09:29:00,7.6,junction_bottleneck,avl
D25100000696,T2510001160,R005,S0015,2025-10-08,2025-10-08 09:47:00,2025-10-08 09:58:18,2025-10-08 09:47:30,2025-10-08 09:59:01,11.3,junction_bottleneck,avl
D25100000697,T2510001162,R001,S0035,2025-10-08,2025-10-08 09:59:14,2025-10-08 10:05:43,2025-10-08 09:59:44,2025-10-08 10:08:24,6.48,road_works,avl
D25100000698,T2510001164,R003,S0067,2025-10-08,2025-10-08 09:09:36,2025-10-08 09:15:57,2025-10-08 09:10:06,2025-10-08 09:16:41,6.35,junction_bottleneck,avl
D25100000699,T2510001164,R003,S0068,2025-10-08,2025-10-08 09:56:00,2025-10-08 10:12:57,2025-10-08 09:56:30,2025-10-08 10:13:41,16.95,junction_bottleneck,driver_report
D25100000700,T2510001166,R002,S0067,2025-10-08,2025-10-08 10:13:17,2025-10-08 10:22:53,2025-10-08 10:13:47,2025-10-08 10:24:11,9.6,road_works,avl
D25100000701,T2510001167,R005,S0066,2025-10-08,2025-10-08 09:40:58,2025-10-08 09:51:03,2025-10-08 09:41:28,2025-10-08 09:52:28,10.08,road_works,avl
D25100000702,T2510001167,R005,S0087,2025-10-08,2025-10-08 09:58:00,2025-10-08 10:13:18,2025-10-08 09:58:30,2025-10-08 10:14:43,15.3,road_works,avl
D25100000703,T2510001168,R001,S0034,2025-10-08,2025-10-08 09:29:04,2025-10-08 09:39:55,2025-10-08 09:29:34,2025-10-08 09:43:13,10.85,passenger_boarding,avl
D25100000704,T2510001168,R001,S0050,2025-10-08,2025-10-08 10:30:48,2025-10-08 11:00:37,2025-10-08 10:31:18,2025-10-08 11:03:55,29.82,passenger_boarding,driver_report
D25100000705,T2510001169,R001,S0035,2025-10-08,2025-10-08 10:09:14,2025-10-08 10:24:22,2025-10-08 10:09:44,2025-10-08 10:27:40,15.13,road_works,avl
D25100000706,T2510001169,R001,S0029,2025-10-08,2025-10-08 10:31:48,2025-10-08 10:54:35,2025-10-08 10:32:18,2025-10-08 10:57:53,22.78,road_works,driver_report
D25100000707,T2510001171,R003,S0076,2025-10-08,2025-10-08 09:47:15,2025-10-08 09:56:35,2025-10-08 09:47:45,2025-10-08 09:58:37,9.33,road_works,avl
D25100000708,T2510001171,R003,S0025,2025-10-08,2025-10-08 10:05:00,2025-10-08 10:22:45,2025-10-08 10:05:30,2025-10-08 10:24:46,17.75,road_works,avl
D25100000709,T2510001176,R001,S0034,2025-10-08,2025-10-08 09:39:04,2025-10-08 09:47:29,2025-10-08 09:39:34,2025-10-08 09:50:15,8.42,road_works,avl
D25100000710,T2510001176,R001,S0050,2025-10-08,2025-10-08 10:40:48,2025-10-08 10:59:49,2025-10-08 10:41:18,2025-10-08 11:02:36,19.02,road_works,avl
D25100000711,T2510001177,R001,S0035,2025-10-08,2025-10-08 10:19:14,2025-10-08 10:29:20,2025-10-08 10:19:44,2025-10-08 10:32:38,10.1,road_works,avl
D25100000712,T2510001177,R001,S0029,2025-10-08,2025-10-08 10:41:48,2025-10-08 10:56:58,2025-10-08 10:42:18,2025-10-08 11:00:16,15.17,road_works,driver_report
D25100000713,T2510001181,R002,S0067,2025-10-08,2025-10-08 10:33:17,2025-10-08 10:38:59,2025-10-08 10:33:47,2025-10-08 10:39:53,5.7,road_works,avl
D25100000714,T2510001182,R005,S0025,2025-10-08,2025-10-08 09:50:41,2025-10-08 09:58:31,2025-10-08 09:51:11,2025-10-08 09:59:12,7.83,road_works,avl
D25100000715,T2510001182,R005,S0015,2025-10-08,2025-10-08 10:17:00,2025-10-08 10:29:14,2025-10-08 10:17:30,2025-10-08 10:29:55,12.23,road_works,avl
D25100000716,T2510001183,R001,S0034,2025-10-08,2025-10-08 09:49:04,2025-10-08 09:57:39,2025-10-08 09:49:34,2025-10-08 10:00:57,8.58,road_works,avl
D25100000717,T2510001183,R001,S0050,2025-10-08,2025-10-08 10:50:48,2025-10-08 11:08:20,2025-10-08 10:51:18,2025-10-08 11:11:38,17.53,road_works,avl
D25100000718,T2510001184,R001,S0035,2025-10-08,2025-10-08 10:29:14,2025-10-08 10:42:10,2025-10-08 10:29:44,2025-10-08 10:45:28,12.93,road_works,avl
D25100000719,T2510001184,R001,S0029,2025-10-08,2025-10-08 10:51:48,2025-10-08 11:09:45,2025-10-08 10:52:18,2025-10-08 11:13:03,17.95,road_works,avl
D25100000720,T2510001185,R004,S0059,2025-10-08,2025-10-08 10:02:36,2025-10-08 10:00:31,2025-10-08 10:03:06,2025-10-08 10:01:02,-2.08,early_running,avl
D25100000721,T2510001188,R002,S0051,2025-10-08,2025-10-08 10:48:42,2025-10-08 11:02:20,2025-10-08 10:49:12,2025-10-08 11:02:49,13.63,road_works,avl
D25100000722,T2510001191,R001,S0035,2025-10-08,2025-10-08 10:39:14,2025-10-08 10:50:05,2025-10-08 10:39:44,2025-10-08 10:52:59,10.85,road_works,avl
D25100000723,T2510001191,R001,S0029,2025-10-08,2025-10-08 11:01:48,2025-10-08 11:15:18,2025-10-08 11:02:18,2025-10-08 11:18:12,13.5,road_works,avl
D25100000724,T2510001192,R003,S0068,2025-10-08,2025-10-08 10:36:00,2025-10-08 10:46:06,2025-10-08 10:36:30,2025-10-08 10:46:54,10.1,junction_bottleneck,avl
D25100000725,T2510001194,R002,S0067,2025-10-08,2025-10-08 10:53:17,2025-10-08 11:05:50,2025-10-08 10:53:47,2025-10-08 11:08:19,12.55,passenger_boarding,avl
D25100000726,T2510001194,R002,S0006,2025-10-08,2025-10-08 10:57:42,2025-10-08 11:10:45,2025-10-08 10:58:12,2025-10-08 11:13:13,13.05,passenger_boarding,avl
D25100000727,T2510001195,R001,S0034,2025-10-08,2025-10-08 10:09:04,2025-10-08 10:14:36,2025-10-08 10:09:34,2025-10-08 10:16:36,5.53,road_works,avl
D25100000728,T2510001195,R001,S0050,2025-10-08,2025-10-08 11:10:48,2025-10-08 11:25:28,2025-10-08 11:11:18,2025-10-08 11:27:28,14.67,road_works,avl
D25100000729,T2510001198,R003,S0076,2025-10-08,2025-10-08 10:27:15,2025-10-08 10:41:13,2025-10-08 10:27:45,2025-10-08 10:44:15,13.97,passenger_boarding,avl
D25100000730,T2510001198,R003,S0025,2025-10-08,2025-10-08 10:45:00,2025-10-08 11:16:04,2025-10-08 10:45:30,2025-10-08 11:19:06,31.07,passenger_boarding,avl
D25100000731,T2510001199,R007,S0118,2025-10-08,2025-10-08 10:18:07,2025-10-08 10:30:32,2025-10-08 10:18:37,2025-10-08 10:31:48,12.42,passenger_boarding,avl
D25100000732,T2510001199,R007,S0028,2025-10-08,2025-10-08 10:22:06,2025-10-08 10:36:51,2025-10-08 10:22:36,2025-10-08 10:38:07,14.75,passenger_boarding,avl
D25100000733,T2510001201,R005,S0025,2025-10-08,2025-10-08 10:20:41,2025-10-10 10:30:31,2025-10-08 10:21:11,2025-10-10 10:30:57,9.83,junction_bottleneck,avl
D25100000734,T2510001201,R005,S0015,2025-10-08,2025-10-08 10:47:00,2025-10-08 11:02:21,2025-10-08 10:47:30,2025-10-08 11:02:48,15.35,junction_bottleneck,avl
D25100000735,T2510001203,R008,S0120,2025-10-08,2025-10-08 10:14:30,2025-10-08 10:12:18,2025-10-08 10:15:00,2025-10-08 10:12:52,-2.2,early_running,avl
D25100000736,T2510001205,R001,S0035,2025-10-08,2025-10-08 11:01:40,2025-10-08 11:08:11,2025-10-08 11:02:10,2025-10-08 11:11:01,6.52,road_works,avl
D25100000737,T2510001206,R003,S0076,2025-10-08,2025-10-08 10:41:23,2025-10-08 10:57:42,2025-10-08 10:41:53,2025-10-08 10:58:42,16.32,disruption,avl
D25100000738,T2510001206,R003,S0025,2025-10-08,2025-10-08 10:56:00,2025-10-08 11:32:34,2025-10-08 10:56:30,2025-10-08 11:33:34,36.57,disruption,avl
D25100000739,T2510001208,R002,S0051,2025-10-08,2025-10-08 11:16:12,2025-10-08 11:13:48,2025-10-08 11:16:42,2025-10-08 11:14:23,-2.4,early_running,avl
D25100000740,T2510001209,R004,S0017,2025-10-08,2025-10-08 10:47:06,2025-10-08 10:45:03,2025-10-08 10:47:36,2025-10-08 10:45:34,-2.05,early_running,avl
D25100000741,T2510001210,R003,S0067,2025-10-08,2025-10-08 10:28:47,2025-10-08 10:38:23,2025-10-08 10:29:17,2025-10-08 10:39:18,9.6,disruption,avl
D25100000742,T2510001210,R003,S0068,2025-10-08,2025-10-08 11:07:00,2025-10-08 11:46:00,2025-10-08 11:07:30,2025-10-08 11:46:55,39.0,disruption,driver_report
D25100000743,T2510001211,R001,S0035,2025-10-08,2025-10-08 11:16:40,2025-10-08 11:22:17,2025-10-08 11:17:10,2025-10-08 11:24:18,5.62,road_works,avl
D25100000744,T2510001212,R005,S0025,2025-10-08,2025-10-08 10:47:21,2025-10-08 10:53:30,2025-10-08 10:47:51,2025-10-08 10:54:29,6.15,road_works,avl
D25100000745,T2510001217,R005,S0066,2025-10-08,2025-10-08 11:06:16,2025-10-08 11:14:44,2025-10-08 11:06:46,2025-10-08 11:16:07,8.47,road_works,avl
D25100000746,T2510001217,R005,S0087,2025-10-08,2025-10-08 11:20:48,2025-10-08 11:31:32,2025-10-08 11:21:18,2025-10-08 11:32:54,10.73,road_works,avl
D25100000747,T2510001218,R001,S0035,2025-10-08,2025-10-08 11:31:40,2025-10-08 11:40:28,2025-10-08 11:32:10,2025-10-08 11:43:42,8.8,road_works,avl
D25100000748,T2510001218,R001,S0029,2025-10-08,2025-10-08 11:51:18,2025-10-08 12:03:29,2025-10-08 11:51:48,2025-10-08 12:06:44,12.18,road_works,avl
D25100000749,T2510001219,R007,S0118,2025-10-08,2025-10-08 11:00:56,2025-10-08 11:06:56,2025-10-08 11:01:26,2025-10-08 11:07:32,6.0,traffic_congestion,avl
D25100000750,T2510001220,R003,S0076,2025-10-08,2025-10-08 11:11:23,2025-10-08 11:22:45,2025-10-08 11:11:53,2025-10-08 11:23:49,11.37,disruption,avl
D25100000751,T2510001220,R003,S0025,2025-10-08,2025-10-08 11:26:00,2025-10-08 11:57:41,2025-10-08 11:26:30,2025-10-08 11:58:45,31.68,disruption,driver_report
D25100000752,T2510001221,R001,S0034,2025-10-08,2025-10-08 11:01:35,2025-10-08 11:11:30,2025-10-08 11:02:05,2025-10-08 11:14:48,9.92,passenger_boarding,avl
D25100000753,T2510001221,R001,S0050,2025-10-08,2025-10-08 11:55:18,2025-10-08 12:24:30,2025-10-08 11:55:48,2025-10-08 12:27:48,29.2,passenger_boarding,driver_report
D25100000754,T2510001222,R006,S0094,2025-10-08,2025-10-08 11:27:00,2025-10-08 11:22:33,2025-10-08 11:27:30,2025-10-08 11:22:56,-4.45,early_running,avl
D25100000755,T2510001226,R003,S0067,2025-10-08,2025-10-08 10:58:47,2025-10-08 11:08:42,2025-10-08 10:59:17,2025-10-08 11:09:33,9.92,disruption,avl
D25100000756,T2510001226,R003,S0068,2025-10-08,2025-10-08 11:37:00,2025-10-08 12:20:57,2025-10-08 11:37:30,2025-10-08 12:21:49,43.95,disruption,driver_report
D25100000757,T2510001227,R001,S0035,2025-10-08,2025-10-08 11:46:40,2025-10-08 11:55:48,2025-10-08 11:47:10,2025-10-08 11:57:42,9.13,road_works,avl
D25100000758,T2510001227,R001,S0029,2025-10-08,2025-10-08 12:06:18,2025-10-08 12:17:59,2025-10-08 12:06:48,2025-10-08 12:19:53,11.68,road_works,avl
D25100000759,T2510001229,R002,S0067,2025-10-08,2025-10-08 12:01:34,2025-10-08 12:11:54,2025-10-08 12:02:04,2025-10-08 12:13:34,10.33,passenger_boarding,avl
D25100000760,T2510001229,R002,S0006,2025-10-08,2025-10-08 12:05:12,2025-10-07 12:16:00,2025-10-08 12:05:42,2025-10-07 12:17:39,10.8,passenger_boarding,avl
D25100000761,T2510001231,R003,S0076,2025-10-08,2025-10-08 11:41:23,2025-10-08 11:49:41,2025-10-08 11:41:53,2025-10-08 11:50:28,8.3,disruption,avl
D25100000762,T2510001231,R003,S0025,2025-10-08,2025-10-08 11:56:00,2025-10-08 12:19:42,2025-10-08 11:56:30,2025-10-08 12:20:29,23.7,disruption,driver_report
D25100000763,T2510001232,R001,S0050,2025-10-08,2025-10-08 12:25:18,2025-10-08 12:37:26,2025-10-08 12:25:48,2025-10-08 12:40:44,12.13,passenger_boarding,avl
D25100000764,T2510001233,R002,S0067,2025-10-08,2025-10-08 11:21:38,2025-10-08 11:27:27,2025-10-08 11:22:08,2025-10-08 11:28:20,5.82,road_works,avl
D25100000765,T2510001236,R001,S0035,2025-10-08,2025-10-08 12:16:40,2025-10-08 12:30:05,2025-10-08 12:17:10,2025-10-08 12:33:23,13.42,passenger_boarding,avl
D25100000766,T2510001236,R001,S0029,2025-10-08,2025-10-08 12:36:18,2025-10-08 12:56:26,2025-10-08 12:36:48,2025-10-08 12:59:44,20.13,passenger_boarding,driver_report
D25100000767,T2510001237,R005,S0025,2025-10-08,2025-10-08 11:47:21,2025-10-08 11:57:43,2025-10-08 11:47:51,2025-10-08 11:59:01,10.37,road_works,avl
D25100000768,T2510001237,R005,S0015,2025-10-08,2025-10-08 12:09:48,2025-10-08 12:22:55,2025-10-08 12:10:18,2025-10-08 12:24:13,13.12,road_works,avl
D25100000769,T2510001240,R004,S0059,2025-10-08,2025-10-08 11:58:06,2025-10-08 11:55:28,2025-10-08 11:58:36,2025-10-08 11:56:14,-2.63,early_running,avl
D25100000770,T2510001241,R006,S0025,2025-10-08,2025-10-08 12:16:00,2025-10-08 12:13:39,2025-10-08 12:16:30,2025-10-08 12:14:15,-2.35,early_running,avl
D25100000771,T2510001242,R002,S0067,2025-10-08,2025-10-08 12:31:34,2025-10-08 12:39:06,2025-10-08 12:32:04,2025-10-08 12:40:12,7.53,road_works,avl
D25100000772,T2510001243,R005,S0066,2025-10-08,2025-10-08 12:06:16,2025-10-08 12:11:54,2025-10-08 12:06:46,2025-10-08 12:13:32,5.63,road_works,avl
D25100000773,T2510001244,R001,S0029,2025-10-08,2025-10-08 12:51:18,2025-10-08 12:49:08,2025-10-08 12:51:48,2025-10-08 12:51:02,-2.17,early_running,avl
D25100000774,T2510001245,R003,S0076,2025-10-08,2025-10-08 12:11:23,2025-10-08 12:24:01,2025-10-08 12:11:53,2025-10-08 12:24:31,12.63,disruption,avl
D25100000775,T2510001245,R003,S0025,2025-10-08,2025-10-08 12:26:00,2025-10-08 12:53:54,2025-10-08 12:26:30,2025-10-08 12:54:24,27.9,disruption,avl
D25100000776,T2510001248,R002,S0051,2025-10-08,2025-10-08 12:46:12,2025-10-08 12:43:33,2025-10-08 12:46:42,2025-10-08 12:44:17,-2.65,early_running,avl
D25100000777,T2510001249,R003,S0067,2025-10-08,2025-10-08 11:58:47,2025-10-08 12:04:29,2025-10-08 11:59:17,2025-10-08 12:06:32,5.7,disruption,avl
D25100000778,T2510001249,R003,S0068,2025-10-08,2025-10-08 12:37:00,2025-10-08 13:05:54,2025-10-08 12:37:30,2025-10-08 13:07:57,28.9,disruption,avl
D25100000779,T2510001250,R001,S0035,2025-10-08,2025-10-08 12:46:40,2025-10-08 12:55:11,2025-10-08 12:47:10,2025-10-08 12:57:42,8.52,road_works,avl
D25100000780,T2510001250,R001,S0029,2025-10-08,2025-10-08 13:06:18,2025-10-08 13:16:45,2025-10-08 13:06:48,2025-10-08 13:19:17,10.45,road_works,avl
D25100000781,T2510001252,R002,S0067,2025-10-08,2025-10-08 13:01:34,2025-10-08 13:11:48,2025-10-08 13:02:04,2025-10-08 13:12:48,10.23,road_works,avl
D25100000782,T2510001252,R002,S0006,2025-10-08,2025-10-08 13:05:12,2025-10-08 13:15:40,2025-10-08 13:05:42,2025-10-08 13:16:40,10.47,road_works,avl
D25100000783,T2510001255,R003,S0076,2025-10-08,2025-10-08 12:41:23,2025-10-08 12:53:54,2025-10-08 12:41:53,2025-10-08 12:54:53,12.52,disruption,avl
D25100000784,T2510001255,R003,S0025,2025-10-08,2025-10-08 12:56:00,2025-10-08 13:31:06,2025-10-08 12:56:30,2025-10-08 13:32:05,35.1,disruption,avl
D25100000785,T2510001256,R001,S0034,2025-10-08,2025-10-08 12:31:35,2025-10-08 12:37:52,2025-10-08 12:32:05,2025-10-08 12:39:37,6.28,road_works,avl
D25100000786,T2510001256,R001,S0050,2025-10-08,2025-10-08 13:25:18,2025-10-08 13:40:22,2025-10-08 13:25:48,2025-10-08 13:42:06,15.07,road_works,avl
D25100000787,T2510001262,R001,S0035,2025-10-08,2025-10-08 13:16:40,2025-10-08 13:28:09,2025-10-08 13:17:10,2025-10-08 13:31:06,11.48,road_works,avl
D25100000788,T2510001262,R001,S0029,2025-10-08,2025-10-08 13:36:18,2025-10-08 13:50:38,2025-10-08 13:36:48,2025-10-08 13:53:34,14.33,road_works,avl
D25100000789,T2510001263,R005,S0025,2025-10-08,2025-10-08 12:47:21,2025-10-08 12:55:18,2025-10-08 12:47:51,2025-10-08 12:56:15,7.95,road_works,avl
D25100000790,T2510001263,R005,S0015,2025-10-08,2025-10-08 13:09:48,2025-10-08 13:20:30,2025-10-08 13:10:18,2025-10-08 13:21:28,10.7,road_works,avl
D25100000791,T2510001264,R001,S0050,2025-10-08,2025-10-08 13:40:18,2025-10-08 13:36:36,2025-10-08 13:40:48,2025-10-08 13:38:22,-3.7,early_running,avl
D25100000792,T2510001270,R003,S0076,2025-10-08,2025-10-08 13:11:23,2025-10-08 13:25:34,2025-10-08 13:11:53,2025-10-08 13:26:21,14.18,disruption,avl
D25100000793,T2510001270,R003,S0025,2025-10-08,2025-10-08 13:26:00,2025-10-08 14:06:05,2025-10-08 13:26:30,2025-10-08 14:06:51,40.08,disruption,avl
D25100000794,T2510001274,R003,S0067,2025-10-08,2025-10-08 12:58:47,2025-10-08 13:03:57,2025-10-08 12:59:17,2025-10-08 13:05:04,5.17,disruption,avl
D25100000795,T2510001274,R003,S0068,2025-10-08,2025-10-08 13:37:00,2025-10-08 14:02:56,2025-10-08 13:37:30,2025-10-08 14:04:03,25.93,disruption,avl
D25100000796,T2510001276,R001,S0050,2025-10-08,2025-10-08 14:10:18,2025-10-08 14:06:26,2025-10-08 14:10:48,2025-10-08 14:08:23,-3.87,early_running,avl
D25100000797,T2510001280,R003,S0076,2025-10-08,2025-10-08 13:41:23,2025-10-08 13:49:38,2025-10-08 13:41:53,2025-10-08 13:50:32,8.25,disruption,avl
D25100000798,T2510001280,R003,S0025,2025-10-08,2025-10-08 13:56:00,2025-10-08 14:19:32,2025-10-08 13:56:30,2025-10-08 14:20:26,23.53,disruption,avl
D25100000799,T2510001282,R002,S0051,2025-10-08,2025-10-08 14:16:12,2025-10-08 14:30:07,2025-10-08 14:16:42,2025-10-08 14:31:57,13.92,passenger_boarding,avl
D25100000800,T2510001284,R003,S0068,2025-10-08,2025-10-08 14:07:00,2025-10-08 14:28:23,2025-10-08 14:07:30,2025-10-08 14:29:31,21.38,disruption,driver_report
D25100000801,T2510001285,R001,S0035,2025-10-08,2025-10-08 14:16:40,2025-10-08 14:24:48,2025-10-08 14:17:10,2025-10-08 14:28:06,8.13,road_works,avl
D25100000802,T2510001285,R001,S0029,2025-10-08,2025-10-08 14:36:18,2025-10-08 14:47:39,2025-10-08 14:36:48,2025-10-08 14:50:57,11.35,road_works,avl
D25100000803,T2510001286,R005,S0025,2025-10-08,2025-10-08 13:47:21,2025-10-08 13:52:25,2025-10-08 13:47:51,2025-10-08 13:53:33,5.07,road_works,avl
D25100000804,T2510001289,R006,S0025,2025-10-08,2025-10-08 14:16:00,2025-10-08 14:11:42,2025-10-08 14:16:30,2025-10-08 14:12:17,-4.3,early_running,avl
D25100000805,T2510001290,R002,S0005,2025-10-08,2025-10-08 14:06:37,2025-10-08 14:21:14,2025-10-08 14:07:07,2025-10-08 14:22:04,14.62,vehicle_breakdown,controller
D25100000806,T2510001290,R002,S0006,2025-10-08,2025-10-08 14:35:12,2025-10-08 15:17:44,2025-10-08 14:35:42,2025-10-08 15:18:33,42.53,vehicle_breakdown,controller
D25100000807,T2510001291,R005,S0066,2025-10-08,2025-10-08 14:06:16,2025-10-08 14:13:35,2025-10-08 14:06:46,2025-10-08 14:15:00,7.32,road_works,avl
D25100000808,T2510001291,R005,S0087,2025-10-08,2025-10-08 14:20:48,2025-10-08 14:32:05,2025-10-08 14:21:18,2025-10-08 14:33:30,11.28,road_works,avl
D25100000809,T2510001294,R003,S0076,2025-10-08,2025-10-08 14:11:23,2025-10-08 14:19:33,2025-10-08 14:11:53,2025-10-08 14:20:22,8.17,disruption,avl
D25100000810,T2510001294,R003,S0025,2025-10-08,2025-10-08 14:26:00,2025-10-08 14:49:16,2025-10-08 14:26:30,2025-10-08 14:50:06,23.27,disruption,avl
D25100000811,T2510001301,R001,S0029,2025-10-08,2025-10-08 15:06:18,2025-10-08 15:01:11,2025-10-08 15:06:48,2025-10-08 15:03:06,-5.12,early_running,avl
D25100000812,T2510001305,R003,S0076,2025-10-08,2025-10-08 14:41:23,2025-10-08 14:54:49,2025-10-08 14:41:53,2025-10-08 14:55:38,13.43,disruption,avl
D25100000813,T2510001305,R003,S0025,2025-10-08,2025-10-08 14:56:00,2025-10-08 15:33:34,2025-10-08 14:56:30,2025-10-08 15:34:23,37.57,disruption,avl
D25100000814,T2510001309,R003,S0067,2025-10-08,2025-10-08 14:28:47,2025-10-08 14:38:02,2025-10-08 14:29:17,2025-10-08 14:40:23,9.25,disruption,avl
D25100000815,T2510001309,R003,S0068,2025-10-08,2025-10-08 15:07:00,2025-10-08 15:44:44,2025-10-08 15:07:30,2025-10-08 15:47:05,37.73,disruption,driver_report
D25100000816,T2510001310,R001,S0035,2025-10-08,2025-10-08 15:16:40,2025-10-08 15:23:22,2025-10-08 15:17:10,2025-10-08 15:26:40,6.7,road_works,avl
D25100000817,T2510001311,R005,S0025,2025-10-08,2025-10-08 14:47:21,2025-10-08 14:53:03,2025-10-08 14:47:51,2025-10-08 14:53:51,5.7,road_works,avl
D25100000818,T2510001312,R001,S0034,2025-10-08,2025-10-08 14:46:35,2025-10-08 14:52:18,2025-10-08 14:47:05,2025-10-08 14:55:36,5.72,road_works,avl
D25100000819,T2510001312,R001,S0050,2025-10-08,2025-10-08 15:40:18,2025-10-08 15:55:33,2025-10-08 15:40:48,2025-10-08 15:58:51,15.25,road_works,avl
D25100000820,T2510001315,R006,S0025,2025-10-08,2025-10-08 15:16:00,2025-10-08 15:13:26,2025-10-08 15:16:30,2025-10-08 15:13:49,-2.57,early_running,avl
D25100000821,T2510001317,R005,S0066,2025-10-08,2025-10-08 15:06:16,2025-10-08 15:13:09,2025-10-08 15:06:46,2025-10-08 15:14:28,6.88,road_works,avl
D25100000822,T2510001317,R005,S0087,2025-10-08,2025-10-08 15:20:48,2025-10-08 15:30:51,2025-10-08 15:21:18,2025-10-08 15:32:11,10.05,road_works,avl
D25100000823,T2510001318,R001,S0035,2025-10-08,2025-10-08 15:31:40,2025-10-08 15:37:37,2025-10-08 15:32:10,2025-10-08 15:40:33,5.95,road_works,avl
D25100000824,T2510001319,R003,S0076,2025-10-08,2025-10-08 15:11:23,2025-10-08 15:17:03,2025-10-08 15:11:53,2025-10-08 15:17:47,5.67,disruption,avl
D25100000825,T2510001319,R003,S0025,2025-10-08,2025-10-08 15:26:00,2025-10-08 15:42:10,2025-10-08 15:26:30,2025-10-08 15:42:54,16.17,disruption,driver_report
D25100000826,T2510001323,R003,S0067,2025-10-08,2025-10-08 14:58:47,2025-10-08 15:07:52,2025-10-08 14:59:17,2025-10-08 15:09:01,9.08,disruption,avl
D25100000827,T2510001323,R003,S0068,2025-10-08,2025-10-08 15:37:00,2025-10-08 16:04:48,2025-10-08 15:37:30,2025-10-08 16:05:58,27.8,disruption,avl
D25100000828,T2510001325,R001,S0050,2025-10-08,2025-10-08 16:10:18,2025-10-08 16:20:46,2025-10-08 16:10:48,2025-10-08 16:24:04,10.47,road_works,avl
D25100000829,T2510001327,R001,S0035,2025-10-08,2025-10-08 16:01:40,2025-10-08 16:07:37,2025-10-08 16:02:10,2025-10-08 16:09:03,5.95,road_works,avl
D25100000830,T2510001329,R003,S0076,2025-10-08,2025-10-08 15:41:23,2025-10-08 15:49:44,2025-10-08 15:41:53,2025-10-08 15:50:44,8.35,disruption,avl
D25100000831,T2510001329,R003,S0025,2025-10-08,2025-10-08 15:56:00,2025-10-08 16:19:48,2025-10-08 15:56:30,2025-10-08 16:20:48,23.8,disruption,avl
D25100000832,T2510001330,R001,S0050,2025-10-08,2025-10-08 16:25:18,2025-10-08 16:36:23,2025-10-08 16:25:48,2025-10-08 16:39:41,11.08,road_works,avl
D25100000833,T2510001333,R004,S0017,2025-10-08,2025-10-08 15:47:06,2025-10-08 15:42:24,2025-10-08 15:47:36,2025-10-08 15:44:13,-4.7,early_running,avl
D25100000834,T2510001334,R007,S0117,2025-10-08,2025-10-08 15:29:10,2025-10-08 15:34:53,2025-10-08 15:29:40,2025-10-08 15:36:02,5.72,passenger_boarding,avl
D25100000835,T2510001335,R003,S0067,2025-10-08,2025-10-08 15:28:47,2025-10-08 15:33:50,2025-10-08 15:29:17,2025-10-08 15:35:15,5.05,disruption,avl
D25100000836,T2510001335,R003,S0068,2025-10-08,2025-10-08 16:07:00,2025-10-08 16:31:38,2025-10-08 16:07:30,2025-10-08 16:33:04,24.63,disruption,driver_report
D25100000837,T2510001336,R001,S0035,2025-10-08,2025-10-08 16:16:40,2025-10-08 16:22:11,2025-10-08 16:17:10,2025-10-08 16:25:00,5.52,road_works,avl
D25100000838,T2510001338,R001,S0034,2025-10-08,2025-10-08 15:46:35,2025-10-08 15:52:21,2025-10-08 15:47:05,2025-10-08 15:55:39,5.77,passenger_boarding,avl
D25100000839,T2510001338,R001,S0050,2025-10-08,2025-10-08 16:40:18,2025-10-08 16:55:34,2025-10-08 16:40:48,2025-10-08 16:58:52,15.27,passenger_boarding,driver_report
D25100000840,T2510001339,R004,S0059,2025-10-08,2025-10-08 15:58:06,2025-10-08 15:53:24,2025-10-08 15:58:36,2025-10-08 15:54:25,-4.7,early_running,avl
D25100000841,T2510001340,R006,S0025,2025-10-08,2025-10-08 16:16:00,2025-10-08 16:13:51,2025-10-08 16:16:30,2025-10-08 16:14:38,-2.15,early_running,avl
D25100000842,T2510001344,R003,S0076,2025-10-08,2025-10-08 16:11:23,2025-10-08 16:19:59,2025-10-08 16:11:53,2025-10-08 16:20:55,8.6,disruption,avl
D25100000843,T2510001344,R003,S0025,2025-10-08,2025-10-08 16:26:00,2025-10-08 16:47:54,2025-10-08 16:26:30,2025-10-08 16:48:50,21.9,disruption,avl
D25100000844,T2510001348,R003,S0068,2025-10-08,2025-10-08 16:37:00,2025-10-08 16:52:01,2025-10-08 16:37:30,2025-10-08 16:53:03,15.02,disruption,avl
D25100000845,T2510001349,R001,S0029,2025-10-08,2025-10-08 17:06:18,2025-10-08 17:03:46,2025-10-08 17:06:48,2025-10-08 17:06:35,-2.53,early_running,avl
D25100000846,T2510001350,R001,S0034,2025-10-08,2025-10-08 16:20:03,2025-10-08 16:29:00,2025-10-08 16:20:33,2025-10-08 16:32:18,8.95,traffic_congestion,avl
D25100000847,T2510001350,R001,S0050,2025-10-08,2025-10-08 17:25:00,2025-10-08 17:50:42,2025-10-08 17:25:30,2025-10-08 17:54:00,25.7,traffic_congestion,avl
D25100000848,T2510001351,R008,S0125,2025-10-08,2025-10-08 16:05:40,2025-10-08 16:12:37,2025-10-08 16:06:10,2025-10-08 16:13:50,6.95,passenger_boarding,avl
D25100000849,T2510001351,R008,S0120,2025-10-08,2025-10-08 16:16:42,2025-10-08 16:27:59,2025-10-08 16:17:12,2025-10-08 16:29:12,11.28,passenger_boarding,avl
D25100000850,T2510001355,R003,S0067,2025-10-08,2025-10-08 16:09:46,2025-10-08 16:22:03,2025-10-08 16:10:16,2025-10-08 16:23:07,12.28,disruption,avl
D25100000851,T2510001355,R003,S0068,2025-10-08,2025-10-08 16:57:54,2025-10-08 17:51:40,2025-10-08 16:58:24,2025-10-08 17:52:44,53.77,disruption,avl
D25100000852,T2510001356,R006,S0025,2025-10-08,2025-10-08 16:54:48,2025-10-08 17:01:14,2025-10-08 16:55:18,2025-10-08 17:01:41,6.43,junction_bottleneck,avl
D25100000853,T2510001357,R002,S0067,2025-10-08,2025-10-08 17:15:43,2025-10-08 17:30:34,2025-10-08 17:16:13,2025-10-08 17:31:34,14.85,road_works,avl
D25100000854,T2510001357,R002,S0006,2025-10-08,2025-10-08 17:20:18,2025-10-08 17:35:47,2025-10-08 17:20:48,2025-10-08 17:36:47,15.48,road_works,driver_report
D25100000855,T2510001360,R001,S0034,2025-10-08,2025-10-08 16:30:03,2025-10-08 16:36:07,2025-10-08 16:30:33,2025-10-08 16:39:25,6.07,traffic_congestion,avl
D25100000856,T2510001360,R001,S0050,2025-10-08,2025-10-08 17:35:00,2025-10-08 17:51:40,2025-10-08 17:35:30,2025-10-08 17:54:58,16.67,traffic_congestion,avl
D25100000857,T2510001361,R001,S0035,2025-10-08,2025-10-08 17:12:15,2025-10-08 17:19:31,2025-10-08 17:12:45,2025-10-08 17:21:39,7.27,road_works,avl
D25100000858,T2510001361,R001,S0029,2025-10-08,2025-10-08 17:36:00,2025-10-08 17:46:10,2025-10-08 17:36:30,2025-10-08 17:48:19,10.17,road_works,avl
D25100000859,T2510001362,R003,S0076,2025-10-08,2025-10-08 16:48:30,2025-10-08 17:02:45,2025-10-08 16:49:00,2025-10-08 17:03:24,14.25,disruption,avl
D25100000860,T2510001362,R003,S0025,2025-10-08,2025-10-08 17:06:54,2025-10-08 17:47:36,2025-10-08 17:07:24,2025-10-08 17:48:15,40.7,disruption,avl
D25100000861,T2510001365,R001,S0050,2025-10-08,2025-10-08 17:45:00,2025-10-08 17:55:29,2025-10-08 17:45:30,2025-10-08 17:58:47,10.48,road_works,avl
D25100000862,T2510001366,R001,S0035,2025-10-08,2025-10-08 17:22:15,2025-10-08 17:37:28,2025-10-08 17:22:45,2025-10-08 17:39:55,15.22,traffic_congestion,avl
D25100000863,T2510001366,R001,S0029,2025-10-08,2025-10-08 17:46:00,2025-10-08 18:07:51,2025-10-08 17:46:30,2025-10-08 18:10:17,21.85,traffic_congestion,avl
D25100000864,T2510001368,R003,S0068,2025-10-08,2025-10-08 17:17:54,2025-10-08 17:33:16,2025-10-08 17:18:24,2025-10-08 17:34:46,15.37,disruption,avl
D25100000865,T2510001369,R002,S0067,2025-10-08,2025-10-08 17:35:43,2025-10-08 17:41:25,2025-10-08 17:36:13,2025-10-08 17:42:04,5.7,road_works,avl
D25100000866,T2510001370,R005,S0025,2025-10-08,2025-10-08 16:51:31,2025-10-08 17:11:17,2025-10-08 16:52:01,2025-10-08 17:12:53,19.77,road_works,avl
D25100000867,T2510001370,R005,S0015,2025-10-08,2025-10-08 17:18:48,2025-10-08 17:47:13,2025-10-08 17:19:18,2025-10-08 17:48:49,28.42,road_works,avl
D25100000868,T2510001371,R001,S0034,2025-10-08,2025-10-08 16:50:03,2025-10-08 16:55:44,2025-10-08 16:50:33,2025-10-08 16:59:02,-720.0,road_works,avl
D25100000869,T2510001371,R001,S0050,2025-10-08,2025-10-08 17:55:00,2025-10-08 18:08:06,2025-10-08 17:55:30,2025-10-08 18:11:24,13.1,road_works,avl
D25100000870,T2510001372,R001,S0035,2025-10-08,2025-10-08 17:32:15,2025-10-08 17:42:44,2025-10-08 17:32:45,2025-10-08 17:44:33,10.48,road_works,avl
D25100000871,T2510001372,R001,S9469,2025-10-08,2025-10-08 17:56:00,2025-10-08 18:10:41,2025-10-08 17:56:30,2025-10-08 18:12:30,14.68,road_works,avl
D25100000872,T2510001374,R003,S0076,2025-10-08,2025-10-08 17:08:30,2025-10-08 17:26:02,2025-10-08 17:09:00,2025-10-08 17:26:54,-999.0,disruption,avl
D25100000873,T2510001374,R003,S0025,2025-10-08,2025-10-08 17:26:54,2025-10-08 18:09:02,2025-10-08 17:27:24,2025-10-08 18:09:54,42.13,disruption,avl
D25100000874,T2510001375,R006,S0025,2025-10-08,2025-10-08 17:24:48,2025-10-08 17:30:06,2025-10-08 17:25:18,2025-10-08 17:30:33,5.3,traffic_congestion,avl
D25100000875,T2510001379,R001,S0029,2025-10-08,2025-10-08 18:06:00,2025-10-08 18:02:23,2025-10-08 18:06:30,2025-10-08 18:03:36,-3.62,early_running,avl
D25100000876,T2510001384,R002,S0067,2025-10-08,2025-10-08 17:55:43,2025-10-08 18:06:23,2025-10-08 17:56:13,2025-10-08 18:07:20,10.67,road_works,avl
D25100000877,T2510001384,R002,S0006,2025-10-08,2025-10-08 18:00:18,2025-10-08 18:11:22,2025-10-08 18:00:48,2025-10-08 18:12:18,11.07,road_works,avl
D25100000878,T2510001385,R008,S0126,2025-10-08,2025-10-08 17:02:53,2025-10-08 17:10:09,2025-10-08 17:03:23,2025-10-08 17:11:23,7.27,passenger_boarding,avl
D25100000879,T2510001386,R001,S0050,2025-10-08,2025-10-08 18:15:00,2025-10-08 18:25:20,2025-10-08 18:15:30,2025-10-08 18:28:38,10.33,road_works,avl
D25100000880,T2510001388,R004,S0017,2025-10-08,2025-10-08 17:22:42,2125-09-14 17:29:11,2025-10-08 17:23:12,2125-09-14 17:31:43,6.48,passenger_boarding,avl
D25100000881,T2510001390,R003,S0076,2025-10-08,2025-10-08 17:28:30,2025-10-08 17:46:52,2025-10-08 17:29:00,2025-10-08 17:47:27,unknown,disruption,avl
D25100000882,T2510001390,R003,S0025,2025-10-08,2025-10-08 17:46:54,2025-10-08 18:38:48,2025-10-08 17:47:24,2025-10-08 18:39:22,51.9,disruption,avl
D25100000883,T2510001391,R002,S0051,2025-10-08,2025-10-08 18:11:18,2025-10-08 18:22:24,2025-10-08 18:11:48,2025-10-08 18:23:58,11.1,road_works,avl
D25100000884,T2510001392,R005,S0025,2025-10-08,2025-10-08 17:21:31,2025-10-08 17:28:57,2025-10-08 17:22:01,2025-10-08 17:30:31,7.43,junction_bottleneck,avl
D25100000885,T2510001392,R005,S0015,2025-10-08,2025-10-08 17:48:48,2025-10-08 17:59:35,2025-10-08 17:49:18,2025-10-08 18:01:09,10.78,junction_bottleneck,avl
D25100000886,T2510001393,R001,S0034,2025-10-08,2025-10-08 17:20:03,2025-10-08 17:27:30,2025-10-08 17:20:33,2025-10-08 17:30:48,7.45,road_works,avl
D25100000887,T2510001393,R001,S0050,2025-10-08,2025-10-08 18:25:00,2025-10-08 18:40:45,2025-10-08 18:25:30,2025-10-08 18:44:03,15.75,road_works,avl
D25100000888,T2510001394,R001,S0035,2025-10-08,2025-10-08 18:02:15,2025-10-08 18:11:31,2025-10-08 18:02:45,2025-10-08 18:13:54,9.27,road_works,avl
D25100000889,T2510001394,R001,S0029,2025-10-08,2025-10-08 18:26:00,2025-10-08 18:39:25,2025-10-08 18:26:30,2025-10-08 18:41:48,13.42,road_works,avl
D25100000890,T2510001397,R006,S0025,2025-10-08,2025-10-08 17:54:48,2025-10-08 17:51:23,2025-10-08 17:55:18,2025-10-08 17:51:48,-3.42,early_running,avl
D25100000891,T2510001398,R002,S0067,2025-10-08,2025-10-08 18:15:43,2025-10-08 18:29:17,2025-10-08 18:16:13,2025-10-08 18:30:05,13.57,road_works,avl
D25100000892,T2510001398,R002,S0006,2025-10-08,2025-10-08 18:20:18,2025-10-08 18:34:24,2025-10-08 18:20:48,2025-10-08 18:35:12,14.1,road_works,avl
D25100000893,T2510001399,R005,S0066,2025-10-08,2025-10-08 17:42:09,2025-10-08 17:49:53,2025-10-08 17:42:39,2025-10-08 17:51:05,7.73,junction_bottleneck,avl
D25100000894,T2510001399,R005,S0087,2025-10-08,2025-10-08 17:59:48,2025-10-08 18:12:34,2025-10-08 18:00:18,2025-10-08 18:13:46,12.77,junction_bottleneck,avl
D25100000895,T2510001401,R001,S0035,2025-10-08,2025-10-08 18:12:15,2025-10-08 18:19:53,2025-10-08 18:12:45,2025-10-08 18:22:25,7.63,road_works,avl
D25100000896,T2510001401,R001,S0029,2025-10-08,2025-10-08 18:36:00,2025-10-08 18:46:21,2025-10-08 18:36:30,2025-10-08 18:48:53,10.35,road_works,avl
D25100000897,T2510001402,R003,S0076,2025-10-08,2025-10-08 17:48:30,2025-10-08 18:00:21,2025-10-08 17:49:00,2025-10-08 17:57:15,11.85,disruption,avl
D25100000898,T2510001402,R003,S0025,2025-10-08,2025-10-08 18:06:54,2025-10-08 18:39:06,2025-10-08 18:07:24,2025-10-08 18:40:07,32.2,disruption,driver_report
D25100000899,T2510001405,R001,S0034,2025-10-08,2025-10-08 17:40:03,2025-10-08 17:46:41,2025-10-08 17:40:33,2025-10-08 17:49:59,6.63,traffic_congestion,avl
D25100000900,T2510001405,R001,S0050,2025-10-08,2025-10-08 18:45:00,2025-10-08 19:03:19,2025-10-08 18:45:30,2025-10-08 19:06:37,1440.5,traffic_congestion,avl
D25100000901,T2510001407,R004,S0017,2025-10-08,2025-10-08 17:52:42,2025-10-08 18:01:29,2025-10-08 17:53:12,2025-10-08 18:03:46,8.78,passenger_boarding,avl
D25100000902,T2510001408,R003,S0067,2025-10-08,2025-10-08 17:29:46,2025-10-08 17:40:59,2025-10-08 17:30:16,2025-10-08 17:44:17,11.22,disruption,avl
D25100000903,T2510001408,R003,S0068,2025-10-08,2025-10-08 18:17:54,2025-10-08 19:14:46,2025-10-08 18:18:24,2025-10-08 19:18:04,56.87,disruption,avl
D25100000904,T2510001409,R002,S0067,2025-10-08,2025-10-08 18:35:43,2025-10-08 18:49:34,2025-10-08 18:36:13,2025-10-08 18:50:41,13.85,road_works,avl
D25100000905,T2510001409,R002,S0006,2025-10-08,2025-10-08 18:40:18,2025-10-08 18:54:32,2025-10-08 18:40:48,2025-10-08 18:55:39,14.23,road_works,avl
D25100000906,T2510001412,R001,S0034,2025-10-08,2025-10-08 17:50:03,2025-10-08 17:55:58,2025-10-08 17:50:33,2025-10-08 17:59:16,5.92,traffic_congestion,avl
D25100000907,T2510001412,R001,S0050,2025-10-08,2025-10-08 18:55:00,2025-10-08 19:12:29,2025-10-08 18:55:30,2025-10-08 19:15:47,17.48,traffic_congestion,avl
D25100000908,T2510001414,R001,S0035,2025-10-08,2025-10-08 18:32:15,2025-10-08 18:49:02,2025-10-08 18:32:45,2025-10-08 18:52:20,16.78,passenger_boarding,avl
D25100000909,T2510001414,R001,S0029,2025-10-08,2025-10-08 18:56:00,2025-10-08 19:18:45,2025-10-08 18:56:30,2025-10-08 19:22:03,22.75,passenger_boarding,avl
D25100000910,T2510001416,R003,S0076,2025-10-08,2025-10-08 18:08:30,2025-10-08 18:18:25,2025-10-08 18:09:00,2025-10-08 18:19:00,9.92,disruption,avl
D25100000911,T2510001416,R003,S0025,2025-10-08,2025-10-08 18:26:54,2025-10-08 18:54:45,2025-10-08 18:27:24,2025-10-08 18:55:20,27.85,disruption,avl
D25100000912,T2510001419,R002,S0051,2025-10-08,2025-10-08 18:51:18,2025-10-08 19:08:43,2025-10-08 18:51:48,2025-10-08 19:11:22,17.42,traffic_congestion,avl
D25100000913,T2510001421,R005,S0066,2025-10-08,2025-10-08 18:12:09,2025-10-08 18:22:31,2025-10-08 18:12:39,2025-10-08 18:23:37,10.37,road_works,avl
D25100000914,T2510001421,R005,S0087,2025-10-08,2025-10-08 18:29:48,2025-10-08 18:43:42,2025-10-08 18:30:18,2025-10-08 18:44:48,13.9,road_works,avl
D25100000915,T2510001422,R001,S0034,2025-10-08,2025-10-08 18:00:03,2025-10-08 18:07:49,2025-10-08 18:00:33,2025-10-08 18:11:07,7.77,passenger_boarding,avl
D25100000916,T2510001422,R001,S0050,2025-10-08,2025-10-08 19:05:00,2025-10-08 19:24:47,2025-10-08 19:05:30,2025-10-08 19:28:05,19.78,passenger_boarding,driver_report
D25100000917,T2510001424,R003,S0067,2025-10-08,2025-10-08 17:49:46,2025-10-08 17:57:17,2025-10-08 17:50:16,2025-10-08 17:59:21,7.52,disruption,avl
D25100000918,T2510001424,R003,S0068,2025-10-08,2025-10-08 18:37:54,2025-10-08 19:06:47,2025-10-08 18:38:24,2025-10-08 19:08:51,28.88,disruption,driver_report
D25100000919,T2510001425,R006,S0103,2025-10-08,2025-10-08 18:07:19,2025-10-08 18:16:02,2025-10-08 18:07:49,2025-10-08 18:17:28,8.72,passenger_boarding,avl
D25100000920,T2510001425,R006,S0094,2025-10-08,2025-10-08 18:35:48,2025-10-08 18:49:18,2025-10-08 18:36:18,2025-10-08 18:50:45,13.5,passenger_boarding,avl
D25100000921,T2510001426,R002,S0067,2025-10-08,2025-10-08 18:55:43,2025-10-08 19:02:10,2025-10-08 18:56:13,2025-10-08 19:03:07,6.45,road_works,avl
D25100000922,T2510001427,R001,S0034,2025-10-08,2025-10-08 18:10:03,2025-10-08 18:19:03,2025-10-08 18:10:33,2025-10-08 18:22:21,9.0,road_works,avl
D25100000923,T2510001427,R001,S0050,2025-10-08,2025-10-08 19:15:00,2025-10-08 19:36:56,2025-10-08 19:15:30,2025-10-08 19:40:14,21.93,road_works,avl
D25100000924,T2510001430,R003,S0076,2025-10-08,2025-10-08 18:28:30,2025-10-08 18:41:19,2025-10-08 18:29:00,2025-10-08 18:42:04,12.82,disruption,avl
D25100000925,T2510001430,R003,S0025,2025-10-08,2025-10-08 18:46:54,2025-10-08 19:22:19,2025-10-08 18:47:24,2025-10-08 19:23:05,35.42,disruption,avl
D25100000926,T2510001432,R005,S0025,2025-10-08,2025-10-08 18:21:31,2025-10-08 18:44:01,2025-10-08 18:22:01,2025-10-08 18:46:56,22.5,passenger_boarding,avl
D25100000927,T2510001432,R005,S0015,2025-10-08,2025-10-08 18:48:48,2025-10-08 19:22:21,2025-10-08 18:49:18,2025-10-08 19:25:16,33.55,passenger_boarding,avl
D25100000928,T2510001433,R001,S0034,2025-10-08,2025-10-08 18:20:03,2025-10-08 18:25:27,2025-10-08 18:20:33,2025-10-08 18:28:45,5.4,road_works,avl
D25100000929,T2510001433,R001,S0050,2025-10-08,2025-10-08 19:25:00,2025-10-08 19:36:34,2025-10-08 19:25:30,2025-10-08 19:39:52,11.57,road_works,avl
D25100000930,T2510001434,R001,S0035,2025-10-08,2025-10-08 19:02:15,2025-10-08 19:13:17,2025-10-08 19:02:45,2025-10-08 19:15:51,11.03,passenger_boarding,avl
D25100000931,T2510001434,R001,S0029,2025-10-08,2025-10-08 19:26:00,2025-10-08 19:42:36,2025-10-08 19:26:30,2025-10-08 19:45:09,16.6,passenger_boarding,avl
D25100000932,T2510001436,R003,S0067,2025-10-08,2025-10-08 18:09:46,2025-10-08 18:16:08,2025-10-08 18:10:16,2025-10-08 18:17:55,6.37,disruption,avl
D25100000933,T2510001436,R003,S0068,2025-10-08,2025-10-08 18:57:54,2025-10-08 19:27:53,2025-10-08 18:58:24,2025-10-08 19:29:40,29.98,disruption,avl
D25100000934,T2510001438,R002,S0067,2025-10-08,2025-10-08 19:15:43,2025-10-08 19:22:28,2025-10-08 19:16:13,2025-10-08 19:23:14,6.75,road_works,avl
D25100000935,T2510001439,R005,S0066,2025-10-08,2025-10-08 18:42:09,2025-10-08 18:47:26,2025-10-08 18:42:39,2025-10-08 18:48:04,5.28,road_works,avl
D25100000936,T2510001440,R001,S0034,2025-10-08,2025-10-08 18:30:03,2025-10-08 18:39:40,2025-10-08 18:30:33,2025-10-08 18:42:58,9.62,traffic_congestion,avl
D25100000937,T2510001440,R001,S0050,2025-10-08,2025-10-08 19:35:00,2025-10-08 19:59:48,2025-10-08 19:35:30,2025-10-08 20:03:06,24.8,traffic_congestion,driver_report
D25100000938,T2510001441,R001,S0035,2025-10-08,2025-10-08 19:12:15,2025-10-08 19:18:31,2025-10-08 19:12:45,2025-10-08 19:20:22,6.27,road_works,avl
D25100000939,T2510001443,R003,S0076,2025-10-08,2025-10-08 18:48:30,2025-10-08 19:11:36,2025-10-08 18:49:00,2025-10-08 19:12:28,23.1,disruption,driver_report
D25100000940,T2510001443,R003,S0025,2025-10-08,2025-10-08 19:06:54,2025-10-08 20:06:14,2025-10-08 19:07:24,2025-10-08 20:07:06,59.33,disruption,avl
D25100000941,T2510001446,R002,S0067,2025-10-08,2025-10-08 18:22:35,2025-10-08 18:29:41,2025-10-08 18:23:05,2025-10-08 18:31:49,7.1,road_works,avl
D25100000942,T2510001446,R002,S0051,2025-10-08,2025-10-08 19:31:18,2025-10-08 19:49:22,2025-10-08 19:31:48,2025-10-08 19:51:30,18.07,road_works,avl
D25100000943,T2510001448,R001,S0050,2025-10-08,2025-10-08 19:45:00,2025-10-08 19:56:51,2025-10-08 19:45:30,2025-10-08 20:00:09,11.85,passenger_boarding,avl
D25100000944,T2510001449,R001,S0035,2025-10-08,2025-10-08 19:22:15,2025-10-08 19:27:48,2025-10-08 19:22:45,2025-10-08 19:29:58,5.55,road_works,avl
D25100000945,T2510001452,R003,S0068,2025-10-08,2025-10-08 19:17:54,2025-10-08 19:41:58,2025-10-08 19:18:24,2025-10-08 19:42:56,24.07,disruption,avl
D25100000946,T2510001453,R002,S0067,2025-10-08,2025-10-08 19:35:43,2025-10-08 19:47:49,2025-10-08 19:36:13,2025-10-08 19:48:28,12.1,road_works,avl
D25100000947,T2510001453,R002,S0006,2025-10-08,2025-10-08 19:40:18,2025-10-08 19:52:55,2025-10-08 19:40:48,2025-10-08 19:53:34,12.62,road_works,avl
D25100000948,T2510001454,R005,S0025,2025-10-08,2025-10-08 18:51:31,2025-10-08 19:06:19,2025-10-08 18:52:01,2025-10-08 19:09:23,14.8,passenger_boarding,avl
D25100000949,T2510001454,R005,S0015,2025-10-08,2025-10-08 19:18:48,2025-10-08 19:40:04,2025-10-08 19:19:18,2025-10-08 19:43:08,21.27,passenger_boarding,avl
D25100000950,T2510001455,R001,S0034,2025-10-08,2025-10-08 18:50:03,2025-10-08 18:58:12,2025-10-08 18:50:33,2025-10-08 19:01:30,8.15,traffic_congestion,avl
D25100000951,T2510001455,R001,S0050,2025-10-08,2025-10-08 19:55:00,2025-10-08 20:14:43,2025-10-08 19:55:30,2025-10-08 20:18:01,19.72,traffic_congestion,driver_report
D25100000952,T2510001458,R003,S0076,2025-10-08,2025-10-08 19:08:30,2025-10-08 19:29:52,2025-10-08 19:09:00,2025-10-08 19:30:49,21.37,disruption,driver_report
D25100000953,T2510001458,R003,S0025,2025-10-08,2025-10-08 19:26:54,2025-10-08 20:07:53,2025-10-08 19:27:24,2025-10-08 20:08:50,40.98,disruption,avl
D25100000954,T2510001461,R005,S0066,2025-10-08,2025-10-08 19:12:09,2025-10-08 19:20:44,2025-10-08 19:12:39,2025-10-08 19:21:34,8.58,road_works,avl
D25100000955,T2510001461,R005,S0087,2025-10-08,2025-10-08 19:29:48,2025-10-08 19:42:58,2025-10-08 19:30:18,2025-10-08 19:43:47,13.17,road_works,avl
D25100000956,T2510001462,R001,S0050,2025-10-08,2025-10-08 20:05:00,2025-10-08 20:17:47,2025-10-08 20:05:30,2025-10-08 20:21:05,12.78,traffic_congestion,avl
D25100000957,T2510001463,R001,S0035,2025-10-08,2025-10-08 19:42:15,2025-10-08 19:52:12,2025-10-08 19:42:45,2025-10-08 19:54:37,9.95,passenger_boarding,avl
D25100000958,T2510001463,R001,S0029,2025-10-08,2025-10-08 20:06:00,2025-10-08 20:20:51,2025-10-08 20:06:30,2025-10-08 20:23:16,14.85,passenger_boarding,avl
D25100000959,T2510001464,R003,S0067,2025-10-08,2025-10-08 18:49:46,2025-10-08 19:01:21,2025-10-08 18:50:16,2025-10-08 19:03:10,11.58,disruption,avl
D25100000960,T2510001464,R003,S0068,2025-10-08,2025-10-08 19:37:54,2025-10-08 20:27:09,2025-10-08 19:38:24,2025-10-08 20:28:58,49.25,disruption,avl
D25100000961,T2510001466,R002,S0067,2025-10-08,2025-10-08 19:55:43,2025-10-08 20:03:17,2025-10-08 19:56:13,2025-10-08 20:04:12,7.57,road_works,avl
D25100000962,T2510001467,R001,S0034,2025-10-08,2025-10-08 19:10:03,2025-10-08 19:15:12,2025-10-08 19:10:33,2025-10-08 19:18:30,5.15,passenger_boarding,avl
D25100000963,T2510001467,R001,S0050,2025-10-08,2025-10-08 20:15:00,2025-10-08 20:27:58,2025-10-08 20:15:30,2025-10-08 20:31:16,12.97,passenger_boarding,avl
D25100000964,T2510001468,R001,S0035,2025-10-08,2025-10-08 19:52:15,2025-10-08 20:02:14,2025-10-08 19:52:45,2025-10-08 20:03:35,9.98,road_works,avl
D25100000965,T2510001468,R001,S0029,2025-10-08,2025-10-08 20:16:00,2025-10-08 20:31:00,2025-10-08 20:16:30,2025-10-08 20:32:22,15.0,road_works,avl
D25100000966,T2510001470,R003,S0076,2025-10-08,2025-10-08 19:28:30,2025-10-08 19:47:31,2025-10-08 19:29:00,2025-10-08 19:48:09,19.02,disruption,avl
D25100000967,T2510001470,R003,S0025,2025-10-08,2025-10-08 19:46:54,2025-10-08 20:28:40,2025-10-08 19:47:24,2025-10-08 20:29:18,41.77,disruption,avl
D25100000968,T2510001472,R002,S0051,2025-10-08,2025-10-08 20:11:18,2025-10-08 20:22:03,2025-10-08 20:11:48,2025-10-08 20:24:34,10.75,road_works,avl
D25100000969,T2510001473,R005,S0025,2025-10-08,2025-10-08 19:21:31,2025-10-08 19:26:39,2025-10-08 19:22:01,2025-10-08 19:27:56,5.13,junction_bottleneck,avl
D25100000970,T2510001474,R001,S0050,2025-10-08,2025-10-08 20:25:00,2025-10-08 20:35:39,2025-10-08 20:25:30,2025-10-08 20:38:06,10.65,road_works,avl
D25100000971,T2510001476,R001,S0035,2025-10-08,2025-10-08 20:02:15,2025-10-08 20:08:41,2025-10-08 20:02:45,2025-10-08 20:10:35,6.43,road_works,avl
D25100000972,T2510001479,R003,S0025,2025-10-08,2025-10-08 19:04:30,2025-10-08 19:12:17,2025-10-08 19:05:00,2025-10-08 19:12:47,7.78,late_vehicle,avl
D25100000973,T2510001479,R003,S0068,2025-10-08,2025-10-08 19:57:54,2025-10-08 20:17:18,2025-10-08 19:58:24,2025-10-08 20:18:16,19.4,late_vehicle,avl
D25100000974,T2510001480,R006,S0025,2025-10-08,2025-10-08 19:54:48,2025-10-08 20:03:58,2025-10-08 19:55:18,2025-10-08 20:04:20,9.17,traffic_congestion,avl
D25100000975,T2510001481,R002,S0067,2025-10-08,2025-10-08 20:15:43,2025-10-08 20:24:18,2025-10-08 20:16:13,2025-10-08 20:24:49,8.58,road_works,avl
D25100000976,T2510001483,R005,S0066,2025-10-08,2025-10-08 19:42:09,2025-10-08 19:55:38,2025-10-08 19:42:39,2025-10-08 19:56:04,13.48,road_works,avl
D25100000977,T2510001483,R005,S0087,2025-10-08,2025-10-08 19:59:48,2025-10-08 20:18:29,2025-10-08 20:00:18,2025-10-08 20:18:55,18.68,road_works,avl
D25100000978,T2510001484,R001,S0034,2025-10-08,2025-10-08 19:30:03,2025-10-08 19:39:33,2025-10-08 19:30:33,2025-10-08 19:42:51,9.5,passenger_boarding,avl
D25100000979,T2510001484,R001,S0050,2025-10-08,2025-10-08 20:35:00,2025-10-08 20:53:20,2025-10-08 20:35:30,2025-10-08 20:56:38,18.33,passenger_boarding,avl
D25100000980,T2510001486,R003,S0068,2025-10-08,2025-10-08 19:13:30,2025-10-08 19:20:16,2025-10-08 19:14:00,2025-10-08 19:20:46,6.77,late_vehicle,avl
D25100000981,T2510001486,R003,S0025,2025-10-08,2025-10-08 20:06:54,2025-10-08 20:26:53,2025-10-08 20:07:24,2025-10-08 20:27:32,19.98,late_vehicle,avl
D25100000982,T2510001490,R001,S0035,2025-10-08,2025-10-08 20:22:15,2025-10-08 20:36:58,2025-10-08 20:22:45,2025-10-08 20:38:25,14.72,road_works,avl
D25100000983,T2510001490,R001,S0029,2025-10-08,2025-10-08 20:46:00,2025-10-08 21:06:49,2025-10-08 20:46:30,2025-10-08 21:08:16,20.82,road_works,avl
D25100000984,T2510001492,R003,S0067,2025-10-08,2025-10-08 19:29:46,2025-10-08 19:35:06,2025-10-08 19:30:16,2025-10-08 19:35:58,5.33,traffic_congestion,avl
D25100000985,T2510001492,R003,S0068,2025-10-08,2025-10-08 20:17:54,2025-10-08 20:31:26,2025-10-08 20:18:24,2025-10-08 20:32:18,13.53,traffic_congestion,avl
D25100000986,T2510001494,R005,S0025,2025-10-08,2025-10-08 19:51:31,2025-10-08 20:07:39,2025-10-08 19:52:01,2025-10-08 20:09:15,16.13,traffic_congestion,avl
D25100000987,T2510001494,R005,S0015,2025-10-08,2025-10-08 20:18:48,2025-10-10 20:43:42,2025-10-08 20:19:18,2025-10-10 20:45:18,24.9,traffic_congestion,avl
D25100000988,T2510001495,R001,S0050,2025-10-08,2025-10-08 20:37:18,2025-10-08 20:30:34,2025-10-08 20:37:48,2025-10-08 20:32:24,-6.73,early_running,avl
D25100000989,T2510001496,R008,S0120,2025-10-08,2025-10-08 19:43:06,2025-10-08 19:40:45,2025-10-08 19:43:36,2025-10-08 19:41:15,-2.35,early_running,avl
D25100000990,T2510001497,R002,S0006,2025-10-08,2025-10-08 20:29:06,2025-10-08 20:24:35,2025-10-08 20:29:36,2025-10-08 20:25:02,-4.52,early_running,avl
D25100000991,T2510001502,R004,S0017,2025-10-08,2025-10-08 20:14:18,2025-10-08 20:10:06,2025-10-08 20:14:48,2025-10-08 20:11:11,-4.2,early_running,avl
D25100000992,T2510001515,R007,S0115,2025-10-08,2025-10-08 20:32:30,2025-10-08 20:43:40,2025-10-08 20:33:00,2025-10-08 20:44:19,11.17,vehicle_breakdown,controller
D25100000993,T2510001515,R007,S0109,2025-10-08,2025-10-08 20:43:18,2025-10-08 21:03:17,2025-10-08 20:43:48,2025-10-08 21:03:57,19.98,vehicle_breakdown,controller
D25100000994,T2510001517,R001,S0034,2025-10-08,2025-10-08 20:45:53,2025-10-08 20:59:32,2025-10-08 20:46:23,2025-10-08 21:02:50,13.65,passenger_boarding,avl
D25100000995,T2510001517,R001,S0050,2025-10-08,2025-10-08 21:37:18,2025-10-08 22:07:17,2025-10-08 21:37:48,2025-10-08 22:10:35,29.98,passenger_boarding,avl
D25100000996,T2510001520,R001,S0035,2025-10-08,2025-10-08 21:29:30,2025-10-08 21:36:42,2025-10-08 21:30:00,2025-10-08 21:39:27,7.2,road_works,avl
D25100000997,T2510001521,R001,S0050,2025-10-08,2025-10-08 21:57:18,2025-10-08 21:53:18,2025-10-08 21:57:48,2025-10-08 21:54:29,-4.0,early_running,avl
D25100000998,T2510001529,R005,S0066,2025-10-08,2025-10-08 21:33:24,2025-10-08 21:44:53,2025-10-08 21:33:54,2025-10-08 21:45:41,11.48,road_works,avl
D25100000999,T2510001529,R005,S0087,2025-10-08,2025-10-08 21:46:24,2025-10-08 22:02:11,2025-10-08 21:46:54,2025-10-08 22:02:59,15.78,road_works,avl
D25100001000,T2510001537,R001,S0035,2025-10-08,2025-10-08 22:29:30,2025-10-08 22:40:40,2025-10-08 22:30:00,2025-10-08 22:42:40,11.17,road_works,avl
D25100001001,T2510001537,R001,S0029,2025-10-08,2025-10-08 22:48:18,2025-10-08 23:03:10,2025-10-08 22:48:48,2025-10-08 23:05:10,14.87,road_works,avl
D25100001002,T2510001542,R002,S0067,2025-10-08,2025-10-08 22:40:51,2025-10-08 22:49:16,2025-10-08 22:41:21,2025-10-08 22:49:59,8.42,road_works,avl
D25100001003,T2510001547,R004,S0086,2025-10-08,2025-10-08 22:05:17,2025-10-08 22:10:35,2025-10-08 22:05:47,2025-10-08 22:11:10,5.3,passenger_boarding,avl
D25100001004,T2510001550,R005,S0066,2025-10-08,2025-10-08 22:33:24,2025-10-08 22:39:20,2025-10-08 22:33:54,2025-10-08 22:39:53,5.93,road_works,avl
D25100001005,T2510001551,R001,S0034,2025-10-08,2025-10-08 22:25:53,2025-10-08 22:35:18,2025-10-08 22:26:23,2025-10-08 22:38:18,9.42,passenger_boarding,avl
D25100001006,T2510001551,R001,S0050,2025-10-08,2025-10-08 23:17:18,2025-10-08 23:33:52,2025-10-08 23:17:48,2025-10-08 23:36:52,16.57,passenger_boarding,avl
D25100001007,T2510001552,R003,S0068,2025-10-08,2025-10-08 22:47:36,2025-10-08 23:00:09,2025-10-08 22:48:06,2025-10-08 23:00:39,12.55,road_works,avl
D25100001008,T2510001554,R001,S0029,2025-10-08,2025-10-08 23:28:18,2025-10-08 23:24:03,2025-10-08 23:28:48,2025-10-08 23:24:41,-4.25,early_running,avl
D25100001009,T2510001557,R006,S0094,2025-10-09,2025-10-09 06:04:12,2025-10-09 06:00:37,2025-10-09 06:04:42,2025-10-09 06:00:57,-3.58,early_running,avl
D25100001010,T2510001569,R006,S0025,2025-10-09,2025-10-09 06:38:12,2025-10-09 06:33:06,2025-10-09 06:38:42,2025-10-09 06:33:37,-5.1,early_running,avl
D25100001011,T2510001582,R001,S0050,2025-10-09,2025-10-09 07:32:06,2025-10-09 07:43:09,2025-10-09 07:32:36,2025-10-09 07:46:27,11.05,passenger_boarding,avl
D25100001012,T2510001585,R002,S0067,2025-10-09,2025-10-09 07:19:11,2025-10-09 07:28:02,2025-10-09 07:19:41,2025-10-09 07:29:03,8.85,road_works,avl
D25100001013,T2510001587,R005,S0025,2025-10-09,2025-10-09 06:58:41,2025-10-09 07:04:28,2025-10-09 06:59:11,2025-10-09 07:05:01,5.78,road_works,avl
D25100001014,T2510001588,R003,S0076,2025-10-09,2025-10-09 07:05:12,2025-10-09 07:13:03,2025-10-09 07:05:42,2025-10-09 07:14:01,7.85,road_works,avl
D25100001015,T2510001588,R003,S0025,2025-10-09,2025-10-09 07:16:30,2025-10-09 07:28:13,2025-10-09 07:17:00,2025-10-09 07:29:11,11.72,road_works,avl
D25100001016,T2510001592,R006,S0025,2025-10-09,2025-10-09 07:23:12,2025-10-09 07:18:07,2025-10-09 07:23:42,2025-10-09 07:18:47,-5.08,early_running,avl
D25100001017,T2510001593,R005,S0066,2025-10-09,2025-10-09 07:16:07,2025-10-09 07:25:25,2025-10-09 07:16:37,2025-10-09 07:27:18,9.3,road_works,avl
D25100001018,T2510001593,R005,S0087,2025-10-09,2025-10-09 07:27:54,2025-10-09 07:41:38,2025-10-09 07:28:24,2025-10-09 07:43:31,13.73,road_works,avl
D25100001019,T2510001595,R001,S0035,2025-10-09,2025-10-09 07:40:45,2025-10-09 07:51:33,2025-10-09 07:41:15,2025-10-09 07:54:51,10.8,passenger_boarding,avl
D25100001020,T2510001595,R001,S0029,2025-10-09,2025-10-09 07:58:06,2025-10-09 08:13:41,2025-10-09 07:58:36,2025-10-09 08:16:59,15.58,passenger_boarding,avl
D25100001021,T2510001597,R008,S0120,2025-10-09,2025-10-09 07:16:12,2025-10-09 07:13:50,2025-10-09 07:16:42,2025-10-09 07:14:30,-2.37,early_running,avl
D25100001022,T2510001598,R001,S0029,2025-10-09,2025-10-09 08:21:48,2025-10-09 08:18:41,2025-10-09 08:22:18,2025-10-09 08:21:10,-3.12,early_running,avl
D25100001023,T2510001601,R003,S0067,2025-10-09,2025-10-09 07:09:36,2025-10-09 07:15:41,2025-10-09 07:10:06,2025-10-09 07:16:08,6.08,road_works,avl
D25100001024,T2510001601,R003,S0068,2025-10-09,2025-10-09 07:56:00,2025-10-09 08:07:24,2025-10-09 07:56:30,2025-10-09 08:07:52,11.4,road_works,avl
D25100001025,T2510001602,R006,S0025,2025-10-09,2025-10-09 07:53:00,2025-10-09 07:58:59,2025-10-09 07:53:30,2025-10-09 07:59:29,5.98,traffic_congestion,avl
D25100001026,T2510001603,R002,S0067,2025-10-09,2025-10-09 08:13:17,2025-10-09 08:19:38,2025-10-09 08:13:47,2025-10-09 08:21:23,6.35,road_works,avl
D25100001027,T2510001604,R007,S0117,2025-10-09,2025-10-09 07:14:52,2025-10-09 07:20:20,2025-10-09 07:15:22,2025-10-09 07:20:51,5.47,traffic_congestion,avl
D25100001028,T2510001605,R005,S0066,2025-10-09,2025-10-09 07:40:58,2025-10-09 07:48:50,2025-10-09 07:41:28,2025-10-09 07:50:19,7.87,junction_bottleneck,avl
D25100001029,T2510001605,R005,S0087,2025-10-09,2025-10-09 07:58:00,2025-10-09 08:09:08,2025-10-09 07:58:30,2025-10-09 08:10:37,11.13,junction_bottleneck,avl
D25100001030,T2510001608,R003,S0076,2025-10-09,2025-10-09 07:47:15,2025-10-09 07:52:54,2025-10-09 07:47:45,2025-10-09 07:54:48,5.65,junction_bottleneck,avl
D25100001031,T2510001608,R003,S0025,2025-10-09,2025-10-09 08:05:00,2025-10-09 08:18:55,2025-10-09 08:05:30,2025-10-09 08:20:49,13.92,junction_bottleneck,avl
D25100001032,T2510001609,R006,S0103,2025-10-09,2025-10-09 07:36:33,2025-10-09 07:42:07,2025-10-09 07:37:03,2025-10-09 07:42:44,5.57,passenger_boarding,avl
D25100001033,T2510001609,R006,S0094,2025-10-09,2025-10-09 08:04:00,2025-10-09 08:17:00,2025-10-09 08:04:30,2025-10-09 08:17:38,13.0,passenger_boarding,avl
D25100001034,T2510001610,R002,S0051,2025-10-09,2025-10-09 08:28:42,2025-10-09 08:42:38,2025-10-09 08:29:12,2025-10-09 08:43:13,13.93,road_works,avl
D25100001035,T2510001613,R004,S0017,2025-10-09,2025-10-09 07:51:36,2025-10-09 07:58:14,2025-10-09 07:52:06,2025-10-09 07:59:01,6.63,traffic_congestion,avl
D25100001036,T2510001615,R002,S0067,2025-10-09,2025-10-09 08:33:17,2025-10-09 08:40:31,2025-10-09 08:33:47,2025-10-09 08:41:59,7.23,road_works,avl
D25100001037,T2510001616,R005,S0025,2025-10-09,2025-10-09 07:50:41,2025-10-09 08:06:52,2025-10-09 07:51:11,2025-10-09 08:07:52,16.18,junction_bottleneck,avl
D25100001038,T2510001616,R005,S0015,2025-10-09,2025-10-09 08:17:00,2025-10-09 08:40:27,2025-10-09 08:17:30,2025-10-09 08:41:27,23.45,junction_bottleneck,avl
D25100001039,T2510001618,R001,S0035,2025-10-09,2025-10-09 08:29:14,2025-10-09 08:41:25,2025-10-09 08:29:44,2025-10-09 08:44:43,12.18,road_works,avl
D25100001040,T2510001618,R001,S0029,2025-10-09,2025-10-09 08:51:48,2025-10-09 09:10:06,2025-10-09 08:52:18,2025-10-09 09:13:24,18.3,road_works,avl
D25100001041,T2510001620,R003,S0076,2025-10-09,2025-10-09 08:07:15,2025-10-09 08:12:54,2025-10-09 08:07:45,2025-10-09 08:13:58,5.65,road_works,avl
D25100001042,T2510001620,R003,S0025,2025-10-09,2025-10-09 08:25:00,2025-10-09 08:38:38,2025-10-09 08:25:30,2025-10-09 08:39:42,13.63,road_works,avl
D25100001043,T2510001623,R005,S0066,2025-10-09,2025-10-09 08:10:58,2025-10-09 08:17:31,2025-10-09 08:11:28,2025-10-09 08:19:18,6.55,road_works,avl
D25100001044,T2510001623,R005,S0087,2025-10-09,2025-10-09 08:28:00,2025-10-09 08:38:39,2025-10-09 08:28:30,2025-10-09 08:40:26,10.65,road_works,avl
D25100001045,T2510001624,R001,S0034,2025-10-09,2025-10-09 07:59:04,2025-10-09 08:12:30,2025-10-09 07:59:34,2025-10-09 08:15:48,13.43,passenger_boarding,avl
D25100001046,T2510001624,R001,S0050,2025-10-09,2025-10-09 09:00:48,2025-10-09 09:30:37,2025-10-09 09:01:18,2025-10-09 09:33:55,29.82,passenger_boarding,avl
D25100001047,T2510001625,R001,S0035,2025-10-09,2025-10-09 08:39:14,2025-10-09 08:44:25,2025-10-09 08:39:44,2025-10-09 08:47:43,5.18,passenger_boarding,avl
D25100001048,T2510001626,R007,S0118,2025-10-09,2025-10-09 08:03:07,2025-10-09 08:12:26,2025-10-09 08:03:37,2025-10-09 08:13:39,9.32,passenger_boarding,avl
D25100001049,T2510001626,R007,S0028,2025-10-09,2025-10-09 08:07:06,2025-10-09 08:17:40,2025-10-09 08:07:36,2025-10-09 08:18:53,10.57,passenger_boarding,avl
D25100001050,T2510001629,R006,S0103,2025-10-09,2025-10-09 08:06:33,2025-10-09 08:11:35,2025-10-09 08:07:03,2025-10-09 08:12:12,5.03,passenger_boarding,avl
D25100001051,T2510001630,R002,S0067,2025-10-09,2025-10-09 08:53:17,2025-10-09 09:04:47,2025-10-09 08:53:47,2025-10-09 09:06:25,11.5,road_works,avl
D25100001052,T2510001630,R002,S0006,2025-10-09,2025-10-09 08:57:42,2025-10-09 09:09:40,2025-10-09 08:58:12,2025-10-09 09:11:19,11.97,road_works,avl
D25100001053,T2510001633,R001,S0035,2025-10-09,2025-10-09 08:49:14,2025-10-09 08:59:23,2025-10-09 08:49:44,2025-10-09 09:02:41,10.15,passenger_boarding,avl
D25100001054,T2510001633,R001,S0029,2025-10-09,2025-10-09 09:11:48,2025-10-09 09:25:58,2025-10-09 09:12:18,2025-10-09 09:29:16,14.17,passenger_boarding,avl
D25100001055,T2510001634,R004,S0017,2025-10-09,2025-10-09 08:21:36,2025-10-09 08:18:22,2025-10-09 08:22:06,2025-10-09 08:18:52,-3.23,early_running,avl
D25100001056,T2510001636,R003,S0076,2025-10-09,2025-10-09 08:27:15,2025-10-09 08:34:26,2025-10-09 08:27:45,2025-10-09 08:35:37,7.18,junction_bottleneck,avl
D25100001057,T2510001636,R003,S0025,2025-10-09,2025-10-09 08:45:00,2025-10-09 09:01:40,2025-10-09 08:45:30,2025-10-09 09:02:50,16.67,junction_bottleneck,avl
D25100001058,T2510001638,R005,S0025,2025-10-09,2025-10-09 08:20:41,2025-10-09 08:29:53,2025-10-09 08:21:11,2025-10-09 08:30:34,9.2,road_works,avl
D25100001059,T2510001638,R005,S0015,2025-10-09,2025-10-09 08:47:00,2025-10-09 09:01:04,2025-10-09 08:47:30,2025-10-09 09:01:45,14.07,road_works,avl
D25100001060,T2510001639,R001,S0034,2025-10-09,2025-10-09 08:19:04,2025-10-09 08:29:42,2025-10-09 08:19:34,2025-10-09 08:32:13,10.63,passenger_boarding,avl
D25100001061,T2510001639,R001,S0050,2025-10-09,2025-10-09 09:20:48,2025-10-09 09:40:58,2025-10-09 09:21:18,2025-10-09 09:43:29,20.17,passenger_boarding,driver_report
D25100001062,T2510001640,R001,S0029,2025-10-09,2025-10-09 09:21:48,2025-10-09 09:13:21,2025-10-09 09:22:18,2025-10-09 09:16:39,-8.45,early_running,avl
D25100001063,T2510001642,R003,S0068,2025-10-09,2025-10-09 08:56:00,2025-10-09 09:10:01,2025-10-09 08:56:30,2025-10-09 09:10:38,14.02,junction_bottleneck,avl
D25100001064,T2510001646,R001,S0034,2025-10-09,2025-10-09 08:29:04,2025-10-09 08:37:21,2025-10-09 08:29:34,2025-10-09 08:39:11,8.28,road_works,avl
D25100001065,T2510001646,R001,S0050,2025-10-09,2025-10-09 09:30:48,2025-10-09 09:44:33,2025-10-09 09:31:18,2025-10-09 09:46:23,13.75,road_works,avl
D25100001066,T2510001647,R001,S0035,2025-10-09,2025-10-09 09:09:14,2025-10-09 09:16:49,2025-10-09 09:09:44,2025-10-09 09:20:07,7.58,passenger_boarding,avl
D25100001067,T2510001647,R001,S0029,2025-10-09,2025-10-09 09:31:48,2025-10-08 09:42:37,2025-10-09 09:32:18,2025-10-08 09:45:55,10.82,passenger_boarding,avl
D25100001068,T2510001648,R003,S0025,2025-10-09,2025-10-09 09:05:00,2025-10-09 09:15:49,2025-10-09 09:05:30,2025-10-09 09:16:46,10.82,road_works,avl
D25100001069,T2510001650,R002,S0051,2025-10-09,2025-10-09 09:28:42,2025-10-09 09:41:14,2025-10-09 09:29:12,2025-10-09 09:42:02,12.53,passenger_boarding,avl
D25100001070,T2510001652,R001,S0035,2025-10-09,2025-10-09 09:19:14,2025-10-09 09:28:59,2025-10-09 09:19:44,2025-10-09 09:32:17,9.75,road_works,avl
D25100001071,T2510001652,R001,S0029,2025-10-09,2025-10-09 09:41:48,2025-10-09 09:55:15,2025-10-09 09:42:18,2025-10-09 09:58:33,13.45,road_works,avl
D25100001072,T2510001655,R002,S0067,2025-10-09,2025-10-09 09:33:17,2025-10-09 09:38:48,2025-10-09 09:33:47,2025-10-09 09:39:45,5.52,road_works,avl
D25100001073,T2510001657,R005,S0025,2025-10-09,2025-10-09 08:50:41,2025-10-09 08:58:36,2025-10-09 08:51:11,2025-10-09 08:59:37,7.92,road_works,avl
D25100001074,T2510001657,R005,S0015,2025-10-09,2025-10-09 09:17:00,2025-10-09 09:29:05,2025-10-09 09:17:30,2025-10-09 09:30:07,12.08,road_works,avl
D25100001075,T2510001660,R001,S0035,2025-10-09,2025-10-09 09:29:14,2025-10-09 09:36:38,2025-10-09 09:29:44,2025-10-09 09:39:56,7.4,road_works,avl
D25100001076,T2510001660,R001,S0029,2025-10-09,2025-10-09 09:51:48,2025-10-09 10:02:49,2025-10-09 09:52:18,2025-10-09 10:06:07,11.02,road_works,avl
D25100001077,T2510001667,R005,S0066,2025-10-09,2025-10-09 09:10:58,2025-10-09 09:24:53,2025-10-09 09:11:28,2025-10-09 09:26:24,13.92,junction_bottleneck,avl
D25100001078,T2510001667,R005,S0087,2025-10-09,2025-10-09 09:28:00,2025-10-09 09:47:20,2025-10-09 09:28:30,2025-10-09 09:48:51,19.33,junction_bottleneck,avl
D25100001079,T2510001669,R001,S0035,2025-10-09,2025-10-09 09:39:14,2025-10-09 09:50:37,2025-10-09 09:39:44,2025-10-09 09:53:55,11.38,road_works,avl
D25100001080,T2510001669,R001,S0029,2025-10-09,2025-10-09 10:01:48,2025-10-09 10:17:55,2025-10-09 10:02:18,2025-10-09 10:21:13,16.12,road_works,avl
D25100001081,T2510001672,R002,S0067,2025-10-09,2025-10-09 09:53:17,2025-10-09 10:00:10,2025-10-09 09:53:47,2025-10-09 10:02:31,6.88,road_works,avl
D25100001082,T2510001673,R001,S0034,2025-10-09,2025-10-09 09:09:04,2025-10-09 09:14:15,2025-10-09 09:09:34,2025-10-09 09:16:35,5.18,passenger_boarding,avl
D25100001083,T2510001673,R001,S0050,2025-10-09,2025-10-09 10:10:48,2025-10-09 10:25:21,2025-10-09 10:11:18,2025-10-09 10:27:42,14.55,passenger_boarding,avl
D25100001084,T2510001674,R001,S0035,2025-10-09,2025-10-09 09:49:14,2025-10-09 10:00:56,2025-10-09 09:49:44,2025-10-09 10:04:14,11.7,traffic_congestion,avl
D25100001085,T2510001674,R001,S0029,2025-10-09,2025-10-09 10:11:48,2025-10-09 10:27:57,2025-10-09 10:12:18,2025-10-09 10:31:15,16.15,traffic_congestion,driver_report
D25100001086,T2510001676,R003,S0076,2025-10-09,2025-10-09 09:27:15,2025-10-09 09:34:44,2025-10-09 09:27:45,2025-10-09 09:36:28,7.48,road_works,avl
D25100001087,T2510001676,R003,S0025,2025-10-09,2025-10-09 09:45:00,2025-10-09 10:04:19,2025-10-09 09:45:30,2025-10-09 10:06:03,19.32,road_works,avl
D25100001088,T2510001678,R005,S0025,2025-10-09,2025-10-09 09:20:41,2025-10-09 09:34:26,2025-10-09 09:21:11,2025-10-09 09:35:24,13.75,road_works,avl
D25100001089,T2510001678,R005,S0015,2025-10-09,2025-10-09 09:47:00,2025-10-09 10:08:03,2025-10-09 09:47:30,2025-10-09 10:09:01,21.05,road_works,avl
D25100001090,T2510001679,R001,S0034,2025-10-09,2025-10-09 09:19:04,2025-10-09 09:24:38,2025-10-09 09:19:34,2025-10-09 09:27:21,5.57,traffic_congestion,avl
D25100001091,T2510001679,R001,S0050,2025-10-09,2025-10-09 10:20:48,2025-10-09 10:36:53,2025-10-09 10:21:18,2025-10-09 10:39:36,16.08,traffic_congestion,avl
D25100001092,T2510001680,R001,S0035,2025-10-09,2025-10-09 09:59:14,2025-10-09 10:08:51,2025-10-09 09:59:44,2025-10-09 10:12:09,9.62,passenger_boarding,avl
D25100001093,T2510001680,R001,S0029,2025-10-09,2025-10-09 10:21:48,2025-10-09 10:33:27,2025-10-09 10:22:18,2025-10-09 10:36:45,11.65,passenger_boarding,avl
D25100001094,T2510001682,R003,S0067,2025-10-09,2025-10-09 09:09:36,2025-10-09 09:16:05,2025-10-09 09:10:06,2025-10-09 09:16:44,6.48,junction_bottleneck,avl
D25100001095,T2510001682,R003,S0068,2025-10-09,2025-10-09 09:56:00,2025-10-09 10:09:25,2025-10-09 09:56:30,2025-10-09 10:10:03,13.42,junction_bottleneck,avl
D25100001096,T2510001683,R006,S0025,2025-10-09,2025-10-09 09:53:00,2025-10-09 09:49:15,2025-10-09 09:53:30,2025-10-09 09:49:55,-3.75,early_running,avl
D25100001097,T2510001684,R002,S0067,2025-10-09,2025-10-09 10:13:17,2025-10-09 10:23:16,2025-10-09 10:13:47,2025-10-09 10:24:38,9.98,road_works,avl
D25100001098,T2510001684,R002,S0006,2025-10-09,2025-10-09 10:17:42,2025-10-09 10:27:55,2025-10-09 10:18:12,2025-10-09 10:29:16,10.22,road_works,avl
D25100001099,T2510001685,R005,S0066,2025-10-09,2025-10-09 09:40:58,2025-10-09 09:52:12,2025-10-09 09:41:28,2025-10-09 09:53:50,11.23,junction_bottleneck,avl
D25100001100,T2510001685,R005,S0087,2025-10-09,2025-10-09 09:58:00,2025-10-09 10:13:16,2025-10-09 09:58:30,2025-10-09 10:14:54,15.27,junction_bottleneck,driver_report
D25100001101,T2510001691,R006,S0094,2025-10-09,2025-10-09 10:04:00,2025-10-09 09:59:51,2025-10-09 10:04:30,2025-10-09 10:00:20,-4.15,early_running,avl
D25100001102,T2510001692,R002,S0051,2025-10-09,2025-10-09 10:28:42,2025-10-09 10:41:32,2025-10-09 10:29:12,2025-10-09 10:42:10,12.83,road_works,avl
D25100001103,T2510001694,R001,S0050,2025-10-09,2025-10-09 10:40:48,2025-10-09 10:51:06,2025-10-09 10:41:18,2025-10-09 10:52:32,10.3,road_works,avl
D25100001104,T2510001698,R003,S0067,2025-10-09,2025-10-09 09:29:36,2025-10-09 09:35:53,2025-10-09 09:30:06,2025-10-09 09:36:31,6.28,road_works,avl
D25100001105,T2510001698,R003,S0068,2025-10-09,2025-10-09 10:16:00,2025-10-09 10:27:43,2025-10-09 10:16:30,2025-10-09 10:28:21,11.72,road_works,avl
D25100001106,T2510001700,R005,S0025,2025-10-09,2025-10-09 09:50:41,2025-10-09 09:57:49,2025-10-09 09:51:11,2025-10-09 09:58:26,7.13,road_works,avl
D25100001107,T2510001700,R005,S0015,2025-10-09,2025-10-09 10:17:00,2025-10-09 10:28:09,2025-10-09 10:17:30,2025-10-09 10:28:46,11.15,road_works,avl
D25100001108,T2510001704,R003,S0025,2025-10-09,2025-10-09 10:25:00,2025-10-09 10:36:56,2025-10-09 10:25:30,2025-10-09 10:37:33,11.93,road_works,avl
D25100001109,T2510001711,R006,S0094,2025-10-09,2025-10-09 10:34:00,2025-10-09 10:30:49,2025-10-09 10:34:30,2025-10-09 10:31:13,-3.18,early_running,avl
D25100001110,T2510001712,R002,S0067,2025-10-09,2025-10-09 10:53:17,2025-10-09 11:03:06,2025-10-09 10:53:47,2025-10-09 11:04:37,9.82,traffic_congestion,avl
D25100001111,T2510001712,R002,S0006,2025-10-09,2025-10-09 10:57:42,2025-10-09 11:07:56,2025-10-09 10:58:12,2025-10-09 11:09:27,10.23,traffic_congestion,avl
D25100001112,T2510001713,R001,S0034,2025-10-09,2025-10-09 10:09:04,2025-10-09 10:18:47,2025-10-09 10:09:34,2025-10-09 10:22:05,-720.0,passenger_boarding,avl
D25100001113,T2510001713,R001,S0050,2025-10-09,2025-10-09 11:10:48,2025-10-09 11:35:57,2025-10-09 11:11:18,2025-10-09 11:39:15,25.15,passenger_boarding,avl
D25100001114,T2510001715,R004,S0017,2025-10-09,2025-10-09 10:21:36,2025-10-09 10:27:58,2025-10-09 10:22:06,2025-10-09 10:28:39,6.37,traffic_congestion,avl
D25100001115,T2510001716,R003,S0076,2025-10-09,2025-10-09 10:27:15,2025-10-09 10:32:59,2025-10-09 10:27:45,2025-10-09 10:33:49,5.73,junction_bottleneck,avl
D25100001116,T2510001716,R003,S0025,2025-10-09,2025-10-09 10:45:00,2025-10-09 10:58:11,2025-10-09 10:45:30,2025-10-09 10:59:00,13.18,junction_bottleneck,avl
D25100001117,T2510001719,R005,S0025,2025-10-09,2025-10-09 10:20:41,2025-10-09 10:40:01,2025-10-09 10:21:11,2025-10-09 10:40:47,19.33,road_works,avl
D25100001118,T2510001719,R005,S0015,2025-10-09,2025-10-09 10:47:00,2025-10-09 11:14:37,2025-10-09 10:47:30,2025-10-09 11:15:23,27.62,road_works,avl
D25100001119,T2510001720,R001,S0034,2025-10-09,2025-10-09 10:16:35,2025-10-09 10:27:24,2025-10-09 10:17:05,2025-10-09 10:29:51,10.82,disruption,avl
D25100001120,T2510001720,R001,S0050,2025-10-09,2025-10-09 11:10:18,2025-10-09 11:33:24,2025-10-09 11:10:48,2025-10-09 11:35:50,23.1,disruption,driver_report
D25100001121,T2510001721,R008,S0125,2025-10-09,2025-10-09 10:04:55,2025-10-09 10:16:33,2025-10-09 10:05:25,2025-10-09 10:17:09,11.63,disruption,avl
D25100001122,T2510001721,R008,S0120,2025-10-09,2025-10-09 10:14:30,2025-10-09 10:48:44,2025-10-09 10:15:00,2025-10-09 10:49:20,34.23,disruption,driver_report
D25100001123,T2510001722,R002,S0067,2025-10-09,2025-10-09 11:01:34,2025-10-09 11:10:12,2025-10-09 11:02:04,2025-10-09 11:10:49,8.63,road_works,avl
D25100001124,T2510001723,R001,S0035,2025-10-09,2025-10-09 11:01:40,2025-10-09 11:30:16,2025-10-09 11:02:10,2025-10-09 11:33:18,28.6,disruption,driver_report
D25100001125,T2510001723,R001,S0029,2025-10-09,2025-10-09 11:21:18,2025-10-09 12:04:08,2025-10-09 11:21:48,2025-10-09 12:07:11,42.83,disruption,avl
D25100001126,T2510001725,R001,S0034,2025-10-09,2025-10-09 10:31:35,2025-10-09 10:44:14,2025-10-09 10:32:05,2025-10-09 10:46:05,12.65,disruption,avl
D25100001127,T2510001725,R001,S0050,2025-10-09,2025-10-09 11:25:18,2025-10-09 12:02:42,2025-10-09 11:25:48,2025-10-09 12:04:32,37.4,disruption,driver_report
D25100001128,T2510001728,R003,S0068,2025-10-09,2025-10-09 11:07:00,2025-10-09 11:18:54,2025-10-09 11:07:30,2025-10-09 11:20:15,11.9,road_works,avl
D25100001129,T2510001729,R001,S0035,2025-10-09,2025-10-09 11:16:40,2025-10-09 11:41:25,2025-10-09 11:17:10,2025-10-09 11:43:00,24.75,disruption,driver_report
D25100001130,T2510001729,R001,S0029,2025-10-09,2025-10-09 11:36:18,2025-10-09 12:13:24,2025-10-09 11:36:48,2025-10-09 12:14:59,37.1,disruption,avl
D25100001131,T2510001731,R001,S0034,2025-10-09,2025-10-09 10:46:35,2025-10-09 10:54:03,2025-10-09 10:47:05,2025-10-09 10:56:26,7.47,disruption,avl
D25100001132,T2510001731,R001,S0050,2025-10-09,2025-10-09 11:40:18,2025-10-09 11:56:51,2025-10-09 11:40:48,2025-10-09 11:59:14,16.55,disruption,driver_report
D25100001133,T2510001733,R006,S0025,2025-10-09,2025-10-09 11:16:00,2025-10-09 11:09:00,2025-10-09 11:16:30,2025-10-09 11:09:36,-7.0,early_running,avl
D25100001134,T2510001735,R005,S0066,2025-10-09,2025-10-09 11:06:16,2025-10-09 11:15:49,2025-10-09 11:06:46,2025-10-09 11:17:01,9.55,road_works,avl
D25100001135,T2510001735,R005,S0087,2025-10-09,2025-10-09 11:20:48,2025-10-09 11:33:00,2025-10-09 11:21:18,2025-10-09 11:34:12,12.2,road_works,avl
D25100001136,T2510001736,R001,S0035,2025-10-09,2025-10-09 11:31:40,2025-10-09 11:59:10,2025-10-09 11:32:10,2025-10-09 12:02:28,27.5,disruption,driver_report
D25100001137,T2510001736,R001,S0029,2025-10-09,2025-10-09 11:51:18,2025-10-09 12:31:16,2025-10-09 11:51:48,2025-10-09 12:34:34,39.97,disruption,driver_report
D25100001138,T2510001737,R007,S0118,2025-10-09,2025-10-09 11:00:56,2025-10-09 11:24:37,2025-10-09 11:01:26,2025-10-09 11:25:05,23.68,disruption,driver_report
D25100001139,T2510001737,R007,S0028,2025-10-09,2025-10-09 11:04:30,2025-10-09 11:32:25,2025-10-09 11:05:00,2025-10-09 11:32:54,27.92,disruption,avl
D25100001140,T2510001740,R006,S0103,2025-10-09,2025-10-09 11:03:33,2025-10-09 11:10:39,2025-10-09 11:04:03,2025-10-09 11:11:15,7.1,traffic_congestion,avl
D25100001141,T2510001742,R008,S0126,2025-10-09,2025-10-09 11:01:03,2025-10-09 11:31:18,2025-10-09 11:01:33,2025-10-09 11:32:28,30.25,disruption,avl
D25100001142,T2510001742,R008,S0019,2025-10-09,2025-10-09 11:03:30,2025-10-09 11:39:47,2025-10-09 11:04:00,2025-10-09 11:40:56,36.28,disruption,avl
D25100001143,T2510001743,R007,S0117,2025-10-09,2025-10-09 10:59:10,2025-10-09 11:09:17,2025-10-09 10:59:40,2025-10-09 11:10:15,10.12,disruption,avl
D25100001144,T2510001743,R007,S0109,2025-10-09,2025-10-09 11:15:30,2025-10-09 11:52:26,2025-10-09 11:16:00,2025-10-09 11:53:25,36.93,disruption,avl
D25100001145,T2510001745,R001,S0035,2025-10-09,2025-10-09 11:46:40,2025-10-09 12:05:34,2025-10-09 11:47:10,2025-10-09 12:08:11,18.9,disruption,driver_report
D25100001146,T2510001745,R001,S0029,2025-10-09,2025-10-09 12:06:18,2025-10-09 12:34:20,2025-10-09 12:06:48,2025-10-09 12:36:57,28.03,disruption,avl
D25100001147,T2510001746,R001,S0034,2025-10-09,2025-10-09 11:16:35,2025-10-09 11:29:57,2025-10-09 11:17:05,2025-10-09 11:33:15,13.37,disruption,avl
D25100001148,T2510001746,R001,S0050,2025-10-09,2025-10-09 12:10:18,2025-10-09 12:49:36,2025-10-09 12:10:48,2025-10-09 12:52:54,39.3,disruption,avl
D25100001149,T2510001747,R002,S0067,2025-10-09,2025-10-09 12:01:34,2025-10-09 12:07:08,2025-10-09 12:02:04,2025-10-09 12:08:08,5.57,road_works,avl
D25100001150,T2510001749,R003,S0025,2025-10-09,2025-10-09 11:56:00,2125-09-15 12:07:50,2025-10-09 11:56:30,2125-09-15 12:08:51,11.83,road_works,avl
D25100001151,T2510001751,R002,S0067,2025-10-09,2025-10-09 11:21:38,2025-10-09 11:27:53,2025-10-09 11:22:08,2025-10-09 11:28:27,n/a,road_works,avl
D25100001152,T2510001751,R002,S0051,2025-10-09,2025-10-09 12:16:12,2025-10-09 12:29:53,2025-10-09 12:16:42,2025-10-09 12:30:27,13.68,road_works,avl
D25100001153,T2510001754,R001,S0035,2025-10-09,2025-10-09 12:16:40,2025-10-09 12:37:33,2025-10-09 12:17:10,2025-10-09 12:40:51,20.88,disruption,avl
D25100001154,T2510001754,R001,S0029,2025-10-09,2025-10-09 12:36:18,2025-10-09 13:07:37,2025-10-09 12:36:48,2025-10-09 13:10:55,31.32,disruption,avl
D25100001155,T2510001755,R005,S0025,2025-10-09,2025-10-09 11:47:21,2025-10-09 11:53:26,2025-10-09 11:47:51,2025-10-09 11:54:42,6.08,road_works,avl
D25100001156,T2510001756,R001,S0034,2025-10-09,2025-10-09 11:46:35,2025-10-09 12:07:11,2025-10-09 11:47:05,2025-10-09 12:10:29,20.6,disruption,driver_report
D25100001157,T2510001756,R001,S0050,2025-10-09,2025-10-09 12:40:18,2025-10-09 13:41:11,2025-10-09 12:40:48,2025-10-09 13:44:29,60.88,disruption,avl
D25100001158,T2510001757,R008,S0125,2025-10-09,2025-10-09 11:34:55,2025-10-09 11:41:12,2025-10-09 11:35:25,2025-10-09 11:41:52,6.28,disruption,avl
D25100001159,T2510001757,R008,S0120,2025-10-09,2025-10-09 11:44:30,2025-10-09 12:03:01,2025-10-09 11:45:00,2025-10-09 12:03:40,18.52,disruption,driver_report
D25100001160,T2510001762,R001,S0035,2025-10-09,2025-10-09 12:31:40,2025-10-09 12:54:04,2025-10-09 12:32:10,2025-10-09 12:56:54,22.4,disruption,avl
D25100001161,T2510001762,R001,S0029,2025-10-09,2025-10-09 12:51:18,2025-10-09 13:24:42,2025-10-09 12:51:48,2025-10-09 13:27:32,33.4,disruption,driver_report
D25100001162,T2510001764,R001,S0034,2025-10-09,2025-10-09 12:01:35,2025-10-09 12:15:43,2025-10-09 12:02:05,2025-10-09 12:17:51,14.13,disruption,avl
D25100001163,T2510001764,R001,S0050,2025-10-09,2025-10-09 12:55:18,2025-10-09 13:34:57,2025-10-09 12:55:48,2025-10-09 13:37:06,39.65,disruption,driver_report
D25100001164,T2510001765,R006,S0094,2025-10-09,2025-10-09 12:27:00,2025-10-09 12:23:33,2025-10-09 12:27:30,2025-10-09 12:24:09,-3.45,early_running,avl
D25100001165,T2510001767,R003,S0068,2025-10-09,2025-10-09 12:37:00,2025-10-09 12:50:06,2025-10-09 12:37:30,2025-10-09 12:51:44,13.1,passenger_boarding,avl
D25100001166,T2510001768,R001,S0035,2025-10-09,2025-10-09 12:46:40,2025-10-09 12:59:49,2025-10-09 12:47:10,2025-10-09 13:03:07,13.15,disruption,avl
D25100001167,T2510001768,R001,S0029,2025-10-09,2025-10-09 13:06:18,2025-10-09 13:25:46,2025-10-09 13:06:48,2025-10-09 13:29:04,19.47,disruption,driver_report
D25100001168,T2510001769,R001,S0034,2025-10-09,2025-10-09 12:16:35,2025-10-09 12:22:25,2025-10-09 12:17:05,2025-10-09 12:25:20,5.83,disruption,avl
D25100001169,T2510001769,R001,S0050,2025-10-09,2025-10-09 13:10:18,2025-10-09 13:27:31,2025-10-09 13:10:48,2025-10-09 13:30:26,17.22,disruption,avl
D25100001170,T2510001770,R002,S0067,2025-10-09,2025-10-09 13:01:34,2025-10-09 13:06:45,2025-10-09 13:02:04,2025-10-09 13:07:36,5.18,road_works,avl
D25100001171,T2510001771,R001,S0035,2025-10-09,2025-10-09 13:01:40,2025-10-09 13:23:53,2025-10-09 13:02:10,2025-10-09 13:27:11,22.22,disruption,avl
D25100001172,T2510001771,R001,S0029,2025-10-09,2025-10-09 13:21:18,2025-10-09 13:54:44,2025-10-09 13:21:48,2025-10-09 13:58:02,33.43,disruption,driver_report
D25100001173,T2510001772,R007,S0118,2025-10-09,2025-10-09 12:30:56,2025-10-09 13:03:19,2025-10-09 12:31:26,2025-10-09 13:03:50,32.38,disruption,driver_report
D25100001174,T2510001772,R007,S0028,2025-10-09,2025-10-09 12:34:30,2025-10-09 13:12:49,2025-10-09 12:35:00,2025-10-09 13:13:20,38.32,disruption,avl
D25100001175,T2510001773,R003,S0076,2025-10-09,2025-10-09 12:41:23,2025-10-09 12:49:19,2025-10-09 12:41:53,2025-10-09 12:49:56,9999.0,road_works,avl
D25100001176,T2510001773,R003,S0025,2025-10-09,2025-10-09 12:56:00,2025-10-09 13:08:58,2025-10-09 12:56:30,2025-10-09 13:09:35,12.97,road_works,avl
D25100001177,T2510001774,R001,S0034,2025-10-09,2025-10-09 12:31:35,2025-10-09 12:45:34,2025-10-09 12:32:05,2025-10-09 12:48:05,13.98,disruption,avl
D25100001178,T2510001774,R001,S0050,2025-10-09,2025-10-09 13:25:18,2025-10-09 13:56:42,2025-10-09 13:25:48,2025-10-09 13:59:14,31.4,disruption,driver_report
D25100001179,T2510001776,R008,S0126,2025-10-09,2025-10-09 12:31:03,2025-10-09 12:53:23,2025-10-09 12:31:33,2025-10-09 12:54:17,22.33,disruption,driver_report
D25100001180,T2510001776,R008,S0019,2025-10-09,2025-10-09 12:33:30,2025-10-09 13:00:21,2025-10-09 12:34:00,2025-10-09 13:01:15,26.85,disruption,avl
D25100001181,T2510001778,R007,S0117,2025-10-09,2025-10-09 12:29:10,2025-10-09 12:35:17,2025-10-09 12:29:40,2025-10-09 12:35:55,6.12,disruption,avl
D25100001182,T2510001778,R007,S0109,2025-10-09,2025-10-09 12:45:30,2025-10-09 13:05:08,2025-10-09 12:46:00,2025-10-09 13:05:47,19.63,disruption,driver_report
D25100001183,T2510001779,R003,S0067,2025-10-09,2025-10-09 12:28:47,2025-10-09 12:36:19,2025-10-09 12:29:17,2025-10-09 12:37:15,7.53,road_works,avl
D25100001184,T2510001779,R003,S0068,2025-10-09,2025-10-09 13:07:00,2025-10-09 13:22:50,2025-10-09 13:07:30,2025-10-09 13:23:47,15.83,road_works,driver_report
D25100001185,T2510001781,R005,S0025,2025-10-09,2025-10-09 12:47:21,2025-10-09 12:56:28,2025-10-09 12:47:51,2025-10-09 12:57:51,9.12,road_works,avl
D25100001186,T2510001781,R005,S0015,2025-10-09,2025-10-09 13:09:48,2025-10-09 13:22:22,2025-10-09 13:10:18,2025-10-09 13:23:44,12.57,road_works,avl
D25100001187,T2510001782,R001,S0034,2025-10-09,2025-10-09 12:46:35,2025-10-09 13:05:03,2025-10-09 12:47:05,2025-10-09 13:08:15,18.47,disruption,avl
D25100001188,T2510001782,R001,S0050,2025-10-09,2025-10-09 13:40:18,2025-10-09 14:27:39,2025-10-09 13:40:48,2025-10-09 14:30:51,47.35,disruption,avl
D25100001189,T2510001783,R004,S0059,2025-10-09,2025-10-09 12:58:06,2025-10-09 12:56:00,2025-10-09 12:58:36,2025-10-09 12:56:55,-2.1,early_running,avl
D25100001190,T2510001784,R006,S0025,2025-10-09,2025-10-09 13:16:00,2025-10-09 13:13:08,2025-10-09 13:16:30,2025-10-09 13:13:46,-2.87,early_running,avl
D25100001191,T2510001786,R005,S0066,2025-10-09,2025-10-09 13:06:16,2025-10-09 13:12:25,2025-10-09 13:06:46,2025-10-09 13:14:01,6.15,road_works,avl
D25100001192,T2510001787,R001,S0035,2025-10-09,2025-10-09 13:31:40,2025-10-09 14:10:21,2025-10-09 13:32:10,2025-10-09 14:13:39,38.68,disruption,avl
D25100001193,T2510001787,R001,S0029,2025-10-09,2025-10-09 13:51:18,2025-10-09 14:49:31,2025-10-09 13:51:48,2025-10-09 14:52:49,58.22,disruption,avl
D25100001194,T2510001789,R001,S0034,2025-10-09,2025-10-09 13:01:35,2025-10-09 13:09:24,2025-10-09 13:02:05,2025-10-09 13:11:01,1440.5,disruption,avl
D25100001195,T2510001789,R001,S0050,2025-10-09,2025-10-09 13:55:18,2025-10-09 14:17:54,2025-10-09 13:55:48,2025-10-09 14:19:31,22.6,disruption,avl
D25100001196,T2510001790,R006,S0094,2025-10-09,2025-10-09 13:27:00,2025-10-09 13:23:11,2025-10-09 13:27:30,2025-10-09 13:23:48,-3.82,early_running,avl
D25100001197,T2510001793,R001,S0035,2025-10-09,2025-10-09 13:46:40,2025-10-09 14:09:07,2025-10-09 13:47:10,2025-10-09 14:12:25,22.45,disruption,driver_report
D25100001198,T2510001793,R001,S0029,2025-10-09,2025-10-09 14:06:18,2025-10-09 14:38:37,2025-10-09 14:06:48,2025-10-09 14:32:57,32.32,disruption,driver_report
D25100001199,T2510001794,R001,S0034,2025-10-09,2025-10-09 13:16:35,2025-10-09 13:28:29,2025-10-09 13:17:05,2025-10-09 13:31:16,11.9,disruption,avl
D25100001200,T2510001794,R001,S0050,2025-10-09,2025-10-09 14:10:18,2025-10-09 14:43:39,2025-10-09 14:10:48,2025-10-09 14:46:26,33.35,disruption,avl
D25100001201,T2510001795,R008,S0120,2025-10-09,2025-10-09 13:14:30,2025-10-09 13:25:31,2025-10-09 13:15:00,2025-10-09 13:26:19,11.02,disruption,avl
D25100001202,T2510001796,R002,S0067,2025-10-09,2025-10-09 14:01:34,2025-10-09 14:09:03,2025-10-09 14:02:04,2025-10-09 14:09:33,7.48,road_works,avl
D25100001203,T2510001797,R001,S0035,2025-10-09,2025-10-09 14:01:40,2025-10-09 14:25:23,2025-10-09 14:02:10,2025-10-09 14:27:44,23.72,disruption,driver_report
D25100001204,T2510001797,R001,S0029,2025-10-09,2025-10-09 14:21:18,2025-10-09 14:57:00,2025-10-09 14:21:48,2025-10-09 14:59:21,35.7,disruption,avl
D25100001205,T2510001799,R001,S0034,2025-10-09,2025-10-09 13:31:35,2025-10-09 13:48:18,2025-10-09 13:32:05,2025-10-09 13:51:36,16.72,disruption,avl
D25100001206,T2510001799,R001,S0050,2025-10-09,2025-10-09 14:25:18,2025-10-09 15:14:43,2025-10-09 14:25:48,2025-10-09 15:18:01,49.42,disruption,driver_report
D25100001207,T2510001803,R001,S0035,2025-10-09,2025-10-09 14:16:40,2025-10-09 14:43:01,2025-10-09 14:17:10,2025-10-09 14:46:19,26.35,disruption,driver_report
D25100001208,T2510001803,R001,S0029,2025-10-09,2025-10-09 14:36:18,2025-10-09 15:15:27,2025-10-09 14:36:48,2025-10-09 15:18:45,39.15,disruption,avl
D25100001209,T2510001805,R001,S0034,2025-10-09,2025-10-09 13:46:35,2025-10-09 13:52:56,2025-10-09 13:47:05,2025-10-09 13:54:42,6.35,disruption,avl
D25100001210,T2510001805,R001,S0050,2025-10-09,2025-10-09 14:40:18,2025-10-09 14:59:00,2025-10-09 14:40:48,2025-10-09 15:00:46,18.7,disruption,avl
D25100001211,T2510001806,R004,S0017,2025-10-09,2025-10-09 13:31:30,2025-10-09 13:36:56,2025-10-09 13:32:00,2025-10-09 13:37:26,5.43,late_vehicle,avl
D25100001212,T2510001807,R006,S0025,2025-10-09,2025-10-09 14:16:00,2025-10-09 14:10:15,2025-10-09 14:16:30,2025-10-09 14:10:50,-5.75,early_running,avl
D25100001213,T2510001808,R002,S0067,2025-10-09,2025-10-09 14:31:34,2025-10-09 14:37:13,2025-10-09 14:32:04,2025-10-09 14:37:56,5.65,road_works,avl
D25100001214,T2510001809,R005,S0066,2025-10-09,2025-10-09 14:06:16,2025-10-09 14:11:50,2025-10-09 14:06:46,2025-10-09 14:13:12,#VALUE!,road_works,avl
D25100001215,T2510001810,R001,S0035,2025-10-09,2025-10-09 14:31:40,2025-10-09 15:09:38,2025-10-09 14:32:10,2025-10-09 15:12:56,37.97,disruption,avl
D25100001216,T2510001810,R001,S0029,2025-10-09,2025-10-09 14:51:18,2025-10-09 15:46:41,2025-10-09 14:51:48,2025-10-09 15:49:59,55.38,disruption,avl
D25100001217,T2510001812,R003,S0076,2025-10-09,2025-10-09 14:11:23,2025-10-09 14:17:53,2025-10-09 14:11:53,2025-10-09 14:18:49,6.5,road_works,avl
D25100001218,T2510001812,R003,S0025,2025-10-09,2025-10-09 14:26:00,2025-10-09 14:38:21,2025-10-09 14:26:30,2025-10-09 14:39:18,12.35,road_works,avl
D25100001219,T2510001813,R001,S0034,2025-10-09,2025-10-09 14:01:35,2025-10-09 14:14:49,2025-10-09 14:02:05,2025-10-09 14:18:07,13.23,disruption,avl
D25100001220,T2510001813,R001,S0050,2025-10-09,2025-10-09 14:55:18,2025-10-09 15:31:35,2025-10-09 14:55:48,2025-10-09 15:34:53,36.28,disruption,driver_report
D25100001221,T2510001814,R006,S0094,2025-10-09,2025-10-09 14:27:00,2025-10-09 14:21:49,2025-10-09 14:27:30,2025-10-09 14:22:43,-5.18,early_running,avl
D25100001222,T2510001816,R008,S0126,2025-10-09,2025-10-09 14:01:03,2025-10-09 14:31:41,2025-10-09 14:01:33,2025-10-09 14:32:34,30.63,disruption,avl
D25100001223,T2510001816,R008,S0019,2025-10-09,2025-10-09 14:03:30,2025-10-09 14:40:12,2025-10-09 14:04:00,2025-10-09 14:41:05,36.7,disruption,avl
D25100001224,T2510001819,R001,S0035,2025-10-09,2025-10-09 14:46:40,2025-10-09 15:14:05,2025-10-09 14:47:10,2025-10-09 15:16:50,27.42,disruption,avl
D25100001225,T2510001819,R001,S9205,2025-10-09,2025-10-09 15:06:18,2025-10-09 15:47:26,2025-10-09 15:06:48,2025-10-09 15:50:11,41.13,disruption,avl
D25100001226,T2510001820,R001,S0034,2025-10-09,2025-10-09 14:16:35,2025-10-09 14:24:31,2025-10-09 14:17:05,2025-10-09 14:26:00,7.93,disruption,avl
D25100001227,T2510001820,R001,S0050,2025-10-09,2025-10-09 15:10:18,2025-10-09 15:32:00,2025-10-09 15:10:48,2025-10-09 15:33:29,21.7,disruption,avl
D25100001228,T2510001822,R001,S0035,2025-10-09,2025-10-09 15:01:40,2025-10-09 15:28:59,2025-10-09 15:02:10,2025-10-09 15:32:16,27.32,disruption,avl
D25100001229,T2510001822,R001,S0029,2025-10-09,2025-10-09 15:21:18,2025-10-09 16:00:43,2025-10-09 15:21:48,2025-10-09 16:04:00,39.42,disruption,driver_report
D25100001230,T2510001824,R001,S0034,2025-10-09,2025-10-09 14:31:35,2025-10-09 14:41:25,2025-10-09 14:32:05,2025-10-09 14:44:43,9.83,disruption,avl
D25100001231,T2510001824,R001,S0050,2025-10-09,2025-10-09 15:25:18,2025-10-09 15:51:46,2025-10-09 15:25:48,2025-10-09 15:55:04,26.47,disruption,avl
D25100001232,T2510001828,R001,S0035,2025-10-09,2025-10-09 15:16:40,2025-10-09 15:40:09,2025-10-09 15:17:10,2025-10-09 15:30:27,23.48,disruption,avl
D25100001233,T2510001828,R001,S0029,2025-10-09,2025-10-09 15:36:18,2025-10-09 16:11:04,2025-10-09 15:36:48,2025-10-09 16:13:28,34.77,disruption,driver_report
D25100001234,T2510001829,R005,S0025,2025-10-09,2025-10-09 14:47:21,2025-10-09 14:52:46,2025-10-09 14:47:51,2025-10-09 14:53:35,5.42,road_works,avl
D25100001235,T2510001830,R001,S0034,2025-10-09,2025-10-09 14:46:35,2025-10-09 14:57:02,2025-10-09 14:47:05,2025-10-09 15:00:20,10.45,disruption,avl
D25100001236,T2510001830,R001,S0050,2025-10-09,2025-10-09 15:40:18,2025-10-09 16:09:05,2025-10-09 15:40:48,2025-10-09 16:12:23,28.78,disruption,avl
D25100001237,T2510001831,R008,S0125,2025-10-09,2025-10-09 14:34:55,2025-10-09 14:43:56,2025-10-09 14:35:25,2025-10-09 14:44:59,9.02,disruption,avl
D25100001238,T2510001831,R008,S0120,2025-10-09,2025-10-09 14:44:30,2025-10-09 15:06:13,2025-10-09 14:45:00,2025-10-09 15:07:16,21.72,disruption,avl
D25100001239,T2510001832,R004,S0059,2025-10-09,2025-10-09 14:58:06,2025-10-09 14:55:53,2025-10-09 14:58:36,2025-10-09 14:56:36,-2.22,early_running,avl
D25100001240,T2510001833,R006,S0025,2025-10-09,2025-10-09 15:16:00,2025-10-09 15:13:42,2025-10-09 15:16:30,2025-10-09 15:14:29,-2.3,early_running,avl
D25100001241,T2510001834,R002,S0006,2025-10-09,2025-10-09 15:35:12,2025-10-09 15:32:20,2025-10-09 15:35:42,2025-10-09 15:33:03,-2.87,early_running,avl
D25100001242,T2510001835,R005,S0066,2025-10-09,2025-10-09 15:06:16,2025-10-09 15:14:47,2025-10-09 15:06:46,2025-10-09 15:15:53,8.52,road_works,avl
D25100001243,T2510001835,R005,S0087,2025-10-09,2025-10-09 15:20:48,2025-10-09 15:34:00,2025-10-09 15:21:18,2025-10-09 15:35:06,13.2,road_works,avl
D25100001244,T2510001836,R001,S0035,2025-10-09,2025-10-09 15:31:40,2025-10-09 15:53:58,2025-10-09 15:32:10,2025-10-09 15:56:06,22.3,disruption,avl
D25100001245,T2510001836,R001,S0029,2025-10-09,2025-10-09 15:51:18,2025-10-09 16:24:23,2025-10-09 15:51:48,2025-10-09 16:26:31,33.08,disruption,driver_report
D25100001246,T2510001838,R001,S0034,2025-10-09,2025-10-09 15:01:35,2025-10-09 15:18:14,2025-10-09 15:02:05,2025-10-09 15:21:30,16.65,disruption,driver_report
D25100001247,T2510001838,R001,S0050,2025-10-09,2025-10-09 15:55:18,2025-10-09 16:43:34,2025-10-09 15:55:48,2025-10-09 16:46:50,48.27,disruption,driver_report
D25100001248,T2510001842,R001,S0035,2025-10-09,2025-10-09 15:46:40,2025-10-09 16:16:23,2025-10-09 15:47:10,2025-10-09 16:18:54,29.72,disruption,avl
D25100001249,T2510001842,R001,S0029,2025-10-09,2025-10-09 16:06:18,2025-10-09 16:49:52,2025-10-09 16:06:48,2025-10-09 16:52:24,43.57,disruption,avl
D25100001250,T2510001843,R001,S0034,2025-10-09,2025-10-09 15:16:35,2025-10-09 15:29:17,2025-10-09 15:17:05,2025-10-09 15:32:35,12.7,disruption,avl
D25100001251,T2510001843,R001,S0050,2025-10-09,2025-10-09 16:10:18,2025-10-09 16:46:52,2025-10-09 16:10:48,2025-10-09 16:50:10,36.57,disruption,driver_report
D25100001252,T2510001848,R001,S0034,2025-10-09,2025-10-09 15:31:35,2025-10-09 15:52:59,2025-10-09 15:32:05,2025-10-09 15:56:17,21.4,disruption,driver_report
D25100001253,T2510001848,R001,S0050,2025-10-09,2025-10-09 16:25:18,2025-10-09 17:17:47,2025-10-09 16:25:48,2025-10-09 17:21:05,52.48,disruption,avl
D25100001254,T2510001852,R007,S0117,2025-10-09,2025-10-09 15:29:10,2025-10-09 15:43:49,2025-10-09 15:29:40,2025-10-09 15:45:06,14.65,disruption,avl
D25100001255,T2510001852,R007,S0109,2025-10-09,2025-10-09 15:45:30,2025-10-09 16:31:42,2025-10-09 15:46:00,2025-10-09 16:32:59,46.2,disruption,driver_report
D25100001256,T2510001854,R001,S0035,2025-10-09,2025-10-09 16:16:40,2025-10-09 17:04:12,2025-10-09 16:17:10,2025-10-09 17:07:30,47.53,disruption,avl
D25100001257,T2510001854,R001,S0029,2025-10-09,2025-10-09 16:36:18,2025-10-09 17:44:57,2025-10-09 16:36:48,2025-10-09 17:48:15,68.65,disruption,avl
D25100001258,T2510001856,R001,S0034,2025-10-09,2025-10-09 15:46:35,2025-10-09 16:00:24,2025-10-09 15:47:05,2025-10-09 16:03:42,13.82,disruption,avl
D25100001259,T2510001856,R001,S0050,2025-10-09,2025-10-09 16:40:18,2025-10-09 17:14:21,2025-10-09 16:40:48,2025-10-09 17:17:39,34.05,disruption,avl
D25100001260,T2510001859,R002,S0067,2025-10-09,2025-10-09 16:31:34,2025-10-09 16:36:56,2025-10-09 16:32:04,2025-10-09 16:38:09,5.37,road_works,avl
D25100001261,T2510001860,R005,S0066,2025-10-09,2025-10-09 16:06:16,2025-10-09 16:13:28,2025-10-09 16:06:46,2025-10-09 16:15:14,7.2,road_works,avl
D25100001262,T2510001860,R005,S0087,2025-10-09,2025-10-09 16:20:48,2025-10-09 16:31:23,2025-10-09 16:21:18,2025-10-09 16:33:08,10.58,road_works,avl
D25100001263,T2510001861,R001,S0035,2025-10-09,2025-10-09 16:31:40,2025-10-09 16:46:21,2025-10-09 16:32:10,2025-10-09 16:48:20,14.68,disruption,avl
D25100001264,T2510001861,R001,S0029,2025-10-09,2025-10-09 16:51:18,2025-10-09 17:13:25,2025-10-09 16:51:48,2025-10-09 17:15:23,22.12,disruption,driver_report
D25100001265,T2510001863,R001,S0034,2025-10-09,2025-10-09 16:01:35,2025-10-09 16:09:53,2025-10-09 16:02:05,2025-10-09 16:13:11,8.3,disruption,avl
D25100001266,T2510001863,R001,S0050,2025-10-09,2025-10-09 16:55:18,2025-10-09 17:16:37,2025-10-09 16:55:48,2025-10-09 17:19:55,21.32,disruption,avl
D25100001267,T2510001867,R001,S0035,2025-10-09,2025-10-09 16:46:40,2025-10-09 17:06:38,2025-10-09 16:47:10,2025-10-09 17:09:56,19.97,disruption,avl
D25100001268,T2510001867,R001,S0029,2025-10-09,2025-10-09 17:06:18,2025-10-09 17:33:31,2025-10-09 17:06:48,2025-10-09 17:36:49,27.22,disruption,driver_report
D25100001269,T2510001868,R001,S0034,2025-10-09,2025-10-09 16:20:03,2025-10-09 16:36:34,2025-10-09 16:20:33,2025-10-09 16:39:52,16.52,disruption,driver_report
D25100001270,T2510001868,R001,S0050,2025-10-09,2025-10-09 17:25:00,2025-10-09 18:06:07,2025-10-09 17:25:30,2025-10-09 18:09:25,41.12,disruption,avl
D25100001271,T2510001869,R008,S0125,2025-10-09,2025-10-09 16:05:40,2025-10-09 16:21:38,2025-10-09 16:06:10,2025-10-09 16:22:25,15.97,disruption,avl
D25100001272,T2510001869,R008,S0120,2025-10-09,2025-10-09 16:16:42,2025-10-09 16:58:59,2025-10-09 16:17:12,2025-10-09 16:59:46,42.28,disruption,avl
D25100001273,T2510001872,R008,S0126,2025-10-09,2025-10-09 16:17:53,2025-10-09 16:45:24,2025-10-09 16:18:23,2025-10-09 16:46:36,27.52,disruption,avl
D25100001274,T2510001872,R008,S0019,2025-10-09,2025-10-09 16:20:42,2025-10-09 16:53:31,2025-10-09 16:21:12,2025-10-09 16:54:43,32.82,disruption,driver_report
D25100001275,T2510001875,R002,S0067,2025-10-09,2025-10-09 17:15:43,2025-10-09 17:31:07,2025-10-09 17:16:13,2025-10-09 17:32:01,15.4,passenger_boarding,avl
D25100001276,T2510001875,R002,S0006,2025-10-09,2025-10-09 17:20:18,2025-10-09 17:36:18,2025-10-09 17:20:48,2025-10-09 17:37:12,16.0,passenger_boarding,driver_report
D25100001277,T2510001876,R007,S0117,2025-10-09,2025-10-09 16:15:06,2025-10-09 16:26:39,2025-10-09 16:15:36,2025-10-09 16:27:15,11.55,disruption,avl
D25100001278,T2510001876,R007,S0109,2025-10-09,2025-10-09 16:33:54,2025-10-09 17:05:43,2025-10-09 16:34:24,2025-10-09 17:06:19,31.82,disruption,avl
D25100001279,T2510001877,R005,S0066,2025-10-09,2025-10-09 16:42:09,2025-10-09 16:47:18,2025-10-09 16:42:39,2025-10-09 16:48:31,5.15,junction_bottleneck,avl
D25100001280,T2510001878,R001,S0034,2025-10-09,2025-10-09 16:30:03,2025-10-09 16:36:53,2025-10-09 16:30:33,2025-10-09 16:40:11,6.83,disruption,avl
D25100001281,T2510001878,R001,S0050,2025-10-09,2025-10-09 17:35:00,2025-10-09 17:52:55,2025-10-09 17:35:30,2025-10-09 17:56:13,17.92,disruption,avl
D25100001282,T2510001879,R001,S0035,2025-10-09,2025-10-09 17:12:15,2025-10-09 17:40:15,2025-10-09 17:12:45,2025-10-09 17:42:36,28.0,disruption,driver_report
D25100001283,T2510001879,R001,S0029,2025-10-09,2025-10-09 17:36:00,2025-10-09 18:17:50,2025-10-09 17:36:30,2025-10-09 18:20:10,41.83,disruption,avl
D25100001284,T2510001880,R003,S0076,2025-10-09,2025-10-09 16:48:30,2025-10-09 16:54:28,2025-10-09 16:49:00,2025-10-09 16:55:30,5.97,road_works,avl
D25100001285,T2510001880,R003,S0025,2025-10-09,2025-10-09 17:06:54,2025-10-09 17:23:02,2025-10-09 17:07:24,2025-10-09 17:24:03,16.13,road_works,driver_report
D25100001286,T2510001882,R002,S0051,2025-10-09,2025-10-09 17:31:18,2025-10-09 17:45:30,2025-10-09 17:31:48,2025-10-09 17:47:11,-999.0,road_works,avl
D25100001287,T2510001883,R001,S0034,2025-10-09,2025-10-09 16:40:03,2025-10-09 16:48:44,2025-10-09 16:40:33,2025-10-09 16:52:02,8.68,disruption,avl
D25100001288,T2510001883,R001,S0050,2025-10-09,2025-10-09 17:45:00,2025-10-09 18:10:40,2025-10-09 17:45:30,2025-10-09 18:13:58,25.67,disruption,avl
D25100001289,T2510001884,R001,S0035,2025-10-09,2025-10-09 17:22:15,2025-10-09 17:40:57,2025-10-09 17:22:45,2025-10-09 17:42:43,18.7,disruption,avl
D25100001290,T2510001884,R001,S0029,2025-10-09,2025-10-09 17:46:00,2025-10-09 18:12:07,2025-10-09 17:46:30,2025-10-09 18:13:53,26.12,disruption,avl
D25100001291,T2510001885,R004,S0017,2025-10-09,2025-10-09 16:52:42,2025-10-09 17:05:30,2025-10-09 16:53:12,2025-10-09 17:08:25,12.8,passenger_boarding,avl
D25100001292,T2510001886,R003,S0067,2025-10-09,2025-10-09 16:29:46,2025-10-09 16:34:47,2025-10-09 16:30:16,2025-10-09 16:36:24,5.02,junction_bottleneck,avl
D25100001293,T2510001886,R003,S0068,2025-10-09,2025-10-09 17:17:54,2025-10-09 17:31:02,2025-10-09 17:18:24,2025-10-09 17:32:40,13.13,junction_bottleneck,avl
D25100001294,T2510001887,R002,S0067,2025-10-09,2025-10-09 17:35:43,2025-10-09 17:54:37,2025-10-09 17:36:13,2025-10-09 17:55:23,18.9,traffic_congestion,avl
D25100001295,T2510001887,R002,S0006,2025-10-09,2025-10-09 17:40:18,2025-10-09 17:59:47,2025-10-09 17:40:48,2025-10-09 18:00:32,19.48,traffic_congestion,driver_report
D25100001296,T2510001889,R001,S0034,2025-10-09,2025-10-09 16:50:03,2025-10-09 17:03:41,2025-10-09 16:50:33,2025-10-09 17:06:59,13.63,disruption,avl
D25100001297,T2510001889,R001,S0050,2025-10-09,2025-10-09 17:55:00,2025-10-09 18:29:50,2025-10-09 17:55:30,2025-10-09 18:33:08,34.83,disruption,driver_report
D25100001298,T2510001890,R001,S0035,2025-10-09,2025-10-09 17:32:15,2025-10-09 17:56:40,2025-10-09 17:32:45,2025-10-09 17:58:32,24.42,disruption,avl
D25100001299,T2510001890,R001,S0029,2025-10-09,2025-10-09 17:56:00,2025-10-09 18:32:15,2025-10-09 17:56:30,2025-10-09 18:34:06,36.25,disruption,avl
D25100001300,T2510001892,R003,S0076,2025-10-09,2025-10-09 17:08:30,2025-10-09 17:16:09,2025-10-09 17:09:00,2025-10-09 17:16:56,7.65,road_works,avl
D25100001301,T2510001892,R003,S0025,2025-10-09,2025-10-09 17:26:54,2025-10-11 17:44:17,2025-10-09 17:27:24,2025-10-11 17:45:04,17.38,road_works,driver_report
D25100001302,T2510001895,R005,S0066,2025-10-09,2025-10-09 17:12:09,2025-10-09 17:19:27,2025-10-09 17:12:39,2025-10-09 17:20:12,7.3,road_works,avl
D25100001303,T2510001895,R005,S0087,2025-10-09,2025-10-09 17:29:48,2025-10-09 17:40:56,2025-10-09 17:30:18,2025-10-09 17:41:42,11.13,road_works,avl
D25100001304,T2510001896,R001,S0034,2025-10-09,2025-10-09 17:00:03,2025-10-09 17:07:40,2025-10-09 17:00:33,2025-10-09 17:10:58,7.62,disruption,avl
D25100001305,T2510001896,R001,S0050,2025-10-09,2025-10-09 18:05:00,2025-10-09 18:27:31,2025-10-09 18:05:30,2025-10-09 18:30:49,22.52,disruption,avl
D25100001306,T2510001897,R001,S0035,2025-10-09,2025-10-09 17:42:15,2025-10-09 17:55:20,2025-10-09 17:42:45,2025-10-09 17:57:18,13.08,disruption,avl
D25100001307,T2510001897,R001,S0029,2025-10-09,2025-10-09 18:06:00,2025-10-09 18:25:19,2025-10-09 18:06:30,2025-10-09 18:27:18,19.32,disruption,avl
D25100001308,T2510001898,R007,S0118,2025-10-09,2025-10-09 17:03:48,2025-10-09 17:43:42,2025-10-09 17:04:18,2025-10-09 17:44:42,39.9,disruption,avl
D25100001309,T2510001898,R007,S0028,2025-10-09,2025-10-09 17:07:54,2025-10-09 17:55:04,2025-10-09 17:08:24,2025-10-09 17:56:04,47.17,disruption,avl
D25100001310,T2510001901,R006,S0094,2025-10-09,2025-10-09 17:35:48,2025-10-09 17:33:21,2025-10-09 17:36:18,2025-10-09 17:34:07,-2.45,early_running,avl
D25100001311,T2510001903,R008,S0126,2025-10-09,2025-10-09 17:02:53,2025-10-09 17:30:19,2025-10-09 17:03:23,2025-10-09 17:31:36,27.43,disruption,avl
D25100001312,T2510001903,R008,S0019,2025-10-09,2025-10-09 17:05:42,2025-10-09 17:37:46,2025-10-09 17:06:12,2025-10-09 17:39:02,32.07,disruption,avl
D25100001313,T2510001904,R001,S0034,2025-10-09,2025-10-09 17:10:03,2025-10-09 17:27:56,2025-10-09 17:10:33,2025-10-09 17:31:14,17.88,disruption,avl
D25100001314,T2510001904,R001,S0050,2025-10-09,2025-10-09 18:15:00,2025-10-09 18:57:29,2025-10-09 18:15:30,2025-10-09 19:00:47,42.48,disruption,avl
D25100001315,T2510001905,R001,S0035,2025-10-09,2025-10-09 17:52:15,2025-10-09 18:20:40,2025-10-09 17:52:45,2025-10-09 18:22:17,28.42,disruption,avl
D25100001316,T2510001905,R001,S0029,2025-10-09,2025-10-09 18:16:00,2025-10-09 18:58:23,2025-10-09 18:16:30,2025-10-09 19:00:00,42.38,disruption,driver_report
D25100001317,T2510001907,R007,S0117,2025-10-09,2025-10-09 17:00:06,2025-10-09 17:08:21,2025-10-09 17:00:36,2025-10-09 17:09:06,8.25,disruption,avl
D25100001318,T2510001907,R007,S0109,2025-10-09,2025-10-09 17:18:54,2025-10-09 17:48:39,2025-10-09 17:19:24,2025-10-09 17:49:23,29.75,disruption,avl
D25100001319,T2510001908,R003,S0025,2025-10-09,2025-10-09 17:46:54,2025-10-09 17:58:47,2025-10-09 17:47:24,2025-10-09 17:59:41,11.88,road_works,avl
D25100001320,T2510001910,R005,S0025,2025-10-09,2025-10-09 17:21:31,2025-10-09 17:46:59,2025-10-09 17:22:01,2025-10-09 17:49:54,25.47,passenger_boarding,avl
D25100001321,T2510001910,R005,S0015,2025-10-09,2025-10-09 17:48:48,2025-10-09 18:26:15,2025-10-09 17:49:18,2025-10-09 18:29:10,37.45,passenger_boarding,avl
D25100001322,T2510001911,R001,S0050,2025-10-09,2025-10-09 18:25:00,2025-10-09 18:37:27,2025-10-09 18:25:30,2025-10-09 18:39:44,12.45,disruption,avl
D25100001323,T2510001912,R001,S0035,2025-10-09,2025-10-09 18:02:15,2025-10-09 18:18:35,2025-10-09 18:02:45,2025-10-09 18:21:12,16.33,disruption,avl
D25100001324,T2510001912,R001,S0029,2025-10-09,2025-10-09 18:26:00,2025-10-09 18:50:34,2025-10-09 18:26:30,2025-10-09 18:53:12,24.57,disruption,avl
D25100001325,T2510001913,R004,S0086,2025-10-09,2025-10-09 17:06:28,2025-10-09 17:12:35,2025-10-09 17:06:58,2025-10-09 17:13:21,6.12,traffic_congestion,avl
D25100001326,T2510001917,R005,S0066,2025-10-09,2025-10-09 17:42:09,2025-10-09 17:48:01,2025-10-09 17:42:39,2025-10-09 17:49:03,5.87,road_works,avl
D25100001327,T2510001918,R001,S0034,2025-10-09,2025-10-09 17:30:03,2025-10-09 17:41:02,2025-10-09 17:30:33,2025-10-09 17:43:04,10.98,disruption,avl
D25100001328,T2510001918,R001,S0050,2025-10-09,2025-10-09 18:35:00,2025-10-09 19:07:25,2025-10-09 18:35:30,2025-10-09 19:09:28,32.42,disruption,avl
D25100001329,T2510001919,R001,S0035,2025-10-09,2025-10-09 18:12:15,2025-10-09 18:40:12,2025-10-09 18:12:45,2025-10-09 18:43:11,27.95,disruption,avl
D25100001330,T2510001919,R001,S0029,2025-10-09,2025-10-09 18:36:00,2025-10-09 19:17:27,2025-10-09 18:36:30,2025-10-09 19:20:26,9999.0,disruption,avl
D25100001331,T2510001920,R003,S9625,2025-10-09,2025-10-09 17:48:30,2025-10-09 17:54:51,2025-10-09 17:49:00,2025-10-09 17:55:35,6.35,road_works,avl
D25100001332,T2510001920,R003,S0025,2025-10-09,2025-10-09 18:06:54,2025-10-09 18:25:03,2025-10-09 18:07:24,2025-10-09 18:25:46,18.15,road_works,avl
D25100001333,T2510001923,R001,S0034,2025-10-09,2025-10-09 17:40:03,2025-10-09 17:46:06,2025-10-09 17:40:33,2025-10-09 17:49:24,6.05,disruption,avl
D25100001334,T2510001923,R001,S0050,2025-10-09,2025-10-09 18:45:00,2025-10-09 19:02:53,2025-10-09 18:45:30,2025-10-09 19:06:11,17.88,disruption,avl
D25100001335,T2510001924,R001,S0035,2025-10-09,2025-10-09 18:22:15,2025-10-09 18:45:34,2025-10-09 18:22:45,2025-10-09 18:47:14,23.32,disruption,avl
D25100001336,T2510001924,R001,S0029,2025-10-09,2025-10-09 18:46:00,2025-10-09 19:20:55,2025-10-09 18:46:30,2025-10-09 19:22:36,34.92,disruption,avl
D25100001337,T2510001926,R003,S0068,2025-10-09,2025-10-09 18:17:54,2025-10-09 18:29:43,2025-10-09 18:18:24,2025-10-09 18:31:57,11.82,passenger_boarding,avl
D25100001338,T2510001928,R007,S0118,2025-10-09,2025-10-09 17:48:48,2025-10-09 18:06:08,2025-10-09 17:49:18,2025-10-09 18:06:37,17.33,disruption,driver_report
D25100001339,T2510001928,R007,S0028,2025-10-09,2025-10-09 17:52:54,2025-10-09 18:13:25,2025-10-09 17:53:24,2025-10-09 18:13:53,20.52,disruption,driver_report
D25100001340,T2510001929,R005,S0025,2025-10-09,2025-10-09 17:51:31,2025-10-09 18:01:47,2025-10-09 17:52:01,2025-10-09 18:03:40,10.27,junction_bottleneck,avl
D25100001341,T2510001929,R005,S0015,2025-10-09,2025-10-09 18:18:48,2025-10-09 18:34:51,2025-10-09 18:19:18,2025-10-09 18:36:43,16.05,junction_bottleneck,avl
D25100001342,T2510001930,R001,S0034,2025-10-09,2025-10-09 17:50:03,2025-10-09 18:06:10,2025-10-09 17:50:33,2025-10-09 18:09:28,16.12,disruption,avl
D25100001343,T2510001930,R001,S0050,2025-10-09,2025-10-09 18:55:00,2025-10-09 19:41:27,2025-10-09 18:55:30,2025-10-09 19:44:45,46.45,disruption,driver_report
D25100001344,T2510001931,R008,S0125,2025-10-09,2025-10-09 17:35:40,2025-10-09 17:50:30,2025-10-09 17:36:10,2025-10-09 17:51:32,14.83,disruption,avl
D25100001345,T2510001931,R008,S0120,2025-10-09,2025-10-09 17:46:42,2025-10-09 18:30:22,2025-10-09 17:47:12,2025-10-09 18:31:25,43.67,disruption,driver_report
D25100001346,T2510001932,R001,S0035,2025-10-09,2025-10-09 18:32:15,2025-10-09 18:55:44,2025-10-09 18:32:45,2025-10-09 18:59:02,23.48,disruption,avl
D25100001347,T2510001932,R001,S0029,2025-10-09,2025-10-09 18:56:00,2025-10-09 19:28:30,2025-10-09 18:56:30,2025-10-09 19:31:48,32.5,disruption,avl
D25100001348,T2510001936,R006,S0025,2025-10-09,2025-10-09 18:24:48,2025-10-09 18:21:55,2025-10-09 18:25:18,2025-10-09 18:22:27,-2.88,early_running,avl
D25100001349,T2510001938,R007,S0117,2025-10-09,2025-10-09 17:45:06,2025-10-09 18:11:45,2025-10-09 17:45:36,2025-10-09 18:13:05,26.65,disruption,avl
D25100001350,T2510001938,R007,S0109,2025-10-09,2025-10-09 18:03:54,2025-10-09 18:57:05,2025-10-09 18:04:24,2025-10-09 18:58:25,53.18,disruption,avl
D25100001351,T2510001939,R005,S0066,2025-10-09,2025-10-09 18:12:09,2025-10-09 18:19:54,2025-10-09 18:12:39,2025-10-09 18:20:53,7.75,road_works,avl
D25100001352,T2510001939,R005,S0087,2025-10-09,2025-10-09 18:29:48,2025-10-09 18:42:09,2025-10-09 18:30:18,2025-10-09 18:43:07,12.35,road_works,avl
D25100001353,T2510001940,R001,S0034,2025-10-09,2025-10-09 18:00:03,2025-10-09 18:16:39,2025-10-09 18:00:33,2025-10-09 18:19:57,16.6,disruption,avl
D25100001354,T2510001940,R001,S0050,2025-10-09,2025-10-09 19:05:00,2025-10-09 19:50:46,2025-10-09 19:05:30,2025-10-09 19:54:04,45.77,disruption,driver_report
D25100001355,T2510001941,R001,S0035,2025-10-09,2025-10-09 18:42:15,2025-10-09 19:07:48,2025-10-09 18:42:45,2025-10-09 19:09:51,25.55,disruption,avl
D25100001356,T2510001941,R001,S0029,2025-10-09,2025-10-09 19:06:00,2025-10-09 19:44:25,2025-10-09 19:06:30,2025-10-09 19:46:27,38.42,disruption,avl
D25100001357,T2510001942,R003,S0067,2025-10-09,2025-10-09 17:49:46,2025-10-09 17:56:25,2025-10-09 17:50:16,2025-10-09 17:58:34,6.65,road_works,avl
D25100001358,T2510001942,R003,S0068,2025-10-09,2025-10-09 18:37:54,2025-10-09 18:58:35,2025-10-09 18:38:24,2025-10-09 19:00:45,20.68,road_works,avl
D25100001359,T2510001945,R001,S0034,2025-10-09,2025-10-09 18:10:03,2025-10-09 18:17:48,2025-10-09 18:10:33,2025-10-09 18:21:06,7.75,disruption,avl
D25100001360,T2510001945,R001,S0050,2025-10-09,2025-10-09 19:15:00,2025-10-09 19:36:35,2025-10-09 19:15:30,2025-10-09 19:39:53,21.58,disruption,avl
D25100001361,T2510001946,R001,S0035,2025-10-09,2025-10-09 18:52:15,2025-10-09 19:17:40,2025-10-09 18:52:45,2025-10-09 19:20:41,25.42,disruption,avl
D25100001362,T2510001946,R001,S0029,2025-10-09,2025-10-09 19:16:00,2025-10-09 19:54:13,2025-10-09 19:16:30,2025-10-09 19:57:14,38.22,disruption,avl
D25100001363,T2510001947,R004,S0017,2025-10-09,2025-10-09 18:22:42,2025-10-09 18:29:33,2025-10-09 18:23:12,2025-10-09 18:30:46,6.85,traffic_congestion,avl
D25100001364,T2510001948,R003,S0025,2025-10-09,2025-10-09 18:46:54,2025-10-09 18:58:50,2025-10-09 18:47:24,2025-10-09 18:59:31,11.93,road_works,avl
D25100001365,T2510001951,R001,S0034,2025-10-09,2025-10-09 18:20:03,2025-10-09 18:39:28,2025-10-09 18:20:33,2025-10-09 18:42:46,19.42,disruption,avl
D25100001366,T2510001951,R001,S0050,2025-10-09,2025-10-09 19:25:00,2025-10-09 20:11:33,2025-10-09 19:25:30,2025-10-09 20:14:51,46.55,disruption,avl
D25100001367,T2510001954,R003,S0068,2025-10-09,2025-10-09 18:57:54,2025-10-09 19:11:05,2025-10-09 18:58:24,2025-10-09 19:12:26,13.18,road_works,avl
D25100001368,T2510001957,R005,S0066,2025-10-09,2025-10-09 18:42:09,2025-10-09 18:53:08,2025-10-09 18:42:39,2025-10-09 18:54:06,10.98,road_works,avl
D25100001369,T2510001957,R005,S0087,2025-10-09,2025-10-09 18:59:48,2025-10-09 19:15:52,2025-10-09 19:00:18,2025-10-09 19:16:50,16.07,road_works,avl
D25100001370,T2510001958,R001,S0034,2025-10-09,2025-10-09 18:30:03,2025-10-09 18:46:47,2025-10-09 18:30:33,2025-10-09 18:50:05,16.73,disruption,avl
D25100001371,T2510001958,R001,S0050,2025-10-09,2025-10-09 19:35:00,2025-10-09 20:19:48,2025-10-09 19:35:30,2025-10-09 20:23:06,44.8,disruption,avl
D25100001372,T2510001960,R007,S0118,2025-10-09,2025-10-09 18:33:48,2025-10-09 18:47:12,2025-10-09 18:34:18,2025-10-09 18:47:36,13.4,disruption,avl
D25100001373,T2510001960,R007,S0028,2025-10-09,2025-10-09 18:37:54,2025-10-09 18:53:34,2025-10-09 18:38:24,2025-10-09 18:53:58,unknown,disruption,avl
D25100001374,T2510001961,R003,S0076,2025-10-09,2025-10-09 18:48:30,2025-10-09 18:55:00,2025-10-09 18:49:00,2025-10-09 18:55:21,6.5,traffic_congestion,avl
D25100001375,T2510001961,R003,S0025,2025-10-09,2025-10-09 19:06:54,2025-10-09 19:23:12,2025-10-09 19:07:24,2025-10-09 19:23:34,16.3,traffic_congestion,avl
D25100001376,T2510001962,R008,S0125,2025-10-09,2025-10-09 18:20:40,2025-10-09 18:27:57,2025-10-09 18:21:10,2025-10-09 18:28:20,7.28,disruption,avl
D25100001377,T2510001962,R008,S0120,2025-10-09,2025-10-09 18:31:42,2025-10-09 18:53:02,2025-10-09 18:32:12,2025-10-09 18:53:24,21.33,disruption,avl
D25100001378,T2510001963,R006,S0094,2025-10-09,2025-10-09 19:05:48,2025-10-09 19:03:19,2025-10-09 19:06:18,2025-10-09 19:04:10,-2.48,early_running,avl
D25100001379,T2510001965,R008,S0126,2025-10-09,2025-10-09 18:32:53,2025-10-09 18:51:24,2025-10-09 18:33:23,2025-10-09 18:52:42,18.52,disruption,driver_report
D25100001380,T2510001965,R008,S0019,2025-10-09,2025-10-09 18:35:42,2025-10-09 18:57:56,2025-10-09 18:36:12,2025-10-09 18:59:14,22.23,disruption,avl
D25100001381,T2510001967,R001,S0035,2025-10-09,2025-10-09 19:22:15,2025-10-09 20:11:49,2025-10-09 19:22:45,2025-10-09 20:15:07,49.57,passenger_boarding,avl
D25100001382,T2510001967,R001,S0029,2025-10-09,2025-10-09 19:46:00,2025-10-09 21:00:17,2025-10-09 19:46:30,2025-10-09 21:03:35,74.28,passenger_boarding,avl
D25100001383,T2510001969,R007,S0117,2025-10-09,2025-10-09 18:30:06,2025-10-09 18:38:25,2025-10-09 18:30:36,2025-10-09 18:39:13,8.32,disruption,avl
D25100001384,T2510001969,R007,S0109,2025-10-09,2025-10-09 18:48:54,2025-10-09 19:18:03,2025-10-09 18:49:24,2025-10-09 19:18:51,29.15,disruption,avl
D25100001385,T2510001970,R003,S0068,2025-10-09,2025-10-09 19:17:54,2025-10-09 19:29:24,2025-10-09 19:18:24,2025-10-09 19:30:38,11.5,road_works,avl
D25100001386,T2510001971,R002,S0067,2025-10-09,2025-10-09 19:35:43,2025-10-09 19:44:27,2025-10-09 19:36:13,2025-10-09 19:45:07,8.73,road_works,avl
D25100001387,T2510001972,R005,S0025,2025-10-09,2025-10-09 18:51:31,2025-10-09 19:10:02,2025-10-09 18:52:01,2025-10-09 19:12:56,18.52,passenger_boarding,driver_report
D25100001388,T2510001972,R005,S0015,2025-10-09,2025-10-09 19:18:48,2025-10-09 19:45:43,2025-10-09 19:19:18,2025-10-09 19:48:37,26.92,passenger_boarding,driver_report
D25100001389,T2510001973,R001,S0034,2025-10-09,2025-10-09 18:50:03,2025-10-09 18:58:54,2025-10-09 18:50:33,2025-10-09 19:02:12,8.85,disruption,avl
D25100001390,T2510001973,R001,S0050,2025-10-09,2025-10-09 19:55:00,2025-10-09 20:21:03,2025-10-09 19:55:30,2025-10-09 20:24:21,26.05,disruption,avl
D25100001391,T2510001974,R001,S0035,2025-10-09,2025-10-09 19:32:15,2025-10-09 19:54:41,2025-10-09 19:32:45,2025-10-09 19:56:51,22.43,disruption,driver_report
D25100001392,T2510001974,R001,S0029,2025-10-09,2025-10-09 19:56:00,2025-10-09 20:29:20,2025-10-09 19:56:30,2025-10-09 20:31:31,33.33,disruption,avl
D25100001393,T2510001979,R005,S0066,2025-10-09,2025-10-09 19:12:09,2025-10-09 19:19:38,2025-10-09 19:12:39,2025-10-09 19:20:28,7.48,junction_bottleneck,avl
D25100001394,T2510001979,R005,S0087,2025-10-09,2025-10-09 19:29:48,2025-10-09 19:41:31,2025-10-09 19:30:18,2025-10-09 19:42:22,11.72,junction_bottleneck,avl
D25100001395,T2510001980,R001,S0034,2025-10-09,2025-10-09 19:00:03,2025-10-09 19:10:34,2025-10-09 19:00:33,2025-10-09 19:13:52,10.52,disruption,avl
D25100001396,T2510001980,R001,S0050,2025-10-09,2025-10-09 20:05:00,2025-10-09 20:36:05,2025-10-09 20:05:30,2025-10-09 20:39:23,31.08,disruption,avl
D25100001397,T2510001981,R001,S0035,2025-10-09,2025-10-09 19:42:15,2025-10-09 20:17:51,2025-10-09 19:42:45,2025-10-09 20:21:09,35.6,disruption,driver_report
D25100001398,T2510001981,R001,S0029,2025-10-09,2025-10-09 20:06:00,2025-10-09 20:56:47,2025-10-09 20:06:30,2025-10-09 21:00:05,50.78,disruption,avl
D25100001399,T2510001984,R002,S0067,2025-10-09,2025-10-09 19:55:43,2025-10-09 20:02:19,2025-10-09 19:56:13,2025-10-09 20:02:59,6.6,road_works,avl
D25100001400,T2510001986,R001,S0035,2025-10-09,2025-10-09 19:52:15,2025-10-09 20:12:17,2025-10-09 19:52:45,2025-10-09 20:13:38,20.03,disruption,driver_report
D25100001401,T2510001986,R001,S0029,2025-10-09,2025-10-09 20:16:00,2025-10-09 20:45:23,2025-10-09 20:16:30,2025-10-09 20:46:45,29.38,disruption,avl
D25100001402,T2510001989,R007,S0118,2025-10-09,2025-10-09 19:18:48,2025-10-09 19:34:53,2025-10-09 19:19:18,2025-10-09 19:35:29,16.08,disruption,avl
D25100001403,T2510001989,R007,S0028,2025-10-09,2025-10-09 19:22:54,2025-10-09 19:41:32,2025-10-09 19:23:24,2025-10-09 19:42:08,18.63,disruption,avl
D25100001404,T2510001990,R002,S0067,2025-10-09,2025-10-09 19:02:35,2025-10-09 19:09:25,2025-10-09 19:03:05,2025-10-09 19:11:49,6.83,passenger_boarding,avl
D25100001405,T2510001990,R002,S0051,2025-10-09,2025-10-09 20:11:18,2025-10-09 20:29:03,2025-10-09 20:11:48,2025-10-09 20:31:27,17.75,passenger_boarding,driver_report
D25100001406,T2510001991,R005,S0025,2025-10-09,2025-10-09 19:21:31,2025-10-09 19:33:46,2025-10-09 19:22:01,2025-10-09 19:36:22,12.25,junction_bottleneck,avl
D25100001407,T2510001991,R005,S0015,2025-10-09,2025-10-09 19:48:48,2025-10-09 20:06:52,2025-10-09 19:49:18,2025-10-09 20:09:28,18.07,junction_bottleneck,driver_report
D25100001408,T2510001992,R001,S0034,2025-10-09,2025-10-09 19:20:03,2025-10-09 19:27:50,2025-10-09 19:20:33,2025-10-09 19:31:08,7.78,passenger_boarding,avl
D25100001409,T2510001992,R001,S0050,2025-10-09,2025-10-09 20:25:00,2025-10-09 20:47:37,2025-10-09 20:25:30,2025-10-09 20:50:55,22.62,passenger_boarding,avl
D25100001410,T2510001994,R001,S0035,2025-10-09,2025-10-09 20:02:15,2025-10-09 20:14:01,2025-10-09 20:02:45,2025-10-09 20:15:11,11.77,traffic_congestion,avl
D25100001411,T2510001994,R001,S0029,2025-10-09,2025-10-09 20:26:00,2025-10-09 20:42:40,2025-10-09 20:26:30,2025-10-09 20:43:50,16.67,traffic_congestion,driver_report
D25100001412,T2510001997,R003,S0068,2025-10-09,2025-10-09 19:57:54,2025-10-09 20:11:28,2025-10-09 19:58:24,2025-10-09 20:12:09,13.57,road_works,avl
D25100001413,T2510001999,R002,S0067,2025-10-09,2025-10-09 20:15:43,2025-10-09 20:24:30,2025-10-09 20:16:13,2025-10-09 20:24:51,8.78,road_works,avl
D25100001414,T2510002000,R007,S0117,2025-10-09,2025-10-09 19:15:06,2025-10-09 19:21:19,2025-10-09 19:15:36,2025-10-09 19:21:49,6.22,traffic_congestion,avl
D25100001415,T2510002001,R005,S0066,2025-10-09,2025-10-09 19:42:09,2025-10-09 19:50:12,2025-10-09 19:42:39,2025-10-09 19:50:45,8.05,road_works,avl
D25100001416,T2510002001,R005,S0087,2025-10-09,2025-10-09 19:59:48,2025-10-09 20:12:35,2025-10-09 20:00:18,2025-10-09 20:13:08,12.78,road_works,avl
D25100001417,T2510002005,R006,S0103,2025-10-09,2025-10-09 19:37:19,2025-10-09 19:42:30,2025-10-09 19:37:49,2025-10-09 19:43:02,5.18,traffic_congestion,avl
D25100001418,T2510002005,R006,S0094,2025-10-09,2025-10-09 20:05:48,2025-10-09 20:17:55,2025-10-09 20:06:18,2025-10-09 20:18:27,12.12,traffic_congestion,avl
D25100001419,T2510002007,R001,S0034,2025-10-09,2025-10-09 19:40:03,2025-10-09 19:48:42,2025-10-09 19:40:33,2025-10-09 19:52:00,8.65,passenger_boarding,avl
D25100001420,T2510002007,R001,S0050,2025-10-09,2025-10-09 20:45:00,2025-10-09 21:02:04,2025-10-09 20:45:30,2025-10-09 21:05:22,17.07,passenger_boarding,avl
D25100001421,T2510002008,R001,S0035,2025-10-09,2025-10-09 20:22:15,2025-10-09 20:30:34,2025-10-09 20:22:45,2025-10-09 20:31:33,8.32,road_works,avl
D25100001422,T2510002008,R001,S0029,2025-10-09,2025-10-09 20:46:00,2025-10-09 20:58:21,2025-10-09 20:46:30,2025-10-09 20:59:20,12.35,road_works,avl
D25100001423,T2510002010,R003,S0067,2025-10-09,2025-10-09 19:29:46,2025-10-09 19:35:38,2025-10-09 19:30:16,2025-10-09 19:36:43,5.87,road_works,avl
D25100001424,T2510002010,R003,S0068,2025-10-09,2025-10-09 20:17:54,2025-10-09 20:29:57,2025-10-09 20:18:24,2025-10-09 20:31:02,12.05,road_works,avl
D25100001425,T2510002012,R005,S0025,2025-10-09,2025-10-09 19:51:31,2025-10-09 20:03:09,2025-10-09 19:52:01,2025-10-09 20:04:06,11.63,road_works,avl
D25100001426,T2510002012,R005,S0015,2025-10-09,2025-10-09 20:18:48,2025-10-09 20:36:17,2025-10-09 20:19:18,2025-10-09 20:37:14,17.48,road_works,avl
D25100001427,T2510002013,R001,S0050,2025-10-09,2025-10-09 20:37:18,2025-10-09 20:29:58,2025-10-09 20:37:48,2025-10-09 20:31:49,-7.33,early_running,avl
D25100001428,T2510002017,R003,S0076,2025-10-09,2025-10-09 20:08:31,2025-10-09 20:14:49,2025-10-09 20:09:01,2025-10-09 20:15:29,6.3,road_works,avl
D25100001429,T2510002017,R003,S0025,2025-10-09,2025-10-09 20:21:36,2025-10-09 20:32:42,2025-10-09 20:22:06,2025-10-09 20:33:22,11.1,road_works,avl
D25100001430,T2510002022,R005,S0025,2025-10-09,2025-10-09 20:15:19,2025-10-09 20:22:59,2025-10-09 20:15:49,2025-10-09 20:23:29,7.67,road_works,avl
D25100001431,T2510002023,R001,S0035,2025-10-09,2025-10-09 20:49:30,2025-10-09 20:59:16,2025-10-09 20:50:00,2025-10-09 21:01:13,9.77,road_works,avl
D25100001432,T2510002023,R001,S0029,2025-10-09,2025-10-09 21:08:18,2025-10-09 21:20:15,2025-10-09 21:08:48,2025-10-09 21:22:13,11.95,road_works,avl
D25100001433,T2510002026,R005,S0066,2025-10-09,2025-10-09 20:33:24,2025-10-09 20:44:28,2025-10-09 20:33:54,2025-10-09 20:45:06,11.07,road_works,avl
D25100001434,T2510002026,R005,S0087,2025-10-09,2025-10-09 20:46:24,2025-10-09 21:00:53,2025-10-09 20:46:54,2025-10-09 21:01:32,14.48,road_works,avl
D25100001435,T2510002028,R007,S0028,2025-10-09,2025-10-09 20:32:18,2025-10-09 20:30:13,2025-10-09 20:32:48,2025-10-09 20:30:38,-2.08,early_running,avl
D25100001436,T2510002035,R001,S0034,2025-10-09,2025-10-09 20:45:53,2025-10-09 20:55:12,2025-10-09 20:46:23,2025-10-09 20:58:30,9.32,passenger_boarding,avl
D25100001437,T2510002035,R001,S0050,2025-10-09,2025-10-09 21:37:18,2025-10-09 21:59:23,2025-10-09 21:37:48,2025-10-09 22:02:41,22.08,passenger_boarding,driver_report
D25100001438,T2510002039,R001,S0050,2025-10-09,2025-10-09 21:57:18,2025-10-09 21:54:04,2025-10-09 21:57:48,2025-10-09 21:56:31,-3.23,early_running,avl
D25100001439,T2510002045,R006,S0025,2025-10-09,2025-10-09 21:41:42,2025-10-09 21:35:51,2025-10-09 21:42:12,2025-10-09 21:36:11,-5.85,early_running,avl
D25100001440,T2510002049,R003,S0076,2025-10-09,2025-10-09 21:38:31,2025-10-09 21:44:14,2025-10-09 21:39:01,2025-10-09 21:44:55,5.72,road_works,avl
D25100001441,T2510002050,R006,S0094,2025-10-09,2025-10-09 21:52:42,2025-10-09 21:50:19,2025-10-09 21:53:12,2025-10-09 21:50:42,-2.38,early_running,avl
D25100001442,T2510002059,R004,S0017,2025-10-09,2025-10-09 22:14:18,2025-10-09 22:12:01,2025-10-09 22:14:48,2025-10-09 22:12:52,-2.28,early_running,avl
D25100001443,T2510002062,R005,S0025,2025-10-09,2025-10-09 22:15:19,2025-10-09 22:21:12,2025-10-09 22:15:49,2025-10-09 22:22:06,5.88,road_works,avl
D25100001444,T2510002064,R001,S0035,2025-10-09,2025-10-09 22:49:30,2025-10-09 22:54:56,2025-10-09 22:50:00,2025-10-09 22:55:59,5.43,road_works,avl
D25100001445,T2510002065,R004,S0059,2025-10-09,2025-10-09 22:25:18,2025-10-09 22:23:11,2025-10-09 22:25:48,2025-10-09 22:23:47,-2.12,early_running,avl
D25100001446,T2510002070,R003,S0067,2025-10-09,2025-10-09 22:13:23,2025-10-09 22:19:51,2025-10-09 22:13:53,2025-10-09 22:20:50,6.47,road_works,avl
D25100001447,T2510002070,R003,S0068,2025-10-09,2025-10-09 22:47:36,2025-10-09 23:00:46,2025-10-09 22:48:06,2025-10-09 23:01:45,13.17,road_works,avl
D25100001448,T2510002071,R006,S0094,2025-10-09,2025-10-09 22:52:42,2025-10-09 22:48:07,2025-10-09 22:53:12,2025-10-09 22:48:36,-4.58,early_running,avl
D25100001449,T2510002077,R001,S0029,2025-10-10,2025-10-10 06:43:06,2025-10-10 06:40:55,2025-10-10 06:43:36,2025-10-10 06:41:37,-2.18,early_running,avl
D25100001450,T2510002089,R005,S0066,2025-10-10,2025-10-10 06:31:07,2025-10-10 06:37:07,2025-10-10 06:31:37,2025-10-10 06:34:43,6.0,road_works,avl
D25100001451,T2510002091,R007,S0109,2025-10-10,2025-10-10 06:11:30,2025-10-10 06:16:34,2025-10-10 06:12:00,2025-10-10 06:17:04,5.07,late_vehicle,avl
D25100001452,T2510002098,R003,S0068,2025-10-10,2025-10-10 06:57:30,2025-10-10 07:08:37,2025-10-10 06:58:00,2025-10-10 07:09:09,11.12,road_works,avl
D25100001453,T2510002099,R001,S0029,2025-10-10,2025-10-10 07:28:06,2025-10-10 07:24:00,2025-10-10 07:28:36,2025-10-10 07:26:08,-4.1,early_running,avl
D25100001454,T2510002100,R001,S0034,2025-10-10,2025-10-10 06:44:39,2025-10-10 06:52:58,2025-10-10 06:45:09,2025-10-10 06:55:59,8.32,passenger_boarding,avl
D25100001455,T2510002100,R001,S0050,2025-10-10,2025-10-10 07:32:06,2025-10-10 07:53:10,2025-10-10 07:32:36,2025-10-10 07:56:11,21.07,passenger_boarding,avl
D25100001456,T2510002104,R001,S0035,2025-10-10,2025-10-10 07:25:45,2025-10-09 07:31:35,2025-10-10 07:26:15,2025-10-09 07:34:25,5.83,road_works,avl
D25100001457,T2510002105,R005,S0025,2025-10-10,2025-10-10 06:58:41,2025-10-10 07:06:35,2025-10-10 06:59:11,2025-10-10 07:07:22,7.9,road_works,avl
D25100001458,T2510002105,R005,S0015,2025-10-10,2025-10-10 07:16:54,2025-10-10 07:28:44,2025-10-10 07:17:24,2025-10-10 07:29:31,11.83,road_works,avl
D25100001459,T2510002108,R004,S0059,2025-10-10,2025-10-10 07:08:06,2025-10-10 07:05:33,2025-10-10 07:08:36,2025-10-10 07:06:17,-2.55,early_running,avl
D25100001460,T2510002110,R006,S0025,2025-10-10,2025-10-10 07:23:12,2025-10-10 07:20:51,2025-10-10 07:23:42,2025-10-10 07:21:29,-2.35,early_running,avl
D25100001461,T2510002113,R001,S0029,2025-10-10,2025-10-10 07:58:06,2025-10-10 07:50:34,2025-10-10 07:58:36,2025-10-10 07:51:50,-7.53,early_running,avl
D25100001462,T2510002116,R001,S0035,2025-10-10,2025-10-10 07:59:14,2025-10-10 08:12:18,2025-10-10 07:59:44,2025-10-10 08:15:36,13.07,passenger_boarding,avl
D25100001463,T2510002116,R001,S0029,2025-10-10,2025-10-10 08:21:48,2025-10-10 08:39:01,2025-10-10 08:22:18,2025-10-10 08:42:19,17.22,passenger_boarding,driver_report
D25100001464,T2510002117,R004,S0059,2025-10-10,2025-10-10 07:32:36,2025-10-10 07:28:42,2025-10-10 07:33:06,2025-10-10 07:29:27,-3.9,early_running,avl
D25100001465,T2510002118,R008,S0019,2025-10-10,2025-10-10 07:20:12,2025-10-10 07:17:17,2025-10-10 07:20:42,2025-10-10 07:17:53,-2.92,early_running,avl
D25100001466,T2510002119,R003,S0067,2025-10-10,2025-10-10 07:09:36,2025-10-10 07:15:22,2025-10-10 07:10:06,2025-10-10 07:16:32,5.77,passenger_boarding,avl
D25100001467,T2510002119,R003,S0068,2025-10-10,2025-10-10 07:56:00,2025-10-10 08:15:51,2025-10-10 07:56:30,2025-10-10 08:17:00,19.85,passenger_boarding,avl
D25100001468,T2510002120,R006,S0025,2025-10-10,2025-10-10 07:53:00,2025-10-10 07:50:01,2025-10-10 07:53:30,2025-10-10 07:50:31,-2.98,early_running,avl
D25100001469,T2510002121,R002,S0067,2025-10-10,2025-10-10 08:13:17,2025-10-10 08:30:25,2025-10-10 08:13:47,2025-10-10 08:33:05,17.13,passenger_boarding,avl
D25100001470,T2510002121,R002,S0006,2025-10-10,2025-10-10 08:17:42,2025-10-10 08:35:23,2025-10-10 08:18:12,2025-10-10 08:38:02,17.68,passenger_boarding,avl
D25100001471,T2510002124,R001,S0050,2025-10-10,2025-10-10 08:30:48,2025-10-10 08:42:27,2025-10-10 08:31:18,2025-10-10 08:44:29,11.65,traffic_congestion,avl
D25100001472,T2510002125,R001,S0035,2025-10-10,2025-10-10 08:09:14,2025-10-10 08:15:51,2025-10-10 08:09:44,2025-10-10 08:19:09,6.62,road_works,avl
D25100001473,T2510002126,R003,S0076,2025-10-10,2025-10-10 07:47:15,2125-09-16 07:57:52,2025-10-10 07:47:45,2125-09-16 07:59:14,10.62,road_works,avl
D25100001474,T2510002126,R003,S0025,2025-10-10,2025-10-10 08:05:00,2025-10-10 08:26:19,2025-10-10 08:05:30,2025-10-10 08:19:27,21.32,road_works,avl
D25100001475,T2510002128,R002,S0067,2025-10-10,2025-10-10 07:22:25,2025-10-10 07:28:11,2025-10-10 07:22:55,2025-10-10 07:29:18,5.77,road_works,avl
D25100001476,T2510002128,R002,S0051,2025-10-10,2025-10-10 08:28:42,2025-10-10 08:46:38,2025-10-10 08:29:12,2025-10-10 08:47:45,17.93,road_works,avl
D25100001477,T2510002129,R001,S0034,2025-10-10,2025-10-10 07:39:04,2025-10-10 07:48:12,2025-10-10 07:39:34,2025-10-10 07:50:13,9.13,passenger_boarding,avl
D25100001478,T2510002129,R001,S0050,2025-10-10,2025-10-10 08:40:48,2025-10-10 08:57:03,2025-10-10 08:41:18,2025-10-10 08:59:04,16.25,passenger_boarding,driver_report
D25100001479,T2510002130,R001,S0035,2025-10-10,2025-10-10 08:19:14,2025-10-10 08:31:47,2025-10-10 08:19:44,2025-10-10 08:35:05,12.55,passenger_boarding,avl
D25100001480,T2510002130,R001,S0029,2025-10-10,2025-10-10 08:41:48,2025-10-10 08:57:42,2025-10-10 08:42:18,2025-10-10 09:01:00,15.9,passenger_boarding,avl
D25100001481,T2510002132,R003,S0068,2025-10-10,2025-10-10 08:16:00,2025-10-12 08:26:11,2025-10-10 08:16:30,2025-10-12 08:26:51,10.18,junction_bottleneck,avl
D25100001482,T2510002133,R002,S0067,2025-10-10,2025-10-10 08:33:17,2025-10-10 08:40:25,2025-10-10 08:33:47,2025-10-10 08:41:56,7.13,road_works,avl
D25100001483,T2510002134,R005,S0025,2025-10-10,2025-10-10 07:50:41,2025-10-10 08:04:18,2025-10-10 07:51:11,2025-10-10 08:05:42,13.62,road_works,avl
D25100001484,T2510002134,R005,S0015,2025-10-10,2025-10-10 08:17:00,2025-10-10 08:37:59,2025-10-10 08:17:30,2025-10-10 08:39:23,20.98,road_works,avl
D25100001485,T2510002135,R001,S0050,2025-10-10,2025-10-10 08:50:48,2025-10-10 08:43:03,2025-10-10 08:51:18,2025-10-10 08:43:58,-7.75,early_running,avl
D25100001486,T2510002141,R005,S0066,2025-10-10,2025-10-10 08:10:58,2025-10-10 08:21:28,2025-10-10 08:11:28,2025-10-10 08:23:41,10.5,road_works,avl
D25100001487,T2510002141,R005,S0087,2025-10-10,2025-10-10 08:28:00,2025-10-10 08:42:40,2025-10-10 08:28:30,2025-10-10 08:44:53,14.67,road_works,avl
D25100001488,T2510002143,R001,S0035,2025-10-10,2025-10-10 08:39:14,2025-10-10 08:46:14,2025-10-10 08:39:44,2025-10-10 08:49:32,7.0,road_works,avl
D25100001489,T2510002143,R001,S0029,2025-10-10,2025-10-10 09:01:48,2025-10-10 09:12:21,2025-10-10 09:02:18,2025-10-10 09:15:39,10.55,road_works,avl
D25100001490,T2510002145,R003,S0068,2025-10-10,2025-10-10 08:36:00,2025-10-10 08:47:16,2025-10-10 08:36:30,2025-10-10 08:47:48,11.27,road_works,avl
D25100001491,T2510002150,R001,S0034,2025-10-10,2025-10-10 08:09:04,2025-10-10 08:18:28,2025-10-10 08:09:34,2025-10-10 08:21:15,9.4,passenger_boarding,avl
D25100001492,T2510002150,R001,S0050,2025-10-10,2025-10-10 09:10:48,2025-10-10 09:33:59,2025-10-10 09:11:18,2025-10-10 09:36:46,23.18,passenger_boarding,driver_report
D25100001493,T2510002151,R001,S0035,2025-10-10,2025-10-10 08:49:14,2025-10-10 09:05:27,2025-10-10 08:49:44,2025-10-10 09:08:45,16.22,passenger_boarding,driver_report
D25100001494,T2510002151,R001,S0029,2025-10-10,2025-10-10 09:11:48,2025-10-10 09:33:35,2025-10-10 09:12:18,2025-10-10 09:36:53,21.78,passenger_boarding,avl
D25100001495,T2510002154,R003,S0076,2025-10-10,2025-10-10 08:27:15,2025-10-10 08:32:16,2025-10-10 08:27:45,2025-10-10 08:32:56,5.02,road_works,avl
D25100001496,T2510002154,R003,S0025,2025-10-10,2025-10-10 08:45:00,2025-10-10 08:59:19,2025-10-10 08:45:30,2025-10-10 08:59:58,14.32,road_works,avl
D25100001497,T2510002156,R005,S0025,2025-10-10,2025-10-10 08:20:41,2025-10-10 08:31:17,2025-10-10 08:21:11,2025-10-10 08:32:03,10.6,road_works,avl
D25100001498,T2510002156,R005,S0015,2025-10-10,2025-10-10 08:47:00,2025-10-10 09:03:18,2025-10-10 08:47:30,2025-10-10 09:04:04,16.3,road_works,avl
D25100001499,T2510002160,R003,S0068,2025-10-10,2025-10-10 08:56:00,2025-10-10 09:06:43,2025-10-10 08:56:30,2025-10-10 09:07:17,10.72,road_works,avl
D25100001500,T2510002161,R006,S0025,2025-10-10,2025-10-10 08:53:00,2025-10-10 09:02:29,2025-10-10 08:53:30,2025-10-10 09:03:26,9.48,traffic_congestion,avl
D25100001501,T2510002163,R005,S0066,2025-10-10,2025-10-10 08:40:58,2025-10-10 08:48:17,2025-10-10 08:41:28,2025-10-10 08:49:50,7.32,road_works,avl
D25100001502,T2510002163,R005,S0087,2025-10-10,2025-10-10 08:58:00,2025-10-10 09:10:07,2025-10-10 08:58:30,2025-10-10 09:11:39,12.12,road_works,avl
D25100001503,T2510002164,R001,S0034,2025-10-10,2025-10-10 08:29:04,2025-10-10 08:38:07,2025-10-10 08:29:34,2025-10-10 08:41:25,9.05,passenger_boarding,avl
D25100001504,T2510002164,R001,S0050,2025-10-10,2025-10-10 09:30:48,2025-10-10 09:48:23,2025-10-10 09:31:18,2025-10-10 09:51:41,17.58,passenger_boarding,avl
D25100001505,T2510002166,R003,S0076,2025-10-10,2025-10-10 08:47:15,2025-10-10 08:56:06,2025-10-10 08:47:45,2025-10-10 08:57:27,8.85,road_works,avl
D25100001506,T2510002166,R003,S0025,2025-10-10,2025-10-10 09:05:00,2025-10-10 09:20:12,2025-10-10 09:05:30,2025-10-10 09:21:33,15.2,road_works,avl
D25100001507,T2510002170,R001,S0035,2025-10-10,2025-10-10 09:19:14,2025-10-10 09:32:51,2025-10-10 09:19:44,2025-10-10 09:36:09,13.62,passenger_boarding,avl
D25100001508,T2510002170,R001,S0029,2025-10-10,2025-10-10 09:41:48,2025-10-10 10:00:55,2025-10-10 09:42:18,2025-10-10 10:04:13,19.12,passenger_boarding,avl
D25100001509,T2510002171,R004,S0017,2025-10-10,2025-10-10 08:51:36,2025-10-10 08:56:36,2025-10-10 08:52:06,2025-10-10 08:57:37,5.0,passenger_boarding,avl
D25100001510,T2510002172,R003,S0068,2025-10-10,2025-10-10 09:16:00,2025-10-10 09:32:22,2025-10-10 09:16:30,2025-10-10 09:33:16,16.37,road_works,avl
D25100001511,T2510002173,R002,S0067,2025-10-10,2025-10-10 09:33:17,2025-10-10 09:42:04,2025-10-10 09:33:47,2025-10-10 09:43:42,8.78,road_works,avl
D25100001512,T2510002175,R005,S0025,2025-10-10,2025-10-10 08:50:41,2025-10-10 09:00:08,2025-10-10 08:51:11,2025-10-10 09:01:09,9.45,road_works,avl
D25100001513,T2510002175,R005,S0015,2025-10-10,2025-10-10 09:17:00,2025-10-10 09:30:07,2025-10-10 09:17:30,2025-10-10 09:31:09,13.12,road_works,avl
D25100001514,T2510002176,R001,S0034,2025-10-10,2025-10-10 08:49:04,2025-10-10 08:55:38,2025-10-10 08:49:34,2025-10-10 08:58:18,6.57,road_works,avl
D25100001515,T2510002176,R001,S0050,2025-10-10,2025-10-10 09:50:48,2025-10-10 10:08:18,2025-10-10 09:51:18,2025-10-10 10:10:58,17.5,road_works,avl
D25100001516,T2510002178,R001,S9381,2025-10-10,2025-10-10 09:51:48,2025-10-10 09:48:17,2025-10-10 09:52:18,2025-10-10 09:51:35,-3.52,early_running,avl
D25100001517,T2510002184,R007,S0117,2025-10-10,2025-10-10 08:44:52,2025-10-10 08:50:22,2025-10-10 08:45:22,2025-10-10 08:51:00,5.5,passenger_boarding,avl
D25100001518,T2510002185,R005,S0066,2025-10-10,2025-10-10 09:10:58,2025-10-10 09:23:50,2025-10-10 09:11:28,2025-10-10 09:25:16,12.87,traffic_congestion,avl
D25100001519,T2510002185,R005,S0087,2025-10-10,2025-10-10 09:28:00,2025-10-10 09:46:02,2025-10-10 09:28:30,2025-10-10 09:47:28,18.03,traffic_congestion,avl
D25100001520,T2510002188,R003,S0067,2025-10-10,2025-10-10 08:49:36,2025-10-10 08:58:15,2025-10-10 08:50:06,2025-10-10 08:58:54,8.65,traffic_congestion,avl
D25100001521,T2510002188,R003,S0068,2025-10-10,2025-10-10 09:36:00,2025-10-10 10:00:14,2025-10-10 09:36:30,2025-10-10 10:00:52,24.23,traffic_congestion,avl
D25100001522,T2510002190,R002,S0067,2025-10-10,2025-10-10 09:53:17,2025-10-10 10:06:37,2025-10-10 09:53:47,2025-10-10 10:08:43,13.33,road_works,avl
D25100001523,T2510002190,R002,S0006,2025-10-10,2025-10-10 09:57:42,2025-10-10 10:11:37,2025-10-10 09:58:12,2025-10-10 10:13:43,13.92,road_works,avl
D25100001524,T2510002191,R001,S0034,2025-10-10,2025-10-10 09:09:04,2025-10-10 09:16:00,2025-10-10 09:09:34,2025-10-10 09:18:52,6.93,road_works,avl
D25100001525,T2510002191,R001,S0050,2025-10-10,2025-10-10 10:10:48,2025-10-10 10:25:44,2025-10-10 10:11:18,2025-10-10 10:28:36,14.93,road_works,avl
D25100001526,T2510002192,R001,S0035,2025-10-10,2025-10-10 09:49:14,2025-10-10 10:03:17,2025-10-10 09:49:44,2025-10-10 10:06:35,14.05,road_works,avl
D25100001527,T2510002192,R001,S0029,2025-10-10,2025-10-10 10:11:48,2025-10-10 10:30:43,2025-10-10 10:12:18,2025-10-10 10:34:01,18.92,road_works,driver_report
D25100001528,T2510002194,R003,S0025,2025-10-10,2025-10-10 09:45:00,2025-10-10 09:58:24,2025-10-10 09:45:30,2025-10-10 10:00:23,13.4,road_works,avl
D25100001529,T2510002196,R005,S0025,2025-10-10,2025-10-10 09:20:41,2025-10-10 09:30:17,2025-10-10 09:21:11,2025-10-10 09:31:02,9.6,road_works,avl
D25100001530,T2510002196,R005,S0015,2025-10-10,2025-10-10 09:47:00,2025-10-10 10:00:34,2025-10-10 09:47:30,2025-10-10 10:01:19,13.57,road_works,avl
D25100001531,T2510002198,R001,S0035,2025-10-10,2025-10-10 09:59:14,2025-10-10 10:13:22,2025-10-10 09:59:44,2025-10-10 10:16:40,14.13,passenger_boarding,avl
D25100001532,T2510002198,R001,S0029,2025-10-10,2025-10-10 10:21:48,2025-10-10 10:41:04,2025-10-10 10:22:18,2025-10-10 10:44:22,19.27,passenger_boarding,driver_report
D25100001533,T2510002203,R005,S0066,2025-10-10,2025-10-10 09:40:58,2025-10-10 09:51:11,2025-10-10 09:41:28,2025-10-10 09:52:47,10.22,road_works,avl
D25100001534,T2510002203,R005,S0087,2025-10-10,2025-10-10 09:58:00,2025-10-10 10:14:30,2025-10-10 09:58:30,2025-10-10 10:16:06,16.5,road_works,avl
D25100001535,T2510002204,R001,S0050,2025-10-10,2025-10-10 10:30:48,2025-10-10 10:44:06,2025-10-10 10:31:18,2025-10-10 10:45:17,13.3,traffic_congestion,avl
D25100001536,T2510002207,R003,S0076,2025-10-10,2025-10-10 09:47:15,2025-10-10 09:52:25,2025-10-10 09:47:45,2025-10-10 09:53:52,5.17,road_works,avl
D25100001537,T2510002207,R003,S0025,2025-10-10,2025-10-10 10:05:00,2025-10-10 10:17:55,2025-10-10 10:05:30,2025-10-10 10:19:21,12.92,road_works,avl
D25100001538,T2510002213,R001,S0035,2025-10-10,2025-10-10 10:19:14,2025-10-10 10:37:05,2025-10-10 10:19:44,2025-10-10 10:40:23,17.85,passenger_boarding,driver_report
D25100001539,T2510002213,R001,S0029,2025-10-10,2025-10-10 10:41:48,2025-10-10 11:06:18,2025-10-10 10:42:18,2025-10-10 11:09:36,24.5,passenger_boarding,avl
D25100001540,T2510002216,R003,S0068,2025-10-10,2025-10-10 10:16:00,2025-10-10 10:26:04,2025-10-10 10:16:30,2025-10-10 10:26:42,10.07,junction_bottleneck,avl
D25100001541,T2510002217,R002,S0067,2025-10-10,2025-10-10 10:33:17,2025-10-10 10:47:26,2025-10-10 10:33:47,2025-10-10 10:49:31,14.15,road_works,avl
D25100001542,T2510002217,R002,S0006,2025-10-10,2025-10-10 10:37:42,2025-10-10 10:52:19,2025-10-10 10:38:12,2025-10-10 10:54:23,14.62,road_works,avl
D25100001543,T2510002220,R001,S0035,2025-10-10,2025-10-10 10:29:14,2025-10-10 10:36:20,2025-10-10 10:29:44,2025-10-10 10:38:43,7.1,road_works,avl
D25100001544,T2510002222,R003,S0025,2025-10-10,2025-10-10 10:25:00,2025-10-10 10:37:31,2025-10-10 10:25:30,2025-10-10 10:38:34,12.52,junction_bottleneck,avl
D25100001545,T2510002225,R005,S0066,2025-10-10,2025-10-10 10:10:58,2025-10-10 10:24:39,2025-10-10 10:11:28,2025-10-10 10:26:07,13.68,road_works,avl
D25100001546,T2510002225,R005,S0087,2025-10-10,2025-10-10 10:28:00,2025-10-10 10:49:49,2025-10-10 10:28:30,2025-10-10 10:51:17,21.82,road_works,avl
D25100001547,T2510002226,R001,S0050,2025-10-10,2025-10-10 11:00:48,2025-10-10 11:12:58,2025-10-10 11:01:18,2025-10-10 11:14:56,12.17,road_works,avl
D25100001548,T2510002228,R003,S0068,2025-10-10,2025-10-10 10:36:00,2025-10-10 10:51:46,2025-10-10 10:36:30,2025-10-10 10:52:24,15.77,road_works,avl
D25100001549,T2510002231,R001,S0034,2025-10-10,2025-10-10 10:09:04,2025-10-10 10:16:08,2025-10-10 10:09:34,2025-10-10 10:19:13,7.07,road_works,avl
D25100001550,T2510002231,R001,S0050,2025-10-10,2025-10-10 11:10:48,2025-10-10 11:28:13,2025-10-10 11:11:18,2025-10-10 11:31:18,17.42,road_works,driver_report
D25100001551,T2510002232,R001,S0035,2025-10-10,2025-10-10 10:49:14,2025-10-10 10:57:43,2025-10-10 10:49:44,2025-10-10 11:01:01,8.48,passenger_boarding,avl
D25100001552,T2510002232,R001,S0029,2025-10-10,2025-10-10 11:11:48,2025-10-10 11:23:11,2025-10-10 11:12:18,2025-10-10 11:26:29,11.38,passenger_boarding,avl
D25100001553,T2510002233,R004,S0017,2025-10-10,2025-10-10 10:21:36,2025-10-10 10:28:57,2025-10-10 10:22:06,2025-10-10 10:29:57,7.35,passenger_boarding,avl
D25100001554,T2510002234,R003,S0025,2025-10-10,2025-10-10 10:45:00,2025-10-10 10:57:06,2025-10-10 10:45:30,2025-10-10 10:58:28,12.1,traffic_congestion,avl
D25100001555,T2510002237,R005,S0025,2025-10-10,2025-10-10 10:20:41,2025-10-10 10:26:16,2025-10-10 10:21:11,2025-10-10 10:26:51,5.58,road_works,avl
D25100001556,T2510002239,R008,S0120,2025-10-10,2025-10-10 10:14:30,2025-10-10 10:12:07,2025-10-10 10:15:00,2025-10-10 10:12:36,-2.38,early_running,avl
D25100001557,T2510002241,R001,S0035,2025-10-10,2025-10-10 11:01:40,2025-10-10 11:07:34,2025-10-10 11:02:10,2025-10-10 11:09:32,5.9,road_works,avl
D25100001558,T2510002243,R001,S0050,2025-10-10,2025-10-10 11:25:18,2025-10-10 11:35:19,2025-10-10 11:25:48,2025-10-10 11:38:08,10.02,road_works,avl
D25100001559,T2510002247,R001,S0035,2025-10-10,2025-10-10 11:16:40,2025-10-10 11:23:12,2025-10-10 11:17:10,2025-10-10 11:26:30,6.53,road_works,avl
D25100001560,T2510002249,R001,S0034,2025-10-10,2025-10-10 10:46:35,2025-10-10 10:57:00,2025-10-10 10:47:05,2025-10-10 10:59:18,10.42,road_works,avl
D25100001561,T2510002249,R001,S0050,2025-10-10,2025-10-10 11:40:18,2025-10-10 11:59:57,2025-10-10 11:40:48,2025-10-10 12:02:15,19.65,road_works,driver_report
D25100001562,T2510002253,R005,S0066,2025-10-10,2025-10-10 11:06:16,2025-10-10 11:17:27,2025-10-10 11:06:46,2025-10-10 11:19:03,11.18,road_works,avl
D25100001563,T2510002253,R005,S0087,2025-10-10,2025-10-10 11:20:48,2025-10-10 11:36:13,2025-10-10 11:21:18,2025-10-10 11:37:49,15.42,road_works,avl
D25100001564,T2510002261,R007,S0109,2025-10-10,2025-10-10 11:15:30,2025-10-10 11:13:15,2025-10-10 11:16:00,2025-10-10 11:13:49,-2.25,early_running,avl
D25100001565,T2510002266,R001,S0035,2025-10-10,2025-10-10 12:01:40,2025-10-10 12:08:18,2025-10-10 12:02:10,2025-10-10 12:10:02,6.63,road_works,avl
D25100001566,T2510002269,R002,S0051,2025-10-10,2025-10-10 12:16:12,2025-10-10 12:27:40,2025-10-10 12:16:42,2025-10-10 12:28:43,11.47,road_works,avl
D25100001567,T2510002272,R001,S0035,2025-10-10,2025-10-10 12:16:40,2025-10-10 12:22:01,2025-10-10 12:17:10,2025-10-10 12:24:20,5.35,road_works,avl
D25100001568,T2510002273,R005,S0025,2025-10-10,2025-10-10 11:47:21,2025-10-10 11:53:37,2025-10-10 11:47:51,2025-10-10 11:55:13,6.27,road_works,avl
D25100001569,T2510002274,R001,S0050,2025-10-10,2025-10-10 12:40:18,2025-10-10 12:55:00,2025-10-10 12:40:48,2025-10-10 12:58:18,14.7,road_works,avl
D25100001570,T2510002278,R002,S0067,2025-10-10,2025-10-10 12:31:34,2025-10-10 12:42:09,2025-10-10 12:32:04,2025-10-10 12:43:16,10.58,road_works,avl
D25100001571,T2510002278,R002,S0006,2025-10-10,2025-10-10 12:35:12,2025-10-10 12:46:12,2025-10-10 12:35:42,2025-10-10 12:47:20,11.0,road_works,avl
D25100001572,T2510002281,R003,S0025,2025-10-10,2025-10-10 12:26:00,2025-10-10 12:37:25,2025-10-10 12:26:30,2025-10-10 12:38:06,11.42,road_works,avl
D25100001573,T2510002285,R003,S0068,2025-10-10,2025-10-10 12:37:00,2025-10-10 12:50:57,2025-10-10 12:37:30,2025-10-10 12:51:51,13.95,road_works,avl
D25100001574,T2510002287,R001,S0050,2025-10-10,2025-10-10 13:10:18,2025-10-10 13:21:27,2025-10-10 13:10:48,2025-10-10 13:22:49,11.15,road_works,avl
D25100001575,T2510002288,R002,S0067,2025-10-10,2025-10-10 13:01:34,2025-10-10 13:11:01,2025-10-10 13:02:04,2025-10-10 13:11:43,9.45,road_works,avl
D25100001576,T2510002289,R001,S0035,2025-10-10,2025-10-10 13:01:40,2025-10-10 13:07:37,2025-10-10 13:02:10,2025-10-10 13:09:27,5.95,road_works,avl
D25100001577,T2510002298,R001,S0035,2025-10-10,2025-10-10 13:16:40,2025-10-10 13:22:57,2025-10-10 13:17:10,2025-10-10 13:25:25,6.28,road_works,avl
D25100001578,T2510002304,R005,S0066,2025-10-10,2025-10-10 13:06:16,2025-10-10 13:12:42,2025-10-10 13:06:46,2025-10-10 13:13:34,6.43,passenger_boarding,avl
D25100001579,T2510002305,R001,S0035,2025-10-10,2025-10-10 13:31:40,2025-10-10 13:39:10,2025-10-10 13:32:10,2025-10-10 13:41:37,7.5,road_works,avl
D25100001580,T2510002313,R008,S0125,2025-10-10,2025-10-10 13:04:55,2025-10-10 13:12:31,2025-10-10 13:05:25,2025-10-10 13:13:41,7.6,passenger_boarding,avl
D25100001581,T2510002313,R008,S0120,2025-10-10,2025-10-10 13:14:30,2025-10-10 13:25:49,2025-10-10 13:15:00,2025-10-10 13:26:59,11.32,passenger_boarding,avl
D25100001582,T2510002314,R002,S0067,2025-10-10,2025-10-10 14:01:34,2025-10-10 14:14:22,2025-10-10 14:02:04,2025-10-10 14:14:56,12.8,road_works,avl
D25100001583,T2510002314,R002,S0006,2025-10-10,2025-10-10 14:05:12,2025-10-10 14:18:26,2025-10-10 14:05:42,2025-10-10 14:19:00,13.23,road_works,avl
D25100001584,T2510002315,R001,S0029,2025-10-10,2025-10-10 14:21:18,2025-10-10 14:17:24,2025-10-10 14:21:48,2025-10-10 14:18:28,-3.9,early_running,avl
D25100001585,T2510002317,R001,S0034,2025-10-10,2025-10-10 13:31:35,2025-10-10 13:38:43,2025-10-10 13:32:05,2025-10-10 13:41:09,7.13,road_works,avl
D25100001586,T2510002317,R001,S0050,2025-10-10,2025-10-10 14:25:18,2025-10-10 14:37:07,2025-10-10 14:25:48,2025-10-10 14:30:19,11.82,road_works,avl
D25100001587,T2510002322,R005,S0025,2025-10-10,2025-10-10 13:47:21,2025-10-10 13:52:49,2025-10-10 13:47:51,2025-10-10 13:53:43,5.47,road_works,avl
D25100001588,T2510002327,R005,S0066,2025-10-10,2025-10-10 14:06:16,2025-10-10 14:16:01,2025-10-10 14:06:46,2025-10-10 14:17:06,9.75,road_works,avl
D25100001589,T2510002327,R005,S0087,2025-10-10,2025-10-10 14:20:48,2025-10-10 14:33:03,2025-10-10 14:21:18,2025-10-10 14:34:08,12.25,road_works,avl
D25100001590,T2510002339,R002,S0067,2025-10-10,2025-10-10 15:01:34,2025-10-10 15:15:45,2025-10-10 15:02:04,2025-10-10 15:16:37,14.18,road_works,avl
D25100001591,T2510002339,R002,S0006,2025-10-10,2025-10-10 15:05:12,2025-10-10 15:19:49,2025-10-10 15:05:42,2025-10-10 15:20:40,14.62,road_works,avl
D25100001592,T2510002347,R005,S0025,2025-10-10,2025-10-10 14:47:21,2025-10-10 14:53:10,2025-10-10 14:47:51,2025-10-10 14:55:03,5.82,road_works,avl
D25100001593,T2510002348,R001,S0050,2025-10-10,2025-10-10 15:40:18,2025-10-10 15:53:13,2025-10-10 15:40:48,2025-10-10 15:56:31,12.92,passenger_boarding,avl
D25100001594,T2510002351,R006,S0025,2025-10-10,2025-10-10 15:16:00,2025-10-10 15:13:30,2025-10-10 15:16:30,2025-10-10 15:14:03,-2.5,early_running,avl
D25100001595,T2510002355,R003,S0076,2025-10-10,2025-10-10 15:11:23,2025-10-10 15:20:26,2025-10-10 15:11:53,2025-10-10 15:21:56,9.05,passenger_boarding,avl
D25100001596,T2510002355,R003,S0025,2025-10-10,2025-10-10 15:26:00,2025-10-10 15:41:27,2025-10-10 15:26:30,2025-10-10 15:42:57,15.45,passenger_boarding,avl
D25100001597,T2510002359,R003,S0067,2025-10-10,2025-10-10 14:58:47,2025-10-10 15:05:52,2025-10-10 14:59:17,2025-10-10 15:06:36,7.08,road_works,avl
D25100001598,T2510002359,R003,S0068,2025-10-10,2025-10-10 15:37:00,2025-10-10 15:49:33,2025-10-10 15:37:30,2025-10-10 15:50:17,12.55,road_works,avl
D25100001599,T2510002361,R001,S0050,2025-10-10,2025-10-10 16:10:18,2025-10-10 16:21:56,2025-10-10 16:10:48,2025-10-10 16:25:14,11.63,road_works,avl
D25100001600,T2510002362,R002,S0067,2025-10-10,2025-10-10 16:01:34,2025-10-10 16:12:42,2025-10-10 16:02:04,2025-10-10 16:13:38,11.13,road_works,avl
D25100001601,T2510002362,R002,S0006,2025-10-10,2025-10-10 16:05:12,2025-10-10 16:16:47,2025-10-10 16:05:42,2025-10-10 16:17:43,11.58,road_works,avl
D25100001602,T2510002366,R001,S0050,2025-10-10,2025-10-10 16:25:18,2025-10-10 16:35:21,2025-10-10 16:25:48,2025-10-10 16:38:39,10.05,road_works,avl
D25100001603,T2510002372,R001,S0029,2025-10-10,2025-10-10 16:36:18,2025-10-10 16:33:18,2025-10-10 16:36:48,2025-10-10 16:35:56,-3.0,early_running,avl
D25100001604,T2510002377,R002,S0067,2025-10-10,2025-10-10 16:31:34,2025-10-10 16:38:04,2025-10-10 16:32:04,2025-10-10 16:39:00,6.5,road_works,avl
D25100001605,T2510002385,R001,S0035,2025-10-10,2025-10-10 16:46:40,2025-10-10 16:58:59,2025-10-10 16:47:10,2025-10-10 17:02:17,12.32,passenger_boarding,avl
D25100001606,T2510002385,R001,S0029,2025-10-10,2025-10-10 17:06:18,2025-10-10 17:22:46,2025-10-10 17:06:48,2025-10-10 17:26:04,16.47,passenger_boarding,avl
D25100001607,T2510002386,R001,S0034,2025-10-10,2025-10-10 16:20:03,2025-10-10 16:30:33,2025-10-10 16:20:33,2025-10-10 16:33:51,10.5,passenger_boarding,avl
D25100001608,T2510002386,R001,S0050,2025-10-10,2025-10-10 17:25:00,2025-10-10 17:56:02,2025-10-10 17:25:30,2025-10-10 17:59:20,31.03,passenger_boarding,avl
D25100001609,T2510002388,R001,S0029,2025-10-10,2025-10-10 17:26:00,2025-10-10 17:23:50,2025-10-10 17:26:30,2025-10-10 17:24:24,-2.17,early_running,avl
D25100001610,T2510002393,R002,S0067,2025-10-10,2025-10-10 17:15:43,2025-10-10 17:29:59,2025-10-10 17:16:13,2025-10-10 17:31:13,14.27,passenger_boarding,avl
D25100001611,T2510002393,R002,S0006,2025-10-10,2025-10-10 17:20:18,2025-10-10 17:35:08,2025-10-10 17:20:48,2025-10-10 17:36:23,14.83,passenger_boarding,avl
D25100001612,T2510002395,R005,S0066,2025-10-10,2025-10-10 16:42:09,2025-10-10 16:50:17,2025-10-10 16:42:39,2025-10-10 16:51:15,8.13,road_works,avl
D25100001613,T2510002395,R005,S0087,2025-10-10,2025-10-10 16:59:48,2025-10-10 17:13:10,2025-10-10 17:00:18,2025-10-10 17:14:08,13.37,road_works,avl
D25100001614,T2510002396,R001,S0050,2025-10-10,2025-10-10 17:35:00,2025-10-10 17:45:36,2025-10-10 17:35:30,2025-10-10 17:48:54,10.6,road_works,avl
D25100001615,T2510002397,R001,S0035,2025-10-10,2025-10-10 17:12:15,2025-10-10 17:17:41,2025-10-10 17:12:45,2025-10-10 17:19:26,5.43,road_works,avl
D25100001616,T2510002398,R003,S0076,2025-10-10,2025-10-10 16:48:30,2025-10-10 16:58:46,2025-10-10 16:49:00,2025-10-10 16:59:40,10.27,road_works,avl
D25100001617,T2510002398,R003,S0025,2025-10-10,2025-10-10 17:06:54,2025-10-10 17:26:19,2025-10-10 17:07:24,2025-10-10 17:27:13,19.42,road_works,avl
D25100001618,T2510002400,R002,S0067,2025-10-10,2025-10-10 16:22:35,2025-10-10 16:28:58,2025-10-10 16:23:05,2025-10-10 16:30:01,6.38,traffic_congestion,avl
D25100001619,T2510002400,R002,S0051,2025-10-10,2025-10-10 17:31:18,2025-10-10 17:51:26,2025-10-10 17:31:48,2025-10-10 17:52:29,20.13,traffic_congestion,avl
D25100001620,T2510002402,R001,S0035,2025-10-10,2025-10-10 17:22:15,2025-10-10 17:32:28,2025-10-10 17:22:45,2025-10-10 17:34:45,10.22,road_works,avl
D25100001621,T2510002402,R001,S0029,2025-10-10,2025-10-10 17:46:00,2025-10-10 18:01:22,2025-10-10 17:46:30,2025-10-10 18:03:39,15.37,road_works,avl
D25100001622,T2510002403,R004,S0017,2025-10-10,2025-10-10 16:52:42,2025-10-10 17:04:42,2025-10-10 16:53:12,2025-10-10 17:06:55,12.0,passenger_boarding,avl
D25100001623,T2510002407,R001,S0034,2025-10-10,2025-10-10 16:50:03,2025-10-10 16:57:12,2025-10-10 16:50:33,2025-10-10 17:00:30,7.15,passenger_boarding,avl
D25100001624,T2510002407,R001,S0050,2025-10-10,2025-10-10 17:55:00,2025-10-10 18:14:22,2025-10-10 17:55:30,2025-10-10 18:17:40,19.37,passenger_boarding,driver_report
D25100001625,T2510002408,R001,S0035,2025-10-10,2025-10-10 17:32:15,2025-10-10 17:44:46,2025-10-10 17:32:45,2025-10-10 17:48:01,12.52,road_works,avl
D25100001626,T2510002408,R001,S0029,2025-10-10,2025-10-10 17:56:00,2025-10-10 18:14:12,2025-10-10 17:56:30,2025-10-10 18:17:26,18.2,road_works,driver_report
D25100001627,T2510002410,R003,S0025,2025-10-10,2025-10-10 17:26:54,2025-10-10 17:38:15,2025-10-10 17:27:24,2025-10-10 17:28:51,11.35,road_works,avl
D25100001628,T2510002412,R002,S0051,2025-10-10,2025-10-10 17:51:18,2025-10-10 18:02:57,2025-10-10 17:51:48,2025-10-10 18:04:42,11.65,road_works,avl
D25100001629,T2510002414,R001,S0050,2025-10-10,2025-10-10 18:05:00,2025-10-10 18:16:41,2025-10-10 18:05:30,2025-10-10 18:19:59,11.68,road_works,avl
D25100001630,T2510002415,R001,S0035,2025-10-10,2025-10-10 17:42:15,2025-10-10 17:50:44,2025-10-10 17:42:45,2025-10-10 17:51:48,8.48,road_works,avl
D25100001631,T2510002415,R001,S0029,2025-10-10,2025-10-10 18:06:00,2025-10-10 18:17:23,2025-10-10 18:06:30,2025-10-10 18:18:26,11.38,road_works,avl
D25100001632,T2510002416,R007,S0118,2025-10-10,2025-10-10 17:03:48,2025-10-10 17:16:53,2025-10-10 17:04:18,2025-10-10 17:18:08,13.08,passenger_boarding,avl
D25100001633,T2510002416,R007,S0028,2025-10-10,2025-10-10 17:07:54,2025-10-10 17:23:22,2025-10-10 17:08:24,2025-10-10 17:24:37,15.47,passenger_boarding,driver_report
D25100001634,T2510002417,R003,S0068,2025-10-10,2025-10-10 17:37:54,2025-10-10 17:55:58,2025-10-10 17:38:24,2025-10-10 17:57:52,18.07,road_works,avl
D25100001635,T2510002419,R006,S0103,2025-10-10,2025-10-10 17:07:19,2025-10-10 17:13:48,2025-10-10 17:07:49,2025-10-10 17:14:48,6.48,traffic_congestion,avl
D25100001636,T2510002419,R006,S0094,2025-10-10,2025-10-10 17:35:48,2025-10-10 17:50:46,2025-10-10 17:36:18,2025-10-10 17:51:46,-720.0,traffic_congestion,avl
D25100001637,T2510002420,R002,S0067,2025-10-10,2025-10-10 17:55:43,2025-10-10 18:00:55,2025-10-10 17:56:13,2025-10-10 18:01:58,5.2,road_works,avl
D25100001638,T2510002422,R001,S0034,2025-10-10,2025-10-10 17:10:03,2025-10-10 17:15:41,2025-10-10 17:10:33,2025-10-10 17:18:59,5.63,road_works,avl
D25100001639,T2510002422,R001,S0050,2025-10-10,2025-10-10 18:15:00,2025-10-10 18:30:40,2025-10-10 18:15:30,2025-10-10 18:33:58,15.67,road_works,avl
D25100001640,T2510002423,R001,S0035,2025-10-10,2025-10-10 17:52:15,2025-10-10 17:58:12,2025-10-10 17:52:45,2025-10-10 17:59:22,5.95,road_works,avl
D25100001641,T2510002426,R003,S9142,2025-10-10,2025-10-10 17:46:54,2025-10-10 17:58:45,2025-10-10 17:47:24,2025-10-10 17:59:46,11.85,road_works,avl
D25100001642,T2510002428,R005,S0025,2025-10-10,2025-10-10 17:21:31,2025-10-10 17:40:43,2025-10-10 17:22:01,2025-10-10 17:44:01,19.2,passenger_boarding,driver_report
D25100001643,T2510002428,R005,S0015,2025-10-10,2025-10-10 17:48:48,2025-10-10 18:18:34,2025-10-10 17:49:18,2025-10-10 18:21:52,29.77,passenger_boarding,avl
D25100001644,T2510002430,R001,S0035,2025-10-10,2025-10-10 18:02:15,2025-10-10 18:12:56,2025-10-10 18:02:45,2025-10-10 18:15:44,10.68,road_works,avl
D25100001645,T2510002430,R001,S0029,2025-10-10,2025-10-10 18:26:00,2025-10-10 18:41:43,2025-10-10 18:26:30,2025-10-10 18:44:31,15.72,road_works,avl
D25100001646,T2510002431,R004,S0086,2025-10-10,2025-10-10 17:06:28,2025-10-10 17:11:51,2025-10-10 17:06:58,2025-10-10 17:12:39,5.38,traffic_congestion,avl
D25100001647,T2510002432,R003,S0068,2025-10-10,2025-10-10 17:57:54,2025-10-10 18:08:43,2025-10-10 17:58:24,2025-10-10 18:10:02,10.82,road_works,avl
D25100001648,T2510002434,R002,S0067,2025-10-10,2025-10-10 18:15:43,2025-10-10 18:31:12,2025-10-10 18:16:13,2025-10-10 18:32:13,15.48,road_works,driver_report
D25100001649,T2510002434,R002,S9989,2025-10-10,2025-10-10 18:20:18,2025-10-10 18:36:12,2025-10-10 18:20:48,2025-10-10 18:37:13,15.9,road_works,avl
D25100001650,T2510002435,R005,S0066,2025-10-10,2025-10-10 17:42:09,2025-10-10 18:03:11,2025-10-10 17:42:39,2025-10-10 18:05:39,21.03,passenger_boarding,avl
D25100001651,T2510002435,R005,S0087,2025-10-10,2025-10-10 17:59:48,2025-10-10 18:32:02,2025-10-10 18:00:18,2025-10-10 18:34:30,32.23,passenger_boarding,avl
D25100001652,T2510002436,R001,S0034,2025-10-10,2025-10-10 17:30:03,2025-10-10 17:38:04,2025-10-10 17:30:33,2025-10-10 17:41:22,8.02,passenger_boarding,avl
D25100001653,T2510002436,R001,S0050,2025-10-10,2025-10-10 18:35:00,2025-10-10 18:57:30,2025-10-10 18:35:30,2025-10-10 19:00:48,22.5,passenger_boarding,driver_report
D25100001654,T2510002437,R001,S0035,2025-10-10,2025-10-10 18:12:15,2025-10-10 18:23:16,2025-10-10 18:12:45,2025-10-10 18:25:42,11.02,traffic_congestion,avl
D25100001655,T2510002437,R001,S0029,2025-10-10,2025-10-10 18:36:00,2025-10-10 18:51:49,2025-10-10 18:36:30,2025-10-10 18:54:16,15.82,traffic_congestion,driver_report
D25100001656,T2510002438,R003,S0076,2025-10-10,2025-10-10 17:48:30,2025-10-10 17:54:22,2025-10-10 17:49:00,2025-10-10 17:55:12,5.87,junction_bottleneck,avl
D25100001657,T2510002438,R003,S0025,2025-10-10,2025-10-10 18:06:54,2025-10-10 18:21:33,2025-10-10 18:07:24,2025-10-10 18:22:22,14.65,junction_bottleneck,avl
D25100001658,T2510002441,R001,S0050,2025-10-10,2025-10-10 18:45:00,2025-10-10 18:56:27,2025-10-10 18:45:30,2025-10-10 18:59:45,11.45,road_works,avl
D25100001659,T2510002447,R005,S0025,2025-10-10,2025-10-10 17:51:31,2025-10-10 18:06:26,2025-10-10 17:52:01,2025-10-10 18:08:34,14.92,junction_bottleneck,avl
D25100001660,T2510002447,R005,S0015,2025-10-10,2025-10-10 18:18:48,2025-10-10 18:41:16,2025-10-10 18:19:18,2025-10-10 18:43:24,22.47,junction_bottleneck,avl
D25100001661,T2510002448,R001,S0050,2025-10-10,2025-10-10 18:55:00,2025-10-10 19:08:22,2025-10-10 18:55:30,2025-10-10 19:11:40,13.37,road_works,avl
D25100001662,T2510002450,R001,S0035,2025-10-10,2025-10-10 18:32:15,2025-10-10 18:40:55,2025-10-10 18:32:45,2025-10-10 18:42:21,8.67,traffic_congestion,avl
D25100001663,T2510002450,R001,S0029,2025-10-10,2025-10-10 18:56:00,2025-10-10 19:08:32,2025-10-10 18:56:30,2025-10-10 19:09:58,12.53,traffic_congestion,avl
D25100001664,T2510002454,R006,S0025,2025-10-10,2025-10-10 18:24:48,2025-10-10 18:34:27,2025-10-10 18:25:18,2025-10-10 18:35:08,9.65,passenger_boarding,avl
D25100001665,T2510002457,R005,S0066,2025-10-10,2025-10-10 18:12:09,2025-10-10 18:22:15,2025-10-10 18:12:39,2025-10-10 18:23:19,10.1,road_works,avl
D25100001666,T2510002457,R005,S0087,2025-10-10,2025-10-10 18:29:48,2025-10-10 18:46:06,2025-10-10 18:30:18,2025-10-10 18:47:09,16.3,road_works,avl
D25100001667,T2510002459,R001,S0035,2025-10-10,2025-10-10 18:42:15,2025-10-10 18:50:31,2025-10-10 18:42:45,2025-10-10 18:52:18,8.27,road_works,avl
D25100001668,T2510002459,R001,S0029,2025-10-10,2025-10-10 19:06:00,2025-10-10 19:18:26,2025-10-10 19:06:30,2025-10-10 19:20:13,12.43,road_works,avl
D25100001669,T2510002460,R003,S0067,2025-10-10,2025-10-10 17:49:46,2025-10-10 17:55:56,2025-10-10 17:50:16,2025-10-10 17:57:36,6.17,junction_bottleneck,avl
D25100001670,T2510002460,R003,S0068,2025-10-10,2025-10-10 18:37:54,2025-10-10 18:55:06,2025-10-10 18:38:24,2025-10-10 18:56:47,17.2,junction_bottleneck,avl
D25100001671,T2510002461,R006,S0094,2025-10-10,2025-10-10 18:35:48,2025-10-10 18:32:59,2025-10-10 18:36:18,2025-10-10 18:33:35,-2.82,early_running,avl
D25100001672,T2510002462,R002,S0067,2025-10-10,2025-10-10 18:55:43,2025-10-10 19:05:00,2025-10-10 18:56:13,2025-10-10 19:05:54,9.28,road_works,avl
D25100001673,T2510002463,R001,S0050,2025-10-10,2025-10-10 19:15:00,2025-10-10 19:25:07,2025-10-10 19:15:30,2025-10-10 19:28:25,10.12,passenger_boarding,avl
D25100001674,T2510002466,R003,S0076,2025-10-10,2025-10-10 18:28:30,2025-10-10 18:35:21,2025-10-10 18:29:00,2025-10-10 18:36:15,6.85,road_works,avl
D25100001675,T2510002466,R003,S0025,2025-10-10,2025-10-10 18:46:54,2025-10-10 19:05:49,2025-10-10 18:47:24,2025-10-10 19:06:43,18.92,road_works,avl
D25100001676,T2510002467,R002,S0067,2025-10-10,2025-10-10 18:02:35,2025-10-10 18:09:32,2025-10-10 18:03:05,2025-10-10 18:11:52,6.95,road_works,avl
D25100001677,T2510002467,R002,S0051,2025-10-10,2025-10-10 19:11:18,2025-10-10 19:25:48,2025-10-10 19:11:48,2025-10-10 19:28:07,14.5,road_works,avl
D25100001678,T2510002468,R005,S0025,2025-10-10,2025-10-10 18:21:31,2025-10-10 18:28:09,2025-10-10 18:22:01,2025-10-10 18:30:10,6.63,junction_bottleneck,avl
D25100001679,T2510002468,R005,S0015,2025-10-10,2025-10-10 18:48:48,2025-10-10 18:59:10,2025-10-10 18:49:18,2025-10-10 19:01:11,10.37,junction_bottleneck,avl
D25100001680,T2510002470,R001,S0035,2025-10-10,2025-10-10 19:02:15,2025-10-10 19:23:29,2025-10-10 19:02:45,2025-10-10 19:26:47,21.23,passenger_boarding,avl
D25100001681,T2510002470,R001,S9135,2025-10-10,2025-10-10 19:26:00,2025-10-10 19:55:29,2025-10-10 19:26:30,2025-10-10 19:58:47,29.48,passenger_boarding,avl
D25100001682,T2510002472,R003,S0068,2025-10-10,2025-10-10 18:57:54,2025-10-10 19:11:25,2025-10-10 18:58:24,2025-10-10 19:12:44,13.52,road_works,avl
D25100001683,T2510002475,R005,S0015,2025-10-10,2025-10-10 18:08:30,2025-10-10 18:24:04,2025-10-10 18:09:00,2025-10-10 18:24:34,15.57,late_vehicle,avl
D25100001684,T2510002475,R005,S0087,2025-10-10,2025-10-10 18:59:48,2025-10-10 19:34:20,2025-10-10 19:00:18,2025-10-10 19:35:12,34.53,late_vehicle,driver_report
D25100001685,T2510002476,R001,S0034,2025-10-10,2025-10-10 18:30:03,2025-10-10 18:35:33,2025-10-10 18:30:33,2025-10-10 18:38:51,5.5,passenger_boarding,avl
D25100001686,T2510002476,R001,S0050,2025-10-10,2025-10-10 19:35:00,2025-10-10 19:50:56,2025-10-10 19:35:30,2025-10-10 19:54:14,15.93,passenger_boarding,avl
D25100001687,T2510002477,R001,S0035,2025-10-10,2025-10-10 19:12:15,2025-10-10 19:18:59,2025-10-10 19:12:45,2025-10-10 19:20:17,6.73,road_works,avl
D25100001688,T2510002479,R003,S0076,2025-10-10,2025-10-10 18:48:30,2025-10-10 18:57:35,2025-10-10 18:49:00,2025-10-10 18:58:26,9.08,road_works,avl
D25100001689,T2510002479,R003,S0025,2025-10-10,2025-10-10 19:06:54,2025-10-10 19:24:09,2025-10-10 19:07:24,2025-10-10 19:25:01,17.25,road_works,driver_report
D25100001690,T2510002484,R001,S0034,2025-10-10,2025-10-10 18:40:03,2025-10-10 18:45:28,2025-10-10 18:40:33,2025-10-10 18:48:46,5.42,passenger_boarding,avl
D25100001691,T2510002484,R001,S0050,2025-10-10,2025-10-10 19:45:00,2025-10-10 20:00:10,2025-10-10 19:45:30,2025-10-10 20:03:28,15.17,passenger_boarding,driver_report
D25100001692,T2510002485,R001,S0035,2025-10-10,2025-10-10 19:22:15,2025-10-10 19:29:53,2025-10-10 19:22:45,2025-10-10 19:31:14,7.63,road_works,avl
D25100001693,T2510002485,R001,S0029,2025-10-10,2025-10-10 19:46:00,2025-10-10 19:57:28,2025-10-10 19:46:30,2025-10-10 19:58:50,11.47,road_works,avl
D25100001694,T2510002488,R003,S0068,2025-10-10,2025-10-10 19:17:54,2025-10-10 19:31:24,2025-10-10 19:18:24,2025-10-10 19:32:28,13.5,traffic_congestion,avl
D25100001695,T2510002489,R002,S0067,2025-10-10,2025-10-10 19:35:43,2025-10-09 19:51:38,2025-10-10 19:36:13,2025-10-09 19:52:42,15.92,passenger_boarding,avl
D25100001696,T2510002489,R002,S0006,2025-10-10,2025-10-10 19:40:18,2025-10-10 19:56:54,2025-10-10 19:40:48,2025-10-10 19:57:58,16.6,passenger_boarding,driver_report
D25100001697,T2510002490,R005,S0087,2025-10-10,2025-10-10 18:27:30,2025-10-10 18:37:32,2025-10-10 18:28:00,2025-10-10 18:35:22,10.03,late_vehicle,avl
D25100001698,T2510002490,R005,S0015,2025-10-10,2025-10-10 19:18:48,2025-10-10 19:46:55,2025-10-10 19:19:18,2025-10-10 19:48:13,28.12,late_vehicle,avl
D25100001699,T2510002491,R001,S0034,2025-10-10,2025-10-10 18:50:03,2025-10-10 18:57:49,2025-10-10 18:50:33,2025-10-10 19:01:07,7.77,traffic_congestion,avl
D25100001700,T2510002491,R001,S0050,2025-10-10,2025-10-10 19:55:00,2025-10-10 20:17:57,2025-10-10 19:55:30,2025-10-10 20:21:15,22.95,traffic_congestion,avl
D25100001701,T2510002492,R001,S0035,2025-10-10,2025-10-10 19:32:15,2025-10-10 19:41:59,2025-10-10 19:32:45,2025-10-10 19:44:24,9.73,traffic_congestion,avl
D25100001702,T2510002492,R001,S0029,2025-10-10,2025-10-10 19:56:00,2025-10-10 20:10:38,2025-10-10 19:56:30,2025-10-10 20:13:03,14.63,traffic_congestion,avl
D25100001703,T2510002495,R006,S0025,2025-10-10,2025-10-10 19:24:48,2025-10-10 19:20:36,2025-10-10 19:25:18,2025-10-10 19:21:02,-4.2,early_running,avl
D25100001704,T2510002496,R002,S0067,2025-10-10,2025-10-10 18:42:35,2025-10-10 18:48:23,2025-10-10 18:43:05,2025-10-10 18:49:20,5.8,road_works,avl
D25100001705,T2510002496,R002,S0051,2025-10-10,2025-10-10 19:51:18,2025-10-10 20:06:16,2025-10-10 19:51:48,2025-10-10 20:07:14,14.97,road_works,avl
D25100001706,T2510002497,R005,S0066,2025-10-10,2025-10-10 19:12:09,2025-10-10 19:31:09,2025-10-10 19:12:39,2025-10-10 19:31:50,19.0,road_works,driver_report
D25100001707,T2510002497,R005,S0087,2025-10-10,2025-10-10 19:29:48,2025-10-10 19:55:50,2025-10-10 19:30:18,2025-10-10 19:56:31,26.03,road_works,avl
D25100001708,T2510002499,R001,S0035,2025-10-10,2025-10-10 19:42:15,2025-10-10 19:56:52,2025-10-10 19:42:45,2025-10-10 19:59:46,14.62,traffic_congestion,avl
D25100001709,T2510002499,R001,S0029,2025-10-10,2025-10-10 20:06:00,2025-10-10 20:27:49,2025-10-10 20:06:30,2025-10-10 20:30:43,21.82,traffic_congestion,avl
D25100001710,T2510002500,R003,S0067,2025-10-10,2025-10-10 18:49:46,2025-10-10 18:55:43,2025-10-10 18:50:16,2025-10-10 18:57:32,5.95,road_works,avl
D25100001711,T2510002502,R002,S0067,2025-10-10,2025-10-10 19:55:43,2025-10-10 20:02:56,2025-10-10 19:56:13,2025-10-10 20:03:55,7.22,road_works,avl
D25100001712,T2510002503,R001,S0050,2025-10-10,2025-10-10 20:15:00,2025-10-10 20:29:25,2025-10-10 20:15:30,2025-10-10 20:32:43,14.42,passenger_boarding,avl
D25100001713,T2510002504,R001,S0035,2025-10-10,2025-10-10 19:52:15,2025-10-10 19:57:30,2025-10-10 19:52:45,2025-10-10 19:59:28,5.25,road_works,avl
D25100001714,T2510002506,R003,S0076,2025-10-10,2025-10-10 19:28:30,2025-10-10 19:33:37,2025-10-10 19:29:00,2025-10-10 19:34:55,5.12,passenger_boarding,avl
D25100001715,T2510002506,R003,S0025,2025-10-10,2025-10-10 19:46:54,2025-10-10 20:00:37,2025-10-10 19:47:24,2025-10-10 20:01:55,13.72,passenger_boarding,avl
D25100001716,T2510002508,R002,S0051,2025-10-10,2025-10-10 20:11:18,2025-10-10 20:21:51,2025-10-10 20:11:48,2025-10-10 20:23:28,10.55,road_works,avl
D25100001717,T2510002515,R003,S0068,2025-10-10,2025-10-10 19:57:54,2025-10-10 20:09:02,2025-10-10 19:58:24,2025-10-10 20:09:38,11.13,junction_bottleneck,avl
D25100001718,T2510002519,R005,S0066,2025-10-10,2025-10-10 19:42:09,2025-10-10 19:52:21,2025-10-10 19:42:39,2025-10-10 19:53:12,10.2,road_works,avl
D25100001719,T2510002519,R005,S0087,2025-10-10,2025-10-10 19:59:48,2025-10-10 20:14:02,2025-10-10 20:00:18,2025-10-10 20:14:54,14.23,road_works,avl
D25100001720,T2510002520,R001,S0050,2025-10-10,2025-10-10 20:35:00,2025-10-10 20:47:11,2025-10-10 20:35:30,2025-10-10 20:49:27,12.18,road_works,avl
D25100001721,T2510002521,R001,S0035,2025-10-10,2025-10-10 20:12:15,2025-10-10 20:25:06,2025-10-10 20:12:45,2025-10-10 20:27:07,12.85,passenger_boarding,avl
D25100001722,T2510002521,R001,S0029,2025-10-10,2025-10-10 20:36:00,2025-10-10 20:55:14,2025-10-10 20:36:30,2025-10-10 20:57:15,19.23,passenger_boarding,driver_report
D25100001723,T2510002522,R003,S0076,2025-10-10,2025-10-10 19:48:30,2025-10-10 19:54:08,2025-10-10 19:49:00,2025-10-10 19:54:38,5.63,road_works,avl
D25100001724,T2510002522,R003,S0025,2025-10-10,2025-10-10 20:06:54,2025-10-10 20:20:29,2025-10-10 20:07:24,2025-10-10 20:20:59,13.58,road_works,avl
D25100001725,T2510002525,R001,S0034,2025-10-10,2025-10-10 19:40:03,2025-10-10 19:45:30,2025-10-10 19:40:33,2025-10-10 19:48:48,5.45,road_works,avl
D25100001726,T2510002525,R001,S0050,2025-10-10,2025-10-10 20:45:00,2025-10-10 20:58:26,2025-10-10 20:45:30,2025-10-10 21:01:44,13.43,road_works,avl
D25100001727,T2510002526,R001,S0035,2025-10-10,2025-10-10 20:22:15,2025-10-10 20:30:29,2025-10-10 20:22:45,2025-10-10 20:31:30,8.23,road_works,avl
D25100001728,T2510002526,R001,S0029,2025-10-10,2025-10-10 20:46:00,2025-10-10 20:58:23,2025-10-10 20:46:30,2025-10-10 20:59:24,12.38,road_works,avl
D25100001729,T2510002528,R003,S0068,2025-10-10,2025-10-10 20:17:54,2025-10-10 20:29:44,2025-10-10 20:18:24,2025-10-10 20:30:20,11.83,road_works,avl
D25100001730,T2510002529,R002,S0067,2025-10-10,2025-10-10 20:35:43,2025-10-10 20:52:27,2025-10-10 20:36:13,2025-10-10 20:53:31,16.73,passenger_boarding,avl
D25100001731,T2510002529,R002,S0006,2025-10-10,2025-10-10 20:40:18,2025-10-10 20:57:42,2025-10-10 20:40:48,2025-10-10 20:58:47,17.4,passenger_boarding,driver_report
D25100001732,T2510002530,R005,S0087,2025-10-10,2025-10-10 19:27:30,2025-10-10 19:39:50,2025-10-10 19:28:00,2025-10-10 19:40:20,12.33,late_vehicle,avl
D25100001733,T2510002530,R005,S0015,2025-10-10,2025-10-10 20:18:48,2025-10-10 20:51:13,2025-10-10 20:19:18,2025-10-10 20:52:41,32.42,late_vehicle,avl
D25100001734,T2510002531,R001,S0050,2025-10-10,2025-10-10 20:37:18,2025-10-10 20:30:56,2025-10-10 20:37:48,2025-10-10 20:32:57,-6.37,early_running,avl
D25100001735,T2510002534,R001,S0035,2025-10-10,2025-10-10 20:29:30,2025-10-10 20:35:20,2025-10-10 20:30:00,2025-10-10 20:38:04,5.83,road_works,avl
D25100001736,T2510002538,R004,S0017,2025-10-10,2025-10-10 20:14:18,2025-10-10 20:11:17,2025-10-10 20:14:48,2025-10-10 20:12:03,-3.02,early_running,avl
D25100001737,T2510002544,R005,S0066,2025-10-10,2025-10-10 20:33:24,2025-10-10 20:44:10,2025-10-10 20:33:54,2025-10-10 20:45:07,10.77,road_works,avl
D25100001738,T2510002544,R005,S0087,2025-10-10,2025-10-10 20:46:24,2025-10-10 21:00:19,2025-10-10 20:46:54,2025-10-10 21:01:16,13.92,road_works,avl
D25100001739,T2510002545,R001,S0034,2025-10-10,2025-10-10 20:25:53,2025-10-10 20:31:25,2025-10-10 20:26:23,2025-10-10 20:34:43,5.53,passenger_boarding,avl
D25100001740,T2510002545,R001,S0050,2025-10-10,2025-10-10 21:17:18,2025-10-10 21:33:39,2025-10-10 21:17:48,2025-10-10 21:36:57,16.35,passenger_boarding,avl
D25100001741,T2510002557,R001,S0034,2025-10-10,2025-10-10 21:05:53,2025-10-10 21:11:50,2025-10-10 21:06:23,2025-10-10 21:15:08,5.95,passenger_boarding,avl
D25100001742,T2510002557,R001,S0050,2025-10-10,2025-10-10 21:57:18,2025-10-10 22:09:15,2025-10-10 21:57:48,2025-10-10 22:12:33,11.95,passenger_boarding,avl
D25100001743,T2510002561,R001,S0029,2025-10-10,2025-10-10 22:08:18,2025-10-10 22:03:14,2025-10-10 22:08:48,2025-10-10 22:04:58,-5.07,early_running,avl
D25100001744,T2510002563,R006,S0025,2025-10-10,2025-10-10 21:41:42,2025-10-10 21:47:09,2025-10-10 21:42:12,2025-10-10 21:47:42,5.45,passenger_boarding,avl
D25100001745,T2510002564,R002,S0067,2025-10-10,2025-10-10 21:55:51,2025-10-10 22:03:39,2025-10-10 21:56:21,2025-10-10 22:04:40,7.8,passenger_boarding,avl
D25100001746,T2510002566,R001,S0034,2025-10-10,2025-10-10 21:25:53,2025-10-10 21:37:32,2025-10-10 21:26:23,2025-10-10 21:40:14,11.65,road_works,avl
D25100001747,T2510002566,R001,S0050,2025-10-10,2025-10-10 22:17:18,2025-10-10 22:40:27,2025-10-10 22:17:48,2025-10-10 22:43:09,23.15,road_works,avl
D25100001748,T2510002569,R002,S0067,2025-10-10,2025-10-10 21:21:15,2025-10-10 21:27:39,2025-10-10 21:21:45,2025-10-10 21:28:19,6.4,road_works,avl
D25100001749,T2510002569,R002,S0051,2025-10-10,2025-10-10 22:10:06,2025-10-10 22:20:34,2025-10-10 22:10:36,2025-10-10 22:21:13,10.47,road_works,avl
D25100001750,T2510002571,R003,S0068,2025-10-10,2025-10-10 22:02:36,2025-10-10 22:13:52,2025-10-10 22:03:06,2025-10-10 22:14:46,11.27,road_works,avl
D25100001751,T2510002580,R005,S0025,2025-10-10,2025-10-10 22:15:19,2025-10-10 22:22:04,2025-10-10 22:15:49,2025-10-10 22:22:45,6.75,road_works,avl
D25100001752,T2510002580,R005,S0015,2025-10-10,2025-10-10 22:35:24,2025-10-10 22:45:44,2025-10-10 22:35:54,2025-10-10 22:46:25,10.33,road_works,avl
D25100001753,T2510002587,R001,S0050,2025-10-10,2025-10-10 23:17:18,2025-10-10 23:27:46,2025-10-10 23:17:48,2025-10-10 23:30:17,10.47,road_works,avl
D25100001754,T2510002589,R006,S0094,2025-10-10,2025-10-10 22:52:42,2025-10-10 22:46:06,2025-10-10 22:53:12,2025-10-10 22:46:30,-6.6,early_running,avl
D25100001755,T2510002594,R001,S0029,2025-10-11,2025-10-11 06:37:30,2025-10-11 06:31:39,2025-10-11 06:38:00,2025-10-11 06:32:21,-5.85,early_running,avl
D25100001756,T2510002597,R001,S0050,2025-10-11,2025-10-11 06:45:30,2025-10-11 06:40:32,2025-10-11 06:46:00,2025-10-11 06:41:11,-4.97,early_running,avl
D25100001757,T2510002598,R004,S0017,2025-10-11,2025-10-11 06:10:12,2025-10-11 06:07:40,2025-10-11 06:10:42,2025-10-11 06:08:04,-2.53,early_running,avl
D25100001758,T2510002600,R005,S0025,2025-10-11,2025-10-11 06:12:15,2025-10-11 06:19:54,2025-10-11 06:12:45,2025-10-11 06:20:25,7.65,road_works,avl
D25100001759,T2510002603,R006,S0025,2025-10-11,2025-10-11 06:35:12,2025-10-11 06:30:36,2025-10-11 06:35:42,2025-10-11 06:31:00,-4.6,early_running,avl
D25100001760,T2510002609,R001,S0029,2025-10-11,2025-10-11 07:15:30,2125-09-17 07:12:26,2025-10-11 07:16:00,2125-09-17 07:13:28,-3.07,early_running,avl
D25100001761,T2510002621,R005,S0025,2025-10-11,2025-10-11 07:08:15,2025-10-11 07:13:19,2025-10-11 07:08:45,2025-10-11 07:13:53,5.07,road_works,avl
D25100001762,T2510002626,R008,S0120,2025-10-11,2025-10-11 07:14:42,2025-10-11 07:12:03,2025-10-11 07:15:12,2025-10-11 07:12:25,-2.65,early_running,avl
D25100001763,T2510002627,R005,S0066,2025-10-11,2025-10-11 07:30:06,2025-10-11 07:37:14,2025-10-11 07:30:36,2025-10-11 07:38:07,7.13,road_works,avl
D25100001764,T2510002627,R005,S0087,2025-10-11,2025-10-11 07:45:36,2025-10-11 07:56:37,2025-10-11 07:46:06,2025-10-11 07:57:30,11.02,road_works,avl
D25100001765,T2510002632,R003,S0076,2025-10-11,2025-10-11 07:44:15,2025-10-11 07:52:30,2025-10-11 07:44:45,2025-10-11 07:53:43,8.25,passenger_boarding,avl
D25100001766,T2510002632,R003,S0025,2025-10-11,2025-10-11 08:00:24,2025-10-11 08:21:28,2025-10-11 08:00:54,2025-10-11 08:22:41,21.07,passenger_boarding,avl
D25100001767,T2510002633,R002,S0051,2025-10-11,2025-10-11 08:22:18,2025-10-11 08:37:41,2025-10-11 08:22:48,2025-10-11 08:39:01,15.38,passenger_boarding,avl
D25100001768,T2510002634,R004,S0017,2025-10-11,2025-10-11 07:48:48,2025-10-11 07:44:49,2025-10-11 07:49:18,2025-10-11 07:45:18,-3.98,early_running,avl
D25100001769,T2510002639,R002,S0006,2025-10-11,2025-10-11 08:36:18,2025-10-11 08:31:17,2025-10-11 08:36:48,2025-10-11 08:31:47,-5.02,early_running,avl
D25100001770,T2510002642,R006,S0025,2025-10-11,2025-10-11 08:18:42,2025-10-11 08:24:29,2025-10-11 08:19:12,2025-10-11 08:25:09,5.78,passenger_boarding,avl
D25100001771,T2510002643,R001,S0050,2025-10-11,2025-10-11 08:49:24,2025-10-11 08:45:08,2025-10-11 08:49:54,2025-10-11 08:46:20,-4.27,early_running,avl
D25100001772,T2510002645,R005,S0066,2025-10-11,2025-10-11 08:08:06,2025-10-11 08:14:46,2025-10-11 08:08:36,2025-10-11 08:15:28,6.67,road_works,avl
D25100001773,T2510002645,R005,S0087,2025-10-11,2025-10-11 08:23:36,2025-10-11 08:34:38,2025-10-11 08:24:06,2025-10-11 08:35:20,11.03,road_works,avl
D25100001774,T2510002649,R001,S0035,2025-10-11,2025-10-11 08:39:54,2025-10-11 08:46:27,2025-10-11 08:40:24,2025-10-11 08:48:33,6.55,road_works,avl
D25100001775,T2510002658,R001,S0050,2025-10-11,2025-10-11 09:13:24,2025-10-11 09:08:35,2025-10-11 09:13:54,2025-10-11 09:10:30,-4.82,early_running,avl
D25100001776,T2510002668,R002,S0067,2025-10-11,2025-10-11 09:22:17,2025-10-11 09:27:43,2025-10-11 09:22:47,2025-10-11 09:28:25,5.43,passenger_boarding,avl
D25100001777,T2510002670,R001,S0050,2025-10-11,2025-10-11 09:37:24,2025-10-11 09:34:33,2025-10-11 09:37:54,2025-10-11 09:35:35,-2.85,early_running,avl
D25100001778,T2510002674,R001,S0035,2025-10-11,2025-10-11 09:27:54,2025-10-11 09:35:28,2025-10-11 09:28:24,2025-10-11 09:36:22,7.57,traffic_congestion,avl
D25100001779,T2510002676,R004,S0017,2025-10-11,2025-10-11 09:04:48,2025-10-11 09:02:28,2025-10-11 09:05:18,2025-10-11 09:03:10,-2.33,early_running,avl
D25100001780,T2510002679,R005,S0025,2025-10-11,2025-10-11 09:04:39,2025-10-11 09:12:24,2025-10-11 09:05:09,2025-10-11 09:13:04,7.75,road_works,avl
D25100001781,T2510002681,R001,S0029,2025-10-11,2025-10-11 10:00:24,2025-10-11 09:58:24,2025-10-11 10:00:54,2025-10-11 09:59:24,-2.0,early_running,avl
D25100001782,T2510002689,R005,S0066,2025-10-11,2025-10-11 09:24:06,2025-10-11 09:32:21,2025-10-11 09:24:36,2025-10-11 09:33:03,8.25,road_works,avl
D25100001783,T2510002691,R001,S0035,2025-10-11,2025-10-11 09:51:54,2025-10-11 09:58:35,2025-10-11 09:52:24,2025-10-11 10:01:20,6.68,road_works,avl
D25100001784,T2510002693,R006,S0103,2025-10-11,2025-10-11 09:20:42,2025-10-11 09:25:59,2025-10-11 09:21:12,2025-10-11 09:26:22,5.28,passenger_boarding,avl
D25100001785,T2510002697,R002,S0067,2025-10-11,2025-10-11 10:12:17,2025-10-11 10:18:07,2025-10-11 10:12:47,2025-10-11 10:18:41,5.83,road_works,avl
D25100001786,T2510002699,R003,S0076,2025-10-11,2025-10-11 09:49:15,2025-10-11 09:58:00,2025-10-11 09:49:45,2025-10-11 09:58:46,8.75,road_works,avl
D25100001787,T2510002699,R003,S0025,2025-10-11,2025-10-11 10:05:24,2025-10-11 10:20:02,2025-10-11 10:05:54,2025-10-11 10:20:47,14.63,road_works,avl
D25100001788,T2510002706,R003,S0067,2025-10-11,2025-10-11 09:34:11,2025-10-11 09:41:37,2025-10-11 09:34:41,2025-10-11 09:42:28,7.43,road_works,avl
D25100001789,T2510002706,R003,S0068,2025-10-11,2025-10-11 10:16:24,2025-10-11 10:35:42,2025-10-11 10:16:54,2025-10-11 10:36:33,19.3,road_works,driver_report
D25100001790,T2510002712,R006,S0094,2025-10-11,2025-10-11 10:23:42,2025-10-11 10:20:15,2025-10-11 10:24:12,2025-10-11 10:20:40,-3.45,early_running,avl
D25100001791,T2510002715,R007,S0117,2025-10-11,2025-10-11 09:51:15,2025-10-11 09:56:26,2025-10-11 09:51:45,2025-10-11 09:53:43,5.18,passenger_boarding,avl
D25100001792,T2510002716,R001,S0035,2025-10-11,2025-10-11 10:39:54,2025-10-11 10:48:24,2025-10-11 10:40:24,2025-10-11 10:50:49,8.5,passenger_boarding,avl
D25100001793,T2510002716,R001,S0029,2025-10-11,2025-10-11 11:00:24,2025-10-11 11:12:48,2025-10-11 11:00:54,2025-10-11 11:15:13,12.4,passenger_boarding,avl
D25100001794,T2510002722,R001,S0035,2025-10-11,2025-10-11 10:51:54,2025-10-11 11:00:49,2025-10-11 10:52:24,2025-10-11 11:02:34,8.92,road_works,avl
D25100001795,T2510002722,R001,S0029,2025-10-11,2025-10-11 11:12:24,2025-10-11 11:23:23,2025-10-11 11:12:54,2025-10-11 11:25:09,10.98,road_works,avl
D25100001796,T2510002723,R001,S0050,2025-10-11,2025-10-11 11:03:54,2025-10-11 11:01:29,2025-10-11 11:04:24,2025-10-11 11:03:47,-2.42,early_running,avl
D25100001797,T2510002725,R002,S0067,2025-10-11,2025-10-11 10:56:36,2025-10-11 11:05:33,2025-10-11 10:57:06,2025-10-11 11:01:32,8.95,road_works,avl
D25100001798,T2510002730,R004,S0017,2025-10-11,2025-10-11 10:44:42,2025-10-11 10:41:48,2025-10-11 10:45:12,2025-10-11 10:42:30,-2.9,early_running,avl
D25100001799,T2510002733,R001,S0035,2025-10-11,2025-10-11 11:16:03,2025-10-11 11:28:10,2025-10-11 11:16:33,2025-10-11 11:31:28,12.12,passenger_boarding,avl
D25100001800,T2510002733,R001,S0029,2025-10-11,2025-10-11 11:33:54,2025-10-11 11:51:23,2025-10-11 11:34:24,2025-10-11 11:54:41,17.48,passenger_boarding,driver_report
D25100001801,T2510002734,R004,S0059,2025-10-11,2025-10-11 10:55:42,2025-10-11 10:51:26,2025-10-11 10:56:12,2025-10-11 10:52:30,-4.27,early_running,avl
D25100001802,T2510002736,R001,S0034,2025-10-11,2025-10-11 10:53:05,2025-10-11 11:01:43,2025-10-11 10:53:35,2025-10-11 11:05:01,8.63,passenger_boarding,avl
D25100001803,T2510002736,R001,S0050,2025-10-11,2025-10-11 11:41:54,2025-10-11 11:56:44,2025-10-11 11:42:24,2025-10-11 12:00:02,14.83,passenger_boarding,avl
D25100001804,T2510002739,R002,S0067,2025-10-11,2025-10-11 11:34:36,2025-10-11 11:44:07,2025-10-11 11:35:06,2025-10-11 11:45:16,9.52,road_works,avl
D25100001805,T2510002740,R006,S0094,2025-10-11,2025-10-11 11:23:18,2025-10-11 11:20:13,2025-10-11 11:23:48,2025-10-11 11:20:49,-3.08,early_running,avl
D25100001806,T2510002744,R007,S0109,2025-10-11,2025-10-11 11:13:24,2025-10-11 11:10:23,2025-10-11 11:13:54,2025-10-11 11:10:57,-3.02,early_running,avl
D25100001807,T2510002745,R002,S0051,2025-10-11,2025-10-11 11:48:54,2025-10-11 11:59:04,2025-10-11 11:49:24,2025-10-11 12:00:14,10.17,road_works,avl
D25100001808,T2510002747,R003,S0067,2025-10-11,2025-10-11 11:06:26,2025-10-11 11:12:49,2025-10-11 11:06:56,2025-10-11 11:13:46,6.38,road_works,avl
D25100001809,T2510002748,R001,S0035,2025-10-11,2025-10-11 11:54:03,2025-10-11 12:08:52,2025-10-11 11:54:33,2025-10-11 12:12:10,14.82,passenger_boarding,avl
D25100001810,T2510002748,R001,S0029,2025-10-11,2025-10-11 12:11:54,2025-10-11 12:33:41,2025-10-11 12:12:24,2025-10-11 12:36:59,21.78,passenger_boarding,avl
D25100001811,T2510002749,R001,S0050,2025-10-11,2025-10-11 12:19:54,2025-10-11 12:31:34,2025-10-11 12:20:24,2025-10-11 12:34:52,11.67,road_works,avl
D25100001812,T2510002750,R002,S0067,2025-10-11,2025-10-11 12:12:36,2025-10-11 12:20:15,2025-10-11 12:13:06,2025-10-11 12:21:18,7.65,road_works,avl
D25100001813,T2510002751,R001,S0035,2025-10-11,2025-10-11 12:13:03,2025-10-11 12:23:46,2025-10-11 12:13:33,2025-10-11 12:27:04,10.72,passenger_boarding,avl
D25100001814,T2510002751,R001,S0029,2025-10-11,2025-10-11 12:30:54,2025-10-11 12:46:32,2025-10-11 12:31:24,2025-10-11 12:49:50,15.63,passenger_boarding,avl
D25100001815,T2510002757,R005,S0025,2025-10-11,2025-10-11 12:00:35,2025-10-11 12:09:07,2025-10-11 12:01:05,2025-10-11 12:11:00,8.53,road_works,avl
D25100001816,T2510002757,R005,S0015,2025-10-11,2025-10-11 12:21:00,2025-10-11 12:33:50,2025-10-11 12:21:30,2025-10-11 12:35:43,12.83,road_works,avl
D25100001817,T2510002763,R005,S0066,2025-10-11,2025-10-11 12:18:47,2025-10-11 12:25:28,2025-10-11 12:19:17,2025-10-11 12:26:23,6.68,road_works,avl
D25100001818,T2510002785,R004,S0059,2025-10-11,2025-10-11 13:25:42,2025-10-11 13:22:52,2025-10-11 13:26:12,2025-10-11 13:24:09,-2.83,early_running,avl
D25100001819,T2510002786,R006,S0025,2025-10-11,2025-10-11 13:42:18,2025-10-11 13:38:23,2025-10-11 13:42:48,2025-10-11 13:38:56,-3.92,early_running,avl
D25100001820,T2510002796,R001,S0035,2025-10-11,2025-10-11 14:26:03,2025-10-11 14:31:54,2025-10-11 14:26:33,2025-10-11 14:35:12,5.85,road_works,avl
D25100001821,T2510002798,R001,S9464,2025-10-11,2025-10-11 14:03:05,2025-10-11 14:11:45,2025-10-11 14:03:35,2025-10-11 14:15:03,8.67,passenger_boarding,avl
D25100001822,T2510002798,R001,S0050,2025-10-11,2025-10-11 14:51:54,2025-10-11 15:11:20,2025-10-11 14:52:24,2025-10-11 15:14:38,19.43,passenger_boarding,avl
D25100001823,T2510002808,R001,S0035,2025-10-11,2025-10-11 15:04:03,2025-10-11 15:11:43,2025-10-11 15:04:33,2025-10-11 15:14:58,7.67,road_works,avl
D25100001824,T2510002808,R001,S0029,2025-10-11,2025-10-11 15:21:54,2025-10-11 15:32:59,2025-10-11 15:22:24,2025-10-11 15:36:14,11.08,road_works,avl
D25100001825,T2510002809,R006,S0025,2025-10-11,2025-10-11 14:57:18,2025-10-11 14:53:43,2025-10-11 14:57:48,2025-10-11 14:54:22,-3.58,early_running,avl
D25100001826,T2510002813,R006,S0094,2025-10-11,2025-10-11 15:08:18,2025-10-11 15:04:48,2025-10-11 15:08:48,2025-10-11 15:05:31,-3.5,early_running,avl
D25100001827,T2510002814,R002,S0006,2025-10-11,2025-10-11 15:25:54,2025-10-11 15:22:47,2025-10-11 15:26:24,2025-10-11 15:24:08,-3.12,early_running,avl
D25100001828,T2510002815,R008,S0126,2025-10-11,2025-10-11 14:43:53,2025-10-11 14:53:04,2025-10-11 14:44:23,2025-10-11 14:54:24,9.18,passenger_boarding,avl
D25100001829,T2510002815,R008,S0019,2025-10-11,2025-10-11 14:46:06,2025-10-11 14:56:32,2025-10-11 14:46:36,2025-10-11 14:57:51,10.43,passenger_boarding,avl
D25100001830,T2510002816,R001,S0029,2025-10-11,2025-10-11 15:40:54,2025-10-11 15:37:26,2025-10-11 15:41:24,2025-10-11 15:40:17,-3.47,early_running,avl
D25100001831,T2510002817,R007,S0109,2025-10-11,2025-10-11 14:57:24,2025-10-11 14:55:01,2025-10-11 14:57:54,2025-10-11 14:55:41,-2.38,early_running,avl
D25100001832,T2510002824,R002,S0067,2025-10-11,2025-10-11 16:00:36,2025-10-11 16:05:36,2025-10-11 16:01:06,2025-10-11 16:06:38,5.0,road_works,avl
D25100001833,T2510002827,R004,S0017,2025-10-11,2025-10-11 15:44:42,2025-10-11 15:52:50,2025-10-11 15:45:12,2025-10-11 15:54:15,8.13,traffic_congestion,avl
D25100001834,T2510002832,R004,S0059,2025-10-11,2025-10-11 15:55:42,2025-10-11 15:52:40,2025-10-11 15:56:12,2025-10-11 15:54:03,-3.03,early_running,avl
D25100001835,T2510002838,R006,S9065,2025-10-11,2025-10-11 16:23:18,2025-10-11 16:19:47,2025-10-11 16:23:48,2025-10-11 16:20:24,-3.52,early_running,avl
D25100001836,T2510002840,R001,S0035,2025-10-11,2025-10-11 16:39:03,2025-10-11 16:44:57,2025-10-11 16:39:33,2025-10-11 16:48:15,5.9,passenger_boarding,avl
D25100001837,T2510002842,R001,S0034,2025-10-11,2025-10-11 16:18:14,2025-10-11 16:26:29,2025-10-11 16:18:44,2025-10-11 16:29:45,8.25,road_works,avl
D25100001838,T2510002842,R001,S0050,2025-10-11,2025-10-11 17:17:18,2025-10-11 17:35:11,2025-10-11 17:17:48,2025-10-11 17:38:26,17.88,road_works,avl
D25100001839,T2510002843,R003,S0067,2025-10-11,2025-10-11 16:04:20,2025-10-13 16:10:18,2025-10-11 16:04:50,2025-10-13 16:11:52,5.97,passenger_boarding,avl
D25100001840,T2510002843,R003,S0068,2025-10-11,2025-10-11 16:48:06,2025-10-11 17:09:45,2025-10-11 16:48:36,2025-10-11 17:11:19,21.65,passenger_boarding,avl
D25100001841,T2510002844,R008,S0125,2025-10-11,2025-10-11 16:05:08,2025-10-11 16:11:06,2025-10-11 16:05:38,2025-10-11 16:11:37,5.97,traffic_congestion,avl
D25100001842,T2510002845,R005,S0066,2025-10-11,2025-10-11 16:31:08,2025-10-11 16:37:32,2025-10-11 16:31:38,2025-10-11 16:38:04,6.4,road_works,avl
D25100001843,T2510002845,R005,S0087,2025-10-11,2025-10-11 16:47:12,2025-10-11 16:57:47,2025-10-11 16:47:42,2025-10-11 16:58:19,10.58,road_works,avl
D25100001844,T2510002847,R006,S0094,2025-10-11,2025-10-11 16:53:12,2025-10-11 16:49:29,2025-10-11 16:53:42,2025-10-11 16:49:57,-3.72,early_running,avl
D25100001845,T2510002851,R002,S0051,2025-10-11,2025-10-11 17:24:42,2025-10-11 17:35:15,2025-10-11 17:25:12,2025-10-11 17:36:20,10.55,passenger_boarding,avl
D25100001846,T2510002853,R001,S0035,2025-10-11,2025-10-11 17:18:42,2025-10-11 17:27:47,2025-10-11 17:19:12,2025-10-11 17:29:31,9.08,road_works,avl
D25100001847,T2510002853,R001,S0029,2025-10-11,2025-10-11 17:40:18,2025-10-11 17:53:20,2025-10-11 17:40:48,2025-10-11 17:55:03,13.03,road_works,avl
D25100001848,T2510002854,R001,S0034,2025-10-11,2025-10-11 16:42:14,2025-10-11 16:48:32,2025-10-11 16:42:44,2025-10-11 16:51:20,6.3,road_works,avl
D25100001849,T2510002854,R001,S0050,2025-10-11,2025-10-11 17:41:18,2025-10-11 17:54:15,2025-10-11 17:41:48,2025-10-11 17:57:03,12.95,road_works,avl
D25100001850,T2510002855,R003,S0068,2025-10-11,2025-10-11 17:13:06,2025-10-11 17:23:08,2025-10-11 17:13:36,2025-10-11 17:24:16,10.03,road_works,avl
D25100001851,T2510002856,R005,S0025,2025-10-11,2025-10-11 16:49:23,2025-10-11 16:58:48,2025-10-11 16:49:53,2025-10-11 16:59:39,9.42,road_works,avl
D25100001852,T2510002856,R005,S0015,2025-10-11,2025-10-11 17:14:12,2025-10-11 17:27:28,2025-10-11 17:14:42,2025-10-11 17:28:20,13.27,road_works,avl
D25100001853,T2510002859,R001,S0035,2025-10-11,2025-10-11 17:30:42,2025-10-11 17:43:28,2025-10-11 17:31:12,2025-10-11 17:46:46,12.77,traffic_congestion,avl
D25100001854,T2510002859,R001,S0029,2025-10-11,2025-10-11 17:52:18,2025-10-11 18:10:05,2025-10-11 17:52:48,2025-10-11 18:13:23,17.78,traffic_congestion,driver_report
D25100001855,T2510002860,R006,S0025,2025-10-11,2025-10-11 17:20:12,2025-10-11 17:27:39,2025-10-11 17:20:42,2025-10-11 17:28:28,7.45,passenger_boarding,avl
D25100001856,T2510002864,R007,S0118,2025-10-11,2025-10-11 17:01:46,2025-10-11 17:11:28,2025-10-11 17:02:16,2025-10-11 17:12:44,9.7,passenger_boarding,avl
D25100001857,T2510002864,R007,S0028,2025-10-11,2025-10-11 17:05:30,2025-10-11 17:16:44,2025-10-11 17:06:00,2025-10-11 17:17:59,11.23,passenger_boarding,avl
D25100001858,T2510002868,R001,S0034,2025-10-11,2025-10-11 17:06:14,2025-10-11 17:15:35,2025-10-11 17:06:44,2025-10-11 17:18:11,9.35,road_works,avl
D25100001859,T2510002868,R001,S0050,2025-10-11,2025-10-11 18:05:18,2025-10-11 18:23:05,2025-10-11 18:05:48,2025-10-11 18:25:41,17.78,road_works,avl
D25100001860,T2510002869,R008,S0126,2025-10-11,2025-10-11 17:01:33,2025-10-11 17:08:21,2025-10-11 17:02:03,2025-10-11 17:09:37,6.8,passenger_boarding,avl
D25100001861,T2510002871,R007,S0109,2025-10-11,2025-10-11 17:16:30,2025-10-11 17:28:55,2025-10-11 17:17:00,2025-10-11 17:29:57,12.42,passenger_boarding,avl
D25100001862,T2510002873,R002,S0067,2025-10-11,2025-10-11 17:59:32,2025-10-11 18:07:20,2025-10-11 18:00:02,2025-10-11 18:07:52,7.8,road_works,avl
D25100001863,T2510002874,R001,S0035,2025-10-11,2025-10-11 17:54:42,2025-10-11 17:59:47,2025-10-11 17:55:12,2025-10-11 18:02:33,5.08,road_works,avl
D25100001864,T2510002878,R005,S0025,2025-10-11,2025-10-11 17:27:23,2025-10-11 17:32:59,2025-10-11 17:27:53,2025-10-11 17:33:53,5.6,road_works,avl
D25100001865,T2510002881,R001,S0035,2025-10-11,2025-10-11 18:06:42,2025-10-11 18:18:27,2025-10-11 18:07:12,2025-10-11 18:21:45,11.75,road_works,avl
D25100001866,T2510002881,R001,S0029,2025-10-11,2025-10-11 18:28:18,2025-10-11 18:44:56,2025-10-11 18:28:48,2025-10-11 18:48:14,16.63,road_works,avl
D25100001867,T2510002886,R002,S0067,2025-10-11,2025-10-11 18:24:32,2025-10-11 18:32:39,2025-10-11 18:25:02,2025-10-11 18:33:15,8.12,road_works,avl
D25100001868,T2510002887,R001,S0029,2025-10-11,2025-10-11 18:40:18,2025-10-11 18:35:18,2025-10-11 18:40:48,2025-10-11 18:37:19,-5.0,early_running,avl
D25100001869,T2510002890,R003,S0025,2025-10-11,2025-10-11 18:17:06,2025-10-11 18:28:18,2025-10-11 18:17:36,2025-10-11 18:29:27,11.2,road_works,avl
D25100001870,T2510002893,R001,S0034,2025-10-11,2025-10-11 17:54:14,2025-10-11 18:01:08,2025-10-11 17:54:44,2025-10-11 18:04:02,6.9,road_works,avl
D25100001871,T2510002893,R001,S0050,2025-10-11,2025-10-11 18:53:18,2025-10-11 19:07:19,2025-10-11 18:53:48,2025-10-11 19:10:13,14.02,road_works,avl
D25100001872,T2510002895,R007,S0118,2025-10-11,2025-10-11 17:57:46,2025-10-11 18:03:31,2025-10-11 17:58:16,2025-10-11 18:04:03,5.75,traffic_congestion,avl
D25100001873,T2510002897,R005,S0025,2025-10-11,2025-10-11 18:05:23,2025-10-11 18:16:34,2025-10-11 18:05:53,2025-10-11 18:17:44,11.18,road_works,avl
D25100001874,T2510002897,R005,S0015,2025-10-11,2025-10-11 18:30:12,2025-10-11 18:46:29,2025-10-11 18:30:42,2025-10-11 18:47:38,16.28,road_works,avl
D25100001875,T2510002899,R001,S0035,2025-10-11,2025-10-11 18:42:42,2025-10-11 18:53:33,2025-10-11 18:43:12,2025-10-11 18:56:41,10.85,road_works,avl
D25100001876,T2510002899,R001,S0029,2025-10-11,2025-10-11 19:04:18,2025-10-11 19:18:55,2025-10-11 19:04:48,2025-10-11 19:22:03,14.62,road_works,avl
D25100001877,T2510002900,R002,S0067,2025-10-11,2025-10-11 18:49:32,2025-10-11 19:00:36,2025-10-11 18:50:02,2025-10-11 19:01:29,11.07,road_works,avl
D25100001878,T2510002900,R002,S0006,2025-10-11,2025-10-11 18:53:42,2025-10-11 19:05:13,2025-10-11 18:54:12,2025-10-11 19:06:06,11.52,road_works,avl
D25100001879,T2510002901,R001,S0050,2025-10-11,2025-10-11 19:05:18,2025-10-11 19:02:07,2025-10-11 19:05:48,2025-10-11 19:04:09,-3.18,early_running,avl
D25100001880,T2510002903,R007,S0117,2025-10-11,2025-10-11 17:55:26,2025-10-11 18:00:47,2025-10-11 17:55:56,2025-10-11 18:01:31,5.35,traffic_congestion,avl
D25100001881,T2510002908,R002,S0051,2025-10-11,2025-10-11 19:04:42,2025-10-11 19:19:49,2025-10-11 19:05:12,2025-10-11 19:21:09,15.12,road_works,avl
D25100001882,T2510002913,R001,S0029,2025-10-11,2025-10-11 19:28:18,2025-10-11 19:22:24,2025-10-11 19:28:48,2025-10-11 19:24:10,-5.9,early_running,avl
D25100001883,T2510002915,R002,S0067,2025-10-11,2025-10-11 19:14:32,2025-10-11 19:23:13,2025-10-11 19:15:02,2025-10-11 19:23:58,8.68,road_works,avl
D25100001884,T2510002917,R003,S0025,2025-10-11,2025-10-11 19:07:06,2025-10-11 19:17:22,2025-10-11 19:07:36,2025-10-11 19:18:33,10.27,road_works,avl
D25100001885,T2510002925,R005,S0066,2025-10-11,2025-10-11 19:03:08,2025-10-11 19:14:41,2025-10-11 19:03:38,2025-10-11 19:15:22,11.55,traffic_congestion,avl
D25100001886,T2510002925,R005,S9934,2025-10-11,2025-10-11 19:19:12,2025-10-11 19:34:23,2025-10-11 19:19:42,2025-10-11 19:35:03,15.18,traffic_congestion,driver_report
D25100001887,T2510002927,R001,S0035,2025-10-11,2025-10-11 19:30:42,2025-10-11 19:38:31,2025-10-11 19:31:12,2025-10-11 19:40:25,7.82,traffic_congestion,avl
D25100001888,T2510002927,R001,S0029,2025-10-11,2025-10-11 19:52:18,2025-10-11 20:03:32,2025-10-11 19:52:48,2025-10-11 20:05:26,11.23,traffic_congestion,avl
D25100001889,T2510002928,R001,S0034,2025-10-11,2025-10-11 18:54:14,2025-10-11 19:01:20,2025-10-11 18:54:44,2025-10-11 19:04:38,7.1,passenger_boarding,avl
D25100001890,T2510002928,R001,S0050,2025-10-11,2025-10-11 19:53:18,2025-10-11 20:04:49,2025-10-11 19:53:48,2025-10-11 20:08:07,11.52,passenger_boarding,avl
D25100001891,T2510002930,R006,S0094,2025-10-11,2025-10-11 19:25:12,2025-10-11 19:20:56,2025-10-11 19:25:42,2025-10-11 19:21:21,-4.27,early_running,avl
D25100001892,T2510002932,R003,S0076,2025-10-11,2025-10-11 19:15:22,2025-10-11 19:20:50,2025-10-11 19:15:52,2025-10-11 19:21:18,5.47,road_works,avl
D25100001893,T2510002932,R003,S0025,2025-10-11,2025-10-11 19:32:06,2025-10-11 19:44:50,2025-10-11 19:32:36,2025-10-11 19:45:19,12.73,road_works,avl
D25100001894,T2510002937,R008,S0019,2025-10-11,2025-10-11 18:47:30,2025-10-11 18:52:37,2025-10-11 18:48:00,2025-10-11 18:53:07,5.12,late_vehicle,avl
D25100001895,T2510002938,R004,S0017,2025-10-11,2025-10-11 19:21:48,2025-10-11 19:27:13,2025-10-11 19:22:18,2025-10-11 19:28:24,5.42,passenger_boarding,avl
D25100001896,T2510002939,R003,S0067,2025-10-11,2025-10-11 18:59:20,2025-10-11 19:04:27,2025-10-11 18:59:50,2025-10-11 19:05:27,5.12,road_works,avl
D25100001897,T2510002939,R003,S0068,2025-10-11,2025-10-11 19:43:06,2025-10-11 19:57:00,2025-10-11 19:43:36,2025-10-11 19:58:00,13.9,road_works,avl
D25100001898,T2510002945,R006,S0025,2025-10-11,2025-10-11 19:52:12,2025-10-11 19:47:32,2025-10-11 19:52:42,2025-10-11 19:48:04,-4.67,early_running,avl
D25100001899,T2510002947,R001,S0035,2025-10-11,2025-10-11 20:06:42,2025-10-11 20:20:13,2025-10-11 20:07:12,2025-10-11 20:23:19,13.52,road_works,avl
D25100001900,T2510002947,R001,S0029,2025-10-11,2025-10-11 20:28:18,2025-10-11 20:46:34,2025-10-11 20:28:48,2025-10-11 20:49:40,18.27,road_works,driver_report
D25100001901,T2510002948,R005,S0066,2025-10-11,2025-10-11 19:41:08,2025-10-11 19:53:46,2025-10-11 19:41:38,2025-10-11 19:54:33,12.63,road_works,avl
D25100001902,T2510002948,R005,S0087,2025-10-11,2025-10-11 19:57:12,2025-10-11 20:14:23,2025-10-11 19:57:42,2025-10-11 20:15:10,17.18,road_works,driver_report
D25100001903,T2510002949,R001,S0034,2025-10-11,2025-10-11 19:30:14,2025-10-11 19:37:41,2025-10-11 19:30:44,2025-10-11 19:40:59,7.45,passenger_boarding,avl
D25100001904,T2510002949,R001,S0050,2025-10-11,2025-10-11 20:29:18,2025-10-11 20:51:19,2025-10-11 20:29:48,2025-10-11 20:54:37,22.02,passenger_boarding,driver_report
D25100001905,T2510002950,R002,S0067,2025-10-11,2025-10-11 19:17:10,2025-10-11 19:23:34,2025-10-11 19:17:40,2025-10-11 19:24:17,6.4,road_works,avl
D25100001906,T2510002952,R003,S0068,2025-10-11,2025-10-11 20:08:06,2025-10-11 20:21:18,2025-10-11 20:08:36,2025-10-11 20:21:59,13.2,road_works,avl
D25100001907,T2510002956,R001,S0050,2025-10-11,2025-10-11 20:31:12,2025-10-11 20:28:40,2025-10-11 20:31:42,2025-10-11 20:30:11,-2.53,early_running,avl
D25100001908,T2510002961,R002,S0051,2025-10-11,2025-10-11 20:35:24,2025-10-11 20:30:42,2025-10-11 20:35:54,2025-10-11 20:31:37,-4.7,early_running,avl
D25100001909,T2510002962,R004,S0017,2025-10-11,2025-10-11 20:12:12,2025-10-11 20:09:04,2025-10-11 20:12:42,2025-10-11 20:09:51,-3.13,early_running,avl
D25100001910,T2510002967,R006,S0025,2025-10-11,2025-10-11 20:38:18,2025-10-11 20:34:27,2025-10-11 20:38:48,2025-10-11 20:34:57,-3.85,early_running,avl
D25100001911,T2510002968,R001,S0029,2025-10-11,2025-10-11 21:07:12,2025-10-11 21:04:28,2025-10-11 21:07:42,2025-10-11 21:07:46,-2.73,early_running,avl
D25100001912,T2510002969,R005,S0066,2025-10-11,2025-10-11 20:31:11,2025-10-11 20:36:12,2025-10-11 20:31:41,2025-10-11 20:36:53,5.02,road_works,avl
D25100001913,T2510002975,R001,S0035,2025-10-11,2025-10-11 21:15:06,2025-10-11 21:22:37,2025-10-11 21:15:36,2025-10-11 21:25:55,7.52,road_works,avl
D25100001914,T2510002975,R001,S0029,2025-10-11,2025-10-11 21:32:12,2025-10-11 21:42:59,2025-10-11 21:32:42,2025-10-11 21:46:17,10.78,road_works,avl
D25100001915,T2510002979,R001,S0034,2025-10-11,2025-10-11 20:59:26,2025-10-11 21:05:31,2025-10-11 20:59:56,2025-10-11 21:08:49,6.08,passenger_boarding,avl
D25100001916,T2510002979,R001,S0050,2025-10-11,2025-10-11 21:46:12,2025-10-11 22:02:23,2025-10-11 21:46:42,2025-10-11 22:05:41,16.18,passenger_boarding,driver_report
D25100001917,T2510002980,R003,S0068,2025-10-11,2025-10-11 21:25:12,2025-10-11 21:36:04,2025-10-11 21:25:42,2025-10-11 21:37:38,10.87,road_works,avl
D25100001918,T2510002982,R004,S0017,2025-10-11,2025-10-11 21:27:12,2025-10-11 21:23:50,2025-10-11 21:27:42,2025-10-11 21:24:35,-3.37,early_running,avl
D25100001919,T2510002987,R001,S0035,2025-10-11,2025-10-11 22:05:06,2025-10-11 22:13:00,2025-10-11 22:05:36,2025-10-11 22:15:40,7.9,road_works,avl
D25100001920,T2510002989,R005,S0066,2025-10-11,2025-10-11 21:46:11,2025-10-11 21:52:32,2025-10-11 21:46:41,2025-10-11 21:53:36,6.35,road_works,avl
D25100001921,T2510002991,R006,S0094,2025-10-11,2025-10-11 22:04:18,2025-10-11 21:58:29,2025-10-11 22:04:48,2025-10-11 21:59:04,-5.82,early_running,avl
D25100001922,T2510002995,R001,S0029,2025-10-11,2025-10-11 22:47:12,2025-10-11 22:45:04,2025-10-11 22:47:42,2025-10-11 22:46:34,-2.13,early_running,avl
D25100001923,T2510003000,R008,S0120,2025-10-11,2025-10-11 22:10:30,2025-10-10 22:15:35,2025-10-11 22:11:00,2025-10-10 22:16:05,5.08,late_vehicle,avl
D25100001924,T2510003001,R007,S0109,2025-10-11,2025-10-11 22:33:30,2025-10-11 22:31:25,2025-10-11 22:34:00,2025-10-11 22:31:51,-2.08,early_running,avl
D25100001925,T2510003004,R002,S0067,2025-10-11,2025-10-11 23:09:26,2025-10-11 23:19:10,2025-10-11 23:09:56,2025-10-11 23:19:42,9.73,road_works,avl
D25100001926,T2510003004,R002,S0006,2025-10-11,2025-10-11 23:12:24,2025-10-11 23:22:30,2025-10-11 23:12:54,2025-10-11 23:23:02,10.1,road_works,avl
D25100001927,T2510003006,R001,S0050,2025-10-12,2025-10-12 06:24:00,2025-10-12 06:35:10,2025-10-12 06:24:30,2025-10-12 06:35:37,11.17,road_works,avl
D25100001928,T2510003013,R001,S0050,2025-10-12,2025-10-12 06:46:00,2025-10-12 06:43:29,2025-10-12 06:46:30,2025-10-12 06:43:49,-2.52,early_running,avl
D25100001929,T2510003015,R005,S0025,2025-10-12,2025-10-12 06:11:37,2025-10-12 06:17:42,2025-10-12 06:12:07,2025-10-12 06:18:02,6.08,road_works,avl
D25100001930,T2510003018,R006,S0025,2025-10-12,2025-10-12 06:33:48,2025-10-12 06:29:42,2025-10-12 06:34:18,2025-10-12 06:30:00,-4.1,early_running,avl
D25100001931,T2510003031,R001,S0035,2025-10-12,2025-10-12 07:25:55,2025-10-12 07:31:07,2025-10-12 07:26:25,2025-10-12 07:32:03,5.2,road_works,avl
D25100001932,T2510003033,R004,S0017,2025-10-12,2025-10-12 07:17:24,2025-10-12 07:15:12,2025-10-12 07:17:54,2025-10-12 07:15:38,-2.2,early_running,avl
D25100001933,T2510003036,R006,S0094,2025-10-12,2025-10-12 07:42:48,2025-10-12 07:36:01,2025-10-12 07:43:18,2025-10-12 07:36:19,-6.78,early_running,avl
D25100001934,T2510003038,R001,S0035,2025-10-12,2025-10-12 08:01:40,2025-10-12 08:08:02,2025-10-12 08:02:10,2025-10-12 08:09:27,6.37,road_works,avl
D25100001935,T2510003039,R003,S0076,2025-10-12,2025-10-12 07:42:53,2025-10-12 07:51:04,2025-10-12 07:43:23,2025-10-12 07:51:42,8.18,road_works,avl
D25100001936,T2510003039,R003,S0025,2025-10-12,2025-10-12 07:58:18,2025-10-12 08:12:20,2025-10-12 07:58:48,2025-10-12 08:12:58,14.03,road_works,avl
D25100001937,T2510003043,R003,S0068,2025-10-12,2025-10-12 08:09:18,2025-10-12 08:21:07,2025-10-12 08:09:48,2025-10-12 08:21:32,11.82,road_works,avl
D25100001938,T2510003045,R005,S0025,2025-10-12,2025-10-12 07:47:43,2025-10-12 08:02:02,2025-10-12 07:48:13,2025-10-12 08:02:33,14.32,road_works,avl
D25100001939,T2510003045,R005,S0015,2025-10-12,2025-10-12 08:10:36,2025-10-12 08:29:50,2025-10-12 08:11:06,2025-10-12 08:30:21,19.23,road_works,driver_report
D25100001940,T2510003051,R001,S0035,2025-10-12,2025-10-12 08:31:40,2025-10-12 08:39:18,2025-10-12 08:32:10,2025-10-12 08:40:19,7.63,road_works,avl
D25100001941,T2510003055,R006,S0094,2025-10-12,2025-10-12 08:27:48,2025-10-12 08:25:30,2025-10-12 08:28:18,2025-10-12 08:25:53,-2.3,early_running,avl
D25100001942,T2510003066,R005,S0025,2025-10-12,2025-10-12 08:32:43,2025-10-12 08:44:13,2025-10-12 08:33:13,2025-10-12 08:45:24,11.5,special_event,avl
D25100001943,T2510003066,R005,S0015,2025-10-12,2025-10-12 08:55:36,2025-10-12 09:13:19,2025-10-12 08:56:06,2025-10-12 09:14:30,17.72,special_event,avl
D25100001944,T2510003067,R003,S0025,2025-10-12,2025-10-12 08:58:18,2025-10-12 09:09:00,2025-10-12 08:58:48,2025-10-12 09:09:43,10.7,road_works,avl
D25100001945,T2510003069,R004,S0059,2025-10-12,2025-10-12 08:43:36,2025-10-12 08:41:33,2025-10-12 08:44:06,2025-10-12 08:42:01,-2.05,early_running,avl
D25100001946,T2510003070,R002,S0051,2025-10-12,2025-10-12 09:19:30,2025-10-12 09:32:22,2025-10-12 09:20:00,2025-10-12 09:33:31,12.87,road_works,avl
D25100001947,T2510003071,R006,S0025,2025-10-12,2025-10-12 09:01:48,2025-10-12 08:59:42,2025-10-12 09:02:18,2025-10-12 09:00:05,-2.1,early_running,avl
D25100001948,T2510003072,R005,S0066,2025-10-12,2025-10-12 08:51:48,2025-10-12 08:57:59,2025-10-12 08:52:18,2025-10-12 08:58:53,6.18,special_event,avl
D25100001949,T2510003072,R005,S0087,2025-10-12,2025-10-12 09:06:36,2025-10-12 09:16:51,2025-10-12 09:07:06,2025-10-12 09:13:08,10.25,special_event,avl
D25100001950,T2510003073,R003,S0068,2025-10-12,2025-10-12 09:09:18,2025-10-12 09:21:54,2025-10-12 09:09:48,2025-10-12 09:22:44,12.6,special_event,avl
D25100001951,T2510003077,R002,S0067,2025-10-12,2025-10-12 09:34:40,2025-10-12 09:46:14,2025-10-12 09:35:10,2025-10-12 09:46:59,11.57,special_event,avl
D25100001952,T2510003077,R002,S0006,2025-10-12,2025-10-12 09:38:30,2025-10-12 09:50:35,2025-10-12 09:39:00,2025-10-12 09:51:20,12.08,special_event,avl
D25100001953,T2510003078,R001,S0029,2025-10-12,2025-10-12 09:51:18,2025-10-12 09:48:49,2025-10-12 09:51:48,2025-10-12 09:49:38,-2.48,early_running,avl
D25100001954,T2510003079,R003,S0076,2025-10-12,2025-10-12 09:12:53,2025-10-12 09:19:28,2025-10-12 09:13:23,2025-10-12 09:20:33,6.58,special_event,avl
D25100001955,T2510003079,R003,S0025,2025-10-12,2025-10-12 09:28:18,2025-10-12 09:42:51,2025-10-12 09:28:48,2025-10-12 09:43:56,14.55,special_event,avl
D25100001956,T2510003080,R001,S0034,2025-10-12,2025-10-12 09:01:35,2025-10-12 09:07:05,2025-10-12 09:02:05,2025-10-12 09:08:25,5.5,traffic_congestion,avl
D25100001957,T2510003080,R001,S0050,2025-10-12,2025-10-12 09:55:18,2025-10-12 10:10:33,2025-10-12 09:55:48,2025-10-12 10:11:52,-999.0,traffic_congestion,avl
D25100001958,T2510003081,R002,S0051,2025-10-12,2025-10-12 09:49:30,2025-10-12 10:01:05,2025-10-12 09:50:00,2025-10-12 10:02:05,11.58,special_event,avl
D25100001959,T2510003084,R003,S0067,2025-10-12,2025-10-12 08:58:59,2025-10-12 09:04:04,2025-10-12 08:59:29,2025-10-12 09:04:59,5.08,special_event,avl
D25100001960,T2510003084,R003,S0068,2025-10-12,2025-10-12 09:39:18,2025-10-12 09:59:12,2025-10-12 09:39:48,2025-10-12 10:00:07,19.9,special_event,avl
D25100001961,T2510003087,R005,S0025,2025-10-12,2025-10-12 09:17:43,2025-10-12 09:23:37,2025-10-12 09:18:13,2025-10-12 09:24:51,5.9,special_event,avl
D25100001962,T2510003089,R002,S0067,2025-10-12,2025-10-12 09:57:40,2025-10-12 10:08:49,2025-10-12 09:58:10,2025-10-12 10:09:31,11.15,special_event,avl
D25100001963,T2510003089,R002,S0006,2025-10-12,2025-10-12 10:01:30,2025-10-12 10:13:07,2025-10-12 10:02:00,2025-10-12 10:13:49,11.62,special_event,avl
D25100001964,T2510003090,R002,S0051,2025-10-12,2025-10-12 10:01:30,2025-10-12 10:16:05,2025-10-12 10:02:00,2025-10-12 10:16:52,14.58,special_event,avl
D25100001965,T2510003091,R003,S0025,2025-10-12,2025-10-12 09:44:18,2025-10-12 09:56:41,2025-10-12 09:44:48,2025-10-12 09:57:23,12.38,special_event,avl
D25100001966,T2510003093,R005,S0025,2025-10-12,2025-10-12 09:19:43,2025-10-12 09:29:53,2025-10-12 09:20:13,2025-10-12 09:30:11,10.17,special_event,avl
D25100001967,T2510003093,R005,S0015,2025-10-12,2025-10-12 09:42:36,2025-10-12 09:58:28,2025-10-12 09:43:06,2025-10-12 09:58:46,15.87,special_event,driver_report
D25100001968,T2510003094,R005,S0066,2025-10-12,2025-10-12 09:27:48,2025-10-12 09:45:02,2025-10-12 09:28:18,2025-10-12 09:46:25,17.23,special_event,avl
D25100001969,T2510003094,R005,S0087,2025-10-12,2025-10-12 09:42:36,2025-10-12 10:10:29,2025-10-12 09:43:06,2025-10-12 10:11:52,27.88,special_event,driver_report
D25100001970,T2510003095,R007,S0109,2025-10-12,2025-10-12 09:22:48,2025-10-12 09:18:53,2025-10-12 09:23:18,2025-10-12 09:19:19,-3.92,early_running,avl
D25100001971,T2510003096,R004,S0059,2025-10-12,2025-10-12 09:28:36,2025-10-12 09:24:58,2025-10-12 09:29:06,2025-10-12 09:25:30,-3.63,early_running,avl
D25100001972,T2510003097,R006,S0025,2025-10-12,2025-10-12 09:46:48,2025-10-12 09:52:09,2025-10-12 09:47:18,2025-10-12 09:52:43,5.35,passenger_boarding,avl
D25100001973,T2510003098,R002,S0067,2025-10-12,2025-10-12 10:04:40,2025-10-12 10:17:29,2025-10-12 10:05:10,2025-10-12 10:17:58,12.82,road_works,avl
D25100001974,T2510003098,R002,S0006,2025-10-12,2025-10-12 10:08:30,2025-10-12 10:21:39,2025-10-12 10:09:00,2025-10-12 10:22:08,13.15,road_works,avl
D25100001975,T2510003099,R005,S0015,2025-10-12,2025-10-12 09:08:30,2025-10-12 09:18:49,2025-10-12 09:09:00,2025-10-12 09:19:19,10.32,late_vehicle,avl
D25100001976,T2510003099,R005,S0087,2025-10-12,2025-10-12 09:51:36,2025-10-12 10:10:41,2025-10-12 09:52:06,2025-10-12 10:11:07,19.08,late_vehicle,avl
D25100001977,T2510003106,R002,S0067,2025-10-12,2025-10-12 10:17:40,2025-10-12 10:32:53,2025-10-12 10:18:10,2025-10-12 10:33:27,15.22,special_event,avl
D25100001978,T2510003106,R002,S0006,2025-10-12,2025-10-12 10:21:30,2025-10-12 10:37:13,2025-10-12 10:22:00,2025-10-12 10:37:47,15.72,special_event,avl
D25100001979,T2510003107,R002,S0067,2025-10-12,2025-10-12 09:23:50,2025-10-12 09:29:30,2025-10-12 09:24:20,2025-10-12 09:29:52,5.67,special_event,avl
D25100001980,T2510003107,R002,S0051,2025-10-12,2025-10-12 10:21:30,2025-10-12 10:32:11,2025-10-12 10:22:00,2025-10-12 10:32:34,10.68,special_event,avl
D25100001981,T2510003108,R003,S0025,2025-10-12,2025-10-12 10:04:18,2025-10-12 10:17:06,2025-10-12 10:04:48,2025-10-12 10:17:42,12.8,road_works,avl
D25100001982,T2510003110,R005,S0025,2025-10-12,2025-10-12 09:39:43,2025-10-12 09:57:40,2025-10-12 09:40:13,2025-10-12 09:58:58,17.95,road_works,avl
D25100001983,T2510003110,R005,S0015,2025-10-12,2025-10-12 10:02:36,2025-10-12 10:27:52,2025-10-12 10:03:06,2025-10-12 10:29:10,25.27,road_works,avl
D25100001984,T2510003111,R005,S0015,2025-10-12,2025-10-12 09:19:30,2025-10-12 09:55:00,2025-10-12 09:20:00,2025-10-12 09:55:30,35.5,late_vehicle,avl
D25100001985,T2510003111,R005,S0087,2025-10-12,2025-10-12 10:02:36,2025-10-12 10:55:46,2025-10-12 10:03:06,2025-10-12 10:56:37,53.17,late_vehicle,avl
D25100001986,T2510003114,R001,S0034,2025-10-12,2025-10-12 09:46:35,2025-10-12 09:57:43,2025-10-12 09:47:05,2025-10-12 10:01:01,11.13,passenger_boarding,avl
D25100001987,T2510003114,R001,S0050,2025-10-12,2025-10-12 10:40:18,2025-10-12 11:06:05,2025-10-12 10:40:48,2025-10-12 11:09:23,25.78,passenger_boarding,avl
D25100001988,T2510003117,R002,S0006,2025-10-12,2025-10-12 10:41:30,2025-10-12 10:38:51,2025-10-12 10:42:00,2025-10-12 10:39:19,-2.65,early_running,avl
D25100001989,T2510003119,R003,S0076,2025-10-12,2025-10-12 10:08:53,2025-10-12 10:17:03,2025-10-12 10:09:23,2025-10-12 10:18:06,8.17,special_event,avl
D25100001990,T2510003119,R003,S0025,2025-10-12,2025-10-12 10:24:18,2025-10-12 10:46:05,2025-10-12 10:24:48,2025-10-12 10:47:08,21.78,special_event,avl
D25100001991,T2510003120,R003,S0067,2025-10-12,2025-10-12 09:43:59,2025-10-12 09:57:21,2025-10-12 09:44:29,2025-10-12 09:58:24,13.37,special_event,avl
D25100001992,T2510003120,R003,S0068,2025-10-12,2025-10-12 10:24:18,2025-10-12 10:56:03,2025-10-12 10:24:48,2025-10-12 10:57:05,31.75,special_event,driver_report
D25100001993,T2510003121,R005,S0087,2025-10-12,2025-10-12 09:39:30,2025-10-12 10:03:58,2025-10-12 09:40:00,2025-10-12 10:04:28,24.47,late_vehicle,avl
D25100001994,T2510003121,R005,S0015,2025-10-12,2025-10-12 10:22:36,2025-10-12 11:11:01,2025-10-12 10:23:06,2025-10-12 11:11:58,48.42,late_vehicle,avl
D25100001995,T2510003122,R005,S0015,2025-10-12,2025-10-12 09:39:30,2025-10-12 10:15:59,2025-10-12 09:40:00,2025-10-12 10:16:29,36.48,late_vehicle,avl
D25100001996,T2510003122,R005,S0087,2025-10-12,2025-10-12 10:22:36,2025-10-12 11:07:48,2025-10-12 10:23:06,2025-10-12 11:08:41,45.2,late_vehicle,avl
D25100001997,T2510003124,R005,S0087,2025-10-12,2025-10-12 09:42:30,2025-10-12 10:16:11,2025-10-12 09:43:00,2025-10-12 10:16:41,33.68,late_vehicle,driver_report
D25100001998,T2510003124,R005,S0015,2025-10-12,2025-10-12 10:25:36,2025-10-12 11:05:02,2025-10-12 10:26:06,2025-10-12 11:05:28,39.43,late_vehicle,avl
D25100001999,T2510003125,R003,S0068,2025-10-12,2025-10-12 09:43:30,2025-10-12 09:54:55,2025-10-12 09:44:00,2025-10-12 09:55:25,11.42,late_vehicle,avl
D25100002000,T2510003125,R003,S0025,2025-10-12,2025-10-12 10:28:18,2025-10-12 10:49:38,2025-10-12 10:28:48,2025-10-12 10:50:20,21.33,late_vehicle,driver_report
D25100002001,T2510003128,R002,S0006,2025-10-12,2025-10-12 09:47:30,2025-10-12 09:56:05,2025-10-12 09:48:00,2025-10-12 09:56:35,8.58,late_vehicle,avl
D25100002002,T2510003129,R006,S0025,2025-10-12,2025-10-12 10:31:48,2025-10-12 10:37:20,2025-10-12 10:32:18,2025-10-12 10:37:41,5.53,traffic_congestion,avl
D25100002003,T2510003130,R005,S0015,2025-10-12,2025-10-12 09:53:30,2025-10-12 10:33:22,2025-10-12 09:54:00,2025-10-12 10:33:52,39.87,late_vehicle,avl
D25100002004,T2510003130,R005,S0087,2025-10-12,2025-10-12 10:36:36,2025-10-12 11:28:33,2025-10-12 10:37:06,2025-10-12 11:29:10,51.95,late_vehicle,driver_report
D25100002005,T2510003131,R003,S0025,2025-10-12,2025-10-12 09:54:30,2025-10-12 10:02:11,2025-10-12 09:55:00,2025-10-12 10:02:41,7.68,late_vehicle,avl
D25100002006,T2510003131,R003,S0068,2025-10-12,2025-10-12 10:39:18,2025-10-12 10:55:58,2025-10-12 10:39:48,2025-10-12 10:56:32,16.67,late_vehicle,avl
D25100002007,T2510003134,R001,S0050,2025-10-12,2025-10-12 11:01:06,2025-10-12 10:54:32,2025-10-12 11:01:36,2025-10-12 10:55:36,-6.57,early_running,avl
D25100002008,T2510003136,R002,S0067,2025-10-12,2025-10-12 10:54:26,2025-10-12 11:02:37,2025-10-12 10:54:56,2025-10-12 11:03:59,8.18,road_works,avl
D25100002009,T2510003137,R001,S0035,2025-10-12,2025-10-12 10:55:02,2025-10-12 11:00:46,2025-10-12 10:55:32,2025-10-12 11:02:52,5.73,road_works,avl
D25100002010,T2510003142,R003,S0068,2025-10-12,2025-10-12 11:01:30,2025-10-12 11:12:32,2025-10-12 11:02:00,2025-10-12 11:14:08,11.03,special_event,avl
D25100002011,T2510003143,R005,S0087,2025-10-12,2025-10-12 10:27:30,2025-10-12 11:01:16,2025-10-12 10:28:00,2025-10-12 11:01:46,33.77,late_vehicle,driver_report
D25100002012,T2510003143,R005,S0015,2025-10-12,2025-10-12 11:04:24,2025-10-12 11:44:38,2025-10-12 11:04:54,2025-10-12 11:46:18,40.23,late_vehicle,avl
D25100002013,T2510003145,R001,S0035,2025-10-12,2025-10-12 11:17:02,2025-10-12 11:25:56,2025-10-12 11:17:32,2025-10-12 11:28:21,8.9,traffic_congestion,avl
D25100002014,T2510003145,R001,S0029,2025-10-12,2025-10-12 11:34:06,2025-10-12 11:46:22,2025-10-12 11:34:36,2025-10-12 11:48:47,12.27,traffic_congestion,avl
D25100002015,T2510003146,R006,S0025,2025-10-12,2025-10-12 11:10:36,2025-10-12 11:06:51,2025-10-12 11:11:06,2025-10-12 11:07:14,-3.75,early_running,avl
D25100002016,T2510003147,R005,S0015,2025-10-12,2025-10-12 10:38:30,2025-10-12 11:10:32,2025-10-12 10:39:00,2025-10-12 11:11:02,32.03,late_vehicle,avl
D25100002017,T2510003147,R005,S0087,2025-10-12,2025-10-12 11:15:24,2025-10-12 11:58:48,2025-10-12 11:15:54,2025-10-12 12:00:11,43.4,late_vehicle,avl
D25100002018,T2510003153,R007,S0117,2025-10-12,2025-10-12 10:58:20,2025-10-12 11:04:30,2025-10-12 10:58:50,2025-10-12 11:05:06,6.17,traffic_congestion,avl
D25100002019,T2510003155,R003,S0025,2025-10-12,2025-10-12 11:35:30,2025-10-12 11:46:30,2025-10-12 11:36:00,2025-10-12 11:48:44,11.0,special_event,avl
D25100002020,T2510003156,R002,S0051,2025-10-12,2025-10-12 11:53:36,2025-10-12 12:03:41,2025-10-12 11:54:06,2025-10-12 12:05:27,10.08,road_works,avl
D25100002021,T2510003157,R001,S0034,2025-10-12,2025-10-12 11:20:25,2025-10-12 11:25:39,2025-10-12 11:20:55,2025-10-12 11:27:06,5.23,road_works,avl
D25100002022,T2510003158,R003,S0068,2025-10-12,2025-10-12 11:46:30,2025-10-12 12:07:12,2025-10-12 11:47:00,2025-10-12 12:09:51,20.7,special_event,driver_report
D25100002023,T2510003159,R001,S0035,2025-10-12,2025-10-12 12:01:02,2025-10-12 12:10:14,2025-10-12 12:01:32,2025-10-12 12:13:32,9.2,passenger_boarding,avl
D25100002024,T2510003159,R001,S0029,2025-10-12,2025-10-12 12:18:06,2025-10-12 12:31:57,2025-10-12 12:18:36,2025-10-12 12:35:15,13.85,passenger_boarding,avl
D25100002025,T2510003160,R001,S0034,2025-10-12,2025-10-12 11:42:25,2025-10-12 11:47:55,2025-10-12 11:42:55,2025-10-12 11:49:30,5.5,road_works,avl
D25100002026,T2510003161,R002,S0067,2025-10-12,2025-10-12 12:24:26,2025-10-12 12:48:53,2025-10-12 12:24:56,2025-10-12 12:51:38,24.45,passenger_boarding,avl
D25100002027,T2510003161,R002,S0006,2025-10-12,2025-10-12 12:27:36,2025-10-12 12:52:51,2025-10-12 12:28:06,2025-10-12 12:55:37,25.25,passenger_boarding,avl
D25100002028,T2510003163,R003,S0025,2025-10-12,2025-10-12 12:20:30,2025-10-12 12:31:31,2025-10-12 12:21:00,2025-10-12 12:32:56,11.02,road_works,avl
D25100002029,T2510003164,R002,S0051,2025-10-12,2025-10-12 12:38:36,2025-10-12 12:55:05,2025-10-12 12:39:06,2025-10-12 12:57:26,16.48,special_event,driver_report
D25100002030,T2510003165,R001,S0034,2025-10-12,2025-10-12 12:04:25,2025-10-12 12:09:49,2025-10-12 12:04:55,2025-10-12 12:12:05,5.4,road_works,avl
D25100002031,T2510003166,R004,S0017,2025-10-12,2025-10-12 12:13:42,2025-10-12 12:11:18,2025-10-12 12:14:12,2025-10-12 12:12:12,-2.4,early_running,avl
D25100002032,T2510003167,R003,S0068,2025-10-12,2025-10-12 12:31:30,2025-10-12 12:47:15,2025-10-12 12:32:00,2025-10-12 12:48:53,15.75,special_event,avl
D25100002033,T2510003168,R005,S0025,2025-10-12,2025-10-12 12:14:51,2025-10-12 12:27:50,2025-10-12 12:15:21,2025-10-12 12:30:29,12.98,special_event,avl
D25100002034,T2510003168,R005,S0015,2025-10-12,2025-10-12 12:34:24,2025-10-12 12:53:55,2025-10-12 12:34:54,2025-10-12 12:56:33,19.52,special_event,avl
D25100002035,T2510003169,R001,S0035,2025-10-12,2025-10-12 12:45:02,2025-10-12 12:51:00,2025-10-12 12:45:32,2025-10-12 12:53:08,5.97,road_works,avl
D25100002036,T2510003171,R006,S0025,2025-10-12,2025-10-12 12:40:36,2025-10-12 12:37:05,2025-10-12 12:41:06,2025-10-12 12:37:42,-3.52,early_running,avl
D25100002037,T2510003173,R001,S0050,2025-10-12,2025-10-12 13:13:06,2125-09-18 13:09:58,2025-10-12 13:13:36,2125-09-18 13:11:30,-3.13,early_running,avl
D25100002038,T2510003176,R002,S0067,2025-10-12,2025-10-12 13:09:26,2025-10-12 13:27:04,2025-10-12 13:09:56,2025-10-12 13:29:39,17.63,special_event,driver_report
D25100002039,T2510003176,R002,S0006,2025-10-12,2025-10-12 13:12:36,2025-10-12 13:31:00,2025-10-12 13:13:06,2025-10-12 13:27:02,18.4,special_event,avl
D25100002040,T2510003178,R003,S0076,2025-10-12,2025-10-12 12:52:48,2025-10-12 12:57:54,2025-10-12 12:53:18,2025-10-12 12:59:31,5.1,road_works,avl
D25100002041,T2510003178,R003,S0025,2025-10-12,2025-10-12 13:05:30,2025-10-12 13:17:55,2025-10-12 13:06:00,2025-10-12 13:19:33,12.42,road_works,avl
D25100002042,T2510003179,R002,S0051,2025-10-12,2025-10-12 13:23:36,2025-10-12 13:35:50,2025-10-12 13:24:06,2025-10-12 13:37:31,12.23,special_event,avl
D25100002043,T2510003187,R002,S0067,2025-10-12,2025-10-12 13:54:26,2025-10-12 14:09:33,2025-10-12 13:54:56,2025-10-12 14:11:56,15.12,special_event,driver_report
D25100002044,T2510003187,R002,S0006,2025-10-12,2025-10-12 13:57:36,2025-10-12 14:13:18,2025-10-12 13:58:06,2025-10-12 14:06:15,15.7,special_event,avl
D25100002045,T2510003191,R002,S0051,2025-10-12,2025-10-12 14:08:36,2025-10-12 14:20:08,2025-10-12 14:09:06,2025-10-12 14:22:35,11.53,road_works,avl
D25100002046,T2510003192,R004,S0017,2025-10-12,2025-10-12 13:43:42,2025-10-12 13:40:21,2025-10-12 13:44:12,2025-10-12 13:41:12,-3.35,early_running,avl
D25100002047,T2510003193,R003,S0068,2025-10-12,2025-10-12 14:01:30,2025-10-12 14:22:50,2025-10-12 14:02:00,2025-10-12 14:25:48,21.33,special_event,avl
D25100002048,T2510003194,R005,S0025,2025-10-12,2025-10-12 13:44:51,2025-10-12 13:57:06,2025-10-12 13:45:21,2025-10-12 14:00:06,12.25,special_event,avl
D25100002049,T2510003194,R005,S0015,2025-10-12,2025-10-12 14:04:24,2025-10-12 14:22:14,2025-10-12 14:04:54,2025-10-12 14:25:14,17.83,special_event,avl
D25100002050,T2510003197,R006,S0025,2025-10-12,2025-10-12 14:10:36,2025-10-12 14:08:25,2025-10-12 14:11:06,2025-10-12 14:08:57,-2.18,early_running,avl
D25100002051,T2510003198,R005,S0066,2025-10-12,2025-10-12 14:02:45,2025-10-12 14:08:50,2025-10-12 14:03:15,2025-10-12 14:11:45,6.08,road_works,avl
D25100002052,T2510003198,R005,S0087,2025-10-12,2025-10-12 14:15:24,2025-10-12 14:25:29,2025-10-12 14:15:54,2025-10-12 14:28:24,10.08,road_works,avl
D25100002053,T2510003202,R002,S0067,2025-10-12,2025-10-12 14:39:26,2025-10-12 14:54:03,2025-10-12 14:39:56,2025-10-12 14:55:44,14.62,road_works,avl
D25100002054,T2510003202,R002,S0006,2025-10-12,2025-10-12 14:42:36,2025-10-12 14:57:37,2025-10-12 14:43:06,2025-10-12 14:59:17,15.02,road_works,driver_report
D25100002055,T2510003203,R003,S0076,2025-10-12,2025-10-12 14:22:48,2025-10-12 14:32:45,2025-10-12 14:23:18,2025-10-12 14:36:00,9.95,special_event,avl
D25100002056,T2510003203,R003,S0025,2025-10-12,2025-10-12 14:35:30,2025-10-12 15:03:54,2025-10-12 14:36:00,2025-10-12 15:07:09,28.4,special_event,avl
D25100002057,T2510003205,R002,S0067,2025-10-12,2025-10-12 14:06:10,2025-10-12 14:13:47,2025-10-12 14:06:40,2025-10-12 14:16:12,7.62,special_event,avl
D25100002058,T2510003205,R002,S0051,2025-10-12,2025-10-12 14:53:36,2025-10-12 15:08:07,2025-10-12 14:54:06,2025-10-12 15:10:32,14.52,special_event,avl
D25100002059,T2510003206,R003,S0068,2025-10-12,2025-10-12 14:46:30,2025-10-12 15:03:37,2025-10-12 14:47:00,2025-10-12 15:05:24,17.12,road_works,avl
D25100002060,T2510003209,R008,S0120,2025-10-12,2025-10-12 14:42:36,2025-10-12 14:40:20,2025-10-12 14:43:06,2025-10-12 14:40:58,-2.27,early_running,avl
D25100002061,T2510003210,R001,S0035,2025-10-12,2025-10-12 15:19:02,2025-10-12 15:33:33,2025-10-12 15:19:32,2025-10-12 15:36:51,14.52,passenger_boarding,avl
D25100002062,T2510003210,R001,S0029,2025-10-12,2025-10-12 15:36:06,2025-10-12 15:57:57,2025-10-12 15:36:36,2025-10-12 16:01:15,21.85,passenger_boarding,avl
D25100002063,T2510003211,R002,S0067,2025-10-12,2025-10-12 15:24:26,2025-10-12 15:29:56,2025-10-12 15:24:56,2025-10-12 15:31:36,5.5,special_event,avl
D25100002064,T2510003212,R003,S0025,2025-10-12,2025-10-12 15:20:30,2025-10-12 15:31:10,2025-10-12 15:21:00,2025-10-12 15:32:43,10.67,road_works,avl
D25100002065,T2510003216,R003,S0068,2025-10-12,2025-10-12 15:31:30,2025-10-12 15:50:54,2025-10-12 15:32:00,2025-10-12 15:53:22,19.4,special_event,avl
D25100002066,T2510003218,R005,S0025,2025-10-12,2025-10-12 15:14:51,2025-10-12 15:23:09,2025-10-12 15:15:21,2025-10-12 15:26:03,8.3,special_event,avl
D25100002067,T2510003218,R005,S0015,2025-10-12,2025-10-12 15:34:24,2025-10-12 15:47:21,2025-10-12 15:34:54,2025-10-12 15:50:15,12.95,special_event,avl
D25100002068,T2510003220,R006,S0025,2025-10-12,2025-10-12 15:40:36,2025-10-12 15:47:29,2025-10-12 15:41:06,2025-10-12 15:48:08,6.88,traffic_congestion,avl
D25100002069,T2510003221,R001,S0034,2025-10-12,2025-10-12 15:22:25,2025-10-12 15:32:48,2025-10-12 15:22:55,2025-10-12 15:36:06,10.38,passenger_boarding,avl
D25100002070,T2510003221,R001,S0050,2025-10-12,2025-10-12 16:09:06,2025-10-12 16:39:46,2025-10-12 16:09:36,2025-10-12 16:43:04,30.67,passenger_boarding,avl
D25100002071,T2510003222,R005,S0066,2025-10-12,2025-10-12 15:32:45,2025-10-12 15:38:06,2025-10-12 15:33:15,2025-10-12 15:40:57,5.35,special_event,avl
D25100002072,T2510003223,R007,S0028,2025-10-12,2025-10-12 15:31:30,2025-10-12 15:28:44,2025-10-12 15:32:00,2025-10-12 15:29:14,-2.77,early_running,avl
D25100002073,T2510003225,R001,S0035,2025-10-12,2025-10-12 16:03:02,2025-10-12 16:19:39,2025-10-12 16:03:32,2025-10-12 16:22:57,16.62,passenger_boarding,driver_report
D25100002074,T2510003225,R001,S0029,2025-10-12,2025-10-12 16:20:06,2025-10-12 16:42:15,2025-10-12 16:20:36,2025-10-12 16:45:33,22.15,passenger_boarding,avl
D25100002075,T2510003229,R003,S0076,2025-10-12,2025-10-12 15:52:48,2025-10-12 16:00:36,2025-10-12 15:53:18,2025-10-12 16:02:29,7.8,road_works,avl
D25100002076,T2510003229,R003,S0025,2025-10-12,2025-10-12 16:05:30,2025-10-12 16:22:22,2025-10-12 16:06:00,2025-10-12 16:24:15,16.87,road_works,avl
D25100002077,T2510003231,R002,S0051,2025-10-12,2025-10-12 16:23:36,2025-10-12 16:41:03,2025-10-12 16:24:06,2025-10-12 16:43:15,17.45,special_event,avl
D25100002078,T2510003232,R003,S0068,2025-10-12,2025-10-12 16:16:30,2025-10-12 16:34:43,2025-10-12 16:17:00,2025-10-12 16:37:32,18.22,special_event,avl
D25100002079,T2510003233,R001,S0035,2025-10-12,2025-10-12 16:25:02,2025-10-12 16:34:07,2025-10-12 16:25:32,2025-10-12 16:35:37,9.08,road_works,avl
D25100002080,T2510003233,R001,S0029,2025-10-12,2025-10-12 16:42:06,2025-10-12 16:54:52,2025-10-12 16:42:36,2025-10-12 16:56:22,12.77,road_works,avl
D25100002081,T2510003234,R001,S0034,2025-10-12,2025-10-12 16:06:25,2025-10-14 16:12:59,2025-10-12 16:06:55,2025-10-14 16:16:17,6.57,road_works,avl
D25100002082,T2510003235,R001,S0050,2025-10-12,2025-10-12 17:13:54,2025-10-12 17:09:19,2025-10-12 17:14:24,2025-10-12 17:09:53,-4.58,early_running,avl
D25100002083,T2510003238,R002,S0067,2025-10-12,2025-10-12 17:06:49,2025-10-12 17:39:48,2025-10-12 17:07:19,2025-10-12 17:43:06,32.98,passenger_boarding,driver_report
D25100002084,T2510003238,R002,S0006,2025-10-12,2025-10-12 17:10:48,2025-10-12 17:45:13,2025-10-12 17:11:18,2025-10-12 17:48:31,34.42,passenger_boarding,avl
D25100002085,T2510003239,R001,S0035,2025-10-12,2025-10-12 17:04:15,2025-10-12 17:17:36,2025-10-12 17:04:45,2025-10-12 17:20:54,13.35,passenger_boarding,avl
D25100002086,T2510003239,R001,S0029,2025-10-12,2025-10-12 17:24:54,2025-10-12 17:44:31,2025-10-12 17:25:24,2025-10-12 17:47:49,19.62,passenger_boarding,avl
D25100002087,T2510003240,R003,S0076,2025-10-12,2025-10-12 16:44:00,2025-10-12 16:56:40,2025-10-12 16:44:30,2025-10-12 16:59:50,12.67,passenger_boarding,avl
D25100002088,T2510003240,R003,S0025,2025-10-12,2025-10-12 17:00:00,2025-10-12 17:27:26,2025-10-12 17:00:30,2025-10-12 17:30:35,27.43,passenger_boarding,avl
D25100002089,T2510003242,R002,S0067,2025-10-12,2025-10-12 16:21:59,2025-10-12 16:28:03,2025-10-12 16:22:29,2025-10-12 16:22:28,6.07,special_event,avl
D25100002090,T2510003242,R002,S0051,2025-10-12,2025-10-12 17:21:48,2025-10-12 17:43:17,2025-10-12 17:22:18,2025-10-12 17:46:28,21.48,special_event,avl
D25100002091,T2510003243,R004,S0017,2025-10-12,2025-10-12 16:48:30,2025-10-12 16:59:44,2025-10-12 16:49:00,2025-10-12 17:00:54,11.23,passenger_boarding,avl
D25100002092,T2510003244,R003,S0068,2025-10-12,2025-10-12 17:11:00,2025-10-12 17:32:33,2025-10-12 17:11:30,2025-10-12 17:34:43,21.55,special_event,avl
D25100002093,T2510003245,R001,S0029,2025-10-12,2025-10-12 17:39:54,2025-10-12 17:37:33,2025-10-12 17:40:24,2025-10-12 17:39:23,-2.35,early_running,avl
D25100002094,T2510003246,R005,S0025,2025-10-12,2025-10-12 16:48:28,2025-10-12 17:09:02,2025-10-12 16:48:58,2025-10-12 17:11:49,20.57,special_event,driver_report
D25100002095,T2510003246,R005,S0015,2025-10-12,2025-10-12 17:12:12,2025-10-12 17:43:53,2025-10-12 17:12:42,2025-10-12 17:46:40,31.68,special_event,driver_report
D25100002096,T2510003247,R001,S0034,2025-10-12,2025-10-12 16:47:26,2025-10-12 16:53:22,2025-10-12 16:47:56,2025-10-12 16:56:33,5.93,road_works,avl
D25100002097,T2510003247,R001,S0050,2025-10-12,2025-10-12 17:43:54,2025-10-12 17:56:19,2025-10-12 17:44:24,2025-10-12 17:59:30,12.42,road_works,avl
D25100002098,T2510003250,R002,S0067,2025-10-12,2025-10-12 17:36:49,2025-10-12 17:45:10,2025-10-12 17:37:19,2025-10-12 17:46:05,8.35,road_works,avl
D25100002099,T2510003251,R005,S0066,2025-10-12,2025-10-12 17:07:50,2025-10-12 17:22:06,2025-10-12 17:08:20,2025-10-12 17:25:24,14.27,passenger_boarding,avl
D25100002100,T2510003251,R005,S0087,2025-10-12,2025-10-12 17:23:12,2025-10-12 17:46:24,2025-10-12 17:23:42,2025-10-12 17:49:42,23.2,passenger_boarding,avl
D25100002101,T2510003254,R003,S0076,2025-10-12,2025-10-12 17:14:00,2025-10-12 17:19:41,2025-10-12 17:14:30,2025-10-12 17:21:12,5.68,road_works,avl
D25100002102,T2510003254,R003,S0025,2025-10-12,2025-10-12 17:30:00,2025-10-12 17:46:12,2025-10-12 17:30:30,2025-10-12 17:47:44,16.2,road_works,driver_report
D25100002103,T2510003260,R003,S0068,2025-10-12,2025-10-12 17:41:00,2025-10-12 17:53:49,2025-10-12 17:41:30,2025-10-12 17:55:31,12.82,special_event,avl
D25100002104,T2510003261,R001,S0035,2025-10-12,2025-10-12 17:49:15,2025-10-12 18:09:03,2025-10-12 17:49:45,2025-10-12 18:12:21,19.8,passenger_boarding,avl
D25100002105,T2510003261,R001,S0029,2025-10-12,2025-10-12 18:09:54,2025-10-12 18:39:41,2025-10-12 18:10:24,2025-10-12 18:42:59,29.78,passenger_boarding,avl
D25100002106,T2510003264,R002,S0067,2025-10-12,2025-10-12 18:06:49,2025-10-12 18:13:15,2025-10-12 18:07:19,2025-10-12 18:14:33,6.43,special_event,avl
D25100002107,T2510003266,R001,S0035,2025-10-12,2025-10-12 18:04:15,2025-10-12 18:10:02,2025-10-12 18:04:45,2025-10-12 18:12:03,5.78,road_works,avl
D25100002108,T2510003267,R005,S0025,2025-10-12,2025-10-12 17:33:28,2025-10-12 17:46:56,2025-10-12 17:33:58,2025-10-12 17:49:29,13.47,road_works,avl
D25100002109,T2510003267,R005,S0015,2025-10-12,2025-10-12 17:57:12,2025-10-12 18:16:05,2025-10-12 17:57:42,2025-10-12 18:18:38,18.88,road_works,avl
D25100002110,T2510003268,R003,S0076,2025-10-12,2025-10-12 17:44:00,2025-10-12 17:54:26,2025-10-12 17:44:30,2025-10-12 17:57:27,10.43,road_works,avl
D25100002111,T2510003268,R003,S0025,2025-10-12,2025-10-12 18:00:00,2025-10-12 18:21:50,2025-10-12 18:00:30,2025-10-12 18:24:51,21.83,road_works,avl
D25100002112,T2510003269,R001,S0034,2025-10-12,2025-10-12 17:32:26,2025-10-12 17:39:28,2025-10-12 17:32:56,2025-10-12 17:42:12,7.03,road_works,avl
D25100002113,T2510003269,R001,S0050,2025-10-12,2025-10-12 18:28:54,2025-10-12 18:47:19,2025-10-12 18:29:24,2025-10-12 18:50:04,18.42,road_works,avl
D25100002114,T2510003271,R002,S0067,2025-10-12,2025-10-12 17:21:59,2025-10-12 17:28:29,2025-10-12 17:22:29,2025-10-12 17:31:13,6.5,passenger_boarding,avl
D25100002115,T2510003271,R002,S0051,2025-10-12,2025-10-12 18:21:48,2025-10-12 18:48:48,2025-10-12 18:22:18,2025-10-12 18:51:32,27.0,passenger_boarding,driver_report
D25100002116,T2510003272,R006,S0025,2025-10-12,2025-10-12 18:03:18,2025-10-12 18:01:01,2025-10-12 18:03:48,2025-10-12 18:01:33,-2.28,early_running,avl
D25100002117,T2510003273,R005,S0066,2025-10-12,2025-10-12 17:52:50,2025-10-12 18:03:29,2025-10-12 17:53:20,2025-10-12 18:05:36,10.65,special_event,avl
D25100002118,T2510003273,R005,S0087,2025-10-12,2025-10-12 18:08:12,2025-10-12 18:25:49,2025-10-12 18:08:42,2025-10-12 18:27:56,17.62,special_event,avl
D25100002119,T2510003274,R003,S0068,2025-10-12,2025-10-12 18:11:00,2025-10-12 18:25:06,2025-10-12 18:11:30,2025-10-12 18:27:05,14.1,special_event,avl
D25100002120,T2510003275,R001,S0035,2025-10-12,2025-10-12 18:19:15,2025-10-12 18:26:13,2025-10-12 18:19:45,2025-10-12 18:28:52,6.97,traffic_congestion,avl
D25100002121,T2510003275,R001,S0029,2025-10-12,2025-10-12 18:39:54,2025-10-12 18:50:05,2025-10-12 18:40:24,2025-10-12 18:52:44,10.18,traffic_congestion,avl
D25100002122,T2510003278,R002,S0067,2025-10-12,2025-10-12 18:36:49,2025-10-12 18:46:20,2025-10-12 18:37:19,2025-10-12 18:47:50,9.52,road_works,avl
D25100002123,T2510003279,R001,S0035,2025-10-12,2025-10-12 18:34:15,2025-10-12 18:40:38,2025-10-12 18:34:45,2025-10-12 18:43:08,6.38,traffic_congestion,avl
D25100002124,T2510003280,R003,S0076,2025-10-12,2025-10-12 18:14:00,2025-10-12 18:19:59,2025-10-12 18:14:30,2025-10-12 18:22:00,5.98,special_event,avl
D25100002125,T2510003280,R003,S0025,2025-10-12,2025-10-12 18:30:00,2025-10-12 18:47:03,2025-10-12 18:30:30,2025-10-12 18:49:04,17.05,special_event,avl
D25100002126,T2510003282,R002,S0051,2025-10-12,2025-10-12 18:51:48,2025-10-12 19:04:44,2025-10-12 18:52:18,2025-10-12 19:06:19,12.93,special_event,avl
D25100002127,T2510003283,R002,S0067,2025-10-12,2025-10-12 18:49:49,2025-10-12 19:11:23,2025-10-12 18:50:19,2025-10-12 19:12:24,21.57,road_works,driver_report
D25100002128,T2510003283,R002,S0006,2025-10-12,2025-10-12 18:53:48,2025-10-12 19:16:15,2025-10-12 18:54:18,2025-10-12 19:17:16,22.45,road_works,driver_report
D25100002129,T2510003284,R002,S0067,2025-10-12,2025-10-12 17:53:59,2025-10-12 17:59:55,2025-10-12 17:54:29,2025-10-12 17:52:02,5.93,road_works,avl
D25100002130,T2510003285,R003,S0025,2025-10-12,2025-10-12 18:36:00,2025-10-12 18:50:04,2025-10-12 18:36:30,2025-10-12 18:50:46,14.07,road_works,avl
D25100002131,T2510003286,R003,S0067,2025-10-12,2025-10-12 17:54:08,2025-10-12 18:02:42,2025-10-12 17:54:38,2025-10-12 18:05:06,8.57,passenger_boarding,avl
D25100002132,T2510003286,R003,S0068,2025-10-12,2025-10-12 18:36:00,2025-10-12 18:59:48,2025-10-12 18:36:30,2025-10-12 19:02:12,23.8,passenger_boarding,driver_report
D25100002133,T2510003287,R005,S0025,2025-10-12,2025-10-12 18:10:28,2025-10-12 18:23:17,2025-10-12 18:10:58,2025-10-12 18:24:23,12.82,road_works,avl
D25100002134,T2510003287,R005,S0015,2025-10-12,2025-10-12 18:34:12,2025-10-12 18:53:26,2025-10-12 18:34:42,2025-10-12 18:54:32,19.23,road_works,driver_report
D25100002135,T2510003288,R005,S0066,2025-10-12,2025-10-12 18:18:50,2025-10-12 18:37:50,2025-10-12 18:19:20,2025-10-12 18:39:09,19.0,special_event,avl
D25100002136,T2510003288,R005,S0087,2025-10-12,2025-10-12 18:34:12,2025-10-12 19:02:24,2025-10-12 18:34:42,2025-10-12 19:03:43,28.2,special_event,avl
D25100002137,T2510003292,R001,S0035,2025-10-12,2025-10-12 18:49:15,2025-10-12 18:55:41,2025-10-12 18:49:45,2025-10-12 18:58:51,n/a,road_works,avl
D25100002138,T2510003294,R005,S0025,2025-10-12,2025-10-12 18:18:28,2025-10-12 18:26:57,2025-10-12 18:18:58,2025-10-12 18:27:38,8.48,road_works,avl
D25100002139,T2510003294,R005,S0015,2025-10-12,2025-10-12 18:42:12,2025-10-12 18:52:37,2025-10-12 18:42:42,2025-10-12 18:53:18,10.42,road_works,avl
D25100002140,T2510003295,R001,S0050,2025-10-12,2025-10-12 19:13:54,2025-10-12 19:26:45,2025-10-12 19:14:24,2025-10-12 19:29:47,12.85,road_works,avl
D25100002141,T2510003298,R002,S0067,2025-10-12,2025-10-12 19:04:49,2025-10-12 19:15:21,2025-10-12 19:05:19,2025-10-12 19:16:26,10.53,special_event,avl
D25100002142,T2510003298,R002,S0006,2025-10-12,2025-10-12 19:08:48,2025-10-12 19:19:48,2025-10-12 19:09:18,2025-10-12 19:20:52,11.0,special_event,avl
D25100002143,T2510003299,R002,S0051,2025-10-12,2025-10-12 19:08:48,2025-10-12 19:23:49,2025-10-12 19:09:18,2025-10-12 19:24:08,15.02,special_event,avl
D25100002144,T2510003300,R003,S0076,2025-10-12,2025-10-12 18:35:00,2025-10-12 18:40:51,2025-10-12 18:35:30,2025-10-12 18:41:34,5.85,road_works,avl
D25100002145,T2510003300,R003,S0025,2025-10-12,2025-10-12 18:51:00,2025-10-12 19:05:46,2025-10-12 18:51:30,2025-10-12 19:06:29,14.77,road_works,avl
D25100002146,T2510003301,R003,S0068,2025-10-12,2025-10-12 18:51:00,2025-10-12 19:05:45,2025-10-12 18:51:30,2025-10-12 19:06:34,14.75,special_event,avl
D25100002147,T2510003302,R005,S0087,2025-10-12,2025-10-12 18:04:30,2025-10-12 18:21:35,2025-10-12 18:05:00,2025-10-12 18:22:05,17.08,late_vehicle,avl
D25100002148,T2510003302,R005,S0015,2025-10-12,2025-10-12 18:49:12,2025-10-12 19:29:35,2025-10-12 18:49:42,2025-10-12 19:30:43,40.38,late_vehicle,driver_report
D25100002149,T2510003303,R005,S9831,2025-10-12,2025-10-12 18:04:30,2025-10-12 18:31:19,2025-10-12 18:05:00,2025-10-12 18:31:49,26.82,late_vehicle,avl
D25100002150,T2510003303,R005,S0087,2025-10-12,2025-10-12 18:49:12,2025-10-12 19:42:51,2025-10-12 18:49:42,2025-10-12 19:44:53,53.65,late_vehicle,driver_report
D25100002151,T2510003304,R006,S0025,2025-10-12,2025-10-12 18:48:18,2025-10-12 18:55:13,2025-10-12 18:48:48,2025-10-12 18:55:37,6.92,traffic_congestion,avl
D25100002152,T2510003306,R005,S0015,2025-10-12,2025-10-12 18:08:30,2025-10-12 18:58:07,2025-10-12 18:09:00,2025-10-12 18:58:37,49.62,late_vehicle,avl
D25100002153,T2510003306,R005,S0087,2025-10-12,2025-10-12 18:53:12,2025-10-12 19:52:07,2025-10-12 18:53:42,2025-10-12 19:53:31,58.92,late_vehicle,avl
D25100002154,T2510003308,R003,S0076,2025-10-12,2025-10-12 18:44:00,2025-10-12 18:53:31,2025-10-12 18:44:30,2025-10-12 18:54:28,9.52,special_event,avl
D25100002155,T2510003308,R003,S0025,2025-10-12,2025-10-12 19:00:00,2025-10-12 19:17:46,2025-10-12 19:00:30,2025-10-12 19:18:44,17.77,special_event,avl
D25100002156,T2510003313,R002,S0067,2025-10-12,2025-10-12 19:19:49,2025-10-12 19:40:48,2025-10-12 19:20:19,2025-10-12 19:42:13,20.98,special_event,avl
D25100002157,T2510003313,R002,S0006,2025-10-12,2025-10-12 19:23:48,2025-10-12 19:45:28,2025-10-12 19:24:18,2025-10-12 19:46:54,21.67,special_event,avl
D25100002158,T2510003314,R002,S0067,2025-10-12,2025-10-12 18:23:59,2025-10-12 18:29:47,2025-10-12 18:24:29,2025-10-12 18:30:19,5.8,special_event,avl
D25100002159,T2510003314,R002,S0051,2025-10-12,2025-10-12 19:23:48,2025-10-12 19:37:07,2025-10-12 19:24:18,2025-10-12 19:37:38,13.32,special_event,avl
D25100002160,T2510003315,R003,S0076,2025-10-12,2025-10-12 18:50:00,2025-10-12 19:02:03,2025-10-12 18:50:30,2025-10-12 19:02:39,12.05,special_event,avl
D25100002161,T2510003315,R003,S0025,2025-10-12,2025-10-12 19:06:00,2025-10-12 19:25:53,2025-10-12 19:06:30,2025-10-12 19:26:29,19.88,special_event,avl
D25100002162,T2510003316,R003,S0025,2025-10-12,2025-10-12 18:19:30,2025-10-12 18:30:36,2025-10-12 18:20:00,2025-10-12 18:31:06,11.1,late_vehicle,avl
D25100002163,T2510003316,R003,S0068,2025-10-12,2025-10-12 19:06:00,2025-10-12 19:32:52,2025-10-12 19:06:30,2025-10-12 19:34:51,26.87,late_vehicle,avl
D25100002164,T2510003317,R005,S0087,2025-10-12,2025-10-12 18:19:30,2025-10-12 18:58:56,2025-10-12 18:20:00,2025-10-12 18:59:26,39.43,late_vehicle,driver_report
D25100002165,T2510003317,R005,S0015,2025-10-12,2025-10-12 19:04:12,2025-10-12 20:08:14,2025-10-12 19:04:42,2025-10-12 20:10:21,64.03,late_vehicle,driver_report
D25100002166,T2510003318,R005,S0015,2025-10-12,2025-10-12 18:19:30,2025-10-12 19:07:54,2025-10-12 18:20:00,2025-10-12 19:08:24,48.4,late_vehicle,avl
D25100002167,T2510003318,R005,S9289,2025-10-12,2025-10-12 19:04:12,2025-10-12 20:06:16,2025-10-12 19:04:42,2025-10-12 20:07:02,62.07,late_vehicle,driver_report
D25100002168,T2510003319,R003,S0025,2025-10-12,2025-10-12 18:24:30,2025-10-12 18:52:00,2025-10-12 18:25:00,2025-10-12 18:52:30,27.5,late_vehicle,driver_report
D25100002169,T2510003319,R003,S0068,2025-10-12,2025-10-12 19:11:00,2025-10-12 19:56:43,2025-10-12 19:11:30,2025-10-12 19:58:40,45.72,late_vehicle,avl
D25100002170,T2510003320,R001,S0035,2025-10-12,2025-10-12 19:19:15,2025-10-12 19:24:38,2025-10-12 19:19:45,2025-10-12 19:27:46,5.38,road_works,avl
D25100002171,T2510003322,R002,S0051,2025-10-12,2025-10-12 18:34:30,2025-10-12 18:54:18,2025-10-12 18:35:00,2025-10-12 18:54:48,19.8,late_vehicle,driver_report
D25100002172,T2510003322,R002,S0006,2025-10-12,2025-10-12 19:38:48,2025-10-12 20:20:06,2025-10-12 19:39:18,2025-10-12 20:21:47,41.3,late_vehicle,avl
D25100002173,T2510003323,R002,S0006,2025-10-12,2025-10-12 18:34:30,2025-10-12 18:56:10,2025-10-12 18:35:00,2025-10-12 18:56:40,21.67,late_vehicle,avl
D25100002174,T2510003323,R002,S0051,2025-10-12,2025-10-12 19:38:48,2025-10-12 20:14:02,2025-10-12 19:39:18,2025-10-12 20:15:45,35.23,late_vehicle,avl
D25100002175,T2510003324,R003,S0068,2025-10-12,2025-10-12 18:34:30,2025-10-12 18:52:33,2025-10-12 18:35:00,2025-10-12 18:53:03,18.05,late_vehicle,avl
D25100002176,T2510003324,R003,S0025,2025-10-12,2025-10-12 19:21:00,2025-10-12 19:51:08,2025-10-12 19:21:30,2025-10-12 19:52:09,30.13,late_vehicle,avl
D25100002177,T2510003325,R003,S0025,2025-10-12,2025-10-12 18:34:30,2025-10-12 18:55:34,2025-10-12 18:35:00,2025-10-12 18:56:04,21.07,late_vehicle,avl
D25100002178,T2510003325,R003,S0068,2025-10-12,2025-10-12 19:21:00,2025-10-12 19:50:21,2025-10-12 19:21:30,2025-10-12 19:50:51,29.35,late_vehicle,avl
D25100002179,T2510003326,R005,S0087,2025-10-12,2025-10-12 18:34:30,2025-10-12 19:35:05,2025-10-12 18:35:00,2025-10-12 19:35:35,60.58,late_vehicle,driver_report
D25100002180,T2510003326,R005,S0015,2025-10-12,2025-10-12 19:19:12,2025-10-12 20:47:32,2025-10-12 19:19:42,2025-10-12 20:49:16,88.33,late_vehicle,avl
D25100002181,T2510003327,R005,S0015,2025-10-12,2025-10-12 18:34:30,2025-10-12 19:48:21,2025-10-12 18:35:00,2025-10-12 19:48:51,73.85,late_vehicle,avl
D25100002182,T2510003327,R005,S0087,2025-10-12,2025-10-12 19:19:12,2025-10-12 21:07:36,2025-10-12 19:19:42,2025-10-12 21:10:24,108.4,late_vehicle,avl
D25100002183,T2510003329,R002,S0051,2025-10-12,2025-10-12 18:36:30,2025-10-12 19:09:14,2025-10-12 18:37:00,2025-10-12 19:09:44,32.73,late_vehicle,avl
D25100002184,T2510003329,R002,S0006,2025-10-12,2025-10-12 19:40:48,2025-10-12 20:14:22,2025-10-12 19:41:18,2025-10-12 20:15:22,33.57,late_vehicle,avl
D25100002185,T2510003330,R001,S0035,2025-10-12,2025-10-12 19:34:15,2025-10-12 19:42:56,2025-10-12 19:34:45,2025-10-12 19:45:19,8.68,road_works,avl
D25100002186,T2510003330,R001,S0029,2025-10-12,2025-10-12 19:54:54,2025-10-12 20:07:56,2025-10-12 19:55:24,2025-10-12 20:10:19,13.03,road_works,avl
D25100002187,T2510003331,R005,S0087,2025-10-12,2025-10-12 18:42:30,2025-10-12 19:57:37,2025-10-12 18:43:00,2025-10-12 19:58:07,75.12,late_vehicle,driver_report
D25100002188,T2510003331,R005,S0015,2025-10-12,2025-10-12 19:27:12,2025-10-12 20:48:17,2025-10-12 19:27:42,2025-10-12 20:49:35,81.08,late_vehicle,avl
D25100002189,T2510003335,R002,S0006,2025-10-12,2025-10-12 18:47:30,2025-10-12 19:10:14,2025-10-12 18:48:00,2025-10-12 19:10:44,22.73,late_vehicle,driver_report
D25100002190,T2510003335,R002,S0051,2025-10-12,2025-10-12 19:51:48,2025-10-12 20:18:44,2025-10-12 19:52:18,2025-10-12 20:19:14,26.93,late_vehicle,driver_report
D25100002191,T2510003337,R005,S0015,2025-10-12,2025-10-12 18:53:30,2025-10-12 20:11:46,2025-10-12 18:54:00,2025-10-12 20:12:16,78.27,late_vehicle,avl
D25100002192,T2510003337,R005,S0087,2025-10-12,2025-10-12 19:38:12,2025-10-12 21:05:44,2025-10-12 19:38:42,2025-10-12 21:06:44,87.53,late_vehicle,driver_report
D25100002193,T2510003338,R003,S0025,2025-10-12,2025-10-12 18:54:30,2025-10-12 19:05:18,2025-10-12 18:55:00,2025-10-12 19:05:48,10.8,late_vehicle,avl
D25100002194,T2510003338,R003,S0068,2025-10-12,2025-10-12 19:41:00,2025-10-12 19:59:14,2025-10-12 19:41:30,2025-10-12 19:59:57,18.23,late_vehicle,avl
D25100002195,T2510003340,R007,S0109,2025-10-12,2025-10-12 18:57:30,2025-10-12 19:03:14,2025-10-12 18:58:00,2025-10-12 19:03:44,5.73,late_vehicle,avl
D25100002196,T2510003341,R001,S0034,2025-10-12,2025-10-12 19:17:26,2025-10-12 19:22:37,2025-10-12 19:17:56,2025-10-12 19:25:42,5.18,road_works,avl
D25100002197,T2510003341,R001,S0050,2025-10-12,2025-10-12 20:13:54,2025-10-12 20:26:49,2025-10-12 20:14:24,2025-10-12 20:29:54,12.92,road_works,avl
D25100002198,T2510003342,R006,S0094,2025-10-12,2025-10-12 19:44:18,2025-10-12 19:40:46,2025-10-12 19:44:48,2025-10-12 19:41:14,-3.53,early_running,avl
D25100002199,T2510003344,R002,S0051,2025-10-12,2025-10-12 19:06:30,2025-10-12 19:16:52,2025-10-12 19:07:00,2025-10-12 19:17:22,10.37,late_vehicle,avl
D25100002200,T2510003344,R002,S0006,2025-10-12,2025-10-12 20:10:48,2025-10-12 20:26:06,2025-10-12 20:11:18,2025-10-12 20:26:28,15.3,late_vehicle,driver_report
D25100002201,T2510003346,R001,S0035,2025-10-12,2025-10-12 20:04:15,2025-10-12 20:12:17,2025-10-12 20:04:45,2025-10-12 20:13:47,8.03,road_works,avl
D25100002202,T2510003346,R001,S0029,2025-10-12,2025-10-12 20:24:54,2025-10-12 20:35:41,2025-10-12 20:25:24,2025-10-12 20:37:11,10.78,road_works,avl
D25100002203,T2510003348,R001,S0034,2025-10-12,2025-10-12 19:32:26,2025-10-12 19:39:31,2025-10-12 19:32:56,2025-10-12 19:42:49,7.08,road_works,avl
D25100002204,T2510003348,R001,S0050,2025-10-12,2025-10-12 20:28:54,2025-10-12 20:42:35,2025-10-12 20:29:24,2025-10-12 20:45:53,13.68,road_works,avl
D25100002205,T2510003349,R002,S0067,2025-10-12,2025-10-12 19:21:59,2025-10-12 19:28:45,2025-10-12 19:22:29,2025-10-12 19:29:12,6.77,road_works,avl
D25100002206,T2510003349,R002,S0051,2025-10-12,2025-10-12 20:21:48,2025-10-12 20:32:01,2025-10-12 20:22:18,2025-10-12 20:32:28,10.22,road_works,avl
D25100002207,T2510003351,R008,S0120,2025-10-12,2025-10-12 19:38:30,2025-10-12 19:36:03,2025-10-12 19:39:00,2025-10-12 19:36:39,-2.45,early_running,avl
D25100002208,T2510003352,R003,S0068,2025-10-12,2025-10-12 20:11:00,2025-10-12 20:22:27,2025-10-12 20:11:30,2025-10-12 20:23:10,11.45,road_works,avl
D25100002209,T2510003353,R001,S0035,2025-10-12,2025-10-12 20:19:15,2025-10-12 20:24:35,2025-10-12 20:19:45,2025-10-12 20:26:45,5.33,road_works,avl
D25100002210,T2510003354,R005,S0087,2025-10-12,2025-10-12 19:27:30,2025-10-12 20:13:44,2025-10-12 19:28:00,2025-10-12 20:14:14,46.23,late_vehicle,avl
D25100002211,T2510003354,R005,S0015,2025-10-12,2025-10-12 20:12:12,2025-10-12 20:59:06,2025-10-12 20:12:42,2025-10-12 20:59:40,46.9,late_vehicle,avl
D25100002212,T2510003357,R002,S0006,2025-10-12,2025-10-12 20:22:18,2025-10-12 20:16:47,2025-10-12 20:22:48,2025-10-12 20:17:23,-5.52,early_running,avl
D25100002213,T2510003358,R001,S0029,2025-10-12,2025-10-12 20:39:30,2025-10-12 20:30:42,2025-10-12 20:40:00,2025-10-12 20:32:38,-8.8,early_running,avl
D25100002214,T2510003361,R004,S0059,2025-10-12,2025-10-12 19:50:30,2025-10-12 19:55:54,2025-10-12 19:51:00,2025-10-12 19:56:24,5.4,late_vehicle,avl
D25100002215,T2510003363,R005,S0087,2025-10-12,2025-10-12 19:57:30,2025-10-12 20:53:02,2025-10-12 19:58:00,2025-10-12 20:53:32,55.53,late_vehicle,avl
D25100002216,T2510003363,R005,S0015,2025-10-12,2025-10-12 20:30:30,2025-10-12 21:29:16,2025-10-12 20:31:00,2025-10-12 21:30:05,58.77,late_vehicle,avl
D25100002217,T2510003364,R001,S0050,2025-10-12,2025-10-12 20:58:30,2025-10-12 20:51:26,2025-10-12 20:59:00,2025-10-12 20:54:44,-7.07,early_running,avl
D25100002218,T2510003365,R004,S0059,2025-10-12,2025-10-12 20:22:18,2025-10-12 20:19:16,2025-10-12 20:22:48,2025-10-12 20:20:00,-3.03,early_running,avl
D25100002219,T2510003367,R005,S0015,2025-10-12,2025-10-12 20:08:30,2025-10-12 20:53:47,2025-10-12 20:09:00,2025-10-12 20:54:17,45.28,late_vehicle,avl
D25100002220,T2510003367,R005,S0087,2025-10-12,2025-10-12 20:41:30,2025-10-12 21:28:11,2025-10-12 20:42:00,2025-10-12 21:28:45,46.68,late_vehicle,avl
D25100002221,T2510003370,R006,S0094,2025-10-12,2025-10-12 20:47:54,2025-10-12 20:43:42,2025-10-12 20:48:24,2025-10-12 20:44:19,-4.2,early_running,avl
D25100002222,T2510003372,R007,S0109,2025-10-12,2025-10-12 20:40:42,2025-10-12 20:38:30,2025-10-12 20:41:12,2025-10-12 20:38:53,-2.2,early_running,avl
D25100002223,T2510003375,R002,S0067,2025-10-12,2025-10-12 21:27:28,2025-10-12 21:32:31,2025-10-12 21:27:58,2025-10-12 21:33:36,5.05,road_works,avl
D25100002224,T2510003380,R001,S0035,2025-10-12,2025-10-12 21:53:10,2025-10-12 22:03:06,2025-10-12 21:53:40,2025-10-12 22:06:11,9.93,road_works,avl
D25100002225,T2510003380,R001,S0029,2025-10-12,2025-10-12 22:09:30,2025-10-12 22:24:04,2025-10-12 22:10:00,2025-10-12 22:27:09,14.57,road_works,avl
D25100002226,T2510003381,R004,S0017,2025-10-12,2025-10-12 21:41:18,2025-10-12 21:39:17,2025-10-12 21:41:48,2025-10-12 21:39:54,-2.02,early_running,avl
D25100002227,T2510003384,R004,S0059,2025-10-12,2025-10-12 21:52:18,2025-10-12 21:49:51,2025-10-12 21:52:48,2025-10-12 21:50:33,-2.45,early_running,avl
D25100002228,T2510003385,R006,S0025,2025-10-12,2025-10-12 22:06:54,2025-10-12 22:02:00,2025-10-12 22:07:24,2025-10-12 22:02:28,-4.9,early_running,avl
D25100002229,T2510003389,R006,S0094,2025-10-12,2025-10-12 22:17:54,2025-10-12 22:15:18,2025-10-12 22:18:24,2025-10-12 22:15:54,-2.6,early_running,avl
D25100002230,T2510003394,R001,S0035,2025-10-12,2025-10-12 22:53:10,2025-10-12 22:58:18,2025-10-12 22:53:40,2025-10-12 23:00:18,5.13,road_works,avl
